# File exported by ZBrush version 2026
# www.zbrush.com
g ZBrushPolyMesh3D
#Vertex Count 14891
#Face Count 15143
#Auto scale x=0.425463 y=0.425463 z=0.425463
#Auto offset x=-0.000000 y=-1.000257 z=-0.029626
v -0.25201284 4.31351568 0.83253984
v -0.22619711 4.31533577 0.83481916
v -0.20119395 4.31692051 0.83467423
v -0.16981007 4.31617227 0.83326447
v 0.1698101 4.31617227 0.83326447
v 0.20119389 4.31692065 0.83467423
v 0.22619713 4.31533577 0.8348193
v 0.25201285 4.31351568 0.83253984
v -0.28466969 4.28817879 0.83224445
v -0.25318605 4.2868077 0.83834041
v -0.22745589 4.28799793 0.83950255
v -0.20128846 4.29012791 0.83896221
v -0.16985267 4.28939326 0.83733755
v -0.13836429 4.28934311 0.83363095
v 0.13836451 4.28934325 0.83363095
v 0.16985283 4.28939354 0.83733755
v 0.20128854 4.29012777 0.83896221
v 0.22745601 4.28799793 0.83950248
v 0.25318615 4.2868077 0.8383402
v 0.2846698 4.28817893 0.83224452
v -0.3182424 4.25394737 0.83161067
v -0.2874253 4.25666799 0.83856841
v -0.25834669 4.25868421 0.8417575
v -0.23048592 4.25821826 0.84264737
v -0.20163986 4.26147347 0.84195055
v -0.16901454 4.26253972 0.83962233
v -0.13823344 4.26137849 0.83519622
v 0.13823362 4.26137849 0.83519636
v 0.16901465 4.26253972 0.83962233
v 0.20163983 4.26147347 0.84195055
v 0.23048609 4.25821826 0.84264723
v 0.25834694 4.25868449 0.84175736
v 0.2874256 4.25666841 0.83856841
v 0.31824257 4.25394723 0.8316106
v -0.32045132 4.22381831 0.83652213
v -0.28997286 4.22582585 0.84116161
v -0.25885229 4.22745878 0.84331183
v -0.22954552 4.22504973 0.84387235
v -0.20001334 4.2277866 0.84278046
v -0.16868028 4.23010963 0.83987366
v -0.13852316 4.22845904 0.83381665
v 0.13852333 4.22845862 0.83381686
v 0.16868051 4.23010921 0.83987366
v 0.20001352 4.2277866 0.84278046
v 0.22954582 4.22504945 0.84387235
v 0.25885257 4.22745878 0.84331197
v 0.28997321 4.22582571 0.84116182
v 0.32045146 4.22381831 0.8365222
v -0.34595085 4.19873401 0.8327249
v -0.31977905 4.19523896 0.83827519
v -0.29021834 4.19543145 0.84113926
v -0.25848209 4.19693885 0.84257242
v -0.22928885 4.19572396 0.84269038
v -0.19960739 4.19684947 0.84095294
v -0.16960963 4.19870249 0.83695082
v 0.16960977 4.19870249 0.83695075
v 0.1996077 4.19684961 0.84095294
v 0.22928911 4.19572424 0.84269052
v 0.25848225 4.19693913 0.84257256
v 0.29021852 4.19543145 0.84113926
v 0.31977919 4.1952384 0.83827533
v 0.34595092 4.19873429 0.83272483
v -0.3463746 4.17051778 0.83251385
v -0.32028282 4.16905171 0.83673865
v -0.28862329 4.16960465 0.83912388
v -0.2572146 4.17124739 0.84045246
v -0.23064314 4.17097001 0.84009312
v -0.20311358 4.16982964 0.83536188
v -0.17522983 4.17313725 0.8299617
v 0.17522983 4.17313711 0.82996163
v 0.20311375 4.16982964 0.83536195
v 0.23064321 4.17097001 0.84009312
v 0.2572147 4.17124739 0.84045246
v 0.28862348 4.16960451 0.83912388
v 0.32028303 4.16905199 0.83673879
v 0.34637474 4.17051778 0.83251385
v -0.28818366 4.14259071 0.83472396
v -0.2573252 4.14475011 0.83440343
v -0.23124858 4.14455972 0.83016378
v 0.23124872 4.14456014 0.83016378
v 0.25732534 4.14475011 0.83440329
v 0.28818378 4.14259043 0.83472396
v -0.22566582 4.43552981 0.80074247
v -0.19562013 4.43676165 0.80489288
v -0.16597833 4.43746282 0.80525306
v -0.13648262 4.43605936 0.80294978
v 0.13648262 4.43605936 0.80294964
v 0.16597833 4.4374631 0.80525299
v 0.1956202 4.43676151 0.80489288
v 0.225666 4.43552995 0.80074247
v -0.2555665 4.41018662 0.80408398
v -0.2264148 4.41001823 0.81062649
v -0.19734901 4.41107411 0.81293607
v -0.16732897 4.41077473 0.81261735
v -0.13820408 4.40947284 0.81013406
v -0.10974474 4.40969027 0.80456548
v 0.10974486 4.40969013 0.80456562
v 0.1382042 4.40947284 0.81013406
v 0.16732904 4.41077473 0.81261735
v 0.19734915 4.41107411 0.81293607
v 0.22641501 4.41001795 0.81062656
v 0.25556669 4.41018648 0.80408384
v -0.28477371 4.38255122 0.80523478
v -0.25468938 4.38284822 0.81431164
v -0.22845841 4.38363134 0.81852425
v -0.19981928 4.3840477 0.81996098
v -0.16757536 4.38361607 0.81919852
v -0.13695855 4.38340355 0.81626133
v -0.11076718 4.3830917 0.81166864
v -0.08239384 4.38340789 0.80184753
v 0.08239396 4.38340789 0.80184753
v 0.1107674 4.38309184 0.81166857
v 0.13695871 4.38340341 0.81626147
v 0.16757538 4.38361565 0.81919852
v 0.19981944 4.3840477 0.81996098
v 0.22845862 4.38363134 0.81852433
v 0.25468934 4.38284822 0.81431164
v 0.28477371 4.38255122 0.80523478
v -0.32071613 4.34767145 0.80330814
v -0.28721372 4.34930536 0.81501982
v -0.25492386 4.3491315 0.82350738
v -0.2284902 4.3503569 0.82689645
v -0.20088348 4.35061439 0.82780825
v -0.16804128 4.35004645 0.82666824
v -0.13538748 4.35063737 0.82318881
v -0.10841505 4.35038184 0.81820099
v -0.08042331 4.35042274 0.80752972
v 0.08042362 4.35042274 0.80752972
v 0.10841542 4.35038156 0.81820092
v 0.13538764 4.35063751 0.82318895
v 0.16804124 4.35004645 0.82666824
v 0.20088357 4.35061425 0.82780825
v 0.22849032 4.35035732 0.82689638
v 0.25492382 4.34913164 0.82350738
v 0.28721372 4.34930536 0.81501989
v 0.3207162 4.34767131 0.80330828
v -0.34778089 4.31821778 0.80207364
v -0.32090417 4.31714746 0.81285061
v -0.28640862 4.31649322 0.82412757
v -0.13683991 4.31693872 0.82968655
v -0.10791256 4.31702306 0.82374148
v -0.07798615 4.31724497 0.81067559
v 0.07798642 4.31724525 0.81067559
v 0.10791279 4.31702278 0.82374134
v 0.13683999 4.31693872 0.82968648
v 0.28640869 4.31649322 0.8241275
v 0.32090428 4.31714774 0.81285054
v 0.34778114 4.31821806 0.80207364
v -0.37407907 4.28660778 0.80159669
v -0.34670802 4.28915062 0.81188494
v -0.31889387 4.28771214 0.82223687
v -0.1082024 4.29014556 0.82655848
v -0.07738819 4.29135205 0.81164749
v 0.07738835 4.29135177 0.81164749
v 0.10820258 4.29014528 0.82655848
v 0.31889387 4.28771242 0.82223687
v 0.34670809 4.28915062 0.81188494
v 0.37407914 4.28660778 0.80159676
v -0.37522755 4.25931519 0.8098199
v -0.34710228 4.2589417 0.82075468
v -0.10799253 4.26229834 0.82684139
v -0.08016953 4.26339065 0.81064288
v 0.08016963 4.26339051 0.81064288
v 0.10799265 4.26229834 0.8268416
v 0.34710232 4.2589417 0.82075454
v 0.37522755 4.25931519 0.80981983
v -0.40875353 4.22739531 0.80498716
v -0.37779736 4.22893144 0.81740057
v -0.34892703 4.22824372 0.8276767
v -0.10973332 4.22925674 0.82212998
v -0.0870121 4.23080001 0.80291868
v 0.08701221 4.23080001 0.80291882
v 0.10973339 4.22925674 0.82212984
v 0.34892703 4.22824372 0.8276767
v 0.37779736 4.22893158 0.81740057
v 0.40875374 4.22739489 0.80498723
v -0.41169452 4.19660641 0.8107469
v -0.37868411 4.19935364 0.82258136
v -0.13758293 4.19729357 0.8258524
v -0.11073635 4.20004865 0.80677027
v 0.11073632 4.20004851 0.80677027
v 0.13758296 4.19729343 0.82585254
v 0.37868408 4.19935378 0.82258136
v 0.41169462 4.19660613 0.81074697
v -0.44044583 4.16626749 0.80301507
v -0.41473181 4.1674821 0.81260622
v -0.38091871 4.16905381 0.82266878
v -0.1449139 4.17276712 0.81265196
v 0.14491396 4.17276684 0.81265196
v 0.38091882 4.16905381 0.82266878
v 0.41473195 4.16748224 0.81260622
v 0.44044586 4.16626763 0.80301507
v -0.44184599 4.14055683 0.80069876
v -0.41566357 4.1386842 0.8073151
v -0.38126845 4.13387886 0.81722951
v -0.34907543 4.13510467 0.82761926
v -0.3223893 4.13863755 0.8324623
v -0.20388265 4.14160823 0.81659629
v -0.17484049 4.15176403 0.81376556
v 0.17484051 4.15176389 0.81376556
v 0.20388279 4.14160823 0.81659629
v 0.32238951 4.13863727 0.83246244
v 0.34907564 4.13510467 0.82761926
v 0.3812687 4.13387886 0.81722937
v 0.41566385 4.13868406 0.8073151
v 0.44184613 4.14055683 0.80069876
v -0.37800785 4.10133486 0.80982263
v -0.34887219 4.10356221 0.82125496
v -0.32231096 4.1071479 0.82470847
v -0.28984624 4.10861916 0.82287983
v -0.25993843 4.10951156 0.81503824
v -0.2320748 4.1162565 0.80609915
v 0.23207498 4.11625622 0.80609922
v 0.25993861 4.10951156 0.81503831
v 0.28984631 4.10861916 0.8228799
v 0.32231113 4.1071479 0.82470847
v 0.34887247 4.10356221 0.82125489
v 0.37800827 4.10133458 0.80982263
v -0.36863861 4.07343707 0.80750352
v -0.34806035 4.07481377 0.81129326
v -0.32225625 4.07854852 0.80985758
v -0.29221275 4.08401595 0.8040872
v 0.29221299 4.08401595 0.8040872
v 0.32225646 4.07854838 0.80985758
v 0.34806049 4.07481349 0.81129326
v 0.36863871 4.07343707 0.80750352
v -0.36768891 4.05243019 0.79986598
v 0.36768898 4.05243019 0.79986598
v -0.16288531 4.52837802 0.77026135
v -0.13395908 4.52838811 0.77131107
v 0.1339613 4.52838853 0.77131275
v 0.16288479 4.52837802 0.77026107
v -0.22527826 4.50170212 0.76931208
v -0.19862523 4.50266513 0.77705469
v -0.16595301 4.5037332 0.78185633
v -0.13603796 4.50387974 0.78166972
v -0.10939406 4.50375702 0.77771643
v -0.0822725 4.50155531 0.77014732
v 0.08226352 4.50156147 0.77014395
v 0.10939488 4.5037587 0.77771643
v 0.13603791 4.5038803 0.78166979
v 0.1659531 4.50373306 0.78185647
v 0.19862537 4.50266541 0.77705469
v 0.22527854 4.50170184 0.76931194
v -0.282098 4.46190591 0.76874694
v -0.25476644 4.46653446 0.7777408
v -0.22676955 4.46831533 0.78601514
v -0.19850996 4.47029863 0.79161972
v -0.16719361 4.47214296 0.79378711
v -0.13576614 4.47170419 0.79231606
v -0.10681146 4.47159884 0.7874408
v -0.07745534 4.47002167 0.77871081
v 0.07745514 4.47002307 0.77871032
v 0.10681169 4.47159842 0.78744101
v 0.13576629 4.47170447 0.79231613
v 0.16719378 4.47214282 0.79378711
v 0.1985101 4.47029877 0.79161972
v 0.22676976 4.46831533 0.78601528
v 0.25476681 4.46653418 0.77774066
v 0.28209845 4.46190605 0.7687468
v -0.2873168 4.43498317 0.78143626
v -0.25709142 4.43637724 0.79191098
v -0.10716348 4.43724708 0.79691589
v -0.07630725 4.43804169 0.78691735
v -0.04542549 4.43895706 0.77177324
v 0.04542512 4.43895748 0.77177324
v 0.0763076 4.43804183 0.78691763
v 0.10716354 4.43724736 0.79691582
v 0.25709154 4.4363771 0.79191098
v 0.28731695 4.43498331 0.78143612
v -0.34622463 4.40733768 0.7680305
v -0.31901963 4.40927811 0.78023447
v -0.28622354 4.40981691 0.79390486
v -0.07852914 4.41033372 0.79417321
v -0.04449565 4.410877 0.77645573
v 0.04449596 4.41087686 0.77645573
v 0.07852927 4.41033344 0.79417314
v 0.2862237 4.40981705 0.79390486
v 0.31901981 4.40927811 0.78023461
v 0.34622491 4.4073381 0.7680305
v -0.34700856 4.38127581 0.77980081
v -0.31874992 4.3815892 0.79208462
v -0.044177 4.38350736 0.77999967
v 0.04417711 4.38350736 0.77999967
v 0.31875006 4.38158906 0.79208462
v 0.34700877 4.38127595 0.77980081
v -0.40222791 4.34292102 0.7685637
v -0.3754441 4.34732612 0.78025408
v -0.34780362 4.3485906 0.79178258
v -0.04287823 4.35068584 0.78251246
v 0.04287837 4.35068612 0.78251246
v 0.34780384 4.3485906 0.79178265
v 0.37544442 4.34732584 0.78025408
v 0.40222829 4.34292102 0.7685637
v -0.40747956 4.31436913 0.77753781
v -0.37635832 4.31619623 0.79076838
v -0.04347892 4.31847134 0.78324634
v 0.04347907 4.31847148 0.7832462
v 0.37635867 4.31619623 0.79076838
v 0.4074798 4.31436913 0.77753781
v -0.44048842 4.28655231 0.77044922
v -0.40926726 4.28762206 0.78619558
v -0.04662183 4.29317158 0.78332493
v 0.04662187 4.29317158 0.78332465
v 0.4092674 4.28762192 0.78619551
v 0.44048859 4.28655245 0.77044922
v -0.44313209 4.25962956 0.7787314
v -0.41023292 4.2606402 0.79452302
v -0.0571278 4.26216133 0.78335043
v 0.05712788 4.26216133 0.78335036
v 0.41023317 4.26063992 0.79452316
v 0.4431323 4.25962956 0.7787314
v -0.46878674 4.2265329 0.77465896
v -0.44103944 4.22611024 0.79093579
v -0.07432437 4.22855431 0.78197191
v 0.07432451 4.22855417 0.78197205
v 0.44103951 4.22611024 0.79093579
v 0.46878681 4.22653304 0.77465917
v -0.49082491 4.19259371 0.7719375
v -0.468607 4.19606733 0.78563822
v -0.44171959 4.19505095 0.79805408
v -0.09234116 4.2061168 0.7843425
v 0.09234119 4.2061168 0.7843425
v 0.44171945 4.19505053 0.79805408
v 0.46860704 4.19606719 0.78563815
v 0.49082498 4.19259371 0.7719375
v -0.49514848 4.16550468 0.77643009
v -0.46836961 4.16768061 0.79062492
v -0.13933397 4.16437917 0.7877425
v -0.11732371 4.1819567 0.78843036
v 0.11732378 4.1819567 0.7884305
v 0.13933415 4.16437945 0.78774264
v 0.46836975 4.16768061 0.79062499
v 0.49514855 4.16550468 0.77643009
v -0.49844894 4.13742154 0.77786219
v -0.46955063 4.13855378 0.79051607
v -0.17466392 4.14091939 0.78606852
v 0.17466408 4.14091911 0.78606859
v 0.46955081 4.13855392 0.79051607
v 0.49844901 4.1374214 0.77786219
v -0.50085659 4.10595472 0.77307548
v -0.47116847 4.10473493 0.779389
v -0.44478544 4.10676671 0.78377827
v -0.4118117 4.1014545 0.78977903
v -0.23716741 4.10387672 0.78436477
v -0.20831208 4.12214014 0.78278214
v 0.20831224 4.12214028 0.78278193
v 0.23716762 4.10387672 0.78436456
v 0.41181212 4.10145422 0.78977903
v 0.44478554 4.10676643 0.78377827
v 0.47116864 4.10473493 0.779389
v 0.50085687 4.10595486 0.77307548
v -0.3747656 4.07320241 0.7859783
v -0.29175321 4.07275691 0.78401293
v -0.26690372 4.08746253 0.78882864
v 0.266904 4.08746225 0.78882864
v 0.29175359 4.07275719 0.78401307
v 0.37476574 4.07320241 0.7859783
v -0.36885547 4.04833526 0.78745811
v -0.34905708 4.0510626 0.791037
v -0.32275768 4.05692215 0.78570974
v 0.32275799 4.05692215 0.7857096
v 0.34905718 4.05106274 0.791037
v 0.36885561 4.04833526 0.78745811
v -0.20153022 4.55744252 0.74321561
v -0.16599581 4.55751929 0.75198182
v -0.13565699 4.55806691 0.75337988
v -0.1093501 4.55825632 0.74904209
v -0.08151699 4.55561206 0.74099428
v 0.08148486 4.55550614 0.741041
v 0.10931862 4.55825954 0.74901393
v 0.13567342 4.55806901 0.75337701
v 0.16599945 4.55751775 0.75198448
v 0.20153029 4.5574435 0.74321491
v -0.25256813 4.52920458 0.74058409
v -0.22610656 4.53110326 0.75135343
v -0.19887078 4.52977293 0.76203618
v -0.1087043 4.53059122 0.7662932
v -0.08323327 4.52977882 0.75858694
v -0.04942885 4.53121898 0.74130739
v 0.0495301 4.53112708 0.74133513
v 0.08320282 4.5297585 0.75859009
v 0.1087052 4.53059766 0.76628914
v 0.19887086 4.52977335 0.76203611
v 0.2261078 4.53110438 0.75135273
v 0.25256102 4.52920191 0.74059348
v -0.28353164 4.49894579 0.74478192
v -0.25251376 4.50106274 0.75874826
v -0.04638521 4.50389389 0.75199947
v 0.04637717 4.50388324 0.75200213
v 0.25251488 4.5010633 0.75874784
v 0.28352483 4.49894382 0.74478984
v -0.31835846 4.46487211 0.74899131
v -0.04398385 4.47121708 0.76250094
v -0.01402843 4.47088492 0.74818724
v 0.014028 4.47088604 0.74818535
v 0.04397675 4.47121918 0.7624994
v 0.31835654 4.46487183 0.74899334
v -0.37013214 4.43466305 0.73967404
v -0.34720234 4.43667045 0.75142368
v -0.32157445 4.43655193 0.76467484
v -0.01517838 4.43939835 0.75633291
v 0.0151763 4.43939891 0.7563327
v 0.32157448 4.43655179 0.76467498
v 0.34720276 4.43667045 0.75142354
v 0.37013102 4.43466515 0.73967243
v -0.37698734 4.40844232 0.75076875
v -0.01415698 4.41229391 0.75802096
v 0.01415712 4.41229419 0.75802096
v 0.37698762 4.40844232 0.75076875
v -0.40512518 4.37929293 0.74858497
v -0.37647368 4.38166331 0.76509218
v -0.01369964 4.38393422 0.75810488
v 0.01369985 4.38393394 0.75810488
v 0.3764739 4.38166317 0.76509218
v 0.40512539 4.37929293 0.74858504
v -0.43644168 4.34377517 0.74508985
v -0.01480725 4.35074244 0.75818641
v 0.01480736 4.35074258 0.75818641
v 0.43644189 4.34377531 0.74508985
v -0.4596544 4.31399031 0.74142507
v -0.43818262 4.31408306 0.75998718
v -0.01801049 4.32015247 0.75806313
v 0.01801067 4.32015247 0.75806313
v 0.43818279 4.31408306 0.75998718
v 0.45965457 4.31399031 0.74142507
v -0.46557657 4.28669114 0.7491085
v -0.024532 4.29577368 0.75534756
v 0.02453214 4.29577368 0.75534756
v 0.46557688 4.28669114 0.7491085
v -0.47067289 4.26037836 0.75648176
v -0.0488209 4.26043972 0.75598961
v 0.04882105 4.26043972 0.75598947
v 0.47067303 4.26037836 0.75648183
v -0.49267205 4.2209017 0.75258954
v -0.07065758 4.22620046 0.75722719
v 0.07065773 4.22620032 0.75722719
v 0.49267212 4.22090184 0.75258954
v -0.50511575 4.19276883 0.75430695
v -0.09063864 4.20244116 0.75553122
v 0.09063869 4.20244116 0.75553115
v 0.50511578 4.19276911 0.75430695
v -0.51871038 4.16412434 0.75315068
v -0.13909292 4.16413667 0.75623008
v -0.11603168 4.1799273 0.75424489
v 0.11603177 4.17992702 0.7542451
v 0.1390931 4.16413653 0.75622987
v 0.51871045 4.1641242 0.75315068
v -0.52810354 4.13545197 0.75499768
v -0.20197803 4.12884908 0.7556461
v -0.17324495 4.14505776 0.75610652
v 0.17324521 4.1450572 0.75610652
v 0.20197824 4.12884894 0.75564596
v 0.52810358 4.13545183 0.75499768
v -0.53305616 4.10507017 0.75579971
v -0.37963843 4.08729778 0.75888044
v -0.22900359 4.11250437 0.76068659
v 0.22900376 4.11250437 0.76068652
v 0.37963868 4.08729792 0.75888051
v 0.53305623 4.10506975 0.75579971
v -0.5355693 4.07642652 0.74664236
v -0.5051328 4.0777434 0.75346274
v -0.47147993 4.08058632 0.75505336
v -0.44488529 4.08541394 0.75636394
v -0.41876959 4.08982408 0.75797305
v -0.34798806 4.07661565 0.76109714
v -0.31968364 4.07602445 0.75435388
v -0.2956815 4.07693604 0.76077856
v -0.2652762 4.09054808 0.76314811
v 0.26527638 4.09054794 0.76314811
v 0.29568174 4.07693604 0.76077856
v 0.31968392 4.07602417 0.75435388
v 0.3479882 4.07661537 0.76109714
v 0.4187698 4.08982422 0.75797305
v 0.44488539 4.08541352 0.75636408
v 0.47148018 4.08058632 0.7550535
v 0.50513298 4.0777434 0.75346288
v 0.53556944 4.07642624 0.74664236
v -0.34840126 4.04847451 0.77152773
v -0.32284366 4.05579187 0.76473256
v 0.32284387 4.05579187 0.76473263
v 0.3484014 4.04847423 0.77152773
v -0.20130017 4.58859847 0.71407981
v -0.16665243 4.59009298 0.72278311
v -0.13653307 4.59066933 0.7235745
v -0.1124531 4.58886688 0.72038604
v -0.08560145 4.58443349 0.71552592
v 0.08570923 4.58424576 0.71586053
v 0.11219365 4.58882878 0.72043374
v 0.1365172 4.59068754 0.72353387
v 0.16667029 4.5900899 0.72278283
v 0.20130465 4.5885937 0.71408205
v -0.25383015 4.55870168 0.71598942
v -0.2277186 4.56177028 0.72769997
v -0.0462115 4.55669204 0.72327792
v -0.01354582 4.55467595 0.7132258
v 0.01411763 4.55450924 0.71329017
v 0.04670139 4.5565476 0.72330195
v 0.2277159 4.56176888 0.72770425
v 0.25381439 4.55868094 0.71600084
v -0.28843411 4.53016211 0.71922691
v -0.01533849 4.53071296 0.72651296
v 0.01564427 4.530624 0.72655191
v 0.28842406 4.53014656 0.71922957
v -0.34549131 4.49772319 0.70892423
v -0.31779903 4.50080272 0.72440652
v -0.01403959 4.5047881 0.73589796
v 0.01410938 4.50477634 0.7359002
v 0.3177977 4.50080188 0.72440007
v 0.34548179 4.49770932 0.70893501
v -0.37584218 4.46085143 0.71591993
v -0.34699634 4.46723254 0.73169614
v 0.34699487 4.46723717 0.73169138
v 0.37584102 4.46084554 0.71592575
v -0.38935822 4.43751101 0.72409046
v 0.38935647 4.43751494 0.72408724
v -0.40859572 4.41415337 0.72558036
v 0.4085954 4.41415463 0.7255791
v -0.43944609 4.37849285 0.72404248
v 0.43944616 4.37849299 0.72404241
v -0.46620282 4.34287787 0.72034072
v 0.46620307 4.34287787 0.72034079
v -0.47417558 4.3173265 0.72276945
v 0.47417582 4.3173265 0.72276945
v -0.49125647 4.29286954 0.71658082
v -0.02149321 4.2899329 0.72766432
v 0.02149327 4.28993262 0.72766425
v 0.49125679 4.29286954 0.71658089
v -0.49799798 4.25750491 0.72371585
v -0.04674621 4.25979964 0.72694802
v 0.04674636 4.25979936 0.72694802
v 0.49799826 4.25750491 0.72371585
v -0.50579149 4.22883407 0.72410279
v -0.06737958 4.22996043 0.72937787
v 0.06737969 4.22996029 0.72937787
v 0.5057918 4.22883407 0.72410279
v -0.51369405 4.19660487 0.7278926
v -0.08822204 4.20795973 0.72865135
v 0.08822201 4.20795973 0.72865135
v 0.5136943 4.19660487 0.72789267
v -0.52973441 4.16980051 0.72391521
v -0.14174299 4.16919572 0.72561566
v -0.11650416 4.18489418 0.72513654
v 0.11650414 4.1848939 0.72513668
v 0.14174304 4.16919558 0.72561566
v 0.52973455 4.16980037 0.72391521
v -0.5413961 4.13555017 0.72685171
v -0.23293944 4.12984683 0.72853773
v -0.20361325 4.1407108 0.72941178
v -0.17525683 4.15311607 0.72648844
v 0.17525704 4.15311621 0.72648858
v 0.20361348 4.1407108 0.72941171
v 0.23293979 4.12984683 0.72853787
v 0.54139621 4.13554989 0.72685171
v -0.54935516 4.10345952 0.72673718
v -0.38344218 4.1040227 0.73013984
v -0.34870716 4.11011536 0.72816116
v -0.32169363 4.11270247 0.72954584
v -0.29346017 4.11089596 0.73515953
v -0.2647158 4.11451626 0.73508808
v 0.26471604 4.11451626 0.73508808
v 0.29346021 4.11089582 0.73515953
v 0.32169377 4.11270233 0.72954584
v 0.3487073 4.11011536 0.72816116
v 0.38344249 4.1040227 0.73013984
v 0.54935534 4.1034591 0.72673718
v -0.55280122 4.07493803 0.72454185
v -0.47409162 4.07277989 0.72543999
v -0.44573863 4.0818459 0.72994805
v -0.41920598 4.09306767 0.73186299
v 0.41920626 4.09306767 0.73186299
v 0.44573884 4.0818459 0.72994819
v 0.47409194 4.07277975 0.72544006
v 0.55280136 4.07493803 0.72454185
v -0.53653588 4.05843404 0.72553182
v -0.50986201 4.06135779 0.72541785
v 0.50986211 4.06135779 0.72541799
v 0.53653602 4.05843404 0.72553182
v -0.20014752 4.61099101 0.68072957
v -0.16671831 4.61354519 0.68724518
v -0.13616673 4.61356074 0.68717625
v -0.10975514 4.60929419 0.68700793
v 0.10915862 4.60916629 0.68736972
v 0.13584256 4.61356396 0.68719061
v 0.16668318 4.61355808 0.68722725
v 0.20015624 4.61098204 0.68073216
v -0.25593917 4.58684015 0.68352598
v -0.22825076 4.59229427 0.69521019
v -0.0811463 4.60018756 0.69180249
v -0.0524917 4.59122214 0.69542741
v -0.01472309 4.59042879 0.68928291
v 0.01538881 4.59036995 0.68934406
v 0.05379223 4.59129358 0.69554495
v 0.08226128 4.6000385 0.69232651
v 0.22824598 4.59228152 0.69521482
v 0.25592983 4.58681928 0.68350174
v -0.28948282 4.55743215 0.69230003
v 0.28955174 4.55743215 0.69219741
v -0.3469569 4.51904009 0.68746457
v -0.32038005 4.53262356 0.6951185
v 0.32043654 4.53262075 0.69504839
v 0.34689761 4.51898462 0.68756894
v -0.3743589 4.4953402 0.68620548
v 0.37440541 4.49522588 0.68627559
v -0.40999914 4.46715549 0.68364296
v 0.41002663 4.46705533 0.68374593
v -0.44190056 4.43946406 0.68452919
v -0.41349184 4.44016018 0.70289173
v 0.41349668 4.44015654 0.70289376
v 0.44189905 4.4394698 0.68452365
v -0.47091784 4.40988598 0.68409168
v -0.44250524 4.40930151 0.7040068
v 0.44250682 4.40930039 0.70400736
v 0.47091763 4.40988626 0.68409182
v -0.4963979 4.37825862 0.68166049
v -0.46792674 4.37970929 0.7020885
v 0.46792692 4.37970901 0.7020885
v 0.49639811 4.3782582 0.68166035
v -0.49982848 4.34755279 0.69198545
v 0.49982865 4.34755251 0.69198545
v -0.53199061 4.31447448 0.67897896
v -0.4995361 4.31726626 0.70245254
v 0.49953631 4.31726598 0.70245254
v 0.53199072 4.31447448 0.67897903
v -0.53120367 4.28859977 0.68702467
v -0.0202652 4.29086593 0.69571551
v 0.02026531 4.29086593 0.69571537
v 0.53120367 4.28860005 0.68702467
v -0.53495604 4.26123461 0.69098063
v -0.04600762 4.26356115 0.69559601
v 0.04600774 4.26356115 0.69559587
v 0.5349559 4.26123461 0.69098063
v -0.56159555 4.22923208 0.67978317
v -0.53527265 4.2286605 0.69793823
v -0.08235411 4.22227504 0.69649079
v -0.06520937 4.23888046 0.69795904
v 0.06520947 4.23888032 0.69795904
v 0.08235407 4.22227532 0.69649065
v 0.53527279 4.2286605 0.6979383
v 0.56159562 4.2292318 0.6797831
v -0.56278946 4.19606971 0.68534516
v -0.53409307 4.19578448 0.70675039
v -0.11182966 4.19877632 0.69427661
v 0.11182962 4.19877604 0.69427661
v 0.53409342 4.19578448 0.70675025
v 0.56278974 4.19606943 0.68534523
v -0.56152673 4.1680866 0.6912536
v -0.17305808 4.16484232 0.69902242
v -0.13874169 4.18137923 0.69596789
v 0.13874173 4.18137895 0.69596782
v 0.17305836 4.16484232 0.69902228
v 0.56152687 4.1680866 0.6912536
v -0.56340945 4.13739212 0.69007647
v -0.35238643 4.12695502 0.69587914
v -0.32182161 4.1373358 0.69497974
v -0.29272566 4.13997012 0.69671074
v -0.26204166 4.14445255 0.69666731
v -0.23386021 4.15120366 0.69538461
v -0.20551802 4.15426806 0.70182555
v 0.20551828 4.1542682 0.70182555
v 0.23386047 4.15120352 0.69538461
v 0.2620419 4.14445227 0.69666738
v 0.2927257 4.13997012 0.69671081
v 0.32182168 4.1373358 0.6949796
v 0.35238664 4.12695488 0.69587914
v 0.56340952 4.13739212 0.69007647
v -0.56232183 4.10557017 0.69062423
v -0.41912353 4.10232336 0.70198175
v -0.38651457 4.11482951 0.70197622
v 0.38651485 4.11482951 0.70197622
v 0.41912367 4.10232336 0.70198175
v 0.56232176 4.10557017 0.69062409
v -0.5613376 4.07629231 0.69877985
v -0.4769081 4.07844527 0.69970818
v -0.44872378 4.08838714 0.70239321
v 0.44872385 4.08838714 0.70239321
v 0.47690831 4.07844527 0.69970832
v 0.56133774 4.07629231 0.69877985
v -0.55909092 4.06049621 0.6996209
v -0.53886724 4.06006416 0.69591157
v -0.51233266 4.06481501 0.69977458
v 0.5123328 4.06481473 0.69977458
v 0.53886738 4.06006416 0.69591164
v 0.55909107 4.06049649 0.6996209
v -0.22463694 4.61125298 0.66319631
v -0.20056629 4.61929911 0.65957048
v -0.16749078 4.62336981 0.66071218
v -0.13609714 4.62392416 0.66066468
v -0.10719534 4.62196607 0.66062763
v -0.07547455 4.61927684 0.66231471
v -0.04518585 4.62098724 0.66005962
v -0.01415 4.62323293 0.65892248
v 0.01501153 4.6232985 0.65897642
v 0.04866365 4.6216863 0.6595529
v 0.08028378 4.62044802 0.66099797
v 0.10737056 4.62261652 0.66011202
v 0.13533954 4.62415615 0.66056319
v 0.1673665 4.62348636 0.66063414
v 0.2004835 4.61935571 0.65955921
v 0.22463824 4.61125074 0.663205
v -0.28441101 4.58388516 0.65996071
v -0.25625721 4.59930413 0.66013807
v 0.25625737 4.59930217 0.66010648
v 0.28454652 4.58408157 0.65974063
v -0.32009187 4.55594184 0.66594691
v 0.32025785 4.55611303 0.66579946
v -0.3497042 4.53581264 0.6612018
v 0.349807 4.53597487 0.66128754
v -0.40816983 4.49668874 0.65678269
v -0.38285214 4.50938737 0.66067267
v 0.38313541 4.50927726 0.66066286
v 0.40804613 4.496654 0.65686374
v -0.46425906 4.46879445 0.64867321
v -0.43961819 4.46947908 0.66361484
v 0.43952955 4.4695291 0.66360679
v 0.46425857 4.46879949 0.64866722
v -0.47037274 4.44053283 0.66522228
v 0.47037831 4.44052877 0.66522403
v -0.50013808 4.40850298 0.66176134
v 0.50013812 4.40850298 0.66176134
v -0.52855724 4.37852409 0.65351011
v 0.52855748 4.37852381 0.65350997
v -0.55330492 4.34386805 0.64744189
v -0.531882 4.34641523 0.66659155
v 0.53188211 4.34641523 0.66659148
v 0.5533051 4.34386805 0.64744189
v -0.55872549 4.31345922 0.65580025
v 0.55872577 4.3134595 0.65580025
v -0.56309045 4.29006319 0.66039101
v -0.02084557 4.29447333 0.66352112
v 0.02084556 4.29447333 0.66352091
v 0.56309052 4.29006305 0.66039101
v -0.58746759 4.25685137 0.64965768
v -0.56318088 4.26282594 0.66948273
v -0.05288702 4.26431933 0.66331939
v 0.0528871 4.26431933 0.66331946
v 0.56318074 4.26282594 0.66948273
v 0.58746749 4.25685137 0.64965768
v -0.58966128 4.22552058 0.65855635
v -0.08071903 4.23420428 0.66946241
v 0.08071905 4.23420428 0.66946227
v 0.58966128 4.2255203 0.65855635
v -0.59384798 4.19549995 0.66375319
v -0.13876358 4.19530312 0.66664934
v -0.11258769 4.21071102 0.6659827
v 0.11258777 4.21071102 0.6659827
v 0.13876361 4.19530312 0.66664934
v 0.59384798 4.19549995 0.66375319
v -0.62081429 4.16701545 0.65122221
v -0.59149153 4.16752441 0.67187833
v -0.26091977 4.15911263 0.66222743
v -0.23047171 4.17004119 0.66274654
v -0.20214371 4.17501506 0.66638666
v -0.17089162 4.18232878 0.66693198
v 0.1708918 4.18232864 0.66693205
v 0.20214388 4.17501506 0.66638652
v 0.23047187 4.17004147 0.66274654
v 0.26091993 4.15911263 0.66222743
v 0.59149174 4.16752427 0.67187833
v 0.62081443 4.16701545 0.65122217
v -0.62236835 4.13485601 0.65722133
v -0.59206024 4.13601402 0.67251169
v -0.32420134 4.13156759 0.66013996
v -0.29644823 4.14302696 0.66075848
v 0.2964483 4.14302696 0.66075841
v 0.32420152 4.13156759 0.66013996
v 0.59206024 4.13601402 0.67251183
v 0.62236835 4.13485601 0.6572214
v -0.62336959 4.10298334 0.65632644
v -0.59193822 4.10458545 0.66873043
v -0.38376601 4.10406444 0.66068668
v -0.35323729 4.1158746 0.65805979
v 0.35323743 4.11587432 0.65805993
v 0.38376611 4.10406444 0.66068668
v 0.59193815 4.10458559 0.66873043
v 0.62336952 4.10298334 0.65632648
v -0.6236198 4.07445905 0.64932706
v -0.59311031 4.07706507 0.66492598
v -0.53112452 4.06735785 0.66769752
v -0.50542385 4.07122303 0.66389951
v -0.47283492 4.07721231 0.66026472
v -0.44667376 4.08110368 0.65868979
v -0.41476088 4.09246078 0.65743539
v 0.41476102 4.09246106 0.65743539
v 0.4466739 4.08110368 0.65868993
v 0.47283523 4.07721231 0.66026479
v 0.50542388 4.07122289 0.66389944
v 0.53112476 4.06735785 0.66769752
v 0.59311052 4.07706535 0.66492598
v 0.6236198 4.07445905 0.64932706
v -0.59029927 4.05568428 0.65332379
v -0.56109994 4.0542077 0.66140718
v 0.56110018 4.0542077 0.66140704
v 0.59029955 4.05568456 0.65332379
v -0.07401399 4.63867586 0.63249042
v -0.04395273 4.64369317 0.62983838
v -0.01339354 4.64599546 0.63053065
v 0.01424112 4.64597375 0.63068146
v 0.04732809 4.644165 0.62914225
v 0.07999948 4.63992395 0.63021691
v -0.25369287 4.60861194 0.63224178
v -0.22761037 4.61809879 0.6337564
v -0.20056892 4.62467183 0.63467097
v -0.16559879 4.63043878 0.63397302
v -0.13452572 4.63273912 0.63475303
v -0.10599292 4.63475646 0.63444003
v 0.10676792 4.63561019 0.63337286
v 0.13419784 4.63314469 0.63465489
v 0.16646773 4.63078776 0.63373367
v 0.20067427 4.62495356 0.63467692
v 0.2275843 4.6182585 0.63387587
v 0.25378654 4.6088487 0.63217822
v -0.31401574 4.57853891 0.63234822
v -0.28504873 4.59483178 0.63090414
v 0.28515456 4.59530992 0.63081448
v 0.31438033 4.57941254 0.63222606
v -0.3468802 4.55683759 0.62924382
v 0.34822275 4.55827467 0.6283531
v -0.41195898 4.52014599 0.62694037
v -0.38038411 4.53185136 0.63214008
v 0.38073575 4.53322372 0.63120716
v 0.41052796 4.5234854 0.62376203
v -0.46400489 4.49605538 0.62318443
v -0.44112539 4.49917456 0.63482809
v 0.44095353 4.49920426 0.63490254
v 0.46382722 4.49616759 0.62314233
v -0.49299889 4.46440994 0.62755832
v 0.49300295 4.46440784 0.62755972
v -0.52230987 4.43531547 0.62246477
v -0.49916944 4.43898396 0.64278228
v 0.49916962 4.43898382 0.64278266
v 0.52231015 4.43531519 0.62246477
v -0.5299732 4.40794106 0.63412156
v 0.52997316 4.40794148 0.63412152
v -0.5534488 4.37680655 0.62870586
v 0.5534488 4.37680641 0.62870572
v -0.56757516 4.34746341 0.63006743
v 0.5675753 4.34746313 0.63006746
v -0.58105145 4.3166986 0.63088319
v 0.5810518 4.31669832 0.63088319
v -0.58904109 4.28846977 0.63485754
v -0.02156265 4.29752653 0.63658213
v 0.02156347 4.29752737 0.636583
v 0.58904109 4.28846977 0.63485754
v -0.6141457 4.25201632 0.62375534
v -0.05576806 4.26976477 0.63543875
v 0.05576744 4.26976421 0.6354377
v 0.6141457 4.25201632 0.62375531
v -0.62220493 4.22273791 0.62831563
v -0.11228539 4.22443388 0.64047413
v -0.08469487 4.24388446 0.63801206
v 0.08469564 4.24388516 0.63801346
v 0.11228483 4.22443388 0.64047413
v 0.622205 4.22273819 0.62831556
v -0.62649683 4.19569412 0.63553997
v -0.19917259 4.19316908 0.63418036
v -0.16741937 4.20371503 0.63669406
v -0.13664572 4.21259878 0.64016193
v 0.13664595 4.2125992 0.64016172
v 0.16741958 4.20371489 0.6366941
v 0.19917276 4.19316866 0.63418029
v 0.62649676 4.19569398 0.63553997
v -0.65329909 4.1685405 0.62352212
v -0.22960179 4.17355809 0.63417164
v 0.22960186 4.17355823 0.63417168
v 0.65329944 4.16854064 0.62352209
v -0.65630242 4.13761627 0.63341952
v -0.25950369 4.14880217 0.63144448
v 0.25950379 4.14880203 0.63144448
v 0.65630249 4.13761655 0.63341952
v -0.68079125 4.10803357 0.62312271
v -0.65547005 4.10616557 0.63978039
v -0.32605572 4.10632023 0.63131489
v -0.29662433 4.11740569 0.62484236
v 0.29662447 4.11740569 0.62484236
v 0.32605583 4.10632009 0.63131489
v 0.65547026 4.10616571 0.63978039
v 0.68079167 4.10803385 0.62312271
v -0.68198169 4.07675602 0.62381169
v -0.6550869 4.0756979 0.63735057
v -0.41650729 4.07224781 0.63034173
v -0.38483033 4.08328326 0.6315604
v -0.35397726 4.09365298 0.63055131
v 0.35397744 4.09365326 0.63055131
v 0.38483044 4.08328354 0.63156037
v 0.41650743 4.07224781 0.63034173
v 0.65508704 4.0756979 0.63735054
v 0.6819819 4.07675588 0.62381169
v -0.65563915 4.04723819 0.62584424
v -0.62290855 4.04953306 0.6363302
v -0.56349259 4.03928158 0.63180711
v -0.53942187 4.04777853 0.63700325
v -0.50441833 4.04931507 0.63141254
v -0.47474688 4.054366 0.62982374
v -0.44916574 4.06061669 0.62941389
v 0.44916591 4.06061627 0.62941393
v 0.47474709 4.05436614 0.62982381
v 0.50441833 4.04931493 0.63141254
v 0.53942208 4.04777853 0.63700325
v 0.5634928 4.03928172 0.63180711
v 0.62290869 4.04953306 0.6363302
v 0.65563929 4.04723833 0.62584424
v -0.61928251 4.02704595 0.61971914
v -0.59064131 4.0323045 0.6253418
v 0.59064138 4.0323045 0.62534187
v 0.61928272 4.02704581 0.61971914
v -0.16104375 4.6405964 0.60423615
v -0.13152521 4.6450878 0.60563898
v -0.10639337 4.64962991 0.60522052
v -0.07741659 4.65432556 0.60531214
v -0.04622432 4.65880617 0.60485074
v -0.01361056 4.66100998 0.60533021
v 0.01435463 4.66089286 0.6058314
v 0.04727491 4.65924943 0.60442339
v 0.07968302 4.65538579 0.60366744
v 0.10660944 4.65044245 0.60451189
v 0.13309783 4.64546605 0.6058583
v 0.16429346 4.64094551 0.6042972
v -0.28286459 4.60801066 0.60253531
v -0.25243412 4.6191904 0.6031222
v -0.22819626 4.62622981 0.60462673
v -0.19888498 4.63284251 0.60544852
v 0.19977294 4.63306385 0.60644459
v 0.22793674 4.62644052 0.6058274
v 0.25221988 4.61975147 0.60371935
v 0.28285466 4.60862623 0.60367431
v -0.34391326 4.58118836 0.59879009
v -0.31587334 4.59526607 0.60010826
v 0.31700541 4.59671016 0.60070243
v 0.34652478 4.58442592 0.59659847
v -0.37843611 4.55796521 0.60248442
v 0.37742975 4.56336371 0.59918851
v 0.41041357 4.55107513 0.59026113
v -0.43933412 4.52409579 0.60611859
v -0.41463977 4.53740859 0.60451011
v 0.44149849 4.52304985 0.60616307
v -0.49031995 4.4960055 0.59844528
v -0.46680494 4.51224612 0.60183639
v 0.4667233 4.5123079 0.60177702
v 0.49027225 4.49604291 0.59840707
v -0.50833177 4.47176779 0.60453609
v 0.5083324 4.47176849 0.6045363
v -0.55035372 4.43344046 0.59152775
v -0.5307332 4.44723238 0.60253934
v 0.53073369 4.4472321 0.60253941
v 0.5503535 4.4334413 0.59152687
v -0.55761504 4.4078126 0.60301156
v 0.55761483 4.40781288 0.60301146
v -0.57087216 4.38496713 0.60306231
v 0.57087219 4.38496671 0.6030622
v -0.58848296 4.35197834 0.60224521
v 0.5884831 4.35197792 0.60224542
v -0.60367217 4.32043125 0.6020916
v 0.60367231 4.32043139 0.60209153
v -0.61691213 4.28453734 0.60442528
v -0.02219152 4.29914839 0.61471465
v 0.02219066 4.29914965 0.61471662
v 0.61691213 4.28453734 0.60442528
v -0.63164113 4.25725106 0.60083143
v -0.08471011 4.2559035 0.61018746
v -0.05603316 4.27620066 0.61173094
v 0.05603899 4.27620542 0.61173942
v 0.08470272 4.25590112 0.6101855
v 0.63164134 4.25725078 0.60083146
v -0.6483512 4.22546245 0.59848777
v -0.17045019 4.22063931 0.60310245
v -0.1378783 4.23263271 0.60727331
v -0.11333882 4.24040243 0.61053987
v 0.11334014 4.24040594 0.61054299
v 0.13787613 4.23263229 0.6072738
v 0.17045068 4.22063931 0.60310185
v 0.64835148 4.22546245 0.59848787
v -0.68005926 4.19069671 0.58358802
v -0.65522083 4.19668136 0.60711577
v -0.19944376 4.19971691 0.60208544
v 0.19944397 4.19971663 0.60208547
v 0.65522097 4.19668164 0.60711577
v 0.68005912 4.19069671 0.58358802
v -0.68242194 4.16603479 0.5974992
v -0.22242644 4.16983889 0.60361141
v 0.22242665 4.16983889 0.60361141
v 0.68242194 4.16603507 0.5974992
v -0.70910421 4.13446305 0.59070568
v -0.68333114 4.13768127 0.61210758
v -0.24265671 4.14192443 0.60097779
v 0.24265682 4.14192443 0.60097768
v 0.68333128 4.13768127 0.61210758
v 0.70910435 4.13446305 0.59070568
v -0.71073959 4.10506359 0.60207549
v -0.27302304 4.1123916 0.59817403
v 0.27302302 4.11239174 0.59817396
v 0.7107398 4.10506373 0.60207549
v -0.74315764 4.06901348 0.58474603
v -0.71272997 4.07429262 0.60520823
v -0.35279256 4.07360112 0.60091629
v -0.32557366 4.08388104 0.60122716
v -0.29985523 4.09306038 0.59628445
v 0.29985523 4.0930601 0.59628452
v 0.32557377 4.0838809 0.60122716
v 0.35279256 4.0736014 0.60091629
v 0.71273018 4.07429262 0.60520819
v 0.74315813 4.06901362 0.58474607
v -0.71659242 4.04852074 0.59947536
v -0.68554518 4.04805885 0.6146942
v -0.47407058 4.03593685 0.60356377
v -0.44755445 4.04377297 0.60268942
v -0.41791228 4.05222397 0.60131429
v -0.38580202 4.06174234 0.59975113
v 0.38580209 4.0617422 0.5997511
v 0.41791242 4.05222397 0.60131433
v 0.4475547 4.04377297 0.60268945
v 0.47407075 4.03593713 0.60356381
v 0.68554532 4.04805899 0.6146942
v 0.71659249 4.0485206 0.59947543
v -0.71722802 4.02453506 0.58859864
v -0.68582088 4.02087105 0.59712028
v -0.65121668 4.01903863 0.60544572
v -0.62503979 4.01288012 0.60263902
v -0.59403164 4.01261226 0.60140329
v -0.56235731 4.01751273 0.60325529
v -0.53386913 4.02140873 0.60225961
v -0.50292934 4.02670623 0.60061481
v 0.50292934 4.02670595 0.60061484
v 0.53386927 4.02140845 0.60225961
v 0.56235731 4.01751273 0.60325532
v 0.59403171 4.01261226 0.60140332
v 0.62503993 4.01288012 0.60263905
v 0.65121682 4.01903919 0.60544572
v 0.68582116 4.02087105 0.59712024
v 0.71722816 4.02453506 0.58859871
v -0.10705744 4.66935199 0.56754227
v -0.07868194 4.67414515 0.56767091
v -0.04669809 4.67717649 0.56891593
v -0.01406168 4.67867549 0.56968784
v 0.01404097 4.67830116 0.57066405
v 0.04664483 4.67730369 0.56894464
v 0.07879298 4.67475904 0.56665681
v 0.10672886 4.67009939 0.56666049
v -0.2533091 4.63672338 0.56582581
v -0.22853788 4.64333831 0.56534785
v -0.20084781 4.64804811 0.5688622
v -0.16441468 4.65497433 0.57096563
v -0.1337607 4.66150927 0.57181761
v 0.13400363 4.66233555 0.5714762
v 0.16510387 4.65568223 0.57144454
v 0.19980257 4.64807403 0.57169997
v 0.22704434 4.64336885 0.56838241
v 0.25311276 4.63743869 0.56694649
v -0.34441291 4.6064325 0.56502189
v -0.31772177 4.61559882 0.56798599
v -0.28413314 4.62613287 0.56899336
v 0.28601361 4.62660148 0.569933
v 0.32004106 4.61665569 0.56880406
v 0.34597253 4.6087998 0.56492165
v -0.37742692 4.58758811 0.5655761
v 0.37587272 4.59003891 0.56769466
v -0.44414023 4.54910611 0.56653188
v -0.41556908 4.56338374 0.56829125
v 0.4125645 4.56903525 0.56597866
v 0.43907726 4.55053941 0.56966669
v -0.4981904 4.51790618 0.562992
v -0.47143416 4.53363671 0.56719841
v 0.47117292 4.53359328 0.567598
v 0.49827901 4.51780965 0.56299498
v -0.52660409 4.49156692 0.56244074
v 0.52662608 4.49154591 0.56243079
v -0.55427234 4.45861582 0.56276579
v -0.53435259 4.46825705 0.57829736
v 0.53435308 4.46825831 0.57829637
v 0.55427595 4.45860853 0.56279384
v -0.5698362 4.43418491 0.565092
v 0.56983403 4.43418828 0.56509137
v -0.58235583 4.4108693 0.5675531
v 0.58235867 4.41086663 0.56754903
v -0.59643438 4.38266021 0.56981858
v 0.5964348 4.38265937 0.56981995
v -0.61550489 4.34754803 0.56775466
v 0.6155051 4.34754761 0.56775368
v -0.62800767 4.31927072 0.56898303
v -0.01958602 4.31481322 0.57668698
v 0.01954813 4.31480622 0.57667759
v 0.62800865 4.3192689 0.5689838
v -0.64187524 4.29107256 0.56671113
v -0.05090437 4.2919361 0.57552771
v 0.05091348 4.29194829 0.57555023
v 0.64187538 4.2910727 0.56671092
v -0.65547138 4.25928437 0.56750053
v -0.13830542 4.25026221 0.57194895
v -0.10953949 4.25910505 0.57483803
v -0.07993642 4.27225759 0.57460141
v 0.07993311 4.2722178 0.57450786
v 0.10957096 4.25909637 0.57482353
v 0.13830812 4.25025927 0.57196632
v 0.65547145 4.25928437 0.56750063
v -0.6763299 4.21825912 0.56824831
v -0.17410516 4.22734754 0.57017551
v 0.17410213 4.22734754 0.57017551
v 0.67633011 4.21825912 0.56824838
v -0.69824038 4.18914209 0.56253509
v -0.19463484 4.19923386 0.56981242
v 0.19463503 4.199234 0.56981189
v 0.69824059 4.18914209 0.56253519
v -0.70845943 4.16324189 0.57097173
v -0.21034727 4.1666201 0.57170186
v 0.21034744 4.1666201 0.57170189
v 0.70845943 4.16324217 0.57097173
v -0.73774709 4.13122282 0.56280277
v -0.22916007 4.13750013 0.57196601
v 0.22916014 4.13750027 0.57196597
v 0.73774709 4.1312231 0.56280274
v -0.7440272 4.09991768 0.57449217
v -0.25743948 4.10844713 0.57165314
v 0.25743945 4.10844741 0.57165314
v 0.74402741 4.09991796 0.57449217
v -0.77415276 4.07197659 0.55755925
v -0.32269131 4.0689863 0.57189789
v -0.28979403 4.08253011 0.56674259
v 0.28979398 4.08253011 0.56674262
v 0.32269138 4.06898602 0.57189789
v 0.7741529 4.07197687 0.55755925
v -0.77767752 4.04433909 0.55955915
v -0.74661837 4.04442889 0.58080055
v -0.41347031 4.03807145 0.56833272
v -0.38055822 4.04813717 0.56934552
v -0.34961689 4.05855536 0.57032607
v 0.34961703 4.05855564 0.57032611
v 0.38055836 4.04813703 0.56934549
v 0.41347045 4.03807145 0.56833279
v 0.74661879 4.04442889 0.58080055
v 0.77767773 4.04433951 0.55955919
v -0.74599636 4.01609807 0.56764058
v -0.71580684 4.00513295 0.5714023
v -0.53720983 4.00437883 0.56928402
v -0.50569895 4.01220543 0.57034155
v -0.47339561 4.02186123 0.57219737
v -0.44351836 4.02928703 0.56814793
v 0.44351857 4.02928703 0.5681479
v 0.47339575 4.02186123 0.57219737
v 0.50569906 4.01220543 0.57034155
v 0.53720986 4.00437911 0.56928399
v 0.71580677 4.00513309 0.57140237
v 0.74599664 4.01609793 0.56764065
v -0.68561201 3.99446203 0.56786025
v -0.65878831 3.99113957 0.56745118
v -0.62770752 3.99182379 0.56769788
v -0.59350734 3.99401443 0.56666925
v -0.5626749 3.99899097 0.56750287
v 0.56267494 3.99899097 0.56750287
v 0.59350741 3.99401429 0.56666932
v 0.62770787 3.99182379 0.56769792
v 0.65878838 3.99113972 0.56745132
v 0.68561194 3.99446231 0.56786025
v -0.16507245 4.67048002 0.539102
v -0.13378403 4.67652127 0.54091733
v -0.1072959 4.6822843 0.54010983
v -0.0797495 4.68607523 0.54078309
v -0.04714857 4.68888214 0.54108618
v -0.01433302 4.69047374 0.54060612
v 0.01410826 4.69033309 0.54086298
v 0.04687152 4.68918446 0.54012447
v 0.0795762 4.68652885 0.53929015
v 0.10723198 4.68288908 0.53843796
v 0.13401278 4.67723112 0.53991104
v 0.16504909 4.67146362 0.53830606
v -0.28583608 4.64106403 0.54094598
v -0.25502402 4.64986751 0.53954788
v -0.22807687 4.65680438 0.53791499
v -0.2001852 4.66268256 0.53882742
v 0.19961472 4.66346806 0.53937522
v 0.2273329 4.65779456 0.53849711
v 0.25524586 4.65137575 0.53877005
v 0.28795863 4.64223998 0.54018794
v -0.37599075 4.60785361 0.53698137
v -0.34714634 4.62113041 0.53977753
v -0.31994877 4.63042589 0.54126554
v 0.32159371 4.63226112 0.5403018
v 0.34741809 4.62397039 0.53874284
v 0.37540102 4.61019934 0.53794847
v -0.41250229 4.58468706 0.53865171
v 0.41330993 4.58734211 0.53771333
v -0.46944259 4.55072924 0.53906572
v -0.44096186 4.56741591 0.53896079
v 0.44280591 4.56846899 0.53756633
v 0.47024084 4.5509059 0.538628
v -0.49843055 4.53303865 0.53659048
v 0.49853503 4.53289688 0.5367734
v -0.531942 4.50380885 0.53730649
v 0.53188439 4.5037367 0.53751205
v -0.56072448 4.47059101 0.53863125
v 0.5607848 4.47050891 0.53866092
v -0.58415834 4.43965893 0.53659913
v 0.58411838 4.43968821 0.5366814
v -0.60065813 4.4105454 0.53926997
v 0.60065974 4.41054134 0.53927509
v -0.61708318 4.37988945 0.53892174
v 0.61708052 4.37990121 0.53892209
v -0.63747694 4.34188321 0.53578116
v 0.63746902 4.3419031 0.53577499
v -0.64885008 4.31466444 0.53713691
v -0.01855078 4.32529166 0.54406411
v 0.01852275 4.32521783 0.5439533
v 0.64885078 4.31466529 0.53713418
v -0.66085679 4.28870232 0.53654544
v -0.07956896 4.28488197 0.5454523
v -0.05078926 4.30483787 0.54390791
v 0.05055804 4.30472341 0.54368803
v 0.0798388 4.2848915 0.54534159
v 0.66085833 4.28870022 0.53654726
v -0.67434254 4.25890052 0.53653388
v -0.14105626 4.26449501 0.53945416
v -0.10744164 4.27381067 0.54533641
v 0.10757221 4.27369229 0.54526899
v 0.14113733 4.26448843 0.53944705
v 0.67434373 4.2589008 0.53653237
v -0.69179755 4.22515046 0.53782652
v -0.17260815 4.23094542 0.54131443
v 0.17261235 4.23093856 0.54133145
v 0.69179762 4.22515046 0.53782705
v -0.71308924 4.19277696 0.53736092
v -0.18509482 4.20139158 0.53955612
v 0.185093 4.20139256 0.5395545
v 0.71308952 4.19277696 0.53736099
v -0.73420497 4.15949719 0.54175324
v -0.19668675 4.17124319 0.54040018
v 0.19668698 4.17124319 0.54040004
v 0.73420483 4.15949761 0.5417532
v -0.75574728 4.13454598 0.53754472
v -0.21300733 4.14365514 0.54206218
v 0.2130074 4.14365514 0.54206221
v 0.75574742 4.13454612 0.53754472
v -0.77266665 4.10254177 0.5419901
v -0.23784552 4.11363955 0.54241977
v 0.23784552 4.11363983 0.54241977
v 0.77266693 4.10254149 0.5419901
v -0.79884284 4.07329417 0.53029895
v -0.29237431 4.07074657 0.54233967
v -0.26750301 4.08689431 0.54132494
v 0.26750306 4.08689431 0.54132494
v 0.29237438 4.07074629 0.5423397
v 0.79884298 4.07329431 0.53029895
v -0.80498566 4.04301423 0.53652288
v -0.38284941 4.03723621 0.54005439
v -0.35013923 4.04653884 0.54081839
v -0.32136494 4.05719281 0.54255159
v 0.32136518 4.05719309 0.54255159
v 0.3501394 4.04653884 0.54081843
v 0.38284951 4.03723621 0.54005439
v 0.80498566 4.04301451 0.53652281
v -0.80790338 4.01436035 0.52916041
v -0.78148519 4.01603292 0.5481222
v -0.50721035 4.00438878 0.54215072
v -0.47245712 4.01365638 0.54333556
v -0.44351037 4.02024063 0.53888451
v -0.41535558 4.02789002 0.53825591
v 0.41535572 4.02789016 0.53825594
v 0.44351048 4.02024035 0.53888447
v 0.47245726 4.01365666 0.54333552
v 0.50721028 4.00438864 0.54215065
v 0.78148533 4.01603292 0.54812217
v 0.80790324 4.01436007 0.52916034
v -0.78223938 3.99406893 0.52967928
v -0.75086012 3.99054502 0.53951878
v -0.71705052 3.98473716 0.5435099
v -0.68661339 3.97831458 0.54006893
v -0.65872106 3.97787707 0.53912169
v -0.62647862 3.98095282 0.53984614
v -0.59385498 3.98542796 0.54044518
v -0.56540063 3.99062683 0.54063382
v -0.5403184 3.99628101 0.54082659
v 0.54031857 3.99628101 0.54082662
v 0.56540074 3.99062683 0.54063385
v 0.5938554 3.98542768 0.54044518
v 0.6264789 3.98095282 0.53984618
v 0.6587212 3.97787707 0.53912169
v 0.68661353 3.9783143 0.54006893
v 0.71705045 3.98473716 0.54350983
v 0.7508604 3.99054502 0.53951878
v 0.78223952 3.99406893 0.52967935
v -0.22631435 4.66958076 0.51022429
v -0.19945405 4.67493317 0.51129233
v -0.16654956 4.68160204 0.511729
v -0.1335813 4.68788285 0.5113857
v -0.10692895 4.69223472 0.51218822
v -0.08010045 4.69527993 0.51333804
v -0.04733483 4.69753683 0.51429495
v -0.01445727 4.69884405 0.51379426
v 0.01392829 4.69894898 0.51326708
v 0.04646068 4.69785316 0.51296641
v 0.07927084 4.69541386 0.51273669
v 0.10668349 4.69231177 0.51184293
v 0.13529967 4.68733971 0.51313855
v 0.16744068 4.68199122 0.51164319
v 0.19949316 4.67586423 0.51072943
v 0.22600002 4.67082969 0.50965775
v -0.32164695 4.64318757 0.51388794
v -0.28747289 4.65454411 0.51137162
v -0.25562618 4.66235852 0.51182128
v 0.25484761 4.66399775 0.51118235
v 0.28644885 4.65579486 0.51252207
v 0.32141933 4.64498217 0.51384882
v -0.37795475 4.62092069 0.50991269
v -0.34994481 4.63239127 0.51421671
v 0.34984283 4.63455739 0.51442075
v 0.37792351 4.62325507 0.51067259
v -0.44004597 4.58101058 0.51363049
v -0.41349079 4.59928045 0.51160424
v 0.41473174 4.60216484 0.51034095
v 0.44283442 4.58335911 0.51069987
v -0.49428071 4.54727509 0.50849508
v -0.46627858 4.56525763 0.51090091
v 0.46717496 4.5663746 0.5104752
v 0.49447001 4.547794 0.50819584
v -0.5290876 4.51916912 0.5100125
v 0.52835414 4.51978413 0.5100484
v -0.55822431 4.48946734 0.51241861
v 0.55804712 4.4897981 0.51125492
v -0.58301535 4.45918263 0.5117284
v 0.58303847 4.45908261 0.51185452
v -0.59917461 4.43578338 0.51160078
v 0.59900131 4.43594589 0.51171002
v -0.61410647 4.41042968 0.51274804
v 0.61404196 4.41049146 0.51279644
v -0.63062945 4.37963658 0.51115451
v 0.63058371 4.37969472 0.51114285
v -0.64900642 4.34302427 0.50966462
v 0.64899815 4.34304542 0.50967043
v -0.66189628 4.31412649 0.50830203
v -0.04519499 4.31438874 0.51421937
v -0.01356295 4.32576447 0.51398962
v 0.01460823 4.3255123 0.51357991
v 0.04459765 4.31404593 0.51369405
v 0.66185432 4.31419709 0.50829019
v -0.67302629 4.28762612 0.51021487
v -0.13775339 4.28305319 0.5147194
v -0.10921989 4.2900433 0.51371097
v -0.07890498 4.2988626 0.51519841
v 0.07931994 4.30023958 0.51797331
v 0.10844385 4.29012539 0.51416592
v 0.13793568 4.28323643 0.51426154
v 0.67302797 4.2876264 0.51020685
v -0.68738769 4.25736789 0.51049786
v -0.16159213 4.26296841 0.51302619
v 0.16162291 4.26300329 0.51300252
v 0.68738811 4.25736677 0.51050339
v -0.70475298 4.22444116 0.51081377
v -0.17580277 4.22895063 0.5139906
v 0.17580122 4.22892724 0.51404159
v 0.7047576 4.22444144 0.51080788
v -0.7238578 4.19392852 0.51183645
v -0.18120024 4.20005117 0.51339783
v 0.18120698 4.20004851 0.51340003
v 0.72385836 4.19392796 0.51183719
v -0.74371283 4.16620403 0.51208813
v -0.19165496 4.17128269 0.5127168
v 0.19165425 4.17128353 0.5127154
v 0.74371234 4.16620361 0.51208907
v -0.76902002 4.1329555 0.51166774
v -0.20708985 4.14376749 0.5132943
v 0.20708995 4.14376749 0.5132944
v 0.76902205 4.13295718 0.51166575
v -0.79497752 4.09621669 0.51284799
v -0.23217772 4.11120333 0.51492005
v 0.23217779 4.11120305 0.51492005
v 0.79497738 4.09621683 0.51284827
v -0.81135809 4.07221909 0.50959495
v -0.26410728 4.081457 0.51346833
v 0.2641074 4.081457 0.51346822
v 0.81135697 4.07221699 0.50959523
v -0.8250745 4.03907214 0.51081359
v -0.35319743 4.03750015 0.51284383
v -0.32460541 4.04668033 0.51290592
v -0.2974119 4.05955156 0.51368596
v 0.29741193 4.0595517 0.51368593
v 0.32460562 4.04668033 0.51290599
v 0.3531975 4.03750015 0.51284383
v 0.82507464 4.03907284 0.51081356
v -0.82537052 4.01078096 0.50792812
v -0.4737665 4.0091329 0.5150172
v -0.44238774 4.01651246 0.51222938
v -0.41458275 4.02277576 0.510936
v -0.38537946 4.02959243 0.51145655
v 0.38537946 4.02959215 0.51145648
v 0.41458289 4.02277576 0.510936
v 0.44238791 4.01651246 0.51222938
v 0.47376657 4.0091329 0.5150172
v 0.82537059 4.01078096 0.50792812
v -0.80543998 3.99507676 0.51298371
v -0.781607 3.98375259 0.51183505
v -0.74821642 3.97659311 0.51280716
v -0.71458236 3.9715772 0.51561593
v -0.68589745 3.96991317 0.51549471
v -0.6566654 3.97258363 0.5135217
v -0.62502025 3.97657041 0.5131755
v -0.59404222 3.98180683 0.51352881
v -0.56571829 3.98767142 0.51275665
v -0.54207335 3.99267136 0.51236895
v -0.51230265 3.99939276 0.51501384
v 0.51230272 3.99939276 0.51501384
v 0.54207349 3.99267136 0.51236891
v 0.56571847 3.98767156 0.51275665
v 0.5940425 3.98180683 0.51352888
v 0.62502053 3.97657041 0.5131755
v 0.65666582 3.97258377 0.51352167
v 0.68589731 3.96991261 0.51549478
v 0.71458369 3.97157888 0.51561554
v 0.74821642 3.97659283 0.51280723
v 0.78160728 3.98375273 0.51183505
v 0.80544012 3.99507704 0.51298371
v -0.13122661 4.69988312 0.47316585
v -0.10491658 4.70330784 0.47384446
v -0.0792611 4.70501362 0.47691412
v -0.04694986 4.70604359 0.48060271
v -0.01425322 4.70675302 0.48148401
v 0.01382892 4.70680794 0.48123811
v 0.04563141 4.70577517 0.48185515
v 0.07729558 4.70379565 0.48239962
v 0.10419567 4.70129988 0.48166466
v -0.28618778 4.6698157 0.4740767
v -0.25507812 4.67626812 0.4770897
v -0.22758876 4.68154404 0.47864158
v -0.20061762 4.68620187 0.47989167
v -0.16627414 4.69291095 0.47766072
v 0.13451204 4.69670524 0.48333611
v 0.16883883 4.69167532 0.48192852
v 0.20149762 4.68656667 0.48041607
v 0.22775031 4.68244877 0.4786116
v 0.25400033 4.67702463 0.47910249
v 0.28342936 4.6693461 0.48135463
v -0.37567074 4.63767769 0.47429525
v -0.3479351 4.6484534 0.47846779
v -0.31986608 4.65871357 0.47754076
v 0.31964049 4.65820475 0.48353021
v 0.34853323 4.64792637 0.48445977
v 0.37545324 4.63883767 0.47813133
v -0.41179811 4.6164136 0.47721974
v 0.41027106 4.62046889 0.47728961
v -0.465368 4.57782374 0.4816601
v -0.44003823 4.59587268 0.4821974
v 0.44160192 4.59915143 0.48076063
v 0.46572885 4.58095777 0.48095936
v -0.49360346 4.55570101 0.4823867
v 0.49335816 4.56103115 0.47489534
v -0.52938747 4.52596996 0.48404891
v 0.52700385 4.52958885 0.48128024
v -0.5596706 4.49745449 0.48446502
v 0.55900176 4.49911712 0.47973224
v -0.5883423 4.46577347 0.47935567
v 0.58959474 4.46441849 0.47835484
v -0.61098449 4.43480595 0.47782879
v 0.61077911 4.43505111 0.47812183
v -0.62579055 4.40904766 0.48140317
v 0.62556171 4.40931132 0.48135911
v -0.64199453 4.37875791 0.47865906
v 0.64203089 4.37845265 0.47854299
v -0.65708169 4.34644759 0.47796006
v 0.65723131 4.34589394 0.47827033
v -0.67104824 4.315585 0.47471049
v 0.07757292 4.30564088 0.4862282
v 0.6709763 4.31559565 0.47474611
v -0.68132564 4.28919937 0.4800409
v -0.1392843 4.29317144 0.48170157
v -0.11126752 4.29964446 0.47375225
v -0.08004846 4.30024995 0.47253652
v -0.04439904 4.30342096 0.47301938
v -0.01132606 4.30443874 0.47377179
v 0.01541155 4.30390471 0.47288556
v 0.04635738 4.30219585 0.47098379
v 0.10277383 4.29998517 0.47250037
v 0.13873499 4.29355292 0.48027857
v 0.6812406 4.28922823 0.48004966
v -0.6953775 4.25798318 0.48437617
v -0.16814159 4.26344025 0.48359543
v 0.16825077 4.26367812 0.48315774
v 0.69531474 4.25798094 0.48443714
v -0.71314605 4.22470804 0.4817685
v -0.17637288 4.22673702 0.48563021
v 0.17623883 4.22677232 0.4856307
v 0.71313414 4.22472135 0.48177004
v -0.73250683 4.19204231 0.48170693
v -0.18048309 4.19830673 0.48524349
v 0.18047675 4.19830364 0.48525452
v 0.73251362 4.19204119 0.48170063
v -0.74961343 4.16582942 0.48206512
v -0.19111679 4.16951612 0.48403063
v 0.19112424 4.16951387 0.48403203
v 0.74963101 4.16583026 0.48206424
v -0.77378852 4.13065068 0.48569263
v -0.20606444 4.14174314 0.48280635
v 0.20606405 4.14174314 0.482806
v 0.77378432 4.13065138 0.48569917
v -0.79593289 4.0975204 0.48643218
v -0.23081738 4.108729 0.48488243
v 0.2308175 4.108729 0.48488253
v 0.79593478 4.09751858 0.48642517
v -0.81226863 4.0722614 0.48628263
v -0.26244842 4.07845648 0.48243279
v 0.26244845 4.07845648 0.48243279
v 0.81227514 4.07225944 0.48628582
v -0.82666554 4.04137401 0.48467663
v -0.35202545 4.03262069 0.48185179
v -0.32269117 4.04214117 0.48069136
v -0.29688241 4.05473417 0.48227694
v 0.29688234 4.05473389 0.48227687
v 0.32269131 4.04214117 0.48069136
v 0.35202548 4.03262069 0.48185179
v 0.82666092 4.04136743 0.4846773
v -0.82699462 4.01229831 0.48149084
v -0.47447958 4.00822706 0.48489206
v -0.44196956 4.01523677 0.48126301
v -0.41184147 4.02067464 0.48038834
v -0.38228319 4.02573342 0.47997562
v 0.38228322 4.02573328 0.47997562
v 0.41184172 4.02067492 0.48038834
v 0.44196987 4.01523705 0.48126308
v 0.47447975 4.00822706 0.48489206
v 0.82699483 4.01229901 0.48149073
v -0.80495231 3.99032297 0.48377853
v -0.78030749 3.98006336 0.48492736
v -0.74608111 3.97395487 0.48373048
v -0.65734156 3.97404691 0.48435144
v -0.62648303 3.97819017 0.48449153
v -0.59530663 3.98283287 0.4858973
v -0.56560608 3.98917855 0.48386889
v -0.54146107 3.9944511 0.48371636
v -0.51353354 3.99962896 0.48793976
v 0.51353368 3.99962896 0.48793976
v 0.54146156 3.99445082 0.48371636
v 0.5656066 3.98917799 0.48386752
v 0.59530705 3.98283287 0.48589562
v 0.62648373 3.97819017 0.48449178
v 0.65734065 3.97404593 0.48435172
v 0.74608469 3.97395907 0.48372936
v 0.78030749 3.98006294 0.48492736
v 0.80495217 3.99032311 0.48377853
v -0.71355995 3.96906547 0.48842718
v -0.68581689 3.96949583 0.48929716
v 0.68581836 3.96950046 0.48929611
v 0.71355995 3.96906645 0.48842809
v -0.71611386 3.46483766 0.47135826
v -0.69080268 3.46372665 0.4666734
v 0.69081031 3.46373478 0.46665564
v 0.7161133 3.4648371 0.47135938
v -0.73359794 3.43553312 0.46724435
v -0.71462571 3.4341401 0.47827552
v -0.68968522 3.43633235 0.47989058
v -0.66867512 3.43406333 0.46565667
v 0.66867884 3.43407054 0.46563842
v 0.68968648 3.43633228 0.47989163
v 0.71462053 3.43413842 0.47827524
v 0.73359458 3.43553249 0.46724372
v -0.71433901 3.40686376 0.47683444
v -0.68712459 3.40321937 0.48711107
v -0.6646826 3.40192547 0.47904106
v 0.66468589 3.40192589 0.47904337
v 0.68717601 3.40323184 0.48711986
v 0.71434301 3.40686453 0.47683487
v -0.70234225 3.38344637 0.47306702
v -0.68403385 3.37838038 0.4790372
v -0.66568693 3.37854036 0.47934499
v 0.66575509 3.37855717 0.47935592
v 0.68418529 3.37841715 0.47906218
v 0.70241384 3.38346381 0.47307833
v -0.16632671 4.70249782 0.44576416
v -0.13309834 4.70717975 0.44476817
v -0.10655755 4.70956666 0.44608084
v -0.07962899 4.71129429 0.4472432
v -0.04668893 4.71251311 0.44875824
v -0.01374993 4.71321357 0.44900369
v 0.01477469 4.71321133 0.44896446
v 0.04736769 4.71218417 0.45019493
v 0.07956234 4.71033773 0.45173306
v 0.10626586 4.70850251 0.45097907
v 0.13415221 4.70583401 0.44984712
v 0.16702853 4.70242974 0.44689787
v -0.31941603 4.67080812 0.44449096
v -0.28734676 4.68027732 0.44399139
v -0.2559503 4.68702562 0.44598558
v -0.22862383 4.69252009 0.44574441
v -0.20042249 4.69709582 0.4465848
v 0.2007723 4.69768267 0.44654266
v 0.22896601 4.69331778 0.44590499
v 0.2563036 4.68772917 0.44731654
v 0.28690786 4.68023347 0.44886765
v 0.32162264 4.67050398 0.44881162
v -0.37637044 4.64840941 0.44552047
v -0.347665 4.66047875 0.44574697
v 0.34833465 4.66080881 0.45042262
v 0.37362678 4.65232923 0.44580094
v 0.40421745 4.63769815 0.44392796
v -0.44045746 4.61046033 0.44888051
v -0.40985523 4.63060129 0.44639493
v 0.44014442 4.61509434 0.44668556
v -0.46764838 4.58982484 0.44962871
v 0.46616801 4.59662974 0.44683413
v 0.48912933 4.5786919 0.4446728
v -0.49640911 4.56468115 0.45108477
v 0.50823146 4.5589107 0.44817468
v -0.53065132 4.53374276 0.45111822
v 0.53445864 4.53213449 0.45047169
v -0.56048857 4.5049041 0.44837971
v 0.56476023 4.50089659 0.44775517
v -0.58942775 4.47106116 0.44699432
v 0.5959795 4.46471745 0.44537274
v -0.61435766 4.43744881 0.44610074
v 0.61653184 4.43602448 0.44570855
v -0.63055205 4.41017387 0.45041541
v 0.6315949 4.40963535 0.44911678
v -0.64658007 4.38012929 0.44784791
v 0.64796041 4.37802158 0.44708868
v -0.66058669 4.34896409 0.44687146
v 0.66132568 4.34684027 0.44809903
v -0.67485661 4.31598679 0.44462969
v 0.67543001 4.31521501 0.4445333
v -0.68667216 4.28673373 0.45021802
v -0.13804017 4.2874059 0.44735657
v -0.11088179 4.29198065 0.44414819
v -0.08250721 4.28958869 0.44415379
v -0.04896917 4.28899932 0.44517279
v -0.01372561 4.28905312 0.44745015
v 0.01701115 4.28859473 0.44658917
v 0.0442969 4.28946611 0.44678432
v 0.07364288 4.29175552 0.44851154
v 0.10505186 4.2912848 0.44387668
v 0.13940547 4.28663524 0.4456405
v 0.68641474 4.28682395 0.45049333
v -0.70051711 4.25373667 0.4572161
v -0.16322079 4.26324916 0.45018471
v 0.16484881 4.26303089 0.44995499
v 0.70039593 4.25370417 0.45722731
v -0.71547713 4.22350324 0.45315437
v -0.17743915 4.22853722 0.45508234
v 0.17749647 4.22853231 0.45511295
v 0.71527806 4.22348769 0.4533746
v -0.73280754 4.19136551 0.45211478
v -0.18266413 4.20061336 0.45421201
v 0.18250495 4.20062261 0.45422581
v 0.73279171 4.19139213 0.45209842
v -0.74759328 4.16528025 0.45177361
v -0.19228239 4.17204256 0.45180993
v 0.19227649 4.17205517 0.45179645
v 0.74758726 4.16528501 0.4517498
v -0.76628091 4.13201393 0.45424122
v -0.20774561 4.14195581 0.44968251
v 0.20774971 4.14195412 0.44968384
v 0.76616428 4.13194052 0.45433669
v -0.78185216 4.10149625 0.45370823
v -0.23219397 4.107889 0.45180461
v 0.23219411 4.10788886 0.45180457
v 0.78185664 4.10149499 0.45372827
v -0.79764406 4.07358403 0.45526001
v -0.26248022 4.07808299 0.45030508
v 0.26248043 4.07808299 0.45030508
v 0.79772587 4.07373421 0.45521998
v -0.80641097 4.0440264 0.45321899
v -0.32251682 4.04126432 0.44865065
v -0.29638631 4.05420139 0.45058359
v 0.29638645 4.05420139 0.45058345
v 0.32251707 4.04126404 0.44865065
v 0.80643086 4.0440229 0.45322764
v -0.80260477 4.01559149 0.45362996
v -0.5389659 4.00272054 0.45140562
v -0.50705485 4.00729586 0.45301204
v -0.47016845 4.01286275 0.45106257
v -0.44032318 4.01721097 0.44920318
v -0.41116111 4.0206682 0.44928478
v -0.38150045 4.02433444 0.44918815
v -0.35311247 4.03070043 0.45042007
v 0.35311261 4.03070029 0.45042003
v 0.38150052 4.02433416 0.44918819
v 0.41116132 4.02066792 0.44928482
v 0.44032339 4.01721125 0.44920318
v 0.47016862 4.01286275 0.4510625
v 0.50705579 4.00729557 0.45301141
v 0.53896184 4.0027225 0.45140832
v 0.80260042 4.01558589 0.45363013
v -0.7807492 3.99367723 0.45956558
v -0.74648542 3.9895058 0.45236701
v -0.7162936 3.98489057 0.45424577
v -0.68724213 3.98534251 0.45356975
v -0.65645337 3.98869396 0.45019805
v -0.62348391 3.99052106 0.45418014
v -0.59433326 3.99232421 0.45782789
v -0.56661331 3.99731994 0.45491728
v 0.56660456 3.99732218 0.45492369
v 0.59432738 3.99232547 0.45783147
v 0.62348342 3.99051952 0.45417653
v 0.6564505 3.98869859 0.45019539
v 0.6872476 3.98535049 0.45357031
v 0.716208 3.98477345 0.45426493
v 0.74649425 3.98950973 0.45237185
v 0.78075026 3.99367849 0.45956477
v -0.74596098 3.55571098 0.43960965
v -0.71992804 3.55404289 0.43621052
v 0.71992776 3.55404289 0.43621119
v 0.74596119 3.55571112 0.43960961
v -0.74780132 3.52347134 0.44563584
v -0.71803118 3.52366845 0.45058765
v -0.69709147 3.51801813 0.43693961
v 0.6970933 3.51801967 0.43693656
v 0.7180302 3.5236674 0.45058986
v 0.7478016 3.52347155 0.4456357
v -0.75015139 3.49541608 0.44894022
v -0.71751857 3.49490186 0.46115728
v -0.69039038 3.48777251 0.44964517
v 0.69041315 3.48779422 0.44960167
v 0.71751963 3.49490263 0.46115602
v 0.75015125 3.49541594 0.44894096
v -0.74584295 3.46324088 0.45360947
v -0.67441055 3.45887136 0.44535124
v 0.67441363 3.45887458 0.44534416
v 0.74584323 3.46324088 0.45360954
v -0.74189232 3.43494144 0.44877095
v -0.66369487 3.42959141 0.44855171
v 0.66371553 3.42961165 0.44851007
v 0.74189204 3.43494144 0.44877074
v -0.7225742 3.40435455 0.45164844
v -0.66467945 3.40518033 0.45418784
v 0.66466985 3.40517886 0.45418336
v 0.72256586 3.40435217 0.45164739
v -0.70661748 3.38836316 0.4498073
v -0.68542456 3.38230145 0.45226972
v -0.66733324 3.38293804 0.46076043
v 0.66733814 3.38293825 0.46076397
v 0.68547541 3.38231434 0.45227592
v 0.70662182 3.38836344 0.44980922
v -0.22866039 4.70181725 0.41590618
v -0.20079804 4.70557848 0.41799925
v -0.16770385 4.7095336 0.41914963
v -0.13526328 4.71271904 0.419844
v -0.10771775 4.7147462 0.42030175
v -0.07995935 4.71627322 0.42043992
v -0.04678358 4.71731607 0.42101763
v -0.01373881 4.71780752 0.42137326
v 0.01469765 4.71783638 0.42117293
v 0.04730164 4.71730851 0.42092888
v 0.08019897 4.71613312 0.42105913
v 0.1079028 4.71471818 0.42070946
v 0.13535738 4.71280086 0.42016958
v 0.16774966 4.70998806 0.41889294
v 0.20086501 4.70615062 0.41830325
v 0.2286931 4.70251267 0.41656294
v -0.34735554 4.66976863 0.41772389
v -0.32091149 4.67893172 0.41786276
v -0.28943452 4.68758431 0.41896848
v -0.25622223 4.69582741 0.41795708
v 0.25584436 4.69699131 0.4181916
v 0.28700789 4.68955977 0.41918486
v 0.32188724 4.68003552 0.41922787
v 0.34765887 4.6709866 0.42030816
v -0.40709672 4.6415905 0.41969904
v -0.37530923 4.65750764 0.41957628
v 0.37428676 4.66096795 0.41817471
v 0.40587724 4.64574119 0.41868168
v -0.44072167 4.62174991 0.42002521
v 0.4415456 4.62537146 0.41880479
v 0.46754331 4.60862427 0.41664258
v -0.49451568 4.5816927 0.41826136
v -0.46769555 4.60316538 0.42000237
v 0.49553065 4.58640852 0.41585627
v -0.52795259 4.55151698 0.4165172
v 0.52631353 4.55659621 0.41856792
v -0.554802 4.52345178 0.41776428
v 0.55383192 4.52985755 0.41495775
v -0.5727804 4.50086016 0.42078
v 0.58111187 4.49590057 0.41801844
v -0.59682573 4.47057363 0.41848761
v 0.60848753 4.46124901 0.41554145
v -0.6186165 4.43863372 0.4187913
v 0.62579027 4.4351482 0.41475818
v -0.63497158 4.41108462 0.42005057
v 0.64025436 4.40881903 0.4155888
v -0.64930825 4.38278154 0.4189233
v 0.65429537 4.37860367 0.41668458
v -0.66328314 4.35034934 0.41857244
v 0.66575789 4.34776909 0.41986788
v -0.6759679 4.31759856 0.41787015
v 0.67939851 4.31669356 0.41561444
v -0.68740632 4.28884242 0.41734543
v -0.10876636 4.27805157 0.41658865
v -0.08022737 4.27675179 0.41744041
v -0.01446222 4.2772508 0.42184149
v 0.01773818 4.27736708 0.42228127
v 0.04690557 4.27752398 0.42181834
v 0.07644925 4.27766716 0.42013333
v 0.10692163 4.27796542 0.41759515
v 0.68838992 4.29016742 0.41689493
v -0.69643058 4.25898065 0.42288375
v -0.14319989 4.27016894 0.41859009
v -0.04898544 4.27580265 0.41748798
v 0.14597678 4.27006401 0.41916882
v 0.69812999 4.25904818 0.42087565
v -0.70786403 4.22781686 0.42133701
v -0.17556479 4.23483834 0.4187589
v 0.17722639 4.23471898 0.41863142
v 0.70791825 4.22748932 0.42168448
v -0.72142011 4.19496241 0.42390531
v -0.18867491 4.19784091 0.42322964
v 0.1887148 4.19766552 0.42342703
v 0.72116458 4.19494602 0.42398597
v -0.73317752 4.16810874 0.42414546
v -0.19760099 4.17112663 0.42219365
v 0.19752497 4.17112089 0.422203
v 0.73254024 4.16798461 0.42411885
v -0.7443712 4.13617933 0.42319524
v -0.21284978 4.14126066 0.42145367
v 0.21284647 4.14127831 0.42143546
v 0.74437435 4.13609598 0.42309221
v -0.75434831 4.10602239 0.42167278
v -0.2354986 4.10849 0.42417663
v 0.23549993 4.10848846 0.42417793
v 0.75430516 4.10611121 0.42188485
v -0.76936955 4.07668037 0.42635491
v -0.26505983 4.079234 0.42346885
v 0.26506 4.07923414 0.42346885
v 0.76903725 4.07705386 0.42617601
v -0.77581876 4.04972863 0.427835
v -0.74478945 4.04856907 0.41318227
v -0.35098224 4.03319956 0.42004531
v -0.32339521 4.04331697 0.41852544
v -0.29907162 4.05547624 0.42158466
v 0.29907183 4.05547624 0.42158469
v 0.32339545 4.04331711 0.41852547
v 0.35098235 4.03319956 0.42004531
v 0.7442676 4.04862413 0.41298061
v 0.77589665 4.04991341 0.42778954
v -0.77600984 4.02235436 0.43526591
v -0.7471157 4.02147654 0.42583341
v -0.71685866 4.01613799 0.42334087
v -0.68885895 4.01452846 0.42103171
v -0.65686286 4.01423987 0.42143455
v -0.62253527 4.01020532 0.42528278
v -0.59393974 4.01106521 0.42699843
v -0.5663292 4.01497032 0.42157513
v -0.53631453 4.01522571 0.42226614
v -0.50309829 4.01723647 0.42284953
v -0.46979927 4.01934431 0.42293968
v -0.44042489 4.021272 0.4219522
v -0.40988752 4.0229464 0.42164767
v -0.37924347 4.02612918 0.42159159
v 0.37924351 4.02612876 0.4215917
v 0.40988766 4.0229464 0.42164763
v 0.44042503 4.021272 0.4219522
v 0.46980032 4.01934403 0.42293849
v 0.50308625 4.01724123 0.42286245
v 0.53632132 4.0152236 0.42226453
v 0.56635575 4.01495519 0.42165495
v 0.593959 4.01104924 0.42710399
v 0.62252217 4.01020686 0.42528705
v 0.65686651 4.01425052 0.42143346
v 0.68879556 4.01433849 0.42105997
v 0.71668362 4.01582531 0.42333282
v 0.7470252 4.02138604 0.42584319
v 0.77603184 4.0223552 0.43527561
v -0.77091408 3.6434822 0.40601299
v -0.74948146 3.64511934 0.40772507
v 0.74948153 3.64511906 0.40772507
v 0.77091422 3.64348192 0.40601295
v -0.77254204 3.61347306 0.41120149
v -0.74978154 3.61555401 0.42079306
v -0.72830122 3.61615711 0.40731723
v 0.72830143 3.61615697 0.40731719
v 0.74978175 3.61555401 0.42079306
v 0.77254204 3.61347278 0.41120149
v -0.77394178 3.58893064 0.41401856
v -0.74678837 3.58869094 0.42943305
v -0.72132912 3.58272044 0.41863184
v 0.72132877 3.58271974 0.41863265
v 0.74678851 3.58869094 0.42943301
v 0.77394199 3.58893078 0.41401856
v -0.77489729 3.55642756 0.41736133
v -0.70241706 3.54580315 0.41861622
v 0.70241804 3.54580371 0.41861475
v 0.77489757 3.55642756 0.4173614
v -0.77511479 3.52374347 0.41959897
v -0.69235288 3.52155157 0.41957894
v 0.69238251 3.52157965 0.41952248
v 0.77511514 3.52374354 0.41959901
v -0.77309597 3.49702323 0.41951422
v -0.68475996 3.49639302 0.42316288
v 0.68473698 3.49637102 0.42320712
v 0.77309604 3.49702316 0.41951422
v -0.7637862 3.46980496 0.41906039
v -0.67531527 3.4670117 0.42143455
v 0.67502346 3.46673404 0.4219924
v 0.76378655 3.46980503 0.41906035
v -0.74541161 3.43652414 0.4176148
v -0.67393605 3.43951002 0.42646208
v 0.67392331 3.43949826 0.4264853
v 0.74541161 3.43652407 0.41761532
v -0.72022854 3.40268204 0.41901258
v -0.68894917 3.40569636 0.42632665
v 0.6889711 3.40571654 0.42628739
v 0.72022581 3.40268197 0.41901023
v -0.2555827 4.70379705 0.39048349
v -0.22853165 4.70909539 0.39004366
v -0.2012701 4.7126221 0.39165344
v -0.16844149 4.71620205 0.3920656
v -0.13598418 4.71881563 0.39232866
v -0.10821977 4.7203802 0.39228281
v -0.08039357 4.72136729 0.39242399
v -0.0471004 4.72199687 0.39292749
v -0.01387587 4.72223559 0.39342899
v 0.0145907 4.72222915 0.39337603
v 0.04702234 4.7219767 0.39285681
v 0.08010957 4.72133283 0.3925056
v 0.1081461 4.72038496 0.39240438
v 0.13588471 4.71897114 0.39234582
v 0.16837803 4.71657049 0.39214304
v 0.20101851 4.71322058 0.39206073
v 0.22785379 4.71002897 0.39037642
v 0.25251213 4.7058497 0.3896582
v 0.28240978 4.69908459 0.38920993
v -0.34988079 4.67613615 0.39178303
v -0.32292495 4.68573704 0.39080266
v -0.28953588 4.69545757 0.39071258
v 0.32083598 4.68797685 0.39124356
v 0.34887436 4.67879331 0.39165705
v 0.37555026 4.66893045 0.38840664
v -0.40829599 4.64946068 0.39219683
v -0.37712726 4.66448444 0.39265802
v 0.40928838 4.65209499 0.39123817
v -0.46721282 4.6139128 0.39190561
v -0.4411526 4.63108433 0.39164283
v 0.44365877 4.6328002 0.39207026
v 0.47005921 4.61616242 0.39051848
v -0.4938841 4.59392552 0.3899042
v 0.49964632 4.59409111 0.38868399
v -0.52852148 4.56321759 0.39109976
v 0.53338643 4.56589464 0.38642694
v 0.55521853 4.54644924 0.38290832
v -0.56054467 4.53319206 0.38655555
v 0.56900671 4.52940505 0.38775839
v -0.58856127 4.49915607 0.38949667
v 0.59440597 4.49909863 0.38800404
v -0.61774015 4.46430277 0.38365057
v 0.62198687 4.46312514 0.38659684
v -0.63227996 4.43648329 0.39132044
v 0.6401081 4.43559439 0.38635266
v -0.64687882 4.41055002 0.3919785
v 0.65572124 4.40753045 0.38648399
v -0.66203413 4.3820644 0.38971627
v 0.67042468 4.37617501 0.38796223
v -0.67839929 4.34703416 0.38681542
v 0.68377202 4.3440625 0.38800208
v -0.68988058 4.31515071 0.38620685
v 0.69847567 4.31393806 0.38065428
v -0.69925963 4.28704263 0.38292835
v 0.70528729 4.28951711 0.37886028
v -0.69966156 4.26126445 0.39053063
v -0.1663582 4.25478261 0.38991916
v -0.13657833 4.26809037 0.38767118
v -0.10651593 4.26715146 0.38986322
v -0.07692142 4.26570976 0.39113044
v -0.04569411 4.26551517 0.39210668
v -0.01412829 4.26675668 0.39568166
v 0.01490547 4.26654374 0.395275
v 0.04578503 4.26566493 0.3924414
v 0.07755213 4.26553941 0.39120714
v 0.10692366 4.26718522 0.3908478
v 0.13881952 4.26811965 0.3889648
v 0.16951422 4.25464854 0.39006969
v 0.70825433 4.26096942 0.38176722
v -0.70379194 4.22883141 0.3927018
v -0.18906604 4.22844756 0.39331579
v 0.1905674 4.22751692 0.39281941
v 0.70684037 4.22788466 0.39123327
v -0.70874144 4.196142 0.39640822
v -0.19870242 4.19413908 0.39405118
v 0.19951913 4.19395766 0.39413352
v 0.70853648 4.19571149 0.3967912
v -0.71241539 4.16940712 0.39406183
v -0.20662379 4.16819629 0.39467414
v 0.20675499 4.16779955 0.39509978
v 0.71168585 4.16971673 0.3941145
v -0.71235942 4.13841887 0.39394008
v -0.22342014 4.1361918 0.39567332
v 0.22339226 4.13618564 0.39567857
v 0.71620037 4.13986673 0.39116098
v -0.71871918 4.10180193 0.396457
v -0.24417746 4.10589154 0.40034656
v 0.24417564 4.10590359 0.40033479
v 0.71873347 4.10200143 0.39643179
v -0.73853358 4.07469609 0.40655368
v -0.71456968 4.07514901 0.39723421
v -0.68247909 4.0766623 0.38610567
v -0.27160009 4.07939034 0.40131422
v 0.27160041 4.07938964 0.40131489
v 0.6828715 4.07655961 0.38636537
v 0.70952554 4.0757615 0.39654677
v 0.73589239 4.07094649 0.40707574
v -0.71341895 4.04701754 0.40475551
v -0.68419475 4.0471058 0.40029262
v -0.64950116 4.04449432 0.39770958
v -0.62489122 4.04779226 0.37856293
v -0.56592952 4.04010967 0.3906336
v -0.34932231 4.03984083 0.39118581
v -0.32244618 4.0497233 0.39152396
v -0.30283302 4.05905787 0.39624049
v 0.3028332 4.05905829 0.39624038
v 0.32244632 4.0497233 0.39152396
v 0.34932248 4.03984069 0.39118585
v 0.56573199 4.04011653 0.39055508
v 0.62538246 4.04777573 0.37847082
v 0.64953864 4.04441979 0.39783419
v 0.68435088 4.0468406 0.40038183
v 0.71546109 4.04992728 0.4043394
v -0.62692447 4.01780609 0.38756916
v -0.59434265 4.02707159 0.39677032
v -0.54090385 4.02889701 0.40017116
v -0.5042824 4.02860365 0.39684695
v -0.47252233 4.02783902 0.39624259
v -0.44395346 4.02710185 0.39566103
v -0.41298078 4.02736439 0.39565119
v -0.38082863 4.03117157 0.39495744
v 0.38082877 4.03117157 0.39495741
v 0.41298082 4.02736481 0.39565119
v 0.44395405 4.02710185 0.39566043
v 0.472512 4.02784295 0.39625443
v 0.50431185 4.02859469 0.39683168
v 0.54115945 4.02878521 0.3998092
v 0.59480299 4.02700042 0.39652726
v 0.62693112 4.01786072 0.38760071
v -0.75100757 3.73575001 0.37375986
v 0.75100778 3.73575001 0.37375986
v -0.77507332 3.70861979 0.37761926
v -0.74989796 3.70737295 0.38412563
v -0.71848214 3.70616913 0.37693323
v 0.71848228 3.70616927 0.37693323
v 0.7498981 3.70737267 0.38412563
v 0.77507339 3.70861979 0.37761919
v -0.77639538 3.67493571 0.38911187
v -0.74899555 3.67993425 0.39327758
v -0.71788338 3.67764652 0.38051097
v 0.71788352 3.67764652 0.38051097
v 0.74899548 3.67993425 0.39327758
v 0.77639552 3.67493571 0.38911194
v -0.78494781 3.64682273 0.38977216
v -0.72074213 3.64250295 0.38927637
v 0.72074227 3.64250323 0.38927648
v 0.78494802 3.64682259 0.38977216
v -0.79207177 3.61502782 0.38692452
v -0.71470956 3.61731008 0.38854067
v 0.7147097 3.61730994 0.38854088
v 0.79207198 3.61502782 0.38692455
v -0.79473985 3.58871266 0.38723941
v -0.70853088 3.58876155 0.39082367
v 0.70853158 3.58876183 0.39082307
v 0.79473992 3.58871266 0.38723934
v -0.79371023 3.55715492 0.38831001
v -0.69315149 3.5584393 0.38582142
v 0.69315821 3.55844546 0.38580857
v 0.79371065 3.55715492 0.38831004
v -0.78923621 3.52542368 0.38992949
v -0.68750124 3.52249047 0.39102299
v 0.68749234 3.52248165 0.39104064
v 0.78923635 3.52542368 0.38992956
v -0.78102932 3.49789951 0.38988907
v -0.68436973 3.49610022 0.39278242
v 0.68408288 3.4958269 0.39333145
v 0.78102946 3.49789944 0.38988914
v -0.77290915 3.4656956 0.38448728
v -0.68395407 3.46900194 0.39100975
v 0.68313894 3.4682261 0.39256843
v 0.77290943 3.4656956 0.38448728
v -0.75461189 3.43568463 0.38717917
v -0.69450206 3.43705748 0.39267812
v 0.69421122 3.43678086 0.39323412
v 0.75461239 3.43568477 0.38717917
v -0.74608265 3.40319723 0.38546177
v -0.71057358 3.40369232 0.38673017
v 0.71056237 3.40368259 0.38674916
v 0.74608223 3.4031966 0.38546268
v -0.74510186 3.37504951 0.37746908
v -0.72098456 3.37799778 0.37994268
v 0.72099149 3.37800429 0.37992927
v 0.74510228 3.37505 0.37746828
v -0.74214098 3.34897027 0.37153192
v 0.7421407 3.34896999 0.37153245
v -0.28825581 4.70397021 0.3574011
v -0.25565063 4.71164004 0.35865915
v -0.22934985 4.71653295 0.35900473
v -0.20179537 4.72043623 0.35893293
v -0.16777398 4.72419046 0.35784419
v -0.13553872 4.72629242 0.3583599
v -0.10832942 4.72724253 0.35891181
v -0.08041672 4.72779955 0.35914514
v -0.04695317 4.72810467 0.35945548
v -0.01369102 4.72817584 0.35972246
v 0.01481006 4.72815454 0.35970661
v 0.04713688 4.72804303 0.35948949
v 0.08014421 4.72770288 0.35943608
v 0.10799694 4.72715007 0.35940512
v 0.13527695 4.72632576 0.35871488
v 0.1673757 4.72452696 0.35796177
v 0.20087882 4.72119498 0.35893358
v 0.22874333 4.71758841 0.35871361
v 0.25478772 4.71301072 0.35855032
v 0.28556656 4.70563396 0.35970688
v -0.37664176 4.67332266 0.35805715
v -0.35031844 4.6839119 0.35881637
v -0.32192769 4.69415189 0.35690769
v 0.32220343 4.69479296 0.36179674
v 0.35072044 4.68526493 0.36239839
v 0.3768913 4.67612957 0.35739309
v -0.44073743 4.64110942 0.35576279
v -0.40666386 4.65947302 0.35647182
v 0.40861624 4.66112682 0.35817585
v 0.44271769 4.64260072 0.35869563
v -0.49258414 4.60700731 0.35392781
v -0.46790954 4.62402488 0.3562276
v 0.46919732 4.6265404 0.35802183
v 0.49606368 4.60835221 0.35479958
v -0.52553034 4.57907687 0.35764917
v 0.53166223 4.58055668 0.35226865
v -0.55469864 4.55242689 0.35741134
v 0.56024586 4.55568238 0.35051671
v -0.57213783 4.53349578 0.3606129
v 0.58439864 4.52963985 0.35341041
v -0.59867224 4.50412756 0.35856203
v 0.61310873 4.49802747 0.35039826
v -0.63751294 4.4579019 0.35171052
v -0.62171817 4.47691511 0.35515543
v 0.64074182 4.461981 0.35076919
v -0.64827163 4.43610826 0.36007459
v 0.65753293 4.43537123 0.35336795
v -0.66292975 4.41010621 0.36198382
v 0.6722459 4.40855453 0.35549399
v -0.68198043 4.37908111 0.3559882
v 0.68813733 4.37744033 0.3558843
v -0.70053784 4.34403392 0.35045544
v 0.70285163 4.34476717 0.35499226
v -0.7101374 4.31545905 0.35245282
v 0.71653526 4.3139368 0.35084978
v -0.71715426 4.28915062 0.35300734
v 0.72399657 4.28818538 0.35046694
v -0.71579956 4.26285788 0.36190906
v -0.16798848 4.25190761 0.35465903
v -0.13690285 4.256573 0.35702227
v -0.10732253 4.25493671 0.35870752
v -0.0783343 4.25433683 0.35930526
v -0.04579988 4.25364281 0.35898189
v -0.0132902 4.25292021 0.3577204
v 0.01436995 4.25256675 0.35688566
v 0.04635327 4.25257137 0.35631549
v 0.07859469 4.25347302 0.35774732
v 0.10608594 4.25479606 0.35940822
v 0.13583629 4.25730849 0.35958566
v 0.16807926 4.25264478 0.3574382
v 0.72817801 4.26009621 0.35087468
v -0.71723685 4.22887288 0.3625457
v -0.20268263 4.22930199 0.35540335
v 0.19322037 4.22880536 0.35884782
v 0.72290475 4.22797964 0.36056306
v -0.71616415 4.19743983 0.36156089
v -0.210381 4.19584991 0.36512342
v 0.20881727 4.20146695 0.35946655
v 0.71750618 4.1974317 0.36384776
v -0.71030404 4.16734158 0.35343794
v -0.21540368 4.17148583 0.36881278
v 0.21609471 4.17123899 0.36914207
v 0.71436311 4.17288901 0.35681619
v -0.69230532 4.13931701 0.36134807
v -0.23605988 4.13837278 0.3650912
v 0.2361413 4.13817384 0.36528473
v 0.70741223 4.14448898 0.35292148
v -0.68562566 4.10109474 0.36530176
v -0.26231964 4.10571306 0.36542903
v 0.2623072 4.10571222 0.36543005
v 0.68875668 4.10250548 0.36365303
v -0.65611294 4.07272329 0.36919397
v -0.62813529 4.06852259 0.36593032
v -0.29049769 4.07870584 0.36782393
v 0.29049748 4.07870878 0.36782113
v 0.62821319 4.06846025 0.36632871
v 0.65606727 4.07263195 0.36935242
v -0.59481294 4.04898949 0.36665208
v -0.56817872 4.05934633 0.36224488
v -0.53727998 4.05423039 0.36633109
v -0.50137984 4.04646935 0.3630075
v -0.47098649 4.04208681 0.35986333
v -0.44271275 4.03870131 0.35998255
v -0.41089963 4.03881927 0.35910948
v -0.37966368 4.04289249 0.35812942
v -0.34999574 4.05050979 0.35847579
v -0.31918064 4.06090669 0.36626455
v 0.31918071 4.06090697 0.36626462
v 0.34999588 4.05050979 0.35847575
v 0.37966389 4.04289291 0.35812944
v 0.41089977 4.03881927 0.35910934
v 0.44270981 4.03870229 0.35998568
v 0.4710034 4.04208135 0.35985611
v 0.50150231 4.0464157 0.36282991
v 0.53695486 4.05433266 0.36619989
v 0.56418322 4.06109553 0.36746259
v 0.59447202 4.04964205 0.36255123
v -0.68486307 4.01102192 0.34249191
v -0.65539006 4.01234412 0.35116125
v -0.62884024 4.01365442 0.35524378
v 0.62863641 4.01370793 0.35545637
v 0.65536169 4.01241599 0.35113323
v 0.68485032 4.01101898 0.34249934
v -0.68530436 3.98083892 0.34721485
v -0.6607155 3.98127321 0.3479966
v -0.63127969 3.98336299 0.35101446
v 0.63122323 3.98355856 0.3509233
v 0.66073133 3.98127727 0.347982
v 0.68531228 3.98083696 0.34721245
v -0.71143915 3.95393999 0.34428353
v -0.68484058 3.95389404 0.3515261
v -0.65967461 3.95357239 0.35167581
v -0.63068906 3.95235273 0.34725103
v 0.63070839 3.95236002 0.34724386
v 0.65967468 3.9535637 0.35168155
v 0.68484618 3.95389614 0.35152132
v 0.71144286 3.95394097 0.34428059
v -0.71306766 3.92623175 0.34744998
v -0.6855781 3.92582365 0.35410867
v -0.65684311 3.92534509 0.35488206
v -0.62729382 3.92558928 0.34966498
v 0.62729347 3.92558227 0.34966921
v 0.65684283 3.92534579 0.35488181
v 0.68557831 3.92582379 0.35410857
v 0.71307201 3.92623301 0.3474467
v -0.7379096 3.89026387 0.34204927
v -0.71165363 3.89226748 0.35287504
v -0.68576807 3.89279872 0.35765136
v -0.65688388 3.89319378 0.35818017
v -0.62781336 3.89334116 0.35359712
v -0.59977288 3.89079846 0.34351298
v 0.59977267 3.89079622 0.34351414
v 0.62781322 3.89334172 0.35359684
v 0.65688395 3.8931935 0.35818016
v 0.68576821 3.89279872 0.35765155
v 0.71165405 3.89226734 0.35287487
v 0.73791086 3.89026415 0.34204853
v -0.73745983 3.85886976 0.3466874
v -0.71178462 3.86041625 0.35677059
v -0.68697932 3.86037478 0.36113939
v -0.65853565 3.86128189 0.36118604
v -0.62679572 3.86159962 0.35576428
v -0.59870971 3.85965961 0.34583121
v 0.59870964 3.85965989 0.34583114
v 0.62679558 3.86159962 0.3557643
v 0.65853586 3.86128189 0.361186
v 0.68697946 3.86037492 0.36113937
v 0.71178483 3.86041583 0.35677068
v 0.7374599 3.85886976 0.34668736
v -0.74177275 3.83176405 0.34812288
v -0.71307341 3.83243482 0.35938165
v -0.68745844 3.83174836 0.36408319
v -0.65899726 3.83282876 0.36375982
v -0.62673114 3.83321836 0.3579907
v -0.59885029 3.83247811 0.34816899
v 0.59885036 3.83247811 0.34816904
v 0.62673135 3.83321836 0.35799073
v 0.65899761 3.83282876 0.36375982
v 0.68745865 3.8317485 0.36408315
v 0.71307355 3.8324344 0.35938163
v 0.74177289 3.83176405 0.3481229
v -0.74436539 3.80268625 0.35293521
v -0.7142069 3.80182019 0.36274873
v -0.6872483 3.79999183 0.36709915
v -0.65792883 3.80125968 0.36626416
v -0.62688601 3.80305203 0.36014658
v -0.59846756 3.80398534 0.34988801
v 0.59846791 3.80398534 0.34988801
v 0.62688629 3.80305189 0.36014656
v 0.65792911 3.8012594 0.36626413
v 0.68724844 3.79999155 0.36709915
v 0.71420705 3.80181963 0.36274871
v 0.74436567 3.80268639 0.35293521
v -0.77487628 3.7708367 0.34742465
v -0.74700132 3.77010947 0.36248325
v -0.71581658 3.76947303 0.36721662
v -0.68597036 3.76797977 0.36959439
v -0.65498393 3.76845203 0.36811946
v -0.62455493 3.77018078 0.36119828
v -0.5950628 3.77142509 0.34993045
v 0.59506287 3.77142509 0.34993045
v 0.62455521 3.77018078 0.36119824
v 0.65498421 3.76845231 0.36811946
v 0.6859705 3.76797963 0.36959439
v 0.71581665 3.76947275 0.36721669
v 0.74700153 3.77010961 0.36248328
v 0.77487642 3.7708367 0.34742467
v -0.77754723 3.73833249 0.36108056
v -0.71801437 3.73626345 0.3726727
v -0.68560724 3.73852302 0.37186345
v -0.65461871 3.73861884 0.36947206
v -0.62495069 3.73780014 0.3622377
v -0.59646079 3.73862641 0.35101933
v 0.59646093 3.73862641 0.35101935
v 0.62495076 3.7378 0.36223767
v 0.65461899 3.73861898 0.36947199
v 0.68560738 3.73852302 0.37186349
v 0.71801465 3.73626331 0.3726727
v 0.77754723 3.73833277 0.36108053
v -0.7976802 3.70598365 0.35323284
v -0.68628067 3.70945264 0.37319235
v -0.65510252 3.71007003 0.36937742
v -0.62366624 3.70946021 0.36100719
v -0.59681936 3.71177903 0.35004456
v 0.59681964 3.71177945 0.35004454
v 0.62366645 3.70946035 0.36100721
v 0.65510266 3.71007003 0.36937735
v 0.68628067 3.70945306 0.37319231
v 0.7976802 3.70598365 0.35323283
v -0.80211626 3.67277015 0.35728372
v -0.68707108 3.67841003 0.37306223
v -0.65819039 3.67859761 0.36851298
v -0.62608748 3.68026094 0.35911507
v -0.59782929 3.68316928 0.34648303
v 0.59782929 3.68316942 0.34648303
v 0.62608755 3.68026108 0.35911505
v 0.65819039 3.67859747 0.36851298
v 0.68707115 3.67841031 0.37306216
v 0.80211626 3.67277015 0.3572837
v -0.80604168 3.64475033 0.35724121
v -0.68826376 3.64596956 0.37270892
v -0.65889492 3.6456077 0.36559413
v -0.62732892 3.6469512 0.35447686
v 0.62732899 3.6469512 0.35447689
v 0.65889506 3.6456077 0.36559406
v 0.6882639 3.64596956 0.37270892
v 0.80604161 3.64475061 0.35724123
v -0.80848302 3.61615837 0.35706592
v -0.68880614 3.6170701 0.37213271
v -0.66001406 3.6168877 0.36274999
v -0.63119914 3.61602991 0.35063185
v 0.63119886 3.61602991 0.35063185
v 0.66001385 3.6168877 0.36274994
v 0.688806 3.61706982 0.37213292
v 0.80848309 3.61615837 0.35706594
v -0.80546779 3.58968589 0.36314006
v -0.68850255 3.58895474 0.37406057
v -0.6585851 3.58939744 0.35909563
v -0.63294099 3.58626747 0.3459132
v 0.6329412 3.58626761 0.34591296
v 0.65858433 3.58939673 0.3590971
v 0.68850311 3.58895502 0.37405991
v 0.80546786 3.58968589 0.36314001
v -0.80190325 3.5583495 0.36275724
v -0.66162716 3.55748526 0.35863215
v -0.63519993 3.55614415 0.34061714
v 0.63519825 3.55614261 0.3406203
v 0.66162884 3.55748708 0.35862865
v 0.80190332 3.55834964 0.36275724
v -0.79933723 3.52321209 0.35712341
v -0.66111372 3.52434454 0.35446225
v 0.66114272 3.52437207 0.3544069
v 0.79933737 3.52321209 0.35712347
v -0.78872445 3.49715008 0.36365054
v -0.6649499 3.49850997 0.3527484
v 0.66492811 3.49848924 0.35279022
v 0.78872445 3.49715008 0.36365061
v -0.79819841 3.47019946 0.34952917
v -0.67143118 3.47085027 0.35184217
v 0.67114378 3.47057687 0.35239158
v 0.79819855 3.47019946 0.34952923
v -0.80093429 3.43746347 0.34636064
v -0.77671591 3.43550265 0.36883936
v -0.68579168 3.43529846 0.35733163
v 0.68576961 3.43527752 0.35737408
v 0.77671633 3.43550279 0.36883936
v 0.80093443 3.4374634 0.34636068
v -0.79972942 3.40654827 0.34534078
v -0.77767282 3.4032504 0.36401643
v -0.69612679 3.40313377 0.35518645
v 0.69615607 3.40316179 0.35513048
v 0.7776731 3.40325047 0.3640164
v 0.79972935 3.4065482 0.34534075
v -0.77802172 3.37469963 0.35896606
v -0.69822861 3.37610063 0.3521223
v 0.69823079 3.37610239 0.35211887
v 0.77802144 3.37469942 0.35896636
v -0.77432872 3.34766964 0.35461257
v -0.71705837 3.34923029 0.36532683
v -0.69892173 3.35171814 0.3458136
v 0.6989211 3.35171715 0.34581503
v 0.717059 3.34923057 0.36532599
v 0.774329 3.34766971 0.35461255
v -0.77111021 3.31739923 0.34307431
v -0.74391036 3.31571754 0.35419937
v -0.71878831 3.3185882 0.34698989
v 0.71878852 3.3185882 0.34699014
v 0.7439105 3.31571768 0.35419935
v 0.77111063 3.31739909 0.34307435
v -0.1658315 4.73207688 0.32223963
v -0.13388313 4.73401633 0.32331467
v -0.10762096 4.73454925 0.3250926
v -0.07995905 4.73480814 0.32592649
v -0.0464423 4.73492694 0.32621921
v -0.01328252 4.73491461 0.32628383
v 0.01518029 4.73488603 0.32626107
v 0.04749599 4.73482944 0.32630509
v 0.08025593 4.73463891 0.32642536
v 0.10749774 4.73437385 0.32585704
v 0.13380327 4.73397823 0.32385508
v 0.16536667 4.73239685 0.32239326
v -0.32003612 4.70187161 0.32277514
v -0.28847092 4.71077287 0.32472718
v -0.25690709 4.7181062 0.32638146
v -0.22998249 4.72334513 0.326156
v -0.20121617 4.7278738 0.32451508
v 0.19978275 4.72869867 0.3244888
v 0.22882752 4.72455722 0.32571367
v 0.25671289 4.71933678 0.32638088
v 0.28920676 4.71147978 0.3275522
v 0.32219072 4.70214171 0.32719493
v -0.40209062 4.66902949 0.32247711
v -0.37458817 4.68139694 0.32451471
v -0.34885303 4.69143926 0.3250121
v 0.34975212 4.69253311 0.32904346
v 0.37579836 4.68313298 0.32647849
v 0.40443764 4.67020628 0.32618587
v -0.43983803 4.64888167 0.32268865
v 0.44085669 4.6510618 0.32657472
v -0.49423766 4.61366217 0.32404494
v -0.46856322 4.63122723 0.32413933
v 0.46861204 4.63467129 0.32647614
v 0.49694077 4.61601658 0.32424008
v -0.5294166 4.58556236 0.32562569
v 0.53420689 4.58730246 0.32360206
v -0.56133743 4.55743327 0.32488524
v 0.56451692 4.56079355 0.32363263
v -0.58629361 4.53139017 0.32737374
v 0.59042871 4.53490092 0.32314381
v -0.61586269 4.49773748 0.32818528
v 0.61976121 4.50422577 0.31799972
v -0.64269955 4.46757577 0.32073371
v 0.65081916 4.46342915 0.32237582
v -0.65959861 4.43944066 0.32830293
v 0.67070473 4.43444171 0.3233978
v -0.67646936 4.41161754 0.33009124
v 0.68560108 4.40927924 0.32494956
v -0.69544019 4.38061331 0.32594722
v 0.70254594 4.37970844 0.3224142
v -0.71259387 4.34764259 0.32275992
v 0.71924285 4.34495097 0.32123315
v -0.72444578 4.31781921 0.32327291
v 0.73164238 4.31367454 0.32128467
v -0.73450967 4.2901429 0.32188698
v 0.73910404 4.28810328 0.32340034
v -0.73909423 4.26075521 0.32635435
v -0.19809424 4.24136305 0.32532549
v 0.74560907 4.26174441 0.32361235
v -0.7442697 4.22480905 0.32585222
v -0.22013455 4.22504581 0.32592346
v -0.16839218 4.24562554 0.32022164
v -0.13732609 4.24431819 0.321456
v -0.10784834 4.24300131 0.32111823
v -0.07966752 4.24237817 0.32091517
v -0.04601705 4.2413709 0.31988011
v -0.01219017 4.24022746 0.31771123
v 0.01456767 4.24030031 0.31809391
v 0.04744263 4.24109127 0.31963752
v 0.08073576 4.24200748 0.32069872
v 0.10818358 4.24263538 0.32075725
v 0.13797148 4.24427392 0.32059323
v 0.17164802 4.2432256 0.32342022
v 0.1985204 4.22918837 0.3227627
v 0.74685016 4.22897123 0.32833168
v -0.74495742 4.19666777 0.32509199
v -0.22900166 4.19774999 0.33103775
v 0.22443108 4.20014587 0.33047035
v 0.74619067 4.19724454 0.32980368
v -0.74317782 4.17295331 0.32178932
v -0.23732202 4.16851473 0.33428611
v 0.2376401 4.16827461 0.33472712
v 0.74596 4.17162144 0.32343207
v -0.74496947 4.14629128 0.31037919
v -0.71202719 4.14100191 0.33338429
v -0.26058997 4.13477574 0.32989661
v 0.26074185 4.1346907 0.32992807
v 0.73758781 4.14308902 0.31742562
v -0.71165314 4.10350155 0.32403418
v -0.28546781 4.10585792 0.33039004
v 0.28546674 4.10586549 0.33037864
v 0.71499619 4.10435107 0.32315982
v -0.71625318 4.0742066 0.31970853
v -0.68286813 4.07655177 0.34438252
v -0.55718422 4.07454997 0.3342583
v -0.53261928 4.07712349 0.32846897
v -0.32724358 4.07523559 0.3312582
v -0.30808033 4.08492431 0.33369348
v 0.30807816 4.08492487 0.33369369
v 0.32724365 4.07523517 0.33125817
v 0.53293799 4.07703201 0.32801111
v 0.56252595 4.0718068 0.33246155
v 0.68266542 4.07653636 0.34439245
v 0.71541997 4.07420464 0.32044733
v -0.74065095 4.0436368 0.31302999
v -0.71547629 4.04583095 0.32751995
v -0.68545762 4.04679143 0.33641227
v -0.65581174 4.04901415 0.3425704
v -0.62407784 4.04866056 0.34580573
v -0.58533702 4.04415767 0.32494111
v -0.49597951 4.06466511 0.33257371
v -0.46853969 4.05729732 0.32906362
v -0.4433859 4.05319454 0.32879063
v -0.41175595 4.05346016 0.3277345
v -0.38152258 4.05660259 0.32839502
v -0.35482063 4.06368124 0.32976148
v 0.35482112 4.0636811 0.32976198
v 0.38152297 4.05660231 0.32839507
v 0.41175598 4.05346016 0.32773469
v 0.44338982 4.05319398 0.32878839
v 0.46852736 4.05730082 0.32907722
v 0.49582079 4.06473628 0.33260811
v 0.58228186 4.05065969 0.33305119
v 0.62456508 4.04863954 0.34571564
v 0.65584305 4.04899076 0.3427093
v 0.6853625 4.04674772 0.33645681
v 0.71538635 4.04580433 0.32753634
v 0.74042554 4.04368387 0.31320047
v -0.74169381 4.01248926 0.31926946
v -0.71457983 4.0126924 0.33417341
v -0.59634374 4.01789701 0.32985203
v -0.57594844 4.01313761 0.31059149
v 0.57827893 4.01670509 0.31209632
v 0.59671485 4.01358115 0.33194331
v 0.7144742 4.01266031 0.33425312
v 0.74144262 4.01242496 0.31946067
v -0.74447543 3.98144511 0.32305457
v -0.71317939 3.98097383 0.34001607
v -0.59642268 3.98040701 0.32953973
v -0.57178101 3.97987186 0.31500534
v 0.57197721 3.97964757 0.31444831
v 0.59589453 3.98042873 0.32943702
v 0.71312461 3.9809601 0.34005936
v 0.74429702 3.98139635 0.32319242
v -0.74583343 3.95356426 0.32664578
v -0.59633253 3.95249983 0.33432513
v -0.56913381 3.95252085 0.31783304
v 0.56906229 3.9523928 0.31776077
v 0.59628967 3.95265211 0.3342575
v 0.74579378 3.9535539 0.32667658
v -0.77449081 3.92185186 0.31196202
v -0.74443922 3.92495549 0.33274739
v -0.59636707 3.92468792 0.33857516
v -0.5678917 3.9251676 0.32105024
v 0.56788508 3.92516283 0.32105978
v 0.59637862 3.92469478 0.33857411
v 0.74443929 3.92495549 0.33274739
v 0.77449473 3.92185242 0.3119592
v -0.7718436 3.88902824 0.3198686
v -0.5668865 3.89307386 0.32375735
v 0.56688804 3.89307582 0.32375767
v 0.7718443 3.88902852 0.3198683
v -0.77532366 3.85795061 0.32234467
v -0.56622483 3.86192828 0.32756471
v -0.54456873 3.86310591 0.31119902
v 0.5445688 3.86310591 0.31119897
v 0.56622498 3.86192828 0.32756467
v 0.7753238 3.85795047 0.32234472
v -0.77914997 3.82992981 0.32465104
v -0.56739413 3.83205755 0.33148055
v -0.54553268 3.83082585 0.31652226
v 0.54553289 3.83082585 0.31652221
v 0.56739427 3.83205727 0.33148055
v 0.77915011 3.82992981 0.32465106
v -0.79943382 3.80069272 0.31436496
v -0.77630446 3.80190775 0.33444344
v -0.56853351 3.80195706 0.33460048
v -0.54382553 3.80046773 0.31814703
v 0.54382571 3.80046787 0.31814694
v 0.56853379 3.80195706 0.33460048
v 0.7763046 3.80190775 0.33444347
v 0.79943396 3.80069272 0.31436496
v -0.80078979 3.7679603 0.3221696
v -0.56709222 3.76875547 0.3355521
v -0.54162785 3.76807924 0.31828674
v 0.54162789 3.76807938 0.31828668
v 0.56709236 3.76875547 0.33555212
v 0.80079 3.76796016 0.32216958
v -0.80466344 3.73341101 0.33142341
v -0.56788536 3.73748941 0.33581691
v -0.54180525 3.73906658 0.31805541
v 0.54180532 3.73906644 0.31805541
v 0.56788547 3.73748941 0.33581688
v 0.80466344 3.73341101 0.33142341
v -0.81329278 3.70755003 0.32754618
v -0.56832456 3.71090275 0.33418962
v -0.54518441 3.71161246 0.31854234
v 0.54518441 3.71161246 0.31854234
v 0.5683247 3.71090275 0.33418962
v 0.81329271 3.70755031 0.32754621
v -0.8217994 3.67107992 0.32243037
v -0.56883908 3.68127452 0.32917841
v -0.54643544 3.68220432 0.31346559
v 0.54643569 3.68220404 0.31346561
v 0.56883912 3.68127452 0.32917846
v 0.82179975 3.67108006 0.32243037
v -0.82481939 3.64295867 0.31908416
v -0.59639943 3.64794446 0.33810597
v -0.5687103 3.6456374 0.31957379
v 0.56871044 3.6456374 0.31957388
v 0.59639978 3.64794446 0.33810597
v 0.82481981 3.64295895 0.31908418
v -0.82298543 3.61669899 0.32116958
v -0.59746533 3.61756127 0.33087688
v -0.571101 3.61984213 0.31286295
v 0.57110107 3.61984199 0.312863
v 0.5974654 3.61756127 0.33087687
v 0.82298557 3.61669913 0.32116958
v -0.81718289 3.58961906 0.33105538
v -0.59908873 3.58702621 0.32289588
v 0.59908901 3.58702621 0.32289585
v 0.81718297 3.58961892 0.3310554
v -0.81619103 3.5567013 0.33037726
v -0.60324124 3.5578701 0.31579516
v 0.60324152 3.55787024 0.31579486
v 0.8161911 3.55670116 0.33037729
v -0.82177824 3.52335121 0.32407274
v -0.63102276 3.52498379 0.32715882
v 0.63102563 3.52498652 0.32715348
v 0.82177831 3.52335142 0.32407282
v -0.82665756 3.49600083 0.31812437
v -0.80714751 3.49674437 0.34032057
v -0.63878268 3.49807827 0.32343
v 0.63881175 3.49810587 0.32337476
v 0.80714744 3.49674437 0.34032057
v 0.82665756 3.4960009 0.31812442
v -0.82581812 3.46857774 0.31881934
v -0.65058072 3.4697492 0.32240779
v 0.65057182 3.46974066 0.3224251
v 0.82581812 3.46857781 0.31881937
v -0.82239024 3.44071455 0.32174612
v -0.66635041 3.4340786 0.3244737
v 0.66637941 3.4341062 0.32441831
v 0.82239059 3.44071462 0.32174615
v -0.81391648 3.40772387 0.32758852
v -0.67503032 3.40474261 0.32240296
v 0.67503327 3.40474527 0.32239757
v 0.81391641 3.40772387 0.32758849
v -0.8061588 3.38095179 0.33053516
v -0.68197826 3.37738144 0.32289852
v 0.68197679 3.37738004 0.32290169
v 0.8061588 3.38095179 0.33053511
v -0.80289133 3.34812859 0.32237372
v -0.69170285 3.34853444 0.32611759
v 0.69170313 3.34853451 0.32611736
v 0.80289154 3.34812838 0.32237379
v -0.79230096 3.31711736 0.31903163
v -0.70279405 3.32462777 0.32685762
v 0.70279419 3.32462763 0.32685758
v 0.79230103 3.31711715 0.31903166
v -0.7722166 3.29269507 0.32243191
v -0.74845248 3.28263797 0.32440651
v -0.723218 3.29424941 0.32410786
v 0.72321814 3.29424948 0.32410786
v 0.74845262 3.28263797 0.32440651
v 0.77221667 3.29269514 0.32243196
v -0.20166247 4.73314495 0.29719118
v -0.16798174 4.73717292 0.29674064
v -0.13537617 4.73958141 0.2973656
v -0.10788287 4.74063939 0.29786923
v -0.07978167 4.7410678 0.29820532
v -0.04632654 4.74115438 0.29845037
v -0.01340155 4.74109834 0.29850277
v 0.01507313 4.74105519 0.2985116
v 0.04757639 4.74099691 0.29869249
v 0.08029792 4.74079966 0.29898681
v 0.10796879 4.7403805 0.29887367
v 0.13565845 4.73952649 0.29802978
v 0.16777906 4.73750802 0.29717192
v 0.20041737 4.73389838 0.29768627
v -0.32131923 4.70555018 0.29657225
v -0.28997444 4.71461843 0.2979804
v -0.25711604 4.72282343 0.29833585
v -0.22935013 4.72864179 0.2977577
v 0.22823778 4.72972051 0.29796966
v 0.25649465 4.72417729 0.29831224
v 0.29007187 4.71594231 0.29879903
v 0.32199525 4.70700323 0.29758337
v -0.40240467 4.67323005 0.29684012
v -0.37590463 4.6851366 0.2980662
v -0.34942682 4.69553812 0.2979177
v 0.34843968 4.69792153 0.29892776
v 0.37673072 4.68727527 0.29796413
v 0.40518672 4.67479812 0.29772683
v -0.46680694 4.63806491 0.29516597
v -0.4398304 4.65379209 0.29610171
v 0.44035291 4.65688857 0.29787128
v 0.46633279 4.64183188 0.29785242
v -0.49695169 4.61745758 0.29645086
v 0.49859065 4.62024642 0.29805373
v -0.5348349 4.58823072 0.29675733
v 0.5361357 4.5918328 0.29849401
v -0.5656963 4.56123205 0.29673686
v 0.56294339 4.56934486 0.29723639
v 0.58678558 4.54730759 0.29471378
v -0.59159772 4.53546059 0.29725671
v 0.61049809 4.52284923 0.29421041
v -0.62062979 4.5046679 0.29494667
v 0.62774443 4.50275815 0.29592883
v -0.64999079 4.46852715 0.2947476
v 0.65463468 4.46878366 0.29701596
v -0.67177602 4.43633311 0.29941376
v 0.67733388 4.43881192 0.29347632
v -0.68857862 4.40981607 0.30019701
v 0.69404003 4.4102704 0.29905087
v -0.70565602 4.38045094 0.29869426
v 0.71146093 4.3806297 0.29665404
v -0.72226767 4.34760252 0.29774112
v 0.73025966 4.3432522 0.29509741
v -0.7347355 4.31792386 0.29864987
v 0.74209349 4.31389785 0.29616811
v -0.74528223 4.29093891 0.29689313
v 0.75047914 4.28870148 0.29697904
v -0.75377841 4.26078688 0.29644602
v 0.75810379 4.26319578 0.29656151
v -0.76214689 4.22328749 0.29478556
v -0.20730277 4.23495238 0.30270239
v -0.16926577 4.23897348 0.29709502
v -0.13684904 4.23755055 0.29825545
v -0.10573324 4.2360905 0.29618991
v -0.07684673 4.23545251 0.29647744
v -0.04479152 4.23472725 0.29605534
v -0.01256871 4.23406503 0.29508775
v 0.01308178 4.23419251 0.29573834
v 0.04584609 4.23489144 0.29725732
v 0.0795405 4.2356513 0.29814763
v 0.10825858 4.23615718 0.29787165
v 0.1382752 4.23690388 0.29627819
v 0.16617166 4.23912184 0.29680629
v 0.19719545 4.23470861 0.29908699
v 0.76475487 4.2293775 0.29652997
v -0.76558969 4.19483129 0.29393287
v -0.26010668 4.19759505 0.29182675
v -0.23769719 4.20543748 0.30444919
v 0.23703345 4.20534908 0.30430159
v 0.26039269 4.19749306 0.29188537
v 0.76740852 4.19668374 0.29819225
v -0.76466549 4.17118715 0.29445724
v -0.26156381 4.16948347 0.30405376
v 0.26184696 4.16940208 0.30422408
v 0.76875958 4.16954413 0.2955965
v -0.76503786 4.14467782 0.2886084
v -0.28847642 4.13242553 0.30127259
v 0.28849766 4.13243954 0.30127571
v 0.76398016 4.14075661 0.29135359
v -0.74770017 4.10725129 0.29501269
v -0.53741241 4.09570114 0.28783448
v -0.32754481 4.10828014 0.29097591
v -0.30749453 4.10696648 0.3062057
v 0.30748847 4.10696914 0.30620595
v 0.32754667 4.1082786 0.29097436
v 0.53748445 4.09573168 0.28792109
v 0.74784818 4.10556961 0.29431524
v -0.74793903 4.07389713 0.29768117
v -0.55947002 4.07727101 0.29373581
v -0.50747671 4.08533619 0.30120454
v -0.47020876 4.07879074 0.2989825
v -0.44434943 4.07193092 0.30049077
v -0.41236581 4.07179279 0.30014414
v -0.38172075 4.07707039 0.29982923
v -0.35495732 4.08297897 0.30295354
v -0.32682816 4.09010595 0.31052076
v 0.32682953 4.09010553 0.31052198
v 0.35495816 4.08297869 0.30295333
v 0.38172061 4.07706997 0.29982798
v 0.41236605 4.07179279 0.30014134
v 0.44435024 4.0719298 0.30049196
v 0.47018571 4.07877841 0.29899273
v 0.50735356 4.0853855 0.30122647
v 0.55919088 4.0772874 0.29415805
v 0.74641257 4.07394505 0.29889741
v -0.76800749 4.04245441 0.28852888
v -0.57041244 4.04907733 0.30068945
v 0.56742354 4.04899328 0.29876786
v 0.76808742 4.04245035 0.28847884
v -0.77256901 4.01139219 0.29262149
v -0.56078038 4.01742952 0.2949888
v 0.56091858 4.01701442 0.2948858
v 0.77245231 4.01137272 0.29269539
v -0.77666037 3.98107764 0.29620622
v -0.54961017 3.98479222 0.29302144
v 0.54955399 3.98451413 0.29296435
v 0.77658668 3.98106167 0.2962626
v -0.79728815 3.95045195 0.28254782
v -0.77687198 3.9505968 0.30367231
v -0.54219096 3.95405039 0.29189568
v 0.54217726 3.95405011 0.29191319
v 0.77686749 3.95059512 0.3036759
v 0.79729284 3.95045279 0.28254423
v -0.79678865 3.92200709 0.29040934
v -0.53955293 3.92395551 0.29539376
v 0.53955741 3.92396335 0.29539471
v 0.79678956 3.92200737 0.29040861
v -0.79921745 3.8903164 0.29507241
v -0.53682755 3.89018934 0.29910817
v 0.53682727 3.89018906 0.29910801
v 0.79921759 3.8903164 0.29507249
v -0.80524553 3.85993545 0.29493748
v -0.52608406 3.86209639 0.29408779
v 0.52608399 3.86209639 0.29408779
v 0.80524567 3.85993531 0.29493746
v -0.80768925 3.82749526 0.29934841
v -0.51990387 3.83030442 0.29409939
v 0.51990408 3.83030442 0.29409935
v 0.8076896 3.82749526 0.29934837
v -0.81496157 3.80377071 0.29647681
v -0.51289671 3.802076 0.29124496
v 0.51289685 3.80207586 0.29124498
v 0.81496164 3.80377071 0.29647676
v -0.8233828 3.77013455 0.29419085
v -0.50872039 3.77112543 0.28945819
v 0.50872053 3.77112529 0.28945823
v 0.82338301 3.77013455 0.29419083
v -0.82932087 3.73801364 0.29466927
v -0.50911153 3.74066687 0.2892636
v 0.50911167 3.74066673 0.2892636
v 0.82932094 3.73801364 0.29466922
v -0.8317957 3.7111664 0.29683333
v -0.51616898 3.70522168 0.29190069
v 0.51616909 3.70522168 0.29190069
v 0.83179591 3.7111664 0.29683335
v -0.83630208 3.67618394 0.29502446
v -0.52729454 3.67823701 0.29584767
v 0.52729454 3.67823701 0.29584765
v 0.83630215 3.67618394 0.29502449
v -0.83816778 3.64625157 0.29241616
v -0.53972647 3.64954433 0.29737162
v 0.53972671 3.64954433 0.29737165
v 0.83816806 3.64625171 0.29241618
v -0.8381925 3.61792285 0.29253223
v -0.54363413 3.62142252 0.28942823
v 0.5436342 3.62142252 0.28942821
v 0.83819264 3.61792271 0.29253228
v -0.83661183 3.58992251 0.29906882
v -0.5692117 3.59106959 0.29892578
v 0.56921184 3.59106959 0.2989258
v 0.83661176 3.58992195 0.29906883
v -0.8380136 3.5570053 0.29983422
v -0.57253619 3.5630226 0.28781031
v 0.57253626 3.56302288 0.28781031
v 0.83801367 3.55700502 0.29983418
v -0.84154235 3.52296154 0.29866206
v -0.60155249 3.52621472 0.29894851
v 0.60155116 3.52621304 0.2989517
v 0.84154235 3.52296154 0.29866206
v -0.8426472 3.4950994 0.29723646
v -0.61538567 3.49747944 0.29668478
v 0.61538791 3.49748148 0.29668103
v 0.84264727 3.4950994 0.2972365
v -0.84227658 3.46502294 0.29507076
v -0.63136669 3.47031154 0.29576319
v 0.6313751 3.47031938 0.29574745
v 0.84227672 3.46502294 0.29507076
v -0.83745183 3.43441623 0.2976144
v -0.65139698 3.43430289 0.29511405
v 0.65139908 3.43430485 0.29511032
v 0.83745232 3.43441623 0.2976144
v -0.83034265 3.40374794 0.30110283
v -0.66428565 3.40516008 0.29411721
v 0.66428417 3.4051584 0.29412035
v 0.83034272 3.40374794 0.3011028
v -0.82746926 3.37737408 0.29642482
v -0.67348509 3.37949272 0.29384925
v 0.67348537 3.379493 0.29384899
v 0.8274694 3.37737436 0.29642482
v -0.82278691 3.34823058 0.29040932
v -0.68604237 3.34531832 0.29558448
v 0.68604251 3.34531832 0.29558448
v 0.82278719 3.34823058 0.29040936
v -0.80905978 3.31526953 0.29112594
v -0.69809573 3.31596866 0.29272449
v 0.69809588 3.31596859 0.29272447
v 0.80906014 3.31526946 0.29112597
v -0.78404294 3.2824162 0.29583732
v -0.72252783 3.28339069 0.29496954
v 0.7225279 3.28339069 0.29496958
v 0.78404308 3.28241606 0.2958373
v -0.7558588 3.26542693 0.29153252
v 0.75585908 3.26542665 0.29153256
v -0.22820705 4.73294658 0.2702329
v -0.20135658 4.73781567 0.27023993
v -0.16891333 4.74219611 0.27052032
v -0.13556073 4.74536166 0.27051402
v -0.10745762 4.74690269 0.27030544
v -0.07964375 4.74751714 0.27029376
v -0.04660332 4.7476323 0.27060137
v -0.01395985 4.74756786 0.27069048
v 0.0145416 4.74751798 0.27070045
v 0.04728123 4.74746307 0.2708287
v 0.07995458 4.74725349 0.27095822
v 0.10764901 4.74667014 0.27110577
v 0.13612806 4.74535466 0.27110479
v 0.16909198 4.7425738 0.2710628
v 0.20083222 4.73851642 0.27067758
v 0.22776586 4.73384626 0.27108569
v -0.32150185 4.70726548 0.27009568
v -0.29004379 4.71701319 0.2707392
v -0.25678897 4.72618175 0.27039841
v 0.25625562 4.72751263 0.27116374
v 0.28955656 4.71866937 0.27120146
v 0.32014725 4.70967313 0.27107385
v 0.34478391 4.70148243 0.27220649
v -0.40884267 4.67267893 0.27056386
v -0.38078856 4.6851422 0.27037291
v -0.35052158 4.69698627 0.27015843
v 0.37625416 4.68957042 0.27086847
v 0.40685464 4.67659608 0.27090313
v -0.46515706 4.64262243 0.27035359
v -0.44151184 4.65601481 0.27085287
v 0.44147818 4.65957402 0.27013004
v 0.46815429 4.64464398 0.26962411
v -0.49910738 4.62016012 0.26997186
v 0.5026542 4.62196789 0.26978201
v -0.53630987 4.5925704 0.26772803
v 0.53628959 4.59729393 0.26990339
v 0.55916847 4.57877035 0.26811938
v -0.58737909 4.54684557 0.2686785
v -0.56364704 4.56946338 0.26653309
v 0.58554723 4.55481716 0.2674192
v -0.61188431 4.52058504 0.27366113
v 0.61228498 4.52780042 0.26831452
v -0.63015579 4.50097112 0.2692399
v 0.63429534 4.50309774 0.26879847
v -0.65641169 4.46937191 0.26568966
v 0.65432325 4.47870858 0.26893849
v 0.67371618 4.45365959 0.26777453
v -0.67834697 4.43832776 0.26973494
v 0.68551681 4.43605852 0.26949701
v -0.69635178 4.41052719 0.2706801
v 0.70234743 4.40930319 0.27095777
v -0.71405469 4.38012172 0.26955711
v 0.71857453 4.38130845 0.27082272
v -0.73238803 4.34477025 0.26898036
v 0.73745409 4.34470693 0.26913312
v -0.74466834 4.31648384 0.27047196
v 0.75140579 4.31392503 0.26716754
v -0.75490518 4.29101092 0.26842887
v 0.7614327 4.28729438 0.26699345
v -0.76393757 4.26315586 0.26769243
v 0.76912047 4.26128379 0.2684433
v -0.77226809 4.22765701 0.26847731
v -0.2556767 4.22001085 0.27165918
v -0.22798947 4.22788466 0.27398235
v -0.19982203 4.23367865 0.27140109
v -0.1669115 4.23222882 0.27168187
v -0.13499193 4.23080897 0.27157186
v -0.1029459 4.22907938 0.26755868
v -0.07426501 4.2288146 0.26972855
v -0.04400821 4.22828085 0.27019697
v -0.01286076 4.22757884 0.2690478
v 0.01200172 4.22757632 0.26930788
v 0.04292577 4.22829836 0.27103676
v 0.07564457 4.22915559 0.2723131
v 0.10558016 4.22932566 0.26997401
v 0.13731014 4.22945693 0.26737887
v 0.16624742 4.23152835 0.27055717
v 0.19703326 4.23326481 0.27145422
v 0.230469 4.22693581 0.27243614
v 0.25713493 4.21947989 0.27077936
v 0.77774735 4.22682892 0.26717778
v -0.77776535 4.19576305 0.26750164
v -0.287636 4.19962262 0.26552401
v 0.2880166 4.19940926 0.26488559
v 0.78150571 4.19551999 0.26910291
v -0.77841371 4.16821128 0.26856168
v -0.29931125 4.16586598 0.27301343
v 0.29923472 4.16591151 0.27303787
v 0.78259087 4.16743293 0.26931251
v -0.77695274 4.13863923 0.26754824
v -0.53632791 4.12807282 0.26825634
v -0.32092837 4.13580402 0.27483678
v 0.3208558 4.13581957 0.27479013
v 0.53751264 4.12893118 0.26718235
v 0.78028522 4.13696876 0.26775789
v -0.77356045 4.11033727 0.26819348
v -0.55551973 4.10332083 0.2679488
v -0.50617279 4.11654173 0.28077074
v -0.46756334 4.10365845 0.27466138
v -0.44257854 4.10427024 0.26716281
v -0.41118226 4.1037072 0.26772196
v -0.38481436 4.10278763 0.27293734
v -0.35313303 4.10952949 0.27749624
v 0.3531056 4.10953089 0.27745397
v 0.38480911 4.10279155 0.27293895
v 0.41122051 4.10372416 0.26783368
v 0.44255763 4.10427248 0.26714827
v 0.4675999 4.10366602 0.27466327
v 0.50645063 4.11687571 0.28062022
v 0.55590026 4.1037023 0.2677
v 0.77357432 4.10428159 0.26818467
v -0.77580741 4.07082558 0.27042129
v -0.54763863 4.0761008 0.26778741
v -0.44400014 4.08849866 0.28116618
v -0.41195246 4.08863105 0.28076995
v 0.4119532 4.08863006 0.28077203
v 0.44399727 4.08849908 0.28120212
v 0.54775848 4.07610375 0.26792842
v 0.77552834 4.07052831 0.27118885
v -0.78469781 4.04504614 0.26801762
v -0.54874124 4.04663677 0.26363585
v 0.54864577 4.04659642 0.26401267
v 0.78481206 4.04502219 0.26793819
v -0.79623584 4.01145579 0.26403993
v -0.53963446 4.0159598 0.26580912
v 0.53977631 4.01581256 0.26590594
v 0.79621531 4.01145915 0.26403674
v -0.80246537 3.97830981 0.26691253
v -0.53075233 3.98358742 0.26775572
v 0.53074875 3.9835919 0.26776297
v 0.80246033 3.97831234 0.26691425
v -0.80900074 3.95354843 0.26635342
v -0.52300894 3.95253892 0.26753374
v 0.52301143 3.95255013 0.26753318
v 0.80900326 3.95354885 0.26635153
v -0.81277072 3.9249611 0.26993204
v -0.51740303 3.92189305 0.26870464
v 0.51740306 3.92189249 0.2687045
v 0.81277093 3.92496096 0.26993197
v -0.81927288 3.89246109 0.27046331
v -0.51113938 3.89189035 0.26904966
v 0.51113962 3.89189035 0.26904966
v 0.81927316 3.89246109 0.27046338
v -0.8293947 3.86201584 0.26465816
v -0.50282602 3.86132308 0.2675287
v 0.50282627 3.86132308 0.26752866
v 0.82939484 3.86201584 0.2646582
v -0.83373249 3.83244168 0.26614048
v -0.49607691 3.83051484 0.26791056
v 0.49607716 3.83051484 0.26791052
v 0.83373298 3.83244168 0.26614053
v -0.83648203 3.80457345 0.26907149
v -0.48660197 3.80000458 0.26223309
v 0.48660218 3.80000444 0.26223309
v 0.83648231 3.80457345 0.26907151
v -0.84217018 3.77037411 0.2688769
v -0.48188471 3.76972156 0.25928071
v 0.48188495 3.76972156 0.25928076
v 0.84217032 3.77037439 0.26887685
v -0.84661149 3.73717322 0.26875385
v -0.48324838 3.74264317 0.26067189
v 0.48324848 3.74264317 0.26067191
v 0.84661177 3.73717322 0.26875385
v -0.84992862 3.709 0.26859579
v -0.49090169 3.71321835 0.26659098
v 0.49090176 3.71321849 0.26659102
v 0.84992904 3.70899986 0.26859581
v -0.85559456 3.67480108 0.26634407
v -0.50646677 3.67717454 0.27472153
v -0.48598651 3.68616841 0.25452161
v 0.48598665 3.68616869 0.25452161
v 0.50646681 3.67717496 0.27472148
v 0.85559492 3.67480108 0.26634403
v -0.85982518 3.64404118 0.26387432
v -0.50843596 3.64351414 0.26393682
v 0.5084361 3.64351414 0.26393679
v 0.85982553 3.64404146 0.26387432
v -0.86211599 3.61602878 0.26259527
v -0.51242894 3.62024546 0.25628429
v 0.51242894 3.62024546 0.25628429
v 0.8621162 3.6160285 0.26259524
v -0.86111831 3.5900972 0.26686751
v -0.53880266 3.59063586 0.26748453
v 0.5388028 3.590636 0.26748452
v 0.86111845 3.59009706 0.26686751
v -0.86098116 3.55906201 0.26887016
v -0.54162015 3.56236234 0.25141357
v 0.54162029 3.5623622 0.25141357
v 0.8609813 3.55906187 0.26887013
v -0.8606186 3.52359385 0.27015899
v -0.57547304 3.53013033 0.26962322
v 0.57547328 3.53013047 0.26962299
v 0.86061853 3.52359385 0.270159
v -0.86073663 3.49575447 0.2679861
v -0.59435161 3.49887449 0.26826885
v 0.59435091 3.49887386 0.26827046
v 0.86073677 3.49575447 0.2679861
v -0.86081102 3.46678482 0.26315929
v -0.61308855 3.47174553 0.26603443
v 0.61308925 3.47174616 0.26603332
v 0.86081109 3.46678482 0.26315925
v -0.85499735 3.43513112 0.2660657
v -0.63836863 3.43572246 0.2643937
v 0.63836772 3.43572162 0.2643953
v 0.85499777 3.43513119 0.2660657
v -0.84701853 3.40439272 0.27038569
v -0.65762581 3.40502265 0.26694192
v 0.65762595 3.40502279 0.26694171
v 0.84701881 3.40439265 0.27038566
v -0.84160763 3.37583544 0.26809646
v -0.66980624 3.37881957 0.26844804
v 0.66980624 3.37881971 0.26844803
v 0.84160791 3.37583572 0.26809646
v -0.83535176 3.34658574 0.26425203
v -0.68229403 3.34539929 0.26768593
v 0.68229403 3.34539929 0.26768592
v 0.83535211 3.34658581 0.26425209
v -0.82488783 3.31772775 0.26412824
v -0.69463192 3.31607878 0.26549633
v 0.69463206 3.31607871 0.26549636
v 0.82488797 3.31772782 0.26412828
v -0.80572416 3.28601303 0.26667428
v -0.71752166 3.28315324 0.26860917
v 0.71752194 3.28315324 0.26860919
v 0.80572423 3.28601303 0.26667423
v -0.77967945 3.25907047 0.26204754
v -0.74884137 3.26046671 0.26787909
v 0.74884165 3.26046664 0.26787907
v 0.77967973 3.25907054 0.26204754
v -0.22848776 4.73496393 0.24142648
v -0.2010185 4.74141943 0.23947838
v -0.16840164 4.74741263 0.23767385
v -0.13519526 4.75175889 0.23740147
v -0.10749288 4.75393875 0.23718226
v -0.07997376 4.75514215 0.23617632
v -0.04701387 4.75559325 0.23618984
v -0.01438184 4.7556378 0.2363069
v 0.01426277 4.7556053 0.23625339
v 0.04710808 4.7554865 0.23615723
v 0.07985249 4.75501242 0.23627556
v 0.10735993 4.75388663 0.23730794
v 0.13558013 4.75189058 0.23752728
v 0.16860717 4.74791529 0.23741145
v 0.20082091 4.74225075 0.23811628
v 0.22812944 4.73601155 0.24142532
v -0.31977008 4.70627783 0.24189399
v -0.29071214 4.71609502 0.24185898
v -0.25873818 4.72620528 0.24126597
v 0.25730517 4.72795029 0.24240055
v 0.28943203 4.71808014 0.24243253
v 0.31887523 4.70858825 0.24356189
v 0.3448403 4.69993285 0.2450725
v -0.41090523 4.67084847 0.24155668
v -0.38205207 4.68315652 0.24086569
v -0.34951991 4.69562708 0.24078688
v 0.37804413 4.68746061 0.24290345
v 0.40754596 4.67536704 0.24271613
v -0.46459977 4.64351034 0.24284783
v -0.44069443 4.65636308 0.24239635
v 0.44099661 4.6595729 0.24203487
v 0.46924898 4.64471613 0.24192809
v -0.50187717 4.62021714 0.23826138
v 0.50476208 4.62249506 0.23879339
v -0.55903223 4.57816332 0.22936191
v -0.53508608 4.59704078 0.23283427
v 0.53527587 4.60134025 0.23765643
v 0.55778511 4.58395465 0.23711682
v -0.58486476 4.55506205 0.23225011
v 0.58831632 4.5570616 0.23652556
v -0.61480904 4.52464972 0.23598014
v 0.61978348 4.52563065 0.23735374
v -0.64131893 4.49610175 0.22944005
v 0.64825552 4.4928604 0.24111766
v -0.66820063 4.46321368 0.22823363
v 0.67377201 4.46186542 0.23697181
v -0.68699298 4.43599744 0.23525522
v 0.69044733 4.43849433 0.23704026
v -0.70485293 4.40813201 0.23759687
v 0.70886262 4.41071309 0.23664092
v -0.72147299 4.37985442 0.2374149
v 0.72547294 4.38247641 0.23755458
v -0.7396621 4.34564948 0.23656639
v 0.74380011 4.34806287 0.23530049
v -0.75404445 4.31541787 0.2353059
v 0.7605686 4.31374879 0.23124193
v -0.76501012 4.28963689 0.23336258
v 0.77064524 4.28768692 0.2332736
v -0.77421104 4.2623576 0.23483682
v 0.77972631 4.25988075 0.23462641
v -0.78427354 4.22692922 0.23453392
v -0.29003149 4.21539393 0.2388793
v -0.25531593 4.22563084 0.23851236
v -0.22760246 4.22631337 0.23688521
v -0.2008648 4.22542854 0.23672759
v -0.16794262 4.22453335 0.23860999
v -0.13568758 4.22363226 0.23798116
v -0.1052034 4.22197916 0.23431667
v -0.0779582 4.22156687 0.23608444
v -0.04587905 4.22094583 0.23689008
v -0.01224339 4.2204817 0.23767625
v 0.01406823 4.22038518 0.23754705
v 0.04514423 4.22076763 0.23706947
v 0.07770207 4.22173498 0.23823769
v 0.10722626 4.22217361 0.23666311
v 0.13904905 4.22271521 0.23542078
v 0.16784905 4.2239867 0.23835257
v 0.19830415 4.22494774 0.2375381
v 0.22888705 4.22541271 0.23591972
v 0.25590357 4.22482054 0.2373056
v 0.2911832 4.21451022 0.23644045
v 0.79134342 4.22281412 0.23037377
v -0.79286967 4.19383774 0.23008749
v -0.31704221 4.19898366 0.24048069
v 0.31831045 4.1987158 0.24058848
v 0.79718693 4.19341914 0.23098468
v -0.79606717 4.16710763 0.23024921
v -0.41367722 4.17111108 0.22430706
v -0.38083374 4.17031479 0.23160642
v -0.35271404 4.17228352 0.23713486
v -0.3318033 4.17457573 0.24482056
v 0.33240676 4.17457237 0.24549805
v 0.35302379 4.172281 0.23792129
v 0.38113424 4.17017708 0.23166328
v 0.41320304 4.17090556 0.22295207
v 0.799403 4.16767641 0.2326461
v -0.79672673 4.13618157 0.23039401
v -0.53996957 4.13390603 0.23951927
v -0.50688782 4.14559543 0.24462671
v -0.47124034 4.141881 0.24483129
v -0.44343798 4.13880202 0.24152549
v -0.41246888 4.13594524 0.24580836
v -0.3837755 4.13905503 0.24757081
v -0.35250684 4.14573497 0.25292138
v 0.35243848 4.14576299 0.2529
v 0.38380092 4.13908249 0.24766218
v 0.41248086 4.13596121 0.24579524
v 0.44316911 4.1386531 0.24055559
v 0.47142417 4.14167506 0.24480522
v 0.50716787 4.14562065 0.24533955
v 0.54080032 4.13375207 0.23850567
v 0.79961966 4.13668423 0.23276867
v -0.79771971 4.1034046 0.2288843
v -0.55648354 4.10776529 0.24179838
v 0.5567417 4.10752685 0.24124695
v 0.79773064 4.10508965 0.23338112
v -0.79987771 4.07437723 0.23196544
v -0.5466315 4.07595357 0.22881351
v 0.54660625 4.07587932 0.22881138
v 0.80025778 4.07515643 0.23363683
v -0.80682522 4.04341153 0.23325131
v -0.53365772 4.04460471 0.23399935
v 0.53375414 4.04460989 0.23407602
v 0.80711157 4.04347766 0.23323665
v -0.81995668 4.00690205 0.22813294
v -0.52128187 4.012336 0.23161742
v 0.5212915 4.01233866 0.23161216
v 0.8199821 4.00689505 0.22809424
v -0.82691155 3.97880575 0.22898972
v -0.51339299 3.98092088 0.23494513
v 0.51338795 3.98092858 0.23494197
v 0.82690328 3.97880378 0.22899192
v -0.83030055 3.95340512 0.23318441
v -0.50658816 3.95305712 0.23726306
v 0.50658844 3.95305628 0.23726318
v 0.83029957 3.95340596 0.23318424
v -0.83482466 3.92455034 0.23623089
v -0.49847216 3.92441417 0.23665605
v 0.4984723 3.92441445 0.23665609
v 0.83482487 3.92455034 0.23623089
v -0.84224029 3.89176903 0.23541043
v -0.48785367 3.89239469 0.23353531
v 0.48785388 3.89239469 0.23353537
v 0.8422405 3.89176889 0.23541046
v -0.8533972 3.86042298 0.22758815
v -0.47807101 3.86044427 0.23191552
v 0.47807109 3.86044427 0.2319155
v 0.85339741 3.86042298 0.22758822
v -0.85860903 3.83203962 0.22761232
v -0.47317422 3.83066824 0.23573905
v 0.47317433 3.83066824 0.23573907
v 0.8586091 3.83203962 0.22761235
v -0.86076696 3.80415989 0.23194621
v -0.46503462 3.79996227 0.23163897
v 0.46503472 3.79996227 0.23163897
v 0.86076717 3.80415989 0.23194625
v -0.86407554 3.7704209 0.23499997
v -0.45962396 3.77021426 0.22724461
v 0.4596241 3.77021426 0.22724459
v 0.86407568 3.77042118 0.23499994
v -0.86762271 3.73776735 0.23588789
v -0.46034576 3.7436538 0.22852757
v 0.46034593 3.7436538 0.22852762
v 0.86762278 3.73776707 0.23588785
v -0.87031209 3.70956668 0.23707563
v -0.4682499 3.71290216 0.23601442
v 0.46825001 3.71290244 0.23601446
v 0.87031223 3.70956668 0.23707558
v -0.87424444 3.67637811 0.23688491
v -0.47141591 3.68427882 0.23399701
v 0.47141601 3.68427882 0.23399701
v 0.87424465 3.67637825 0.23688486
v -0.87893344 3.64351891 0.23338786
v -0.4798481 3.65704157 0.23474486
v 0.47984824 3.65704129 0.23474486
v 0.87893365 3.64351877 0.23338788
v -0.88364534 3.61483085 0.22754087
v -0.48503296 3.62442725 0.22353907
v 0.48503303 3.62442753 0.22353908
v 0.88364534 3.61483043 0.22754085
v -0.88444457 3.59127329 0.22720142
v -0.50888923 3.59081056 0.23246841
v 0.50888927 3.59081056 0.23246838
v 0.88444457 3.59127329 0.22720142
v -0.88278012 3.56294022 0.23082778
v -0.52017884 3.56187411 0.22397645
v 0.52017888 3.56187411 0.22397644
v 0.8827804 3.56294022 0.23082778
v -0.87853319 3.52566107 0.23740089
v -0.54461766 3.53404874 0.23041718
v 0.54461776 3.53404888 0.23041723
v 0.87853333 3.52566093 0.23740089
v -0.87581089 3.49521084 0.23911434
v -0.57099025 3.50018213 0.23254776
v 0.57099039 3.50018199 0.23254774
v 0.87581103 3.49521091 0.23911436
v -0.87502623 3.46653896 0.23412561
v -0.59607168 3.47052182 0.23251279
v 0.59607168 3.47052168 0.23251302
v 0.87502623 3.46653896 0.23412561
v -0.87034627 3.43676846 0.23395932
v -0.62736408 3.43655587 0.23403445
v 0.62736415 3.43655587 0.23403433
v 0.87034641 3.43676853 0.23395936
v -0.8636187 3.4071588 0.23569421
v -0.6499365 3.40706185 0.23458038
v 0.64993622 3.40706171 0.23458039
v 0.86361898 3.4071588 0.23569421
v -0.85652745 3.37873677 0.23603962
v -0.66721521 3.37645136 0.23693403
v 0.66721521 3.37645129 0.23693402
v 0.85652773 3.37873677 0.23603961
v -0.84769932 3.34878472 0.23633121
v -0.68167384 3.34205743 0.23794565
v 0.68167384 3.34205743 0.23794563
v 0.84769946 3.34878479 0.23633123
v -0.83796303 3.32091347 0.23684436
v -0.69539389 3.31251585 0.23756417
v 0.69539389 3.31251585 0.23756421
v 0.83796324 3.32091354 0.23684437
v -0.82389435 3.29092772 0.23653088
v -0.7170826 3.28134099 0.23856836
v 0.71708274 3.28134085 0.23856836
v 0.82389421 3.29092772 0.23653088
v -0.80192987 3.26130146 0.23503498
v -0.77921868 3.24944661 0.23485645
v -0.74787823 3.25638095 0.23773045
v 0.74787851 3.25638053 0.23773045
v 0.77921861 3.24944647 0.23485643
v 0.80193008 3.2613016 0.23503493
v -0.07943063 4.76255085 0.20004144
v -0.04628296 4.7638187 0.19933473
v -0.01438004 4.7641821 0.1992873
v 0.01435663 4.76416165 0.19919178
v 0.04741372 4.76370326 0.19912599
v 0.08025964 4.76241272 0.19982378
v -0.22754483 4.7342629 0.20850369
v -0.20052745 4.74225887 0.20601651
v -0.16811931 4.75022235 0.20363945
v -0.13529511 4.7564397 0.20334303
v -0.10769635 4.76008073 0.20235082
v 0.10740145 4.76009922 0.20220392
v 0.13530224 4.75661509 0.20330125
v 0.16793817 4.75074097 0.20293406
v 0.20008265 4.74304844 0.20332062
v 0.22794423 4.73499615 0.20673484
v -0.31779949 4.70398085 0.20969964
v -0.29077224 4.71309982 0.20926243
v -0.25914976 4.72382145 0.20822846
v 0.25937899 4.72495397 0.20853319
v 0.29135692 4.71443967 0.20884613
v 0.31996912 4.70477686 0.20964887
v -0.38369407 4.67954449 0.20765891
v -0.34862618 4.69327449 0.20730239
v 0.34830082 4.69551669 0.20932464
v 0.38185765 4.68295478 0.20826023
v 0.40914982 4.67172307 0.2088408
v -0.46367228 4.64190305 0.21082632
v -0.43940003 4.65450796 0.20930833
v -0.41236865 4.66712898 0.20883036
v 0.43940346 4.65767926 0.20928538
v 0.46872097 4.64269626 0.2112204
v -0.50349063 4.61771325 0.20555924
v 0.50405513 4.6218002 0.20581302
v -0.55573751 4.58141615 0.20093185
v -0.53434523 4.59722458 0.2019671
v 0.53213316 4.60391334 0.20194461
v 0.5565628 4.58560018 0.20362986
v -0.58334482 4.55783646 0.20335247
v 0.58957274 4.55780116 0.2025453
v -0.61794924 4.5240553 0.20519635
v 0.62241556 4.5260683 0.20263043
v -0.64613731 4.49344698 0.20220561
v 0.64989798 4.49588951 0.20380692
v -0.67077092 4.46339608 0.20174482
v 0.67443171 4.4657278 0.20485838
v -0.68891457 4.43852179 0.20473689
v 0.69482974 4.43803034 0.2033191
v -0.70753783 4.41097269 0.20463567
v 0.71379895 4.40978245 0.20346563
v -0.7242507 4.3837245 0.2040481
v 0.73220738 4.37923717 0.20464996
v -0.74313257 4.34921878 0.20367476
v 0.74888396 4.34824289 0.20438366
v -0.76119019 4.3134941 0.20166898
v 0.76575486 4.31417566 0.20240364
v -0.77209997 4.28852328 0.20230617
v 0.77638557 4.28891218 0.20383822
v -0.78192809 4.2612489 0.20416018
v 0.78690778 4.26103694 0.20323292
v -0.79335391 4.22531311 0.20364528
v -0.29337213 4.21788997 0.20506226
v -0.26081964 4.21942554 0.20384098
v -0.23046371 4.21891013 0.20276542
v -0.2014176 4.21848565 0.20150425
v -0.16811189 4.21830479 0.2038376
v -0.13539224 4.21764243 0.20522064
v -0.10448444 4.21658584 0.20530634
v -0.07866332 4.21598708 0.20653727
v -0.04642443 4.21513784 0.20650418
v -0.01243529 4.21494591 0.20867589
v 0.01449665 4.21491845 0.20883799
v 0.04636326 4.21496608 0.20670564
v 0.07865261 4.21563629 0.20606794
v 0.1060612 4.21632121 0.20575665
v 0.13601551 4.21705319 0.20456941
v 0.16406282 4.21787176 0.20478715
v 0.19601742 4.21824735 0.20448455
v 0.22758987 4.21802642 0.2007276
v 0.25598745 4.21867324 0.20205477
v 0.29230524 4.21707561 0.20444425
v 0.79815526 4.22639491 0.20198195
v -0.80178669 4.1941664 0.201898
v -0.41460219 4.19315955 0.20463715
v -0.37968627 4.20035391 0.20524713
v -0.3509689 4.20460085 0.20437986
v -0.32647776 4.20643971 0.20899111
v 0.32895979 4.20607687 0.21169467
v 0.35252625 4.20421139 0.20662547
v 0.38014946 4.19968244 0.20445546
v 0.41274781 4.19291649 0.20229436
v 0.80524371 4.19632174 0.20375654
v -0.80579792 4.16811378 0.20311929
v -0.47561784 4.16849455 0.20332258
v -0.44440207 4.17741445 0.20650034
v 0.44315279 4.17695256 0.20353893
v 0.47564221 4.16824883 0.20373344
v 0.80970975 4.16800927 0.20441222
v -0.80825124 4.13595434 0.20376822
v -0.51282905 4.14783007 0.20062532
v 0.51289398 4.14834547 0.20360446
v 0.81274543 4.13375978 0.203058
v -0.81073579 4.10233989 0.20271437
v -0.54326982 4.10380751 0.20645566
v 0.54352787 4.10377697 0.20692692
v 0.81364918 4.10270918 0.2026655
v -0.81522824 4.07380481 0.20140844
v -0.53900453 4.07228704 0.20520831
v 0.53898625 4.07220761 0.20522654
v 0.81674468 4.07367929 0.20198108
v -0.82289689 4.04335269 0.20088654
v -0.52460163 4.04246016 0.2079855
v 0.52459389 4.04246142 0.20796557
v 0.82342392 4.04326219 0.20088782
v -0.8328029 4.00935915 0.20060177
v -0.51239815 4.0131138 0.20329287
v 0.51239332 4.01311912 0.20328872
v 0.83287575 4.00937722 0.20054417
v -0.83976933 3.97996096 0.20244594
v -0.50233706 3.98209318 0.20408736
v 0.50233752 3.98209234 0.20408801
v 0.83975728 3.97996614 0.20244869
v -0.84622925 3.95256344 0.20247288
v -0.49344803 3.95358724 0.20539433
v 0.4934481 3.95358696 0.20539429
v 0.84622497 3.95256217 0.20247603
v -0.85309964 3.92256564 0.20235414
v -0.48309056 3.92360443 0.2045729
v 0.48309049 3.92360443 0.20457291
v 0.8530995 3.92256578 0.20235389
v -0.859588 3.89040788 0.20316394
v -0.46971584 3.88929092 0.20041736
v 0.46971591 3.88929106 0.20041739
v 0.859588 3.89040788 0.20316385
v -0.86704419 3.85905692 0.2011975
v -0.45906583 3.85847035 0.19819111
v 0.45906586 3.85847049 0.19819109
v 0.86704412 3.85905664 0.20119747
v -0.8715704 3.83210546 0.20215434
v -0.454638 3.82956949 0.20330731
v 0.45463814 3.82956949 0.20330732
v 0.87157054 3.83210546 0.20215434
v -0.87564096 3.80462725 0.20288455
v -0.45019977 3.79884657 0.20512824
v 0.45019984 3.79884699 0.20512824
v 0.87564124 3.80462753 0.20288458
v -0.88044463 3.77121635 0.20336688
v -0.44700298 3.76796801 0.20429648
v 0.44700298 3.76796801 0.20429651
v 0.88044456 3.77121635 0.20336686
v -0.88574941 3.73816242 0.20119606
v -0.44714584 3.73922447 0.20542796
v 0.44714587 3.73922447 0.20542797
v 0.88574934 3.73816228 0.20119603
v -0.88835143 3.70938119 0.20272121
v -0.45056562 3.70842253 0.20672225
v 0.45056559 3.70842239 0.2067223
v 0.88835157 3.70938147 0.20272123
v -0.8902345 3.67735835 0.20527845
v -0.45380682 3.67945961 0.20377647
v 0.45380682 3.67945989 0.20377652
v 0.89023478 3.67735835 0.20527846
v -0.89265223 3.64506064 0.20498221
v -0.46020318 3.65101965 0.20130143
v 0.46020328 3.65101965 0.20130143
v 0.89265223 3.6450605 0.20498221
v -0.895224 3.6169796 0.2024084
v -0.47064004 3.62035417 0.19857641
v 0.47064014 3.62035459 0.19857638
v 0.89522407 3.61697974 0.2024084
v -0.89613867 3.58968701 0.20169891
v -0.48518556 3.59409813 0.20079358
v 0.48518566 3.59409841 0.20079358
v 0.8961386 3.58968659 0.20169891
v -0.89509322 3.55853919 0.20412904
v -0.50548367 3.55944881 0.19838678
v 0.50548388 3.55944881 0.19838678
v 0.89509336 3.55853877 0.20412902
v -0.89257455 3.52368498 0.20685644
v -0.52967858 3.52850889 0.19974499
v 0.52967865 3.52850861 0.19974501
v 0.89257469 3.52368484 0.20685644
v -0.8907118 3.4951873 0.20576213
v -0.55198868 3.50241648 0.20122125
v 0.55198871 3.50241634 0.20122127
v 0.89071201 3.49518716 0.20576211
v -0.88960198 3.46902478 0.19998627
v -0.59686426 3.45760198 0.20785488
v -0.57673325 3.47757762 0.20685111
v 0.57673346 3.47757762 0.20685111
v 0.59686447 3.45760219 0.20785487
v 0.88960205 3.46902457 0.19998627
v -0.88471285 3.44078838 0.19891568
v -0.6183139 3.43524292 0.20470477
v 0.61831404 3.43524271 0.20470474
v 0.88471278 3.44078838 0.19891569
v -0.87616316 3.40854348 0.2029151
v -0.64260919 3.40854726 0.20180233
v 0.64260933 3.40854712 0.20180234
v 0.87616337 3.40854362 0.2029151
v -0.86636089 3.37695927 0.20757403
v -0.66495732 3.37536591 0.20420447
v 0.66495732 3.37536598 0.20420447
v 0.86636117 3.37695913 0.20757403
v -0.85632816 3.34667428 0.20916775
v -0.68186058 3.33954114 0.20806194
v 0.68186079 3.33954121 0.2080619
v 0.85632851 3.34667428 0.20916779
v -0.84572624 3.31822151 0.20970145
v -0.69628545 3.31106756 0.20826104
v 0.69628566 3.31106756 0.20826104
v 0.84572638 3.31822158 0.20970145
v -0.83092151 3.28614745 0.20822872
v -0.71809506 3.28137881 0.20750922
v 0.7180952 3.28137888 0.20750924
v 0.83092165 3.28614745 0.20822871
v -0.80882044 3.25779618 0.20680854
v -0.78036787 3.24580011 0.20509343
v -0.74904045 3.25498373 0.20709427
v 0.74904087 3.25498387 0.20709427
v 0.78036794 3.24580018 0.2050934
v 0.80882065 3.25779632 0.20680851
v -0.106293 4.76325945 0.17481353
v -0.07540785 4.76678448 0.17504053
v -0.04244087 4.76869507 0.17583158
v -0.01344006 4.7692986 0.17606141
v 0.01431469 4.7692392 0.17594008
v 0.04744774 4.76835577 0.17551372
v 0.08027082 4.76635551 0.17469542
v 0.10695694 4.76325552 0.17452992
v -0.2250589 4.73424553 0.17548648
v -0.19868053 4.74171867 0.17520017
v -0.16683637 4.75059275 0.17444409
v -0.13480142 4.75820712 0.17492925
v 0.13461807 4.75845956 0.17460888
v 0.16710309 4.75099006 0.17440468
v 0.19841523 4.74256456 0.17392706
v 0.22561129 4.73496617 0.17485541
v -0.34476139 4.70041127 0.17453381
v -0.31658751 4.70927078 0.1767289
v -0.29077355 4.71633766 0.1763631
v -0.25767253 4.72546839 0.17492382
v 0.25792217 4.72647622 0.17559176
v 0.29040467 4.71859484 0.17438786
v 0.31850962 4.71035455 0.17631674
v 0.3452963 4.70248746 0.17426436
v -0.41048694 4.67211379 0.17732437
v -0.38012704 4.6859441 0.17641549
v 0.37866145 4.68991295 0.17370006
v 0.41024133 4.67589491 0.17553182
v -0.46389646 4.64411303 0.17840033
v -0.43693281 4.65953087 0.17513011
v 0.43875136 4.66191288 0.17540116
v 0.46772658 4.64589642 0.17825565
v -0.50318165 4.61954007 0.17687198
v 0.49934302 4.62729452 0.17459244
v 0.52745635 4.60977107 0.16956813
v -0.55457435 4.58329327 0.17615471
v -0.53291236 4.59981491 0.17490136
v 0.55598859 4.58753824 0.17439694
v -0.58351398 4.55841841 0.17738686
v 0.58996038 4.5586179 0.17564983
v -0.61914199 4.5241528 0.17741797
v 0.62277882 4.52719984 0.17509301
v -0.64550303 4.49582352 0.17675767
v 0.64954312 4.49806334 0.17603184
v -0.66678526 4.47034976 0.17562279
v 0.67522968 4.46663533 0.17636922
v -0.68710176 4.4431275 0.17758517
v 0.70001109 4.43368282 0.17283283
v -0.70853536 4.41244983 0.17721457
v 0.71772949 4.4073014 0.17429877
v -0.72774666 4.3825854 0.17525716
v 0.73669723 4.3761086 0.17651825
v -0.74596498 4.34981796 0.17720459
v 0.75275068 4.34710883 0.17746966
v -0.76492775 4.31322078 0.1766101
v 0.76838939 4.31623741 0.17690534
v -0.77613544 4.28884157 0.17711831
v 0.78108025 4.28871353 0.17567045
v -0.7872141 4.26134347 0.17623424
v 0.79330676 4.25929222 0.17308335
v -0.7986694 4.22741619 0.17635071
v -0.23213025 4.21459091 0.17683432
v 0.19499516 4.21405239 0.17684678
v 0.80326531 4.22839614 0.175517
v -0.80728984 4.19641743 0.17682424
v -0.41688978 4.19151639 0.17761685
v -0.38001458 4.20125429 0.17929445
v -0.349244 4.207026 0.1750112
v -0.32183198 4.20963651 0.17040378
v -0.29365778 4.21225835 0.16983335
v -0.26146018 4.21305325 0.16947367
v -0.20236772 4.21325372 0.16544694
v -0.16657398 4.21303896 0.16884396
v -0.13642099 4.21256432 0.17215167
v -0.10572821 4.21184452 0.17471414
v -0.08024159 4.21114181 0.17605353
v -0.04727619 4.21014308 0.17571338
v -0.01226637 4.20968568 0.17636495
v 0.01474463 4.20955203 0.17573741
v 0.04609062 4.20979635 0.17491371
v 0.0780464 4.21035 0.17302196
v 0.10425744 4.21127182 0.17372706
v 0.13357769 4.21197172 0.17164345
v 0.16589788 4.21249553 0.16860786
v 0.22467225 4.21245589 0.16431381
v 0.25968234 4.21228161 0.16849991
v 0.29324816 4.21214516 0.17493307
v 0.32423171 4.20957795 0.17620733
v 0.34996436 4.20637275 0.17505314
v 0.37918586 4.20028134 0.17497267
v 0.41277884 4.19188092 0.17594732
v 0.81148557 4.19682216 0.1771793
v -0.81302198 4.16817514 0.17684468
v -0.4732069 4.17001289 0.17236917
v -0.44736998 4.18108938 0.17641224
v 0.44533064 4.18093079 0.17492232
v 0.47249768 4.17033496 0.17426615
v 0.81806745 4.16509589 0.17566265
v -0.8173384 4.13454206 0.17653541
v -0.5096312 4.14558297 0.16876693
v 0.50829072 4.14728412 0.17215455
v 0.82306444 4.12914552 0.17295609
v -0.82041359 4.10245421 0.17650335
v -0.54163699 4.10185013 0.17380036
v 0.54154824 4.10270021 0.17391666
v 0.82528772 4.09996391 0.17246113
v -0.8252831 4.07492934 0.17419359
v -0.5355838 4.06991077 0.17637197
v 0.5357365 4.06982616 0.17625482
v 0.82753174 4.07349885 0.17418299
v -0.83177783 4.04640827 0.17501354
v -0.51857708 4.03704933 0.1807879
v 0.51858636 4.03697312 0.18079014
v 0.83255815 4.04600102 0.17544833
v -0.84023626 4.01318286 0.17661122
v -0.50689273 4.0107797 0.17803452
v 0.50688726 4.010779 0.17803537
v 0.84043631 4.01313425 0.17667647
v -0.84894839 3.98103856 0.17569057
v -0.49430189 3.97887971 0.17589876
v 0.49430242 3.97888126 0.17589858
v 0.84897207 3.98104192 0.17569094
v -0.85657935 3.9533869 0.17417046
v -0.48444229 3.95253402 0.17662335
v 0.4844424 3.95253374 0.17662334
v 0.85657445 3.95339013 0.17417205
v -0.86300411 3.92525894 0.17555912
v -0.47246563 3.92271176 0.17520735
v 0.47246559 3.92271176 0.17520734
v 0.86300215 3.92525824 0.17556016
v -0.86985188 3.89204894 0.17658058
v -0.45881531 3.88889627 0.17319427
v 0.45881538 3.88889627 0.17319424
v 0.86985174 3.89204908 0.1765804
v -0.87682489 3.85863524 0.17568197
v -0.44996217 3.86143781 0.17424099
v 0.44996245 3.86143781 0.17424093
v 0.8768251 3.85863524 0.17568194
v -0.88164032 3.83197013 0.17617957
v -0.44443401 3.83367591 0.17757053
v 0.44443422 3.83367619 0.17757051
v 0.88164046 3.83197013 0.1761796
v -0.88673258 3.80487661 0.17410943
v -0.43893303 3.80219606 0.17711097
v 0.43893321 3.80219606 0.17711094
v 0.88673244 3.80487689 0.17410946
v -0.89119757 3.77191416 0.17575537
v -0.43503269 3.77096811 0.17510507
v 0.43503283 3.77096811 0.17510507
v 0.89119771 3.77191416 0.17575537
v -0.89588874 3.73869351 0.17551829
v -0.43471867 3.74055325 0.17659912
v 0.43471874 3.74055325 0.17659918
v 0.89588881 3.73869351 0.17551824
v -0.89870133 3.70972092 0.17644141
v -0.436239 3.70968281 0.17581216
v 0.43623907 3.70968281 0.17581225
v 0.89870147 3.70972092 0.17644142
v -0.90092167 3.67718827 0.17781168
v -0.44020151 3.68005851 0.17513321
v 0.44020151 3.68005851 0.17513327
v 0.90092167 3.67718827 0.17781168
v -0.90318817 3.64459791 0.1771634
v -0.44784686 3.64955582 0.17592909
v 0.44784683 3.64955582 0.17592911
v 0.90318824 3.64459791 0.17716339
v -0.9048398 3.61666887 0.17538605
v -0.45861742 3.61881651 0.17454607
v 0.45861735 3.61881608 0.17454607
v 0.90483994 3.61666887 0.17538605
v -0.90561396 3.58687393 0.17480044
v -0.47084219 3.59178295 0.17261904
v 0.47084219 3.59178295 0.17261904
v 0.9056141 3.58687351 0.17480045
v -0.90463176 3.55576211 0.17742233
v -0.48920852 3.56289679 0.17272504
v 0.48920855 3.56289665 0.17272505
v 0.9046319 3.55576211 0.17742238
v -0.90268909 3.52442264 0.17956341
v -0.51511695 3.53050018 0.17410165
v 0.51511709 3.53050018 0.17410164
v 0.90268916 3.5244225 0.17956343
v -0.90020733 3.49581058 0.1791526
v -0.54161542 3.50041398 0.17437884
v 0.54161566 3.50041384 0.17437884
v 0.9002074 3.49581037 0.17915262
v -0.89760482 3.46794823 0.17417751
v -0.57060594 3.47148923 0.17815272
v 0.57060605 3.47148909 0.17815269
v 0.89760482 3.4679483 0.1741775
v -0.89261756 3.43755411 0.1699006
v -0.60205998 3.44271957 0.18157151
v 0.60205998 3.44271985 0.18157147
v 0.89261742 3.43755418 0.16990058
v -0.88489273 3.40659688 0.17089174
v -0.63487533 3.41084879 0.17579306
v 0.63487547 3.41084886 0.17579309
v 0.88489273 3.40659695 0.17089173
v -0.87479101 3.37580728 0.17630298
v -0.6634296 3.37519227 0.17600721
v 0.66342974 3.37519213 0.17600721
v 0.87479101 3.37580714 0.17630294
v -0.86462919 3.34743275 0.18012587
v -0.68257884 3.33851678 0.17880766
v 0.68257898 3.33851664 0.17880765
v 0.8646294 3.34743275 0.18012589
v -0.85358969 3.32092384 0.18257505
v -0.69712152 3.31235922 0.17860615
v 0.69712145 3.31235929 0.17860615
v 0.85358983 3.3209237 0.18257508
v -0.83473857 3.28485572 0.18173745
v -0.71927675 3.28339854 0.17858275
v 0.71927682 3.28339854 0.17858277
v 0.83473864 3.28485558 0.1817375
v -0.80908115 3.25631399 0.17855787
v -0.77886383 3.2465237 0.17537551
v -0.74909606 3.25704303 0.17760614
v 0.74909641 3.2570431 0.17760614
v 0.77886383 3.24652384 0.17537546
v 0.80908136 3.25631392 0.17855792
v -0.10690086 4.76515827 0.14775354
v -0.07470756 4.77004557 0.1487018
v -0.04162205 4.77324335 0.14936269
v -0.01380202 4.77443386 0.14958622
v 0.01384323 4.7743386 0.149476
v 0.04727879 4.77269054 0.14911779
v 0.08036602 4.76942888 0.14833506
v 0.10709797 4.76529921 0.14724988
v -0.25710602 4.73408806 0.14396364
v -0.22549232 4.73932308 0.14753814
v -0.19771563 4.74467353 0.14802457
v -0.16419631 4.75273955 0.14564389
v -0.13402492 4.75967698 0.14678201
v 0.13466241 4.75983948 0.14646779
v 0.16730856 4.75241649 0.1471766
v 0.19802125 4.74549784 0.14764599
v 0.22515716 4.74031998 0.14746482
v 0.25609609 4.73541391 0.14457673
v 0.28904755 4.72992392 0.13851724
v -0.34694884 4.70782894 0.14815603
v -0.31972868 4.71745616 0.14672213
v -0.29115287 4.72619464 0.14369869
v 0.32040765 4.72022441 0.1424636
v 0.34636553 4.71164285 0.14264212
v 0.37608062 4.70026375 0.14145153
v -0.43916755 4.6682084 0.13867028
v -0.41261514 4.6803115 0.14482136
v -0.37990149 4.69427378 0.14886508
v 0.4110069 4.68461993 0.14309785
v 0.43943407 4.67110554 0.14093275
v -0.46811597 4.65061603 0.14324174
v 0.46633973 4.65589461 0.14377523
v 0.49331389 4.63931763 0.14411538
v -0.5311898 4.60883805 0.1416907
v -0.5013072 4.62918971 0.14456142
v 0.52730792 4.61675277 0.13954342
v -0.55812687 4.58681115 0.14460587
v 0.56074536 4.59018166 0.14348851
v -0.58900803 4.55883771 0.14890651
v 0.59290164 4.56200242 0.14520351
v -0.62285846 4.525671 0.14915771
v 0.6236923 4.53291551 0.13990163
v -0.6490357 4.49726887 0.14790683
v 0.6512772 4.50154102 0.1469977
v -0.67172468 4.46991211 0.14602625
v 0.67811413 4.46828941 0.14821648
v -0.69295472 4.44065933 0.14880539
v 0.70494119 4.43263548 0.14392266
v -0.71393162 4.41007987 0.14799422
v 0.72162317 4.40771117 0.14483394
v -0.7350704 4.37739018 0.1441868
v 0.74053446 4.37608605 0.14854438
v -0.75121036 4.3481311 0.14761374
v 0.75851987 4.34365609 0.14985349
v -0.76787167 4.31550683 0.14870228
v 0.7724004 4.31625927 0.14976106
v -0.7801571 4.28890434 0.14843115
v 0.78481542 4.28928329 0.14876793
v -0.79298553 4.25798613 0.14663121
v 0.79689407 4.260281 0.14676445
v -0.80345878 4.22733059 0.14841776
v 0.8074574 4.22914915 0.14790486
v -0.81232613 4.19698396 0.14889813
v -0.38068062 4.19513067 0.1467939
v -0.34887961 4.20160537 0.14519615
v -0.32018076 4.20525144 0.14178957
v -0.29232948 4.20791322 0.14308035
v -0.26289138 4.21020486 0.14722878
v -0.23037853 4.21117123 0.14929903
v -0.19552818 4.21076804 0.14579811
v -0.16341229 4.21025054 0.14749453
v -0.13630186 4.20950216 0.148677
v -0.10656789 4.20840648 0.14858524
v -0.08045724 4.20745707 0.14889716
v -0.04721499 4.20637289 0.14853563
v -0.0126091 4.20553793 0.14704939
v 0.01425716 4.20521866 0.14490265
v 0.04577307 4.20580257 0.14566826
v 0.07916606 4.20636196 0.14263914
v 0.10642728 4.20737764 0.14319983
v 0.13586229 4.20839822 0.14331795
v 0.1648724 4.20941053 0.14428981
v 0.19740421 4.21033669 0.14732764
v 0.22824502 4.20989344 0.14283568
v 0.26218094 4.2091445 0.14482264
v 0.295276 4.20782244 0.14901613
v 0.32314507 4.20515323 0.14720641
v 0.35168435 4.20049947 0.14444922
v 0.38367806 4.19342461 0.14351246
v 0.8176466 4.19488354 0.14592612
v -0.81967166 4.16688516 0.14649408
v -0.47401475 4.16273013 0.14117004
v -0.44555563 4.1751864 0.14309188
v -0.41826889 4.18416821 0.14044513
v 0.41897671 4.18369161 0.14360392
v 0.44796878 4.17385929 0.14508213
v 0.47456335 4.16305052 0.14516796
v 0.82453906 4.16477899 0.14584816
v -0.82525991 4.13247288 0.14641423
v -0.50977256 4.14212042 0.14247304
v 0.50668773 4.14571493 0.14687754
v 0.82932424 4.13206689 0.14681278
v -0.82844382 4.10162331 0.14887842
v -0.54356808 4.10434407 0.14661179
v 0.54214578 4.10738046 0.14646302
v 0.83235376 4.10198882 0.14740342
v -0.83238654 4.07523405 0.1488555
v -0.5376272 4.07150196 0.14485683
v 0.537594 4.07221279 0.14461394
v 0.83494745 4.07483254 0.14857186
v -0.83814746 4.04717416 0.14942407
v -0.51854311 4.03833847 0.14757075
v 0.5185988 4.03831185 0.14765195
v 0.83958818 4.04691499 0.1491378
v -0.84742081 4.0115058 0.14763857
v -0.50525297 4.01220151 0.14777925
v 0.50525931 4.01218638 0.14777591
v 0.8478958 4.01145761 0.14750563
v -0.85655014 3.98020024 0.14400007
v -0.48908635 3.97694306 0.14481105
v 0.48908481 3.9769425 0.14481014
v 0.85666803 3.98010861 0.14406071
v -0.86368805 3.95375311 0.1436881
v -0.47868217 3.95298288 0.14591647
v 0.47868221 3.95298344 0.14591651
v 0.86370682 3.95374975 0.14370661
v -0.86994462 3.92609473 0.14654756
v -0.46565124 3.92376498 0.14490392
v 0.46565124 3.92376498 0.14490393
v 0.8699449 3.92609726 0.14654832
v -0.87828908 3.88957363 0.14664035
v -0.45308822 3.89218119 0.14739186
v 0.45308829 3.89218133 0.14739187
v 0.87828789 3.88957349 0.1466402
v -0.88540169 3.8565648 0.14597874
v -0.44325985 3.86131019 0.14919265
v 0.44326003 3.86131019 0.14919263
v 0.88540176 3.8565648 0.14597862
v -0.88980749 3.8312904 0.14752667
v -0.43458323 3.82738907 0.14872006
v 0.43458334 3.82738907 0.14872008
v 0.88980763 3.83129082 0.14752669
v -0.89480084 3.80501741 0.14465717
v -0.42792729 3.79555423 0.14504583
v 0.42792736 3.79555423 0.14504586
v 0.89480106 3.80501755 0.14465717
v -0.89923249 3.77221774 0.14638895
v -0.42400344 3.76707169 0.14163189
v 0.42400348 3.76707183 0.14163192
v 0.89923284 3.77221774 0.14638893
v -0.90332385 3.73887745 0.14794585
v -0.42325622 3.73891584 0.14228132
v 0.42325629 3.73891584 0.14228141
v 0.90332441 3.73887745 0.14794581
v -0.90626518 3.70999606 0.14824022
v -0.42373709 3.71101875 0.14026326
v 0.4237373 3.71101875 0.14026334
v 0.90626539 3.70999578 0.14824022
v -0.90876228 3.67718029 0.14825593
v -0.42758336 3.68360161 0.14117195
v 0.42758343 3.68360161 0.14117196
v 0.90876228 3.67718029 0.14825591
v -0.91084911 3.64364751 0.14670961
v -0.43599345 3.65239677 0.14567231
v 0.43599352 3.65239691 0.14567231
v 0.91084911 3.64364751 0.14670956
v -0.91203178 3.61493087 0.14430046
v -0.44672566 3.62122948 0.14782795
v 0.4467257 3.62122905 0.14782796
v 0.91203199 3.61493087 0.14430044
v -0.91257801 3.58688724 0.14468193
v -0.45858184 3.59510849 0.14666051
v 0.45858195 3.59510849 0.14666053
v 0.91257801 3.58688724 0.14468193
v -0.91191165 3.5587646 0.14708353
v -0.47840731 3.56265989 0.14545962
v 0.47840727 3.56265947 0.1454596
v 0.91191179 3.5587646 0.14708354
v -0.91012364 3.52651284 0.15022995
v -0.50584448 3.52776919 0.14572068
v 0.50584469 3.52776891 0.14572067
v 0.91012371 3.52651284 0.15022994
v -0.90731161 3.49695409 0.14968249
v -0.5333926 3.49774058 0.1457592
v 0.53339302 3.49774051 0.14575919
v 0.90731175 3.49695395 0.14968249
v -0.90358877 3.46779658 0.14560056
v -0.56274575 3.46853501 0.14557949
v 0.562746 3.46853501 0.14557945
v 0.90358877 3.46779644 0.14560057
v -0.89715007 3.43422402 0.14233403
v -0.59509516 3.44016986 0.14757403
v 0.59509551 3.44017007 0.14757406
v 0.89714979 3.43422416 0.14233402
v -0.88961851 3.40495667 0.14376354
v -0.62963675 3.41080067 0.14650643
v 0.62963696 3.41080053 0.14650643
v 0.88961858 3.40495681 0.1437635
v -0.87986765 3.37531506 0.14707745
v -0.66145471 3.37624437 0.14664491
v 0.66145499 3.37624437 0.14664493
v 0.879868 3.3753152 0.14707739
v -0.86902196 3.34587904 0.14743071
v -0.68381152 3.33989985 0.14915537
v 0.68381194 3.33989992 0.14915537
v 0.86902238 3.34587904 0.14743068
v -0.85661585 3.31860543 0.14638596
v -0.70125856 3.31360206 0.14892106
v 0.70125863 3.31360192 0.14892106
v 0.85661592 3.3186055 0.14638599
v -0.83521187 3.28289224 0.1476791
v -0.72345265 3.28639563 0.14971374
v 0.72345258 3.28639563 0.14971374
v 0.83521208 3.2828921 0.14767914
v -0.80802512 3.25686301 0.14671114
v -0.78008747 3.25148931 0.14447914
v -0.75127326 3.2642465 0.14574304
v 0.7512734 3.26424657 0.14574299
v 0.78008761 3.25148938 0.14447908
v 0.80802512 3.25686301 0.14671115
v -0.15991169 4.76049904 0.10937332
v -0.13105248 4.76491087 0.11173493
v -0.10612957 4.76899095 0.11448867
v -0.07503557 4.77412482 0.1156823
v -0.04238797 4.77835872 0.11573618
v -0.0141631 4.78021972 0.11609095
v 0.01355385 4.78008804 0.11614451
v 0.04680243 4.77772158 0.11589071
v 0.07973125 4.77352746 0.11537922
v 0.1071022 4.76898983 0.1143998
v 0.13618294 4.76407815 0.11337139
v -0.29000081 4.73509057 0.11056712
v -0.25641827 4.74347152 0.1131203
v -0.22629667 4.74857037 0.11635162
v -0.19570424 4.75392978 0.11380375
v 0.16957374 4.75849823 0.11443402
v 0.19945609 4.75383396 0.11559991
v 0.22666532 4.74944819 0.11681578
v 0.25627723 4.74414061 0.11549034
v 0.28867728 4.73747608 0.10919518
v -0.37572362 4.70243983 0.11630758
v -0.34800375 4.71402808 0.11643154
v -0.32156969 4.72427816 0.11377985
v 0.32130368 4.72684299 0.11031527
v 0.34941207 4.71648027 0.11169648
v 0.37723275 4.70531174 0.11120797
v -0.43905631 4.67376591 0.10794166
v -0.4099991 4.68743665 0.11256582
v 0.41144403 4.68984626 0.11214167
v 0.44199772 4.67536158 0.10990337
v -0.49580962 4.63889202 0.11304277
v -0.46866321 4.6564264 0.11099983
v 0.46813107 4.66086428 0.11227002
v 0.49306886 4.64514482 0.1143521
v -0.52971458 4.61512264 0.11111612
v 0.53074308 4.61929323 0.11080877
v -0.562744 4.58866865 0.11180534
v 0.5638976 4.59328837 0.11162267
v -0.59298647 4.56128584 0.11549213
v 0.59182783 4.56886168 0.11213377
v 0.61431115 4.54768164 0.10935324
v -0.62433176 4.53015931 0.1158279
v 0.63134393 4.52984802 0.11086146
v -0.65131845 4.50029615 0.11446079
v 0.65630039 4.50151104 0.11364908
v -0.67905927 4.46595139 0.11379328
v 0.683132 4.46804467 0.11391011
v -0.70145994 4.43469738 0.11640219
v 0.70820054 4.43403641 0.11111391
v -0.71871763 4.40875515 0.11613859
v 0.72380982 4.41044005 0.11199554
v -0.73841422 4.37732489 0.11394877
v 0.74191361 4.37986927 0.1157163
v -0.75459263 4.34818769 0.11587061
v 0.76322939 4.34125279 0.11677321
v -0.77040092 4.3173188 0.11613719
v 0.77635973 4.31520324 0.11695699
v -0.78366098 4.28830894 0.11615171
v 0.78790854 4.28972262 0.1167142
v -0.79795443 4.25355203 0.11538109
v 0.7993988 4.26200947 0.11581927
v -0.80860448 4.22362386 0.11646604
v 0.81152382 4.22862295 0.11388324
v -0.81739318 4.19563724 0.11506034
v -0.3820583 4.19082742 0.11490526
v -0.35065694 4.19755863 0.11464637
v -0.321936 4.20184605 0.11329268
v -0.29310893 4.20493847 0.11442894
v -0.26107042 4.20712141 0.11604308
v -0.22909227 4.20783308 0.11557596
v -0.19496775 4.20766189 0.11547654
v -0.16267906 4.20700205 0.11632397
v -0.13628585 4.20605137 0.11638458
v -0.10735933 4.20478689 0.11500991
v -0.08069933 4.20375692 0.11511545
v -0.0472505 4.20271379 0.11537161
v -0.01352941 4.20198922 0.11513645
v 0.0139623 4.20176003 0.11368563
v 0.04646596 4.20241917 0.11464319
v 0.08007521 4.20308924 0.11211321
v 0.10726534 4.2040825 0.11229355
v 0.13676511 4.20529095 0.11392431
v 0.16866365 4.20636518 0.1145051
v 0.20202598 4.20713486 0.11513991
v 0.22876086 4.20712449 0.11490795
v 0.25974924 4.20637653 0.11577409
v 0.29252589 4.20458964 0.11640782
v 0.32143152 4.20154905 0.11457545
v 0.35085829 4.19696379 0.1138064
v 0.3822067 4.19021857 0.11445902
v 0.82315088 4.19244998 0.10966331
v -0.82497749 4.16716563 0.11200711
v -0.44621887 4.16985486 0.11077473
v -0.41699078 4.18030752 0.10842553
v 0.4171424 4.18034646 0.11412088
v 0.44805774 4.16884058 0.11328702
v 0.8294036 4.16600551 0.11259621
v -0.83098883 4.13405846 0.113953
v -0.50870231 4.14013151 0.11322007
v -0.47806051 4.15569001 0.10854198
v 0.47882983 4.15519142 0.11079183
v 0.50642422 4.14172241 0.11422301
v 0.83457081 4.13505144 0.11551996
v -0.83503837 4.10249764 0.11678759
v -0.54248796 4.10813752 0.11710673
v 0.54132133 4.10950679 0.1144124
v 0.8388812 4.10260201 0.11579095
v -0.83888821 4.07515854 0.11694088
v -0.54121724 4.07155043 0.11202394
v 0.5411184 4.07173115 0.11069531
v 0.84206413 4.07469665 0.11585515
v -0.84449594 4.0450453 0.11602353
v -0.52172351 4.03788639 0.11022063
v 0.52168068 4.03763184 0.11034235
v 0.84650082 4.04480967 0.11539394
v -0.85361855 4.00551233 0.11302929
v -0.50529009 4.0106651 0.11288657
v 0.50527177 4.01066104 0.11294056
v 0.85422921 4.00619696 0.11259733
v -0.86078468 3.97834932 0.1108241
v -0.48666599 3.97543454 0.11254989
v 0.48666302 3.97544042 0.11253467
v 0.86103762 3.97818989 0.11086885
v -0.86722625 3.9532349 0.11139654
v -0.47465449 3.95145782 0.11284809
v 0.47465522 3.95145754 0.11284836
v 0.86732109 3.95314202 0.11146343
v -0.87461099 3.92319116 0.1131191
v -0.45929873 3.91990568 0.11062248
v 0.45929894 3.91990596 0.11062251
v 0.87462921 3.92319326 0.11312884
v -0.88406863 3.88423705 0.11345042
v -0.448345 3.89272713 0.11474216
v 0.44834507 3.89272699 0.11474216
v 0.8840666 3.88423873 0.11344917
v -0.89008999 3.85616021 0.11418879
v -0.43762449 3.86018061 0.11656015
v 0.43762463 3.86018075 0.11656014
v 0.89008859 3.85616063 0.11418828
v -0.89426716 3.83245724 0.11563407
v -0.42771638 3.82334542 0.1171823
v 0.42771645 3.8233457 0.11718232
v 0.89426737 3.83245724 0.11563402
v -0.89944004 3.80486484 0.11336328
v -0.42230492 3.79628538 0.11551661
v 0.42230506 3.79628496 0.11551662
v 0.89944025 3.80486512 0.11336327
v -0.90430647 3.7711019 0.11412567
v -0.41870423 3.768707 0.11267882
v 0.41870423 3.76870672 0.11267881
v 0.90430661 3.77110176 0.11412565
v -0.90819378 3.73837942 0.11490255
v -0.41737517 3.73792146 0.11283284
v 0.41737517 3.7379216 0.11283287
v 0.90819378 3.73837942 0.11490253
v -0.91088218 3.71082584 0.11471804
v -0.41801763 3.70787673 0.11215072
v 0.41801777 3.70787617 0.11215074
v 0.91088218 3.71082598 0.11471803
v -0.91311723 3.67872636 0.11485017
v -0.421055 3.68170475 0.1124848
v 0.42105504 3.68170475 0.11248475
v 0.91311744 3.67872622 0.11485015
v -0.91481558 3.64392686 0.11293605
v -0.42746613 3.65445601 0.11425739
v 0.42746624 3.65445587 0.11425737
v 0.91481572 3.64392644 0.11293601
v -0.91569446 3.61430676 0.109787
v -0.43879245 3.62029015 0.11610918
v 0.43879259 3.62029029 0.11610918
v 0.91569446 3.61430676 0.10978698
v -0.91608931 3.58909778 0.11193713
v -0.45255887 3.59023505 0.11529351
v 0.45255908 3.59023519 0.11529355
v 0.91608938 3.5890975 0.11193712
v -0.9155136 3.56249066 0.1139365
v -0.4745048 3.55552423 0.11499969
v 0.47450476 3.55552423 0.11499971
v 0.91551374 3.56249052 0.11393651
v -0.91375402 3.52639614 0.1178027
v -0.49909292 3.52472454 0.11368447
v 0.49909302 3.52472468 0.11368449
v 0.91375437 3.52639628 0.11780271
v -0.91096602 3.49556605 0.1159289
v -0.52151659 3.50095474 0.11105812
v 0.52151684 3.50095488 0.11105812
v 0.91096623 3.49556605 0.1159289
v -0.90657129 3.46543264 0.11267743
v -0.56785139 3.45892278 0.11995347
v -0.5470619 3.47710565 0.11460392
v 0.54706215 3.47710565 0.11460393
v 0.56785153 3.45892285 0.11995349
v 0.90657136 3.46543264 0.11267743
v -0.89881831 3.43039288 0.11085943
v -0.59517816 3.43560695 0.11481338
v 0.59517816 3.43560716 0.11481345
v 0.89881852 3.43039302 0.11085942
v -0.8908341 3.40160199 0.11420978
v -0.62881503 3.40905847 0.11317256
v 0.62881517 3.40905847 0.11317259
v 0.89083424 3.40160213 0.11420976
v -0.88063445 3.37306859 0.11577836
v -0.66113326 3.37903811 0.11374438
v 0.66113361 3.37903804 0.1137444
v 0.88063473 3.37306859 0.11577833
v -0.86818645 3.34359699 0.11459071
v -0.68896444 3.34313986 0.11738797
v 0.688965 3.34313986 0.11738798
v 0.86818659 3.34359699 0.11459072
v -0.85266262 3.3149843 0.11366239
v -0.71288428 3.31181426 0.11975334
v 0.71288463 3.31181426 0.11975335
v 0.85266283 3.31498423 0.11366236
v -0.83296961 3.28647849 0.11813181
v -0.75026136 3.27793756 0.11724381
v -0.72932916 3.29164843 0.12255748
v 0.7293293 3.29164843 0.12255748
v 0.7502615 3.27793756 0.11724378
v 0.83296961 3.28647835 0.1181318
v -0.80589661 3.26645634 0.11864085
v -0.77793291 3.26459001 0.11754429
v 0.77793326 3.26459001 0.11754422
v 0.80589654 3.26645613 0.11864082
v -0.19660926 4.76282095 0.08082955
v -0.16387805 4.76743423 0.08062448
v -0.13369598 4.77078247 0.08255735
v -0.10704887 4.77438567 0.08331532
v -0.07727561 4.77898242 0.08342836
v -0.04488494 4.7833595 0.08263569
v -0.01471017 4.78558811 0.08316942
v 0.01352983 4.78551077 0.08343017
v 0.04655035 4.78298741 0.08321613
v 0.07935193 4.7787465 0.08336261
v 0.10688137 4.77463812 0.08344009
v 0.13599758 4.7708329 0.08321446
v 0.16901827 4.76699154 0.08297329
v 0.19928335 4.76303698 0.08278581
v -0.29039579 4.73943291 0.0817194
v -0.25688721 4.74948321 0.08260019
v -0.22578629 4.75720349 0.08189368
v 0.22650201 4.75799698 0.08390697
v 0.25627219 4.7506841 0.08452629
v 0.2883993 4.74173941 0.08170154
v 0.31901449 4.73143861 0.08033798
v -0.37727943 4.70531791 0.08389449
v -0.35005016 4.71696191 0.08400289
v -0.32161679 4.72823888 0.08326053
v 0.34931464 4.719666 0.08250541
v 0.37762932 4.70788778 0.08283767
v -0.44071544 4.67502956 0.0812508
v -0.41040902 4.69015461 0.08239407
v 0.40893818 4.69377841 0.08232382
v 0.4434785 4.6769253 0.08240124
v -0.49336719 4.64331702 0.08354033
v -0.46923574 4.658786 0.08236132
v 0.47132656 4.66158941 0.08377475
v 0.49837389 4.64441353 0.08474789
v -0.52936908 4.61770078 0.08299071
v 0.53629239 4.61776649 0.0828872
v -0.56341649 4.59082231 0.08191354
v 0.56547744 4.5947396 0.08272682
v -0.5928414 4.56436201 0.0830807
v 0.59003407 4.57308704 0.08253476
v 0.61165757 4.55263045 0.08210992
v -0.62432797 4.53300125 0.0833805
v 0.63191523 4.5315807 0.08352023
v -0.65147781 4.50282876 0.08277698
v 0.65724476 4.50304646 0.08386131
v -0.68161983 4.46516659 0.08324064
v 0.68360622 4.47028028 0.08303362
v -0.7048128 4.43300589 0.08359995
v 0.70732495 4.43758778 0.08238513
v -0.7202214 4.40968957 0.08236333
v 0.72484035 4.4111401 0.08290058
v -0.73804395 4.3808334 0.08194823
v 0.74303044 4.38098161 0.0839635
v -0.75534669 4.35014228 0.08331799
v 0.76585979 4.33991741 0.08382725
v -0.7719002 4.31827381 0.08342072
v 0.77850603 4.31482807 0.08376565
v -0.7854527 4.28921618 0.08325692
v 0.79030918 4.28885502 0.08312552
v -0.79942549 4.25569392 0.08305784
v 0.80131128 4.26242919 0.08423768
v -0.81096947 4.22449482 0.08389569
v 0.81392768 4.2283048 0.08372554
v -0.82031637 4.1957545 0.08361647
v -0.38349713 4.18730799 0.08301393
v -0.35028359 4.1947003 0.08229223
v -0.31945326 4.19952414 0.08111491
v -0.2884726 4.20276114 0.08201263
v -0.25639487 4.20466039 0.08269402
v -0.22782002 4.20526629 0.08336549
v -0.1954118 4.20501846 0.08337591
v -0.1619234 4.20416782 0.0828343
v -0.13405766 4.20312888 0.08305634
v -0.10617608 4.20187659 0.08169774
v -0.08048668 4.20086693 0.08203143
v -0.04731306 4.19985154 0.08258688
v -0.01386281 4.19928038 0.08400019
v 0.01348073 4.19918483 0.0837587
v 0.04612728 4.19971214 0.08361531
v 0.07997983 4.20050269 0.08172406
v 0.1086887 4.20153532 0.08154693
v 0.13711053 4.20273088 0.08329493
v 0.16789614 4.20375216 0.08364262
v 0.20095761 4.20449816 0.08413081
v 0.22851757 4.20458305 0.08361961
v 0.25727823 4.2038393 0.08240954
v 0.28928 4.20199735 0.08305345
v 0.3198348 4.19892314 0.08309994
v 0.34956929 4.19435553 0.08321499
v 0.38093741 4.18746573 0.08221563
v 0.82597614 4.19153265 0.08132021
v -0.82794319 4.1680506 0.08234997
v -0.44668664 4.16615079 0.08221622
v -0.41458394 4.1780125 0.08060075
v 0.4124873 4.17852062 0.08208404
v 0.44516334 4.166343 0.08110964
v 0.83234115 4.16674787 0.08300853
v -0.83472008 4.13526298 0.0836408
v -0.50470692 4.13866557 0.08297482
v -0.47872581 4.15184641 0.08033519
v 0.47825566 4.15164103 0.08017038
v 0.50309374 4.13911303 0.0821445
v 0.83862294 4.13552832 0.08349638
v -0.83999656 4.10255606 0.08420137
v -0.53831391 4.110112 0.08580529
v 0.53826046 4.109909 0.08352762
v 0.84385648 4.10233989 0.08314362
v -0.84380353 4.0751392 0.08410293
v -0.54607792 4.07315632 0.08366008
v 0.54604731 4.07261374 0.08389887
v 0.84709369 4.0749264 0.08333527
v -0.84840154 4.04473051 0.08400494
v -0.52905229 4.04110896 0.08290107
v 0.52944893 4.04063488 0.08301765
v 0.85058272 4.04534328 0.0831236
v -0.85579182 4.00350114 0.08324088
v -0.50808408 4.00986783 0.08456721
v 0.50817528 4.00970252 0.08500236
v 0.85630624 4.00726265 0.08204879
v -0.86102011 3.97837258 0.08309326
v -0.48839962 3.97552111 0.08432044
v 0.48837703 3.97552532 0.0843331
v 0.86136537 3.97906324 0.08277106
v -0.86680625 3.95359312 0.08332602
v -0.47431448 3.95000645 0.08496416
v 0.47430124 3.95000281 0.08496087
v 0.86702549 3.953411 0.08337219
v -0.87430657 3.92329539 0.08428338
v -0.45694191 3.91582084 0.08338865
v 0.45694324 3.9158214 0.08338819
v 0.87437704 3.92326569 0.08431961
v -0.88396013 3.88445223 0.08560607
v -0.44633977 3.89106016 0.08434367
v 0.4463397 3.89106044 0.08434367
v 0.88396679 3.88445027 0.08561037
v -0.8901828 3.85652754 0.08574862
v -0.43592943 3.86112232 0.08317126
v 0.43592929 3.86112246 0.08317126
v 0.89017888 3.85652908 0.08574525
v -0.89466229 3.83266443 0.0851055
v -0.42607077 3.82643322 0.08295517
v 0.42607077 3.82643322 0.08295518
v 0.89466089 3.83266387 0.08510497
v -0.89950084 3.80517949 0.08416794
v -0.42098446 3.80207979 0.0823727
v 0.42098464 3.80207979 0.08237271
v 0.89950077 3.80517921 0.08416786
v -0.9043824 3.77137326 0.08399669
v -0.41694676 3.77389914 0.08152142
v 0.41694683 3.77389914 0.0815214
v 0.90438233 3.77137326 0.08399673
v -0.90826446 3.73853395 0.08262212
v -0.41483765 3.74163898 0.08150424
v 0.41483793 3.7416387 0.08150422
v 0.90826439 3.73853409 0.08262214
v -0.91090683 3.71052744 0.08228188
v -0.41550243 3.70791764 0.08095625
v 0.41550254 3.70791778 0.08095625
v 0.91090697 3.7105273 0.08228187
v -0.91297573 3.67856637 0.08424359
v -0.41855934 3.67819877 0.08069542
v 0.41855945 3.67819891 0.0806954
v 0.91297615 3.67856637 0.08424361
v -0.91441575 3.64481673 0.08610495
v -0.42383621 3.65282139 0.08230197
v 0.42383635 3.65282139 0.08230197
v 0.9144161 3.64481673 0.08610495
v -0.91491154 3.61453777 0.08644323
v -0.43532408 3.61807779 0.0852439
v 0.43532426 3.61807779 0.0852439
v 0.91491168 3.61453763 0.08644323
v -0.91507041 3.58637506 0.08894905
v -0.45067612 3.58517306 0.08519111
v 0.45067637 3.58517278 0.08519112
v 0.91507055 3.58637548 0.08894904
v -0.91438773 3.55776447 0.08620417
v -0.47326497 3.55051141 0.08474648
v 0.47326521 3.55051155 0.08474646
v 0.91438787 3.55776433 0.08620417
v -0.91271565 3.52413321 0.0854316
v -0.49675721 3.52244039 0.08306809
v 0.49675735 3.52244032 0.08306803
v 0.91271628 3.52413321 0.08543162
v -0.91005282 3.49555337 0.08276688
v -0.51762809 3.50129566 0.08140423
v 0.51762816 3.50129559 0.08140416
v 0.9100531 3.49555337 0.0827669
v -0.90543835 3.46542907 0.08231269
v -0.54455857 3.47709822 0.08408199
v 0.54455864 3.47709815 0.08408203
v 0.90543856 3.465429 0.08231269
v -0.89777692 3.43186821 0.08178256
v -0.59848563 3.43283443 0.08521275
v -0.57105915 3.45458828 0.08960369
v 0.57105911 3.45458843 0.08960371
v 0.59848563 3.4328345 0.0852128
v 0.89777727 3.43186821 0.08178257
v -0.88967097 3.40339028 0.08519454
v -0.63175741 3.40915702 0.08375714
v 0.63175727 3.40915695 0.08375717
v 0.88967104 3.40339035 0.08519456
v -0.87828845 3.37588559 0.08471875
v -0.66295034 3.38619507 0.08269561
v 0.66295062 3.386195 0.08269562
v 0.87828873 3.37588552 0.08471876
v -0.8630565 3.34546843 0.08497953
v -0.69310035 3.35475403 0.08727752
v 0.69310063 3.35475403 0.08727758
v 0.86305678 3.3454685 0.08497952
v -0.84114322 3.31224239 0.08635285
v -0.74902224 3.30124211 0.08723862
v -0.72309065 3.31728323 0.09513309
v 0.72309065 3.31728323 0.09513308
v 0.74902217 3.30124211 0.08723861
v 0.84114364 3.31224239 0.0863528
v -0.82671345 3.29437851 0.0899391
v -0.80409417 3.28601359 0.08720148
v -0.77693607 3.28821579 0.08633175
v 0.776936 3.28821565 0.0863317
v 0.80409431 3.28601352 0.08720143
v 0.82671373 3.29437851 0.08993906
v -0.22637519 4.76164165 0.05198627
v -0.19869517 4.76776093 0.05368211
v -0.16742998 4.77270567 0.05524531
v -0.1350644 4.77696983 0.05555525
v -0.10774507 4.78045228 0.05527667
v -0.07965983 4.78413057 0.0549956
v -0.04682722 4.7880644 0.05344776
v -0.01466929 4.79017869 0.05450833
v 0.01352613 4.79019046 0.05462021
v 0.04632373 4.78805319 0.05383307
v 0.07928884 4.7842645 0.05515928
v 0.1066711 4.78082521 0.05574598
v 0.13461205 4.77756019 0.05603803
v 0.16768585 4.77357145 0.05580062
v 0.19939707 4.76859449 0.05528473
v 0.22570946 4.76288708 0.05507749
v -0.32003843 4.73125817 0.05654738
v -0.29271379 4.74123339 0.05519284
v -0.25973162 4.7519525 0.05418501
v 0.25554825 4.75461456 0.05585398
v 0.28848031 4.74427762 0.05662354
v 0.31846763 4.73393228 0.05540752
v -0.37833294 4.70713408 0.05534243
v -0.3499156 4.71930232 0.05654505
v 0.34900254 4.7220403 0.05619044
v 0.37580425 4.71104969 0.05388462
v 0.40251727 4.69913236 0.05197171
v -0.44291599 4.67558601 0.05430349
v -0.40922096 4.6928762 0.05257728
v 0.44133101 4.67986796 0.05402692
v -0.49365666 4.6449718 0.05531018
v -0.4706234 4.65984693 0.05498172
v 0.47150522 4.66328902 0.05585357
v 0.50030059 4.64501579 0.05680413
v -0.5300375 4.61871996 0.05631136
v 0.53691364 4.6188878 0.05517408
v -0.56397031 4.59158442 0.0560305
v 0.56404242 4.59730457 0.05408023
v 0.58677434 4.57724571 0.05273268
v -0.59367125 4.56472682 0.05498513
v 0.61071593 4.55440151 0.05385241
v -0.62442814 4.53386801 0.05467466
v 0.63215647 4.53217386 0.05562506
v -0.65093943 4.50418458 0.05477087
v 0.65782061 4.503135 0.05591843
v -0.68172707 4.46568998 0.05601731
v 0.684012 4.47053245 0.05539362
v -0.70538816 4.43309961 0.05588354
v 0.70743983 4.43803917 0.05596915
v -0.72072524 4.40991456 0.05540898
v 0.72690771 4.40854417 0.05544782
v -0.73799485 4.3818911 0.05556577
v 0.74420974 4.37999382 0.0553038
v -0.75574595 4.35054014 0.05551688
v 0.76640139 4.3401113 0.0548686
v -0.77276318 4.3179869 0.05510603
v 0.77942777 4.31430805 0.05400894
v -0.78587719 4.29053909 0.05487094
v 0.79240505 4.28604587 0.05249768
v -0.798306 4.26149925 0.05493128
v 0.80286212 4.26111736 0.05474984
v -0.81076304 4.22872774 0.05529353
v 0.81505698 4.22836812 0.05579809
v -0.82181088 4.19571444 0.05557227
v -0.35206334 4.19209694 0.05728259
v -0.31827651 4.19754574 0.05530055
v -0.28583226 4.2010908 0.05585551
v -0.2548712 4.20313855 0.05673588
v -0.22746329 4.20386592 0.05798308
v -0.19619848 4.20355771 0.0571537
v -0.16214166 4.20259611 0.05589425
v -0.13347386 4.20152663 0.05630405
v -0.1056611 4.20029745 0.05547413
v -0.08011862 4.19928976 0.05604048
v -0.0471881 4.19825573 0.0562333
v -0.01252484 4.19766174 0.05755642
v 0.01440745 4.19760906 0.05779053
v 0.0444447 4.19806464 0.05771527
v 0.07650672 4.19887158 0.05637848
v 0.10593399 4.19989006 0.05558983
v 0.13372167 4.20100955 0.05649221
v 0.16285302 4.20204974 0.05670582
v 0.19665187 4.20291398 0.057622
v 0.22878791 4.20308868 0.05786674
v 0.25977337 4.20214529 0.05631404
v 0.2914532 4.19996851 0.0571671
v 0.3219388 4.19648663 0.05733375
v 0.35404808 4.1909874 0.0565852
v 0.82691141 4.19247576 0.05520226
v -0.82959273 4.16812022 0.0551999
v -0.44602561 4.16403692 0.05630891
v -0.41575127 4.17573122 0.05651638
v -0.38860904 4.18383395 0.05771364
v 0.38781113 4.18323015 0.05392931
v 0.4146514 4.17574369 0.05610896
v 0.44449401 4.16463232 0.05682831
v 0.83384701 4.16717936 0.05531893
v -0.83694854 4.13537379 0.05551944
v -0.5059514 4.13317979 0.0562595
v -0.47807963 4.14891901 0.05553949
v 0.47800254 4.14904314 0.05667439
v 0.50539877 4.13287719 0.05194739
v 0.84079523 4.13539999 0.05503982
v -0.84288655 4.10231594 0.05539662
v -0.53840437 4.10823194 0.0568941
v 0.53973799 4.10523647 0.05084793
v 0.84643876 4.10242675 0.05497956
v -0.8467408 4.07500289 0.05535193
v -0.55281652 4.07580535 0.05638913
v 0.55068854 4.07467788 0.06143027
v 0.8498812 4.07487849 0.05480491
v -0.85049474 4.04513524 0.05544666
v -0.5384513 4.04342862 0.05947721
v 0.54033721 4.04874965 0.05378845
v 0.85281238 4.04564883 0.053817
v -0.85590144 4.00466728 0.05551002
v -0.5139803 4.00916288 0.05877963
v 0.51466129 4.00921836 0.05890756
v 0.85649537 4.01119578 0.05439656
v -0.85973342 3.97874018 0.05567475
v -0.49603856 3.97886276 0.05469338
v 0.49641209 3.9790446 0.0547392
v 0.86025639 3.98050368 0.05558296
v -0.86426607 3.9537143 0.05545354
v -0.47935917 3.95131997 0.05711074
v 0.47935697 3.95132823 0.05711543
v 0.86466961 3.95356594 0.05556371
v -0.87013361 3.92570387 0.05560776
v -0.45992712 3.91524884 0.05845872
v 0.45991427 3.91524618 0.0584707
v 0.87031629 3.92562626 0.05568899
v -0.87844073 3.88959142 0.05730218
v -0.44715389 3.88740484 0.05830932
v 0.44715484 3.88740484 0.05830828
v 0.87849298 3.889562 0.05734186
v -0.8860457 3.85690173 0.05915835
v -0.43711304 3.85861157 0.05557145
v 0.43711315 3.85861143 0.05557146
v 0.88604935 3.85688772 0.05915681
v -0.89179339 3.83057172 0.05976651
v -0.42782607 3.82615345 0.05424816
v 0.42782617 3.82615345 0.05424818
v 0.89178891 3.8305734 0.05976106
v -0.89593098 3.80457065 0.05814601
v -0.42166525 3.79969512 0.05474518
v 0.42166539 3.79969512 0.05474519
v 0.89592951 3.80457037 0.05814559
v -0.90047267 3.77171691 0.05637202
v -0.41758005 3.77221326 0.05487928
v 0.41758005 3.7722134 0.05487926
v 0.90047204 3.77171593 0.05637195
v -0.90380942 3.73932519 0.05358523
v -0.41552782 3.74222149 0.05415654
v 0.41552786 3.74222177 0.05415651
v 0.90380942 3.73932505 0.0535853
v -0.90663027 3.71060071 0.0540687
v -0.41597129 3.70925273 0.05366852
v 0.41597143 3.70925301 0.0536685
v 0.90663048 3.71060071 0.05406869
v -0.90857918 3.67836576 0.05595065
v -0.41898498 3.67743386 0.05353128
v 0.41898498 3.67743414 0.05353125
v 0.90857946 3.67836576 0.05595065
v -0.90988072 3.64585006 0.05804235
v -0.42423922 3.65034748 0.0549455
v 0.42423926 3.65034734 0.05494551
v 0.90988079 3.64585006 0.05804235
v -0.90973957 3.61673948 0.05670375
v -0.43532174 3.61657137 0.05641221
v 0.4353217 3.61657137 0.05641221
v 0.90973957 3.61673934 0.05670375
v -0.9092781 3.58812371 0.05577237
v -0.45068183 3.58419268 0.05611198
v 0.4506819 3.58419268 0.05611195
v 0.9092781 3.58812399 0.05577233
v -0.90803632 3.55694912 0.05278508
v -0.47276743 3.55084427 0.05608634
v 0.47276767 3.55084455 0.05608632
v 0.90803625 3.55694954 0.05278506
v -0.90642741 3.52422469 0.05308018
v -0.49706468 3.52244648 0.05655691
v 0.49706482 3.52244648 0.05655692
v 0.90642741 3.52422483 0.05308016
v -0.90443535 3.49560219 0.05438116
v -0.51771201 3.50171916 0.05978489
v 0.51771201 3.50171923 0.0597849
v 0.90443549 3.49560205 0.05438118
v -0.90069318 3.46650576 0.0570374
v -0.56851333 3.45983317 0.05758862
v -0.54350048 3.47948836 0.05906218
v 0.54350048 3.47948808 0.05906229
v 0.56851312 3.4598331 0.05758868
v 0.90069346 3.46650576 0.0570374
v -0.89417112 3.43648436 0.05747783
v -0.59730058 3.43828238 0.0556637
v 0.59730072 3.43828253 0.05566376
v 0.89417155 3.43648429 0.05747783
v -0.8836431 3.4068852 0.05793908
v -0.66010848 3.40040356 0.05182873
v -0.63089542 3.41622873 0.05540762
v 0.63089542 3.41622873 0.05540762
v 0.66010855 3.40040321 0.05182889
v 0.8836431 3.40688527 0.05793909
v -0.87126626 3.38087222 0.05645445
v -0.68948223 3.37791527 0.05515519
v 0.68948223 3.37791555 0.0551552
v 0.87126647 3.38087236 0.05645446
v -0.85639443 3.35206984 0.06139314
v -0.7204611 3.34745922 0.06177815
v 0.7204611 3.34745908 0.06177827
v 0.85639443 3.3520697 0.06139314
v -0.83302719 3.31994711 0.06646921
v -0.8068426 3.31361152 0.0582627
v -0.78009301 3.31441425 0.05797245
v -0.75213147 3.32401381 0.06145472
v 0.75213161 3.32401374 0.06145469
v 0.78009315 3.31441411 0.05797246
v 0.80684274 3.31361152 0.05826269
v 0.83302747 3.31994711 0.0664692
v -0.04612787 4.79326719 0.01844207
v -0.01389703 4.79502648 0.01963579
v 0.01345255 4.79505646 0.01964446
v 0.04562547 4.79337646 0.01860787
v -0.22764636 4.7640846 0.02255997
v -0.20057967 4.77084635 0.02403315
v -0.16824918 4.77736742 0.02329837
v -0.13523153 4.78265707 0.02276567
v -0.10770868 4.78627176 0.02250353
v -0.07881678 4.78978811 0.0214168
v 0.07823665 4.79002487 0.02146684
v 0.10708773 4.78668027 0.02291197
v 0.13484863 4.78328021 0.02332132
v 0.16810324 4.77840187 0.02329695
v 0.20125342 4.77209991 0.02256106
v 0.22784144 4.76562366 0.02149704
v -0.31916831 4.73376809 0.02663444
v -0.29175317 4.74387948 0.02428085
v -0.25939361 4.75458738 0.02326591
v 0.25627716 4.75726709 0.02322882
v 0.28931968 4.74638267 0.02722385
v 0.32027673 4.73544445 0.0274464
v -0.40326551 4.69821965 0.01728894
v -0.37628596 4.71044645 0.02283428
v -0.34960449 4.7215878 0.02691771
v 0.3498713 4.72393325 0.02692214
v 0.37634697 4.71306087 0.02347356
v 0.40086123 4.70195454 0.02322574
v -0.44110255 4.67868936 0.02146506
v 0.44015801 4.68244456 0.02365687
v -0.49458334 4.64617534 0.02357667
v -0.47017965 4.66215076 0.02272953
v 0.46941989 4.66638593 0.02488384
v 0.4991196 4.647489 0.02677393
v -0.53151899 4.61899805 0.02689135
v 0.53547624 4.62135512 0.02363208
v -0.5659982 4.59080578 0.02744328
v 0.56329222 4.59893498 0.02235313
v 0.58578083 4.57896115 0.02264641
v -0.59671002 4.56261169 0.02382761
v 0.61105951 4.55459722 0.02280864
v -0.62601442 4.53270397 0.02239119
v 0.63274871 4.53187686 0.02537978
v -0.65134612 4.50387525 0.02300983
v 0.65811796 4.50286462 0.02792649
v -0.68127247 4.46619123 0.02414963
v 0.68441337 4.46985117 0.02782217
v -0.70498301 4.43357803 0.0240704
v 0.70857599 4.43613095 0.02713343
v -0.72043756 4.4102477 0.02463765
v 0.72894453 4.40507069 0.02358673
v -0.73822047 4.38130733 0.02476148
v 0.74533995 4.37783469 0.02254767
v -0.755729 4.35034345 0.02322191
v 0.76625107 4.34011032 0.02225165
v -0.77282706 4.31768346 0.02226524
v 0.77910647 4.31472497 0.02207195
v -0.78607584 4.29026282 0.02219028
v 0.79238075 4.28613805 0.02144781
v -0.79811001 4.26267379 0.02242849
v 0.80301328 4.26122747 0.022756
v -0.8113169 4.22835748 0.02277281
v 0.81509662 4.2293754 0.02299863
v -0.82353992 4.19241313 0.02372209
v -0.35206191 4.18941821 0.0256284
v -0.31947203 4.19502153 0.02581584
v -0.28855822 4.19881484 0.02650875
v -0.25744092 4.20135964 0.02659377
v -0.22690331 4.20249846 0.02645372
v -0.19582122 4.20223943 0.02398998
v -0.16240688 4.20131593 0.02289883
v -0.13350856 4.2002805 0.02388583
v -0.10464082 4.19906659 0.02364942
v -0.07827195 4.19804111 0.02416526
v -0.04541922 4.19698873 0.02438522
v -0.0111708 4.19632356 0.02431376
v 0.01471902 4.1962311 0.02352271
v 0.04275457 4.19670854 0.02466906
v 0.07413569 4.197583 0.02480589
v 0.10499599 4.198633 0.02332228
v 0.13542642 4.19978051 0.02378029
v 0.16609162 4.20084242 0.02447601
v 0.1998017 4.20162484 0.02443454
v 0.23151741 4.20177292 0.02668145
v 0.26189263 4.2005174 0.02654644
v 0.29194995 4.19772506 0.02529435
v 0.3216964 4.19371782 0.02391003
v 0.35500268 4.18776469 0.02230295
v 0.82672985 4.19457043 0.02267982
v -0.83085111 4.16675109 0.02270035
v -0.44454209 4.16145093 0.02113302
v -0.4154499 4.17282428 0.02178277
v -0.38745183 4.18111768 0.02320207
v 0.38695884 4.18042295 0.01953197
v 0.41272245 4.17331909 0.02241407
v 0.44321688 4.16202616 0.02555169
v 0.83413477 4.16830893 0.02249431
v -0.83817681 4.13522291 0.02247277
v -0.47725956 4.14456154 0.02086892
v 0.4795275 4.14398744 0.02716783
v 0.84162031 4.13565384 0.0224089
v -0.8444682 4.1022952 0.02252566
v -0.53946519 4.09961928 0.02210598
v -0.50998084 4.12299359 0.02110818
v 0.51364593 4.12016497 0.01972602
v 0.8477101 4.10242199 0.02225117
v -0.84852265 4.07509675 0.02249726
v -0.55266137 4.07585466 0.02402883
v 0.54260024 4.08872141 0.02162874
v 0.85157612 4.07366836 0.02118529
v -0.85177772 4.04642662 0.02240779
v -0.54656124 4.04139167 0.03151352
v 0.54135323 4.03725162 0.0285729
v 0.85452537 4.0432706 0.01930607
v -0.85550883 4.00786337 0.02261539
v -0.52323155 4.00499202 0.03278985
v 0.51797423 3.99869257 0.03243506
v 0.85676098 4.01255146 0.02120061
v -0.85795024 3.98008144 0.02250819
v -0.50411775 3.97521123 0.02603543
v 0.50441633 3.97526698 0.02568965
v 0.8589414 3.98110132 0.02267797
v -0.86066637 3.9536472 0.02251691
v -0.48694464 3.94921352 0.02714508
v 0.48720805 3.94924406 0.02677102
v 0.86136614 3.95338676 0.02276617
v -0.8641388 3.9262281 0.02231167
v -0.46979664 3.91944099 0.02827503
v 0.46980354 3.91944954 0.02827061
v 0.86452251 3.92605411 0.02244283
v -0.8695539 3.892676 0.02298768
v -0.45506374 3.88937623 0.02826061
v 0.45505898 3.88937848 0.02827069
v 0.86971977 3.89267011 0.02303719
v -0.8767152 3.85798297 0.02621643
v -0.44396151 3.85885995 0.02484373
v 0.4439619 3.85885967 0.02484321
v 0.87677586 3.85790928 0.02627702
v -0.88372372 3.82913856 0.03065858
v -0.43402394 3.82645283 0.02414063
v 0.43402419 3.82645297 0.02414065
v 0.88373829 3.82912889 0.03065888
v -0.88839395 3.80260332 0.03010881
v -0.42585152 3.79595812 0.0275313
v 0.4258517 3.79595812 0.02753131
v 0.88839843 3.80261158 0.0301055
v -0.89344824 3.76970965 0.02859437
v -0.42185501 3.76920685 0.02708522
v 0.42185487 3.76920685 0.02708523
v 0.89344572 3.76970755 0.02859424
v -0.89478817 3.7398682 0.02257752
v -0.42038823 3.7416712 0.02392682
v 0.42038826 3.7416712 0.02392685
v 0.89478684 3.73986651 0.02257766
v -0.89724478 3.71245456 0.02283121
v -0.42060106 3.71201873 0.02309591
v 0.42060124 3.71201887 0.02309591
v 0.89724464 3.71245442 0.02283147
v -0.89903027 3.68046352 0.02431221
v -0.42293085 3.68041757 0.025099
v 0.42293078 3.68041757 0.02509895
v 0.89903069 3.68046352 0.02431225
v -0.90076105 3.6476738 0.02751011
v -0.42779126 3.65080447 0.02844478
v 0.42779133 3.65080447 0.02844477
v 0.90076112 3.6476738 0.0275101
v -0.90148484 3.61835336 0.02838306
v -0.43747231 3.61932224 0.02863561
v 0.43747238 3.61932224 0.02863558
v 0.90148534 3.61835322 0.02838293
v -0.90074095 3.58976854 0.02720282
v -0.45171716 3.58930287 0.02614147
v 0.4517173 3.58930273 0.02614144
v 0.90074095 3.58976798 0.02720295
v -0.89696921 3.55728885 0.02257745
v -0.47279699 3.55718364 0.02543085
v 0.47279716 3.55718364 0.0254309
v 0.89696921 3.55728885 0.02257752
v -0.89407376 3.5248687 0.02203504
v -0.49945747 3.52603792 0.0261177
v 0.49945765 3.52603771 0.02611781
v 0.89407376 3.5248687 0.02203501
v -0.89305178 3.49708704 0.02625569
v -0.5233472 3.50266963 0.03132631
v 0.52334734 3.50266949 0.03132635
v 0.89305164 3.4970869 0.0262558
v -0.89088803 3.47078225 0.0312445
v -0.56900002 3.46685109 0.02665276
v -0.54987586 3.48043742 0.03147324
v 0.5498761 3.48043728 0.03147328
v 0.56900012 3.46685095 0.02665276
v 0.89088803 3.47078211 0.03124451
v -0.88512263 3.44313557 0.03356303
v -0.62721943 3.42794608 0.02735539
v -0.59567339 3.44783536 0.02625796
v 0.59567353 3.44783536 0.02625794
v 0.62721922 3.4279458 0.02735572
v 0.88512284 3.44313536 0.03356303
v -0.86860477 3.40914364 0.03062741
v -0.68797069 3.39713399 0.02558207
v -0.6581852 3.41337811 0.02428008
v 0.65818485 3.41337867 0.02428031
v 0.68797573 3.3971356 0.02557645
v 0.86860463 3.40914364 0.03062739
v -0.85515845 3.38128935 0.03126187
v -0.83593294 3.37745366 0.01756989
v -0.71726739 3.37670339 0.02917719
v 0.71726718 3.37670129 0.02918123
v 0.83593308 3.37745366 0.01756988
v 0.85515859 3.38128935 0.03126187
v -0.83945797 3.35449388 0.03930696
v -0.80960384 3.34677627 0.03084213
v -0.78009609 3.34790682 0.02908973
v -0.74926362 3.35537941 0.03227114
v 0.74926369 3.35537941 0.03227131
v 0.78009602 3.34790689 0.02908967
v 0.80960398 3.3467762 0.0308421
v 0.83945832 3.35449388 0.03930695
v -0.07625993 4.79307638 -0.00922905
v -0.04575927 4.79594774 -0.01140543
v -0.0141909 4.79749157 -0.01079969
v 0.01415013 4.797535 -0.01071705
v 0.04562723 4.79608559 -0.01155357
v 0.07600679 4.79329829 -0.01039138
v -0.22825573 4.76597782 -0.00901836
v -0.20155733 4.7727505 -0.00819489
v -0.16833873 4.77980056 -0.00987739
v -0.13510017 4.78546706 -0.0104947
v -0.10651737 4.78943115 -0.01008816
v 0.10632121 4.78986376 -0.01021115
v 0.13503009 4.78610729 -0.01020509
v 0.16826329 4.7807843 -0.00991086
v 0.20176616 4.77408475 -0.01002597
v 0.22871669 4.76745553 -0.01070179
v -0.32098143 4.73520209 -0.00822182
v -0.29056427 4.74638154 -0.00966224
v -0.25719446 4.7574366 -0.00995671
v 0.25528192 4.75968398 -0.00944682
v 0.28922086 4.74850928 -0.00583844
v 0.32177927 4.73692243 -0.00530537
v -0.40038512 4.70131123 -0.01106771
v -0.37515863 4.71279553 -0.00827702
v -0.35003374 4.72347794 -0.00707324
v 0.35039998 4.72576371 -0.00622804
v 0.37872852 4.7139118 -0.0088152
v 0.40418663 4.70212882 -0.00771654
v -0.43989719 4.68109364 -0.00849462
v 0.43971706 4.68455409 -0.01009277
v 0.465589 4.67037383 -0.01045598
v -0.4970665 4.6459872 -0.00937578
v -0.47014691 4.66384113 -0.0097276
v 0.49718432 4.65018552 -0.00760003
v -0.53341676 4.61888724 -0.00642686
v 0.53533696 4.62256287 -0.00965534
v -0.56584686 4.59191378 -0.00578404
v 0.56406782 4.5990783 -0.00928403
v 0.58675098 4.57856413 -0.00625011
v -0.59726472 4.56249681 -0.00935957
v 0.61208023 4.55372247 -0.00838349
v -0.6267705 4.53184772 -0.01066543
v 0.63346389 4.5309528 -0.00720964
v -0.65196793 4.50270968 -0.01002841
v 0.65752592 4.50303161 -0.00407137
v -0.680561 4.46618535 -0.01034674
v 0.68352461 4.47000163 -0.00386327
v -0.70425368 4.43339339 -0.01021271
v 0.70661363 4.43787021 -0.00500997
v -0.71982171 4.40986132 -0.00978295
v 0.72487944 4.41010313 -0.00878944
v -0.73817522 4.3799466 -0.00973155
v 0.74266858 4.38058235 -0.00961721
v -0.7550597 4.3500599 -0.01084022
v 0.76506854 4.34049278 -0.01019108
v -0.77196366 4.31784989 -0.01117273
v 0.77786398 4.31563515 -0.01033102
v -0.78542426 4.29016826 -0.010855
v 0.79034519 4.28907021 -0.01025253
v -0.79777946 4.26210754 -0.01007025
v 0.80186718 4.26236503 -0.00991488
v -0.8109626 4.22813067 -0.00917548
v 0.81475374 4.22857322 -0.01015338
v -0.82327101 4.19225287 -0.00735504
v -0.35217405 4.18665165 -0.00485805
v -0.32075988 4.19224152 -0.00187713
v -0.29017192 4.19637147 -0.00141044
v -0.25907901 4.19903717 -0.00443147
v -0.22812296 4.20044693 -0.00691851
v -0.19985693 4.20056868 -0.01002698
v -0.1665965 4.20007134 -0.01025163
v -0.13497382 4.19919884 -0.00912832
v -0.10501516 4.19799376 -0.00990613
v -0.07843938 4.19696715 -0.00920612
v -0.04543221 4.19599056 -0.00731825
v -0.01304401 4.19543117 -0.00725304
v 0.01250446 4.19532694 -0.00826684
v 0.0419207 4.19570939 -0.00668282
v 0.07327249 4.19647851 -0.00680292
v 0.10294936 4.19744193 -0.00967204
v 0.13401984 4.19857879 -0.00931386
v 0.16445445 4.19957261 -0.0067105
v 0.19830044 4.20005047 -0.00742453
v 0.23139551 4.19977841 -0.00566573
v 0.26235082 4.1980568 -0.00597105
v 0.29200874 4.19489769 -0.00818035
v 0.32061274 4.19090615 -0.00870549
v 0.35187782 4.18556719 -0.00828913
v 0.82676221 4.19272792 -0.01026672
v -0.83059748 4.1667417 -0.00931966
v -0.44267902 4.15843836 -0.01072724
v -0.41154118 4.17052717 -0.01136827
v -0.38124821 4.17958884 -0.00996336
v 0.38016319 4.17934017 -0.0088165
v 0.41015216 4.17058923 -0.00926362
v 0.44367064 4.15798418 -0.0082256
v 0.83388554 4.16745422 -0.01057593
v -0.83809017 4.13522459 -0.01034438
v -0.47436519 4.14124035 -0.01081764
v 0.47585242 4.14159465 -0.00683353
v 0.84130496 4.13556922 -0.01052361
v -0.84466419 4.10228764 -0.01045054
v -0.51029759 4.11460283 -0.0131198
v 0.51156064 4.11570425 -0.01067216
v 0.84764664 4.10244664 -0.01045712
v -0.8489596 4.07504016 -0.01056268
v -0.54434038 4.08368617 -0.00901379
v 0.54440366 4.07842678 -0.00670196
v 0.85178388 4.07370395 -0.01068717
v -0.85221621 4.04617081 -0.01038519
v -0.55905131 4.04666282 -0.00727384
v 0.56052352 4.04838667 -0.01452014
v 0.85485522 4.04345664 -0.01166385
v -0.85523158 4.00794239 -0.00942532
v -0.54630337 4.00938941 -0.00216
v 0.55088012 4.01542114 -0.00126941
v 0.85671573 4.01310343 -0.01058264
v -0.85658236 3.97990072 -0.01049652
v -0.52154171 3.97290585 -0.00485091
v 0.52048985 3.97526054 0.00023212
v 0.85785063 3.98136595 -0.0103334
v -0.85752701 3.95376908 -0.01069393
v -0.50044738 3.94563833 -0.00465052
v 0.50035526 3.94519844 -0.00490943
v 0.85851271 3.95341394 -0.01046132
v -0.85873476 3.92639748 -0.01010331
v -0.4847319 3.92108219 -0.00470709
v 0.48475473 3.92097684 -0.00486598
v 0.85934291 3.92608325 -0.01030901
v -0.86087539 3.89326999 -0.00944746
v -0.46794373 3.89021778 -0.00409497
v 0.46794523 3.89021834 -0.00410138
v 0.86114829 3.89363872 -0.01008103
v -0.86430838 3.85988193 -0.0088798
v -0.4552175 3.85911941 -0.00602972
v 0.45521764 3.85912095 -0.00602804
v 0.86447761 3.85992718 -0.00888779
v -0.8689613 3.83117986 -0.0067413
v -0.44402053 3.82798741 -0.00561237
v 0.44402067 3.82798727 -0.00561224
v 0.86906273 3.83116263 -0.00666307
v -0.8742319 3.80183518 -0.0051598
v -0.4358998 3.79618535 -0.00478293
v 0.4358999 3.79618535 -0.0047829
v 0.87428612 3.80187217 -0.00514925
v -0.88146955 3.76644855 -0.0011742
v -0.43197154 3.76780676 -0.00739553
v 0.43197147 3.76780648 -0.00739551
v 0.88148202 3.76646438 -0.00117719
v -0.88241777 3.73814042 -0.00629149
v -0.43030142 3.73950395 -0.01056388
v 0.43030159 3.73950409 -0.01056386
v 0.88241602 3.73814056 -0.00629223
v -0.88454915 3.71218544 -0.0058873
v -0.43044953 3.71047771 -0.01142478
v 0.43044971 3.71047771 -0.01142478
v 0.88454817 3.71218601 -0.0058871
v -0.88615932 3.67882471 -0.00455943
v -0.43300284 3.67834124 -0.00976812
v 0.43300291 3.67834124 -0.00976814
v 0.88615897 3.67882513 -0.00455883
v -0.88790916 3.64514175 -0.00122431
v -0.43814227 3.64802964 -0.0068281
v 0.43814245 3.64802936 -0.00682811
v 0.88790909 3.64514231 -0.00122486
v -0.88928382 3.6174279 0.00192449
v -0.44554495 3.62087588 -0.00440005
v 0.44554502 3.62087588 -0.00440007
v 0.88928396 3.61742818 0.00192428
v -0.88774504 3.58953501 0.00129914
v -0.45794554 3.59366398 -0.00480053
v 0.45794571 3.59366398 -0.00480054
v 0.88774686 3.58953585 0.00129816
v -0.88136826 3.55643932 -0.00564125
v -0.47702861 3.56397369 -0.00481592
v 0.47702872 3.56397369 -0.00481595
v 0.88136798 3.55644016 -0.00563965
v -0.87528954 3.52373885 -0.00910474
v -0.50604295 3.53194566 -0.00666946
v 0.50604313 3.53194538 -0.00666944
v 0.87528975 3.52373842 -0.00910413
v -0.87069818 3.49518261 -0.00732037
v -0.53661955 3.5056801 -0.00701106
v 0.53661979 3.50567996 -0.00701108
v 0.87069776 3.49518016 -0.00732312
v -0.86521668 3.46936598 -0.00471248
v -0.59749615 3.45942375 -0.00376725
v -0.5685181 3.47828804 -0.00103273
v 0.56851831 3.4782879 -0.00103275
v 0.59749587 3.45942354 -0.00376683
v 0.86521675 3.46936647 -0.00471183
v -0.85806553 3.44166592 0.00037348
v -0.65627265 3.42803749 -0.00312642
v -0.62506739 3.44316394 -0.00287594
v 0.62506669 3.44316471 -0.00287485
v 0.65629051 3.4280433 -0.00314741
v 0.85806567 3.44166571 0.00037345
v -0.83860683 3.40900628 0.0009036
v -0.80772322 3.40273633 -0.01122166
v -0.77980911 3.40370774 -0.01555399
v -0.74756134 3.40300005 -0.01152802
v -0.71946447 3.40158448 -0.00177004
v -0.68697119 3.41425677 -0.0016014
v 0.6869637 3.41424396 -0.00158094
v 0.71947806 3.40158686 -0.00179858
v 0.74755819 3.4029913 -0.01151148
v 0.7798082 3.40370129 -0.01556778
v 0.80772329 3.40273752 -0.01122027
v 0.83860676 3.40900621 0.00090358
v -0.80955705 3.37704108 0.00720386
v -0.77973087 3.38017231 0.00318344
v -0.74659161 3.38391785 0.00609194
v 0.74659161 3.38391407 0.00609249
v 0.77973087 3.38017273 0.00318405
v 0.80955698 3.37704115 0.00720388
v -0.0762324 4.79304668 -0.03492495
v -0.04557238 4.79609876 -0.03650875
v -0.01438844 4.79776475 -0.03776885
v 0.01449747 4.79781182 -0.03790376
v 0.04553364 4.79624081 -0.0376378
v 0.07606377 4.79324113 -0.03810917
v -0.22770359 4.76677075 -0.0386854
v -0.20066627 4.77303489 -0.03863466
v -0.16744636 4.77953887 -0.03883312
v -0.13450954 4.78501204 -0.03840606
v -0.10613135 4.78916497 -0.03709454
v 0.10599838 4.78960487 -0.03836507
v 0.13457085 4.78564807 -0.03846304
v 0.16775174 4.7803699 -0.0383803
v 0.20099711 4.77416012 -0.03821063
v 0.22743121 4.76830421 -0.03787703
v 0.25314903 4.76118943 -0.03805352
v -0.32234983 4.73605525 -0.03862486
v -0.28985828 4.74777912 -0.03849525
v -0.25578147 4.75882185 -0.03911643
v 0.28812724 4.75013157 -0.03689218
v 0.32183982 4.73828975 -0.03696933
v -0.40122155 4.70202739 -0.03805953
v -0.3753535 4.71402892 -0.03838055
v -0.35025992 4.72486263 -0.03876151
v 0.35103537 4.72688474 -0.03741758
v 0.38243344 4.71353047 -0.0390614
v -0.44135297 4.68156394 -0.03703731
v 0.41046274 4.70044125 -0.03939516
v 0.44275783 4.68424448 -0.04019382
v 0.46489704 4.67191065 -0.03970953
v -0.49830335 4.64605164 -0.03771621
v -0.47107289 4.66440248 -0.03875365
v 0.49636344 4.65164585 -0.03776832
v -0.53271483 4.62024488 -0.03733035
v 0.53505327 4.62330452 -0.03825629
v -0.56250133 4.59519603 -0.03766219
v 0.5644965 4.59887628 -0.03717546
v 0.58813034 4.57716838 -0.03413537
v -0.59548525 4.56393599 -0.03876309
v 0.61202167 4.55336131 -0.0373195
v -0.62636998 4.53166167 -0.03817786
v 0.63234174 4.53132153 -0.03868198
v -0.65247415 4.50113727 -0.03725955
v 0.65617514 4.50318137 -0.03758251
v -0.67987182 4.46559303 -0.03893786
v 0.68351158 4.46801132 -0.03718
v -0.70304251 4.43325175 -0.03814015
v 0.70547586 4.43745834 -0.03661045
v -0.71879483 4.40927994 -0.0388099
v 0.72111491 4.41375284 -0.03762553
v -0.73745213 4.37898346 -0.038018
v 0.74032958 4.38202083 -0.03733222
v -0.75387767 4.3499313 -0.03852845
v 0.76365108 4.34047415 -0.03766024
v -0.77071613 4.31795384 -0.0385848
v 0.77673286 4.31525732 -0.03749313
v -0.7844331 4.28972444 -0.0382186
v 0.78857209 4.29024713 -0.03717331
v -0.79739777 4.26028212 -0.03717985
v 0.80049846 4.26269565 -0.0373438
v -0.80958633 4.22877622 -0.03763231
v 0.81354243 4.22843831 -0.03746367
v -0.82101473 4.19533282 -0.03695142
v -0.32416551 4.18797861 -0.03531516
v -0.29169997 4.19266446 -0.03352902
v -0.25919394 4.19557714 -0.03618648
v -0.22986714 4.19702375 -0.03902705
v -0.20264234 4.19774243 -0.03953307
v -0.1680126 4.19813077 -0.03608386
v -0.13455558 4.19768191 -0.03447278
v -0.10505691 4.19659674 -0.03622004
v -0.0789484 4.19564901 -0.03698343
v -0.04565512 4.19498483 -0.03662341
v -0.0133229 4.19486281 -0.0363563
v 0.01259187 4.1948268 -0.0359511
v 0.04422349 4.1948198 -0.03495757
v 0.07618496 4.19517031 -0.03588704
v 0.10423247 4.19594139 -0.03673139
v 0.13464031 4.19690299 -0.03615041
v 0.16371912 4.19759673 -0.03414321
v 0.19629036 4.19758959 -0.03545643
v 0.22997456 4.19658386 -0.03668619
v 0.26091614 4.19464917 -0.03710659
v 0.29237133 4.19139956 -0.03795699
v 0.32170305 4.18727577 -0.03904067
v 0.8257597 4.1919399 -0.03691638
v -0.82900706 4.16784928 -0.0377385
v -0.4127925 4.16600019 -0.03771645
v -0.37964572 4.1767455 -0.03725544
v -0.35445148 4.18286983 -0.03574179
v 0.35052459 4.1824487 -0.03833759
v 0.37722536 4.17654853 -0.03717836
v 0.41127522 4.16582451 -0.03848943
v 0.8326233 4.16724856 -0.03795578
v -0.8368792 4.13539523 -0.03805858
v -0.47459221 4.13569391 -0.0392146
v -0.44699145 4.15151845 -0.03869437
v 0.44770369 4.15101019 -0.03872693
v 0.47652981 4.13457484 -0.03851327
v 0.83997106 4.13569139 -0.03817366
v -0.8436649 4.10224505 -0.03795067
v -0.50609847 4.10962882 -0.04159666
v 0.50977827 4.10784417 -0.03887741
v 0.84650376 4.10260999 -0.03798009
v -0.84815714 4.07463501 -0.03790616
v -0.53810464 4.07848576 -0.04080705
v 0.54084424 4.07570966 -0.04035868
v 0.85072828 4.07520939 -0.0378904
v -0.85164379 4.04491852 -0.03691976
v -0.56191017 4.04785082 -0.03909037
v 0.56054653 4.04830864 -0.03985555
v 0.85386175 4.04639945 -0.0380611
v -0.85462743 4.0067995 -0.03505795
v -0.56567091 4.01342088 -0.03467341
v 0.56504665 4.0131243 -0.03563992
v 0.85609246 4.01317152 -0.03754223
v -0.85562882 3.97870572 -0.03710277
v -0.54617375 3.97391144 -0.03423105
v 0.54576156 3.97295068 -0.03518913
v 0.85696804 3.9813165 -0.03812608
v -0.85572821 3.95375619 -0.03776125
v -0.5210573 3.94296367 -0.03375206
v 0.52106542 3.94272047 -0.03425408
v 0.85688279 3.95408807 -0.03795974
v -0.85566223 3.92704471 -0.03596829
v -0.50393192 3.9188449 -0.03517253
v 0.50398015 3.91892489 -0.03504781
v 0.85648234 3.92787406 -0.03630604
v -0.85581857 3.89341401 -0.03340325
v -0.48446978 3.8886584 -0.03443491
v 0.48445234 3.888664 -0.03438543
v 0.8561513 3.894776 -0.03517819
v -0.85641775 3.86008241 -0.03284882
v -0.46987415 3.8600429 -0.0339294
v 0.4698726 3.86004038 -0.03393193
v 0.85666019 3.86058352 -0.03346599
v -0.85750887 3.83205699 -0.03367727
v -0.45845625 3.83079222 -0.0333024
v 0.45845681 3.83079222 -0.03330377
v 0.85772504 3.83219652 -0.03362591
v -0.85892529 3.80330042 -0.03577616
v -0.45100082 3.79807059 -0.03589302
v 0.45100075 3.79807059 -0.03589252
v 0.85907967 3.80341684 -0.03573031
v -0.86261619 3.76962433 -0.03452954
v -0.44421704 3.76650501 -0.03587513
v 0.44421694 3.76650501 -0.03587513
v 0.86268498 3.7696941 -0.03454488
v -0.86360371 3.73959137 -0.03747914
v -0.440906 3.73776623 -0.03538148
v 0.44090621 3.73776609 -0.03538146
v 0.86361954 3.73960706 -0.03749572
v -0.86547165 3.71213249 -0.0365591
v -0.44049339 3.70985933 -0.03502806
v 0.44049364 3.70985947 -0.03502797
v 0.8654755 3.71213137 -0.036571
v -0.86596246 3.6782244 -0.0362726
v -0.44361548 3.67973615 -0.03551839
v 0.44361544 3.67973615 -0.03551841
v 0.86596183 3.67822482 -0.03627711
v -0.86532812 3.64433453 -0.03592797
v -0.45138314 3.64980392 -0.03781189
v 0.45138328 3.64980406 -0.03781186
v 0.86532385 3.64433705 -0.03592557
v -0.86548341 3.61714757 -0.0337624
v -0.45939046 3.62144928 -0.03535104
v 0.4593906 3.62144942 -0.03535105
v 0.86547038 3.61714309 -0.03375303
v -0.86447719 3.58972273 -0.03203776
v -0.47014736 3.59407754 -0.03242193
v 0.4701475 3.59407754 -0.03242193
v 0.86447432 3.58972848 -0.03204372
v -0.86140193 3.55678564 -0.03222904
v -0.48774048 3.56678719 -0.03114596
v 0.48774062 3.56678733 -0.03114598
v 0.86140214 3.55678508 -0.03223589
v -0.85472514 3.52346938 -0.03319782
v -0.53671618 3.5215964 -0.03596274
v -0.51202579 3.5404873 -0.03191219
v 0.51202586 3.54048716 -0.03191217
v 0.53671653 3.52159626 -0.03596273
v 0.85472395 3.52346889 -0.03319796
v -0.84411699 3.49553018 -0.03457156
v -0.56820744 3.49872053 -0.03614557
v 0.56820744 3.49872046 -0.03614546
v 0.84411531 3.49553327 -0.03456577
v -0.83533411 3.47199042 -0.03363285
v -0.628393 3.46067128 -0.03284636
v -0.59758476 3.4779951 -0.03389036
v 0.59758385 3.47799594 -0.03388901
v 0.6284159 3.46067745 -0.03287456
v 0.83533313 3.47198187 -0.03364512
v -0.83242443 3.44264868 -0.02229034
v -0.80533141 3.43835089 -0.03352191
v -0.77957851 3.43438681 -0.0373745
v -0.74878856 3.43165582 -0.03708903
v -0.71752082 3.43298307 -0.0353878
v -0.68868117 3.43751516 -0.03349785
v -0.65950846 3.44628004 -0.03256798
v 0.65948969 3.44626085 -0.0325365
v 0.68846697 3.43745807 -0.03323491
v 0.71756761 3.43314201 -0.03559939
v 0.74885749 3.43175165 -0.03690641
v 0.77956927 3.43437938 -0.03735146
v 0.80532959 3.43833968 -0.03354184
v 0.83242471 3.4426498 -0.02228904
v -0.04364538 4.79462582 -0.06246806
v -0.01316717 4.79658712 -0.06362781
v 0.01369348 4.79661486 -0.06387405
v 0.0436323 4.79484604 -0.06267136
v -0.22550023 4.76561666 -0.06478533
v -0.19869398 4.77087016 -0.0663924
v -0.16750325 4.77626572 -0.06692206
v -0.13505994 4.78160889 -0.06650621
v -0.10695506 4.78603192 -0.06605727
v -0.07801618 4.79031542 -0.06423286
v 0.07774077 4.79069703 -0.06537045
v 0.10666228 4.78661751 -0.06620311
v 0.13495244 4.78234242 -0.06632364
v 0.16792871 4.77710236 -0.06649834
v 0.19964991 4.77183261 -0.06529094
v 0.22687539 4.76666708 -0.06353548
v -0.32176088 4.73630014 -0.06526216
v -0.2901432 4.74702093 -0.06581887
v -0.25587549 4.75739289 -0.06633406
v 0.25549989 4.75907598 -0.06559657
v 0.28974687 4.74904388 -0.06529501
v 0.32176186 4.73840742 -0.06489859
v -0.40188121 4.70233756 -0.06598916
v -0.37500722 4.71483474 -0.06655206
v -0.34926956 4.72570935 -0.06619091
v 0.35051177 4.72758969 -0.06560975
v 0.37913259 4.71578373 -0.06703014
v 0.4055027 4.70359756 -0.06874425
v -0.44220498 4.68174522 -0.06595003
v 0.43978144 4.68623045 -0.06719553
v 0.46464957 4.67239538 -0.06565222
v -0.49873501 4.64604744 -0.06605016
v -0.47159978 4.66459133 -0.06810373
v 0.49708005 4.65141148 -0.06522108
v -0.53263504 4.62028635 -0.06624793
v 0.53516912 4.62301943 -0.06572316
v -0.56241485 4.59490856 -0.06638851
v 0.5657834 4.59710872 -0.06543933
v -0.59475718 4.56401346 -0.06611517
v 0.59070848 4.57386259 -0.0640073
v 0.61225395 4.55199316 -0.0663038
v -0.62457818 4.53240193 -0.06535569
v 0.63042806 4.53198515 -0.06755095
v -0.65223922 4.49953796 -0.06454938
v 0.65421888 4.50353329 -0.06712002
v -0.67898951 4.46456643 -0.06598154
v 0.68310384 4.46593836 -0.0664783
v -0.70028687 4.43477541 -0.06445546
v 0.70515561 4.43510967 -0.06453152
v -0.71669384 4.40948447 -0.06731656
v 0.72018049 4.4119291 -0.0653767
v -0.73590206 4.37851065 -0.06525968
v 0.73961034 4.3797953 -0.06497551
v -0.75225104 4.34964985 -0.06547196
v 0.76094741 4.34181904 -0.06496831
v -0.76920865 4.31752235 -0.06546802
v 0.77471804 4.31543524 -0.06443961
v -0.7830819 4.28876172 -0.06561101
v 0.78667012 4.29027165 -0.06436592
v -0.79670515 4.25766629 -0.06440009
v 0.79916197 4.261251 -0.06457673
v -0.80800201 4.22792921 -0.06576954
v 0.81169873 4.22828561 -0.06396515
v -0.81871475 4.19610207 -0.06552856
v -0.29209265 4.18767923 -0.06840106
v -0.25668431 4.19136341 -0.06665319
v -0.22860302 4.19304678 -0.06736699
v -0.19988194 4.19408487 -0.06716253
v -0.16691218 4.19499492 -0.06377037
v -0.13666943 4.19483731 -0.06395508
v -0.10691118 4.19430734 -0.06490886
v -0.07886742 4.19403163 -0.06555371
v -0.04568527 4.19416178 -0.06649371
v -0.01252515 4.19462143 -0.06577078
v 0.01337705 4.19461008 -0.06445773
v 0.04466469 4.19404508 -0.06373133
v 0.07685313 4.19359594 -0.06532625
v 0.10650403 4.1936171 -0.06603554
v 0.13817423 4.1938058 -0.06734829
v 0.16784806 4.19396999 -0.06617597
v 0.19805858 4.19356512 -0.0660737
v 0.22947255 4.19212804 -0.06812155
v 0.25913677 4.19027293 -0.06807416
v 0.29306159 4.1866333 -0.0697782
v 0.82337082 4.19335666 -0.06264216
v -0.8272636 4.16697398 -0.06443545
v -0.41559934 4.15938063 -0.06683022
v -0.38085259 4.17131968 -0.06731239
v -0.35391779 4.17829241 -0.06801219
v -0.32625977 4.18288173 -0.07072741
v 0.32438434 4.18207381 -0.07194997
v 0.35146805 4.17751125 -0.06985464
v 0.37858349 4.17109217 -0.06787738
v 0.41286825 4.15978466 -0.06755371
v 0.83053738 4.1674276 -0.06412426
v -0.83487334 4.13521283 -0.06525282
v -0.47372475 4.12810616 -0.06691447
v -0.44860852 4.14415555 -0.06703991
v 0.44777107 4.14370473 -0.06793178
v 0.83776137 4.13595868 -0.06556822
v -0.84155622 4.10244384 -0.06554098
v -0.50181602 4.10281817 -0.0680056
v 0.4793045 4.12132256 -0.07036883
v 0.84433567 4.10298292 -0.06550455
v -0.84619296 4.07477958 -0.06558234
v -0.52598925 4.07759378 -0.06705007
v 0.51416477 4.08854447 -0.07050039
v 0.8486855 4.07565965 -0.06544894
v -0.84972367 4.04668047 -0.06542636
v -0.55007475 4.04777544 -0.06847553
v 0.54475495 4.05458973 -0.06811347
v 0.85202905 4.04632478 -0.06538707
v -0.8526996 4.01130239 -0.06453747
v -0.56860341 4.01499217 -0.06697697
v 0.56641844 4.01746566 -0.06797761
v 0.85473768 4.01091559 -0.06436851
v -0.85400934 3.98032464 -0.06565696
v -0.56844819 3.97927492 -0.06377676
v 0.56879002 3.97825826 -0.06410407
v 0.85569053 3.98070387 -0.06521606
v -0.85407413 3.95342403 -0.0659006
v -0.55056851 3.94688433 -0.0596807
v 0.55046278 3.94639078 -0.06100261
v 0.85554469 3.95534933 -0.06465296
v -0.85326152 3.92635083 -0.06533495
v -0.53269185 3.92075297 -0.06148447
v 0.53286679 3.92080116 -0.06192916
v 0.85461671 3.92981968 -0.06270229
v -0.85160428 3.89315918 -0.06449705
v -0.50758983 3.88732457 -0.06213306
v 0.50761368 3.88737318 -0.06209882
v 0.85242271 3.89515677 -0.06400015
v -0.8496111 3.86014069 -0.06436344
v -0.50533825 3.86406975 -0.07425647
v -0.48719047 3.86172346 -0.0575644
v 0.48718143 3.8617215 -0.05754409
v 0.50533068 3.86406442 -0.07424374
v 0.8501478 3.86052959 -0.06423164
v -0.8478897 3.83245331 -0.06463837
v -0.47949153 3.83275381 -0.06211638
v 0.47949272 3.83275521 -0.06212124
v 0.84829892 3.83263754 -0.0644694
v -0.84598051 3.8041047 -0.06601206
v -0.47203502 3.7995595 -0.06620166
v 0.47203491 3.79955754 -0.06620317
v 0.84628171 3.80434005 -0.06596796
v -0.84507018 3.77212808 -0.06560941
v -0.45930119 3.76603836 -0.06036413
v 0.45930094 3.76603878 -0.0603636
v 0.84523493 3.77227168 -0.06566303
v -0.84470762 3.74019601 -0.0655374
v -0.45531966 3.73672562 -0.05932442
v 0.45532053 3.73672492 -0.05932398
v 0.84475749 3.74019826 -0.06558393
v -0.84513266 3.71201117 -0.06358695
v -0.45570495 3.70968436 -0.06000152
v 0.45570327 3.70968576 -0.06000289
v 0.84513561 3.71196214 -0.06361024
v -0.84302433 3.679925 -0.06400226
v -0.45855382 3.68146561 -0.06064433
v 0.45855449 3.68146575 -0.06064364
v 0.84302622 3.67990006 -0.06403031
v -0.83724596 3.6460532 -0.06823054
v -0.46813947 3.65143895 -0.06514856
v 0.46813944 3.65143895 -0.06514863
v 0.83723749 3.64604619 -0.06820212
v -0.83483418 3.61738923 -0.06702093
v -0.47828851 3.62137629 -0.0644804
v 0.47828862 3.62137601 -0.06448046
v 0.83480385 3.61738447 -0.06699198
v -0.83365256 3.59038327 -0.06366001
v -0.48699917 3.59649121 -0.05947343
v 0.48699931 3.59649093 -0.05947346
v 0.83359232 3.59035203 -0.06362817
v -0.83269306 3.55877833 -0.05889988
v -0.51119276 3.56750335 -0.0607462
v 0.51119293 3.56750335 -0.06074623
v 0.83271884 3.55872159 -0.05902079
v -0.82758428 3.52424374 -0.05553386
v -0.80446521 3.52569812 -0.06999819
v -0.56736124 3.52422777 -0.066268
v -0.53508633 3.54192312 -0.05910847
v 0.53508661 3.54192312 -0.05910844
v 0.56736057 3.52422791 -0.06626684
v 0.80442591 3.52556293 -0.07019517
v 0.82757818 3.52430594 -0.05555299
v -0.81117653 3.49919125 -0.05797293
v -0.77778553 3.49680805 -0.07181783
v -0.5984822 3.50219037 -0.06279334
v 0.59849334 3.5021938 -0.0628079
v 0.77799308 3.49693504 -0.07160256
v 0.81121463 3.49936132 -0.05781121
v -0.80556284 3.47088725 -0.05066062
v -0.77827698 3.46679099 -0.05719202
v -0.74826069 3.46521101 -0.0615374
v -0.71705536 3.46672388 -0.06457102
v -0.68818209 3.46794795 -0.06363488
v -0.66239557 3.47075297 -0.06113421
v -0.63398903 3.481346 -0.06001944
v 0.63397117 3.48133843 -0.05999872
v 0.66201179 3.47069077 -0.06060562
v 0.68801083 3.46811963 -0.06348584
v 0.71663515 3.46719838 -0.06409215
v 0.74858991 3.46558331 -0.06147223
v 0.77838583 3.46703923 -0.0567579
v 0.80555486 3.47088949 -0.05064461
v -0.04010845 4.79185841 -0.09061139
v -0.01107844 4.79418928 -0.0908765
v 0.01245585 4.79417163 -0.09152737
v 0.04037385 4.79207275 -0.09090094
v -0.22346313 4.76096303 -0.09296039
v -0.19730253 4.76579962 -0.09605915
v -0.17018767 4.77021257 -0.09876684
v -0.13833612 4.77571123 -0.09896851
v -0.10752825 4.78107317 -0.09862507
v -0.07723217 4.7862642 -0.09604083
v 0.07686746 4.78675368 -0.09612121
v 0.1070053 4.78176299 -0.09835388
v 0.13804668 4.77653554 -0.09857717
v 0.17006073 4.77124533 -0.09774285
v 0.19663338 4.76719663 -0.09401494
v 0.22389081 4.76214262 -0.09234117
v -0.32058273 4.73391547 -0.0973581
v -0.29188073 4.74231659 -0.09789462
v -0.25786223 4.75167932 -0.09687376
v 0.25689185 4.75328787 -0.09741974
v 0.29037336 4.7444872 -0.09776699
v 0.31997104 4.73619591 -0.09656634
v -0.40430529 4.70099 -0.09911844
v -0.37554136 4.71392665 -0.09940059
v -0.34774657 4.72468611 -0.09868002
v 0.35012687 4.72601924 -0.09886344
v 0.37964463 4.71480644 -0.0999209
v 0.40697021 4.70268975 -0.09983817
v -0.44161939 4.68187438 -0.09880022
v 0.44011314 4.68591594 -0.09818043
v 0.46546085 4.67164756 -0.0976859
v -0.49791785 4.64623698 -0.09858038
v -0.47069502 4.66481996 -0.10030598
v 0.497684 4.65053435 -0.09832345
v -0.53220411 4.61974517 -0.09861046
v 0.53358092 4.62333156 -0.09907925
v -0.56444348 4.59184443 -0.09669172
v 0.56421912 4.59701444 -0.09829301
v -0.59514748 4.56218412 -0.09584243
v 0.59006083 4.57255076 -0.09719639
v 0.61226018 4.54945397 -0.09909746
v -0.62331139 4.53142828 -0.09757423
v 0.62757849 4.53255295 -0.09947824
v -0.65139515 4.49734382 -0.09892968
v 0.65183421 4.50355402 -0.0977394
v -0.67609784 4.46490405 -0.0991393
v 0.67973046 4.46708264 -0.09594422
v -0.69363222 4.44047959 -0.09565512
v 0.70112764 4.4368691 -0.0941768
v -0.71141652 4.41302043 -0.09843282
v 0.71754996 4.41103699 -0.09726353
v -0.73173204 4.38055377 -0.09611962
v 0.73665562 4.37955882 -0.09760133
v -0.7494718 4.34949392 -0.09685947
v 0.75481762 4.34730552 -0.09800563
v -0.76738015 4.31581013 -0.09672431
v 0.77051384 4.31751423 -0.09724637
v -0.78052793 4.28847663 -0.09707239
v 0.78397654 4.28924 -0.09742077
v -0.79376655 4.25813056 -0.09573609
v 0.79816451 4.25592969 -0.0976469
v -0.80510523 4.22765 -0.09768553
v 0.80923483 4.2263278 -0.09784884
v -0.81579534 4.19530831 -0.09746534
v -0.25762635 4.18579554 -0.09787403
v -0.22864612 4.18787088 -0.0968754
v -0.19762235 4.18942312 -0.09577388
v -0.16670001 4.19088513 -0.09299461
v -0.13860209 4.19119362 -0.09438412
v -0.10571439 4.19198683 -0.09307031
v -0.07474406 4.19299214 -0.09417731
v -0.04392345 4.19399577 -0.09764284
v -0.01194822 4.19475564 -0.0983218
v 0.01426665 4.19472117 -0.09655223
v 0.04522452 4.19384223 -0.09282219
v 0.07661044 4.19253712 -0.0917807
v 0.1065476 4.19126591 -0.09378999
v 0.13851675 4.1900887 -0.09816419
v 0.16980292 4.1894531 -0.09786893
v 0.19917325 4.18837536 -0.09829296
v 0.23014776 4.18680337 -0.09866394
v 0.25963895 4.18524637 -0.09640721
v 0.81914287 4.19593971 -0.09698671
v -0.82460505 4.16521497 -0.09536854
v -0.38329028 4.16297151 -0.09835294
v -0.35241568 4.17220759 -0.09602994
v -0.3255696 4.17780292 -0.09768753
v -0.2929505 4.18211472 -0.09918726
v 0.2936675 4.18120958 -0.09893814
v 0.32578871 4.17566384 -0.10214371
v 0.35215262 4.17003936 -0.10136251
v 0.38206243 4.16129991 -0.10156528
v 0.8270756 4.16776943 -0.09633972
v -0.83186252 4.13410189 -0.09707646
v -0.4474262 4.13305315 -0.09965482
v -0.41685234 4.15017817 -0.09926461
v 0.41646078 4.14883804 -0.10096193
v 0.44662259 4.13293743 -0.1006601
v 0.83422246 4.13627656 -0.09815964
v -0.8380211 4.10295406 -0.09836075
v -0.47482512 4.1114695 -0.10011969
v 0.47683938 4.10881992 -0.10169266
v 0.84059539 4.10398459 -0.09854917
v -0.84267711 4.07512617 -0.09852725
v -0.50741787 4.08073832 -0.0959254
v 0.50289768 4.08142618 -0.10360224
v 0.84506584 4.07630114 -0.0987535
v -0.8463603 4.04718453 -0.09860566
v -0.52865509 4.05003767 -0.10310498
v 0.52360269 4.05348846 -0.10652229
v 0.84865335 4.04653814 -0.09907477
v -0.84948439 4.01345591 -0.09854486
v -0.55057016 4.01823113 -0.10428264
v 0.547012 4.0239045 -0.1024347
v 0.85160792 4.01246138 -0.097906
v -0.85128718 3.98071298 -0.09877206
v -0.56844651 3.98622412 -0.09977988
v 0.56942478 3.9852684 -0.09734826
v 0.85289419 3.98255227 -0.09863193
v -0.85172231 3.95338424 -0.09874529
v -0.57316303 3.95411273 -0.09149321
v 0.57351838 3.95275831 -0.0935154
v 0.8531058 3.95545524 -0.09877066
v -0.85109883 3.92629002 -0.09879318
v -0.56500763 3.92591387 -0.09098258
v 0.56544448 3.9251421 -0.09267691
v 0.85240891 3.92829882 -0.09781892
v -0.84922213 3.89340378 -0.0988523
v -0.54623504 3.89316072 -0.09063918
v 0.54637779 3.89324478 -0.0909774
v 0.85016524 3.89400394 -0.09877854
v -0.8463603 3.86045926 -0.09898511
v -0.5376043 3.86265873 -0.09787774
v 0.53762076 3.86265256 -0.09791208
v 0.84705124 3.86056685 -0.09889958
v -0.84309283 3.83235329 -0.09918625
v -0.50780018 3.83403371 -0.09024489
v 0.50781086 3.83405738 -0.09022934
v 0.84363633 3.83257814 -0.09903519
v -0.83885746 3.80238673 -0.09964441
v -0.49822147 3.79916528 -0.09482629
v 0.49822364 3.79916808 -0.09483356
v 0.8392631 3.80263217 -0.0996171
v -0.83425329 3.77048324 -0.09864083
v -0.4986511 3.76189075 -0.10444677
v -0.48095564 3.76570003 -0.08657955
v 0.48095722 3.76569611 -0.08658008
v 0.49864486 3.7618979 -0.10445068
v 0.83446987 3.77061087 -0.09863687
v -0.83117263 3.74068214 -0.09692892
v -0.47869933 3.73544993 -0.08841339
v 0.47869219 3.73545525 -0.08841498
v 0.83117403 3.74057483 -0.09674316
v -0.82992419 3.71544234 -0.09298032
v -0.47863636 3.70949803 -0.08902387
v 0.47864288 3.70949215 -0.08901966
v 0.82982325 3.71524313 -0.09268122
v -0.82484209 3.68479339 -0.09107499
v -0.4996839 3.68147723 -0.10599356
v -0.47697338 3.68401867 -0.08513034
v 0.47696435 3.68402329 -0.08513683
v 0.49968905 3.68143661 -0.10600775
v 0.82484503 3.68467697 -0.09096514
v -0.8136297 3.6492067 -0.09742727
v -0.50261133 3.65102231 -0.10163104
v -0.48454452 3.6551108 -0.08627033
v 0.48454642 3.6551122 -0.08626774
v 0.50259571 3.65102904 -0.10164149
v 0.81381582 3.64920782 -0.09745406
v -0.80725041 3.61836036 -0.09713174
v -0.50270663 3.6262954 -0.09239774
v 0.50270866 3.62629792 -0.09239404
v 0.80762971 3.61840687 -0.09741378
v -0.804758 3.59194966 -0.0941954
v -0.53832522 3.59256943 -0.10305794
v -0.51061081 3.59766183 -0.08482537
v 0.5106106 3.59766155 -0.08482526
v 0.53832564 3.59257448 -0.10305304
v 0.80476095 3.59170477 -0.0940286
v -0.80127185 3.55863795 -0.08726792
v -0.56796697 3.55630596 -0.09549625
v -0.53469189 3.5701315 -0.08508696
v 0.53469137 3.57013136 -0.08508642
v 0.56796739 3.55631044 -0.09549573
v 0.80129055 3.55844378 -0.08737887
v -0.78282063 3.5250815 -0.09555145
v -0.68878715 3.52778797 -0.10972797
v -0.65792001 3.52812237 -0.10078181
v -0.62846087 3.53027575 -0.09725061
v -0.60315474 3.53337069 -0.09269446
v 0.60316748 3.53335332 -0.09271547
v 0.6285216 3.53017348 -0.09726159
v 0.6576401 3.5281071 -0.10020224
v 0.688625 3.52788071 -0.10975917
v 0.782465 3.5232149 -0.09522868
v -0.750649 3.49668827 -0.08910202
v -0.71959735 3.50040235 -0.09881192
v -0.6864326 3.50098192 -0.08759533
v -0.66008326 3.50106437 -0.08474019
v -0.63400465 3.50858003 -0.0845552
v 0.6338689 3.50856812 -0.08434655
v 0.66005748 3.50114219 -0.08449179
v 0.69085661 3.50138973 -0.09393318
v 0.7159545 3.49769813 -0.09325485
v 0.74949239 3.49456578 -0.0947888
v -0.17083975 4.76562759 -0.13102424
v -0.13888411 4.77156671 -0.13030757
v -0.10761709 4.77700094 -0.1304376
v -0.07923398 4.78168678 -0.13039787
v -0.0447019 4.78663264 -0.12848958
v -0.01363143 4.78915573 -0.12936697
v 0.01375569 4.7892084 -0.12972964
v 0.04441411 4.78693917 -0.12862199
v 0.07874482 4.78223034 -0.13037806
v 0.10712405 4.77767843 -0.13036845
v 0.13880987 4.77234143 -0.12988675
v 0.16998284 4.76683463 -0.12884757
v 0.19509526 4.76204932 -0.12631927
v -0.29053837 4.73615528 -0.13014673
v -0.25890684 4.7445452 -0.13039816
v -0.22529241 4.75386198 -0.12864724
v -0.198461 4.7600401 -0.13014438
v 0.22428617 4.75532119 -0.12743175
v 0.25879023 4.74580772 -0.13130331
v 0.28950232 4.73803001 -0.13013615
v 0.31688415 4.73125593 -0.12843778
v -0.37980006 4.70898499 -0.13178698
v -0.34840154 4.71977471 -0.13186382
v -0.31963899 4.72831313 -0.13041779
v 0.34814959 4.72188872 -0.13122865
v 0.38163886 4.71057533 -0.13218439
v -0.4440325 4.67945273 -0.13162311
v -0.41304883 4.69513773 -0.13208412
v 0.41415596 4.69735527 -0.13136796
v 0.44303034 4.68322404 -0.13034952
v 0.46688903 4.66955624 -0.13069173
v -0.49663631 4.64601339 -0.13044359
v -0.47062274 4.6637348 -0.13132527
v 0.49749855 4.64920346 -0.13139626
v -0.53086643 4.61928706 -0.13083266
v 0.53249313 4.62222959 -0.13206209
v -0.56318032 4.59093494 -0.12830527
v 0.56403875 4.59465246 -0.13106354
v -0.59174538 4.56288347 -0.12756778
v 0.59174209 4.56763992 -0.13023779
v -0.61994963 4.53149861 -0.13018252
v 0.62094233 4.53643914 -0.12783478
v -0.64920241 4.49568427 -0.13173143
v 0.65085663 4.5003138 -0.13043445
v -0.67537846 4.46110388 -0.13099554
v 0.6762829 4.46700517 -0.12915792
v -0.691467 4.43823193 -0.12858034
v 0.6944208 4.44076651 -0.12858691
v -0.70859252 4.41148052 -0.13111742
v 0.71271995 4.41205014 -0.13035936
v -0.72625074 4.38295147 -0.13066898
v 0.73228142 4.38041143 -0.12902108
v -0.74537658 4.34976823 -0.1309529
v 0.74984094 4.34948944 -0.1298899
v -0.76488054 4.31384462 -0.12936926
v 0.76719096 4.31667675 -0.13007945
v -0.77669252 4.28919909 -0.13091558
v 0.78088524 4.28763089 -0.13078284
v -0.78857595 4.26151578 -0.13065895
v 0.79628179 4.2508677 -0.13094747
v -0.80095194 4.22834487 -0.13161459
v 0.80626408 4.22350842 -0.1315587
v -0.81131375 4.1967926 -0.13150009
v -0.16852826 4.1853831 -0.12832495
v -0.13869875 4.18713903 -0.12928367
v -0.10358216 4.1898518 -0.1268055
v -0.07260627 4.19211011 -0.12778031
v -0.04316393 4.1938058 -0.13085235
v -0.01123634 4.19478309 -0.13266589
v 0.01494374 4.19475732 -0.13123561
v 0.04550848 4.19363769 -0.12649957
v 0.07711142 4.19156024 -0.1247795
v 0.10825108 4.18895324 -0.12698186
v 0.14045257 4.18620517 -0.13108532
v 0.17018671 4.18430775 -0.13055589
v 0.81483192 4.19647668 -0.13071677
v -0.81981595 4.16690267 -0.13010032
v -0.351579 4.16102001 -0.13015969
v -0.32417322 4.16786497 -0.12844857
v -0.29168502 4.17397389 -0.12829352
v -0.25818527 4.17847593 -0.12851856
v -0.23052339 4.18085276 -0.12990813
v -0.20040855 4.18270592 -0.13093924
v 0.19765342 4.1819001 -0.13281688
v 0.22960228 4.17973874 -0.13099156
v 0.25894202 4.17791276 -0.12676139
v 0.29131224 4.17339825 -0.12831158
v 0.32472515 4.16611913 -0.13221567
v 0.35102329 4.15964681 -0.13311696
v 0.82320243 4.16692509 -0.12839822
v -0.82777957 4.1329534 -0.13068094
v -0.41507056 4.13617471 -0.13411379
v -0.38278321 4.15105432 -0.13332804
v 0.38258586 4.14926252 -0.13505426
v 0.41753918 4.1337693 -0.13558603
v 0.83031414 4.13499932 -0.13031299
v -0.83370566 4.103218 -0.13124769
v -0.44813108 4.11159853 -0.13625052
v 0.44802538 4.1123951 -0.13616466
v 0.83605223 4.1047834 -0.13146023
v -0.83814935 4.07637609 -0.13146564
v -0.47798129 4.08285219 -0.13858333
v 0.48196285 4.08356821 -0.13156826
v 0.84056849 4.07664171 -0.13151494
v -0.84196851 4.04806894 -0.13145154
v -0.50971649 4.04979139 -0.13210194
v 0.50200423 4.05383561 -0.13785346
v 0.84451436 4.04481163 -0.13186394
v -0.84533139 4.01454079 -0.13150098
v -0.52905814 4.01650574 -0.13710277
v 0.52163851 4.02367474 -0.13811835
v 0.84756784 4.01169801 -0.13152297
v -0.84753702 3.98153939 -0.13158915
v -0.54944969 3.98519513 -0.13528718
v 0.54526815 3.9872227 -0.13631308
v 0.84915524 3.98291273 -0.13192742
v -0.84845302 3.95420057 -0.13165548
v -0.56606257 3.95661746 -0.13015825
v 0.56428559 3.95571988 -0.1320292
v 0.84984835 3.95562532 -0.13208524
v -0.848476 3.92681538 -0.13175907
v -0.5720094 3.9289235 -0.1307589
v 0.57184791 3.92691316 -0.13106504
v 0.84976002 3.92742002 -0.13187118
v -0.84746172 3.8936348 -0.13185095
v -0.57137022 3.89257457 -0.12673777
v 0.57128165 3.89263831 -0.12609722
v 0.8485155 3.89358282 -0.13193044
v -0.84542868 3.86045982 -0.13185314
v -0.56417387 3.85981777 -0.12478591
v 0.56413737 3.86006616 -0.12434367
v 0.8462663 3.86041891 -0.13174303
v -0.8426135 3.83171894 -0.13189117
v -0.54294151 3.8301936 -0.11975374
v 0.54289843 3.83016993 -0.11964047
v 0.84328294 3.83178745 -0.13182312
v -0.83842597 3.79968895 -0.13216761
v -0.56730369 3.80229581 -0.1430609
v -0.54546067 3.79872735 -0.12664618
v -0.51845366 3.78884375 -0.11388468
v 0.51844168 3.78889321 -0.11388219
v 0.54542467 3.79893903 -0.12660082
v 0.56730779 3.80235017 -0.1428731
v 0.83890978 3.79985398 -0.13213802
v -0.83342533 3.76761231 -0.13221512
v -0.53330105 3.76484042 -0.12596098
v 0.53334931 3.76487236 -0.12604042
v 0.83362553 3.76773237 -0.13182939
v -0.82907123 3.74069363 -0.13357906
v -0.5327392 3.73687972 -0.12953077
v -0.50684103 3.73713679 -0.11360799
v 0.50682842 3.73715851 -0.1136185
v 0.53300118 3.73663736 -0.12945418
v 0.82890536 3.74057973 -0.13249225
v -0.82545738 3.71553844 -0.13399284
v -0.53220026 3.71073618 -0.12983127
v -0.50340436 3.70867162 -0.11215407
v 0.50350274 3.70862091 -0.11208318
v 0.53213162 3.71093637 -0.1298456
v 0.82512003 3.71532018 -0.13254951
v -0.81872126 3.68168261 -0.13175486
v -0.53192225 3.68074132 -0.12701897
v 0.53222972 3.68057587 -0.12683282
v 0.81875558 3.68163582 -0.13097314
v -0.8089447 3.64552337 -0.13381728
v -0.5671021 3.64931934 -0.13744119
v -0.53562075 3.64813933 -0.12337202
v 0.53560404 3.64804617 -0.12344862
v 0.56727711 3.64920502 -0.13741389
v 0.8099692 3.64568055 -0.13446826
v -0.80291423 3.6171648 -0.13312743
v -0.59732545 3.618574 -0.13838549
v -0.56871531 3.61981635 -0.1296847
v -0.53969435 3.61988234 -0.11721078
v 0.53968458 3.61987785 -0.11722388
v 0.56869185 3.61972627 -0.12980066
v 0.59725827 3.6188343 -0.13832278
v 0.8049582 3.61729201 -0.13504013
v -0.80105631 3.59259983 -0.13578066
v -0.62551022 3.58986983 -0.13549781
v -0.59540133 3.59006134 -0.12451343
v -0.57091783 3.58682784 -0.11664266
v 0.57093674 3.58681635 -0.11666496
v 0.59545338 3.58995585 -0.12461873
v 0.62500505 3.58961304 -0.13548965
v 0.80179321 3.59267478 -0.13549587
v -0.79909851 3.56091615 -0.14019854
v -0.68457587 3.54715813 -0.12817309
v -0.65992005 3.5506113 -0.12534042
v -0.63124523 3.5624216 -0.12253163
v -0.59831444 3.56936183 -0.11543548
v 0.59836473 3.56932876 -0.11547528
v 0.631123 3.56278388 -0.1223471
v 0.65938419 3.55188685 -0.12531386
v 0.68462358 3.54606428 -0.12738524
v 0.79830782 3.56460145 -0.13604262
v -0.78560043 3.53111533 -0.13728759
v -0.71162106 3.51619159 -0.13225162
v 0.70914155 3.52092086 -0.13733974
v 0.78582045 3.52772072 -0.13617569
v -0.77319789 3.50480647 -0.13404665
v -0.74357421 3.49613399 -0.13673256
v 0.71746597 3.49847992 -0.13471124
v 0.77399782 3.50210862 -0.13123342
v 0.74340225 3.47887363 -0.13907209
v 0.77006414 3.47294123 -0.14837342
v -0.16813574 4.765172 -0.15783179
v -0.13653082 4.77027505 -0.15777027
v -0.10707309 4.77458628 -0.15791014
v -0.07966748 4.77819565 -0.15867834
v -0.04700369 4.78196753 -0.15903071
v -0.01456848 4.78431662 -0.15966075
v 0.01411232 4.78442365 -0.1597303
v 0.04662495 4.78232617 -0.15907342
v 0.07938177 4.77873305 -0.15881204
v 0.10725518 4.77514862 -0.15822199
v 0.13807488 4.77075893 -0.15798127
v 0.17033645 4.765592 -0.15747396
v -0.28725946 4.73412785 -0.15658517
v -0.25787296 4.74295598 -0.15806943
v -0.22738946 4.75178971 -0.15835277
v -0.19913279 4.75897707 -0.15750256
v 0.19823342 4.76023931 -0.15573906
v 0.22704119 4.75313573 -0.15682885
v 0.25813203 4.74421038 -0.15781274
v 0.28708578 4.73555708 -0.15716367
v -0.3763786 4.70536161 -0.15882653
v -0.34683082 4.71508606 -0.15976648
v -0.31911549 4.72391167 -0.15768704
v 0.31742369 4.72600159 -0.15836117
v 0.34722028 4.71666492 -0.15896816
v 0.37879559 4.70658435 -0.15861576
v -0.44236518 4.67768223 -0.15929185
v -0.41356974 4.69104798 -0.15960475
v 0.41549574 4.69253914 -0.15972309
v 0.44346632 4.68021792 -0.1579232
v -0.49417949 4.64555627 -0.15805272
v -0.46892872 4.66260929 -0.15838043
v 0.46905306 4.66574892 -0.15919256
v 0.49688823 4.6472224 -0.15999161
v -0.52978463 4.61745184 -0.15901658
v 0.5321595 4.6198592 -0.15998405
v -0.56237086 4.58843876 -0.15794495
v 0.56391 4.59163289 -0.15921863
v -0.59072186 4.5599359 -0.15815875
v 0.59135347 4.56391091 -0.15992896
v -0.61759088 4.52982463 -0.15980539
v 0.62147385 4.53072221 -0.15938946
v -0.64326693 4.49839704 -0.15983607
v 0.6507896 4.49542482 -0.15779018
v -0.67019164 4.46295493 -0.15820812
v 0.67543821 4.46308774 -0.1556742
v -0.68887716 4.43579963 -0.1583707
v 0.69149516 4.43897667 -0.1575937
v -0.70734821 4.4071903 -0.15897657
v 0.70938265 4.4105405 -0.15975132
v -0.72302495 4.38189054 -0.15876149
v 0.72680173 4.38224792 -0.15919382
v -0.7423458 4.34862464 -0.15851265
v 0.74551668 4.34985747 -0.15926479
v -0.76116463 4.31462074 -0.15523367
v 0.76381386 4.31559284 -0.15938161
v -0.77285115 4.29010984 -0.1575812
v 0.77737127 4.28691487 -0.15970982
v -0.7845173 4.26225716 -0.15914184
v 0.79260434 4.25024414 -0.15967777
v -0.79837044 4.22538343 -0.15866647
v 0.80265506 4.22260244 -0.15967273
v -0.80774073 4.19591967 -0.15924772
v -0.10914948 4.18656563 -0.16064939
v -0.07841682 4.19003547 -0.15921107
v -0.04645974 4.19263378 -0.15860705
v -0.01212209 4.19420843 -0.15899033
v 0.0147037 4.19425032 -0.15848316
v 0.04452849 4.19275496 -0.15742332
v 0.07641732 4.18982813 -0.15961094
v 0.10978148 4.18594544 -0.16197527
v 0.81036027 4.19758833 -0.15954778
v -0.81560152 4.16674507 -0.15904267
v -0.29098779 4.16160882 -0.16043151
v -0.2572354 4.16700536 -0.1619007
v -0.22936419 4.17210364 -0.16049318
v -0.19940513 4.17579258 -0.16049238
v -0.16829865 4.17988429 -0.15934661
v -0.1416095 4.18242741 -0.16271113
v 0.1421994 4.1816667 -0.16385177
v 0.17018534 4.17848742 -0.1607865
v 0.19787685 4.17443368 -0.16202791
v 0.23175965 4.17038203 -0.16034274
v 0.26206018 4.1662864 -0.15876972
v 0.29280902 4.16066011 -0.1599261
v 0.81852114 4.1678476 -0.15782535
v -0.82406639 4.13051857 -0.15875928
v -0.3838847 4.1348455 -0.16296618
v -0.35332678 4.14732139 -0.16071425
v -0.32547399 4.15446601 -0.16058344
v 0.32576293 4.15246618 -0.16306257
v 0.35118961 4.14772598 -0.16029826
v 0.38318893 4.13600786 -0.16066483
v 0.8266184 4.13243421 -0.15770567
v -0.82970942 4.10219868 -0.15864792
v -0.4174857 4.11644997 -0.16254779
v 0.42047004 4.11383274 -0.16336923
v 0.83184704 4.10419893 -0.15895212
v -0.83376772 4.07714128 -0.15875928
v -0.45174598 4.08555361 -0.16618896
v 0.45220444 4.08381589 -0.16671803
v 0.83611716 4.0772668 -0.15884069
v -0.83756355 4.04832937 -0.15902199
v -0.47846307 4.05373488 -0.16914413
v 0.48381982 4.05099731 -0.16232403
v 0.84017931 4.04461858 -0.15914881
v -0.84108634 4.01471507 -0.15897306
v -0.50757866 4.01946788 -0.16153474
v 0.50177812 4.01866682 -0.16645603
v 0.84334248 4.01147863 -0.15931538
v -0.84348292 3.98267723 -0.15905441
v -0.52682418 3.9842876 -0.16262096
v 0.52135345 3.9860553 -0.16510051
v 0.84519353 3.98309737 -0.15949808
v -0.84477129 3.95508428 -0.15922064
v -0.54015589 3.95733362 -0.1631682
v 0.53899354 3.95674284 -0.16271254
v 0.84630041 3.95575182 -0.15951179
v -0.84536242 3.92711966 -0.15933622
v -0.54872653 3.92659585 -0.16919838
v 0.54984356 3.92826758 -0.16577506
v 0.84677897 3.9270597 -0.15946516
v -0.8452397 3.89346094 -0.15934727
v -0.56576095 3.892292 -0.16360963
v 0.56510297 3.89332169 -0.16277583
v 0.84648106 3.89314755 -0.15929179
v -0.84432979 3.86006167 -0.15922807
v -0.57257797 3.86105648 -0.16528543
v 0.57248484 3.86191189 -0.16391861
v 0.84536914 3.85989104 -0.15919996
v -0.84273461 3.83138622 -0.15912853
v -0.57242303 3.83270562 -0.1629068
v 0.5719438 3.83166697 -0.1629053
v 0.84361097 3.83138986 -0.15928358
v -0.84007956 3.79893413 -0.15923033
v -0.58241978 3.80412907 -0.1637353
v 0.58251925 3.80299516 -0.16452949
v 0.84076063 3.7991311 -0.15939674
v -0.8368109 3.76673939 -0.15941289
v -0.57081104 3.77344188 -0.14916953
v 0.57168659 3.77253856 -0.14902608
v 0.83719826 3.7670078 -0.15899303
v -0.83375105 3.74008198 -0.16036813
v -0.56558874 3.73993824 -0.15144645
v 0.5659104 3.7393406 -0.15130694
v 0.83374909 3.74025569 -0.15892172
v -0.83097622 3.71361202 -0.16232011
v -0.56747198 3.71238886 -0.15020696
v 0.56434979 3.71431767 -0.15220926
v 0.83071649 3.71383182 -0.16018463
v -0.82719468 3.67933633 -0.16289904
v -0.57146209 3.67816038 -0.14844672
v 0.57165426 3.6792094 -0.14779399
v 0.82730745 3.68013794 -0.16161433
v -0.82277599 3.64452674 -0.16318163
v -0.59079569 3.64577371 -0.15707802
v 0.5912526 3.64650066 -0.15600828
v 0.82435834 3.64534825 -0.16468769
v -0.81850664 3.61658678 -0.16034966
v -0.62064211 3.61147603 -0.16114248
v 0.62053774 3.61216192 -0.15983068
v 0.82165517 3.61675153 -0.16414153
v -0.81623103 3.58948934 -0.16055059
v -0.64732432 3.58241686 -0.16138649
v 0.64500465 3.58185873 -0.1611514
v 0.81778228 3.58980175 -0.16138614
v -0.81590783 3.5591238 -0.16240054
v -0.65298893 3.55737907 -0.16343956
v 0.65139571 3.5589512 -0.16175723
v 0.81481728 3.55897586 -0.16016151
v -0.82279462 3.52714942 -0.17267125
v -0.80511384 3.52890451 -0.1572856
v -0.69218785 3.52378192 -0.15383683
v -0.66500874 3.52850412 -0.16639588
v 0.6622538 3.53217752 -0.16481412
v 0.69163939 3.52543173 -0.15242863
v 0.81002132 3.52485602 -0.16007087
v -0.80568605 3.49788936 -0.16259627
v -0.71977023 3.49595649 -0.1500558
v -0.6897337 3.49532214 -0.1633803
v -0.66270112 3.49689771 -0.17772909
v 0.66336194 3.49653465 -0.17466826
v 0.69163462 3.49583475 -0.15963051
v 0.80648326 3.4969985 -0.16169035
v -0.80383213 3.46743857 -0.16600782
v -0.77553605 3.47059845 -0.15108209
v -0.74826545 3.46964098 -0.14845161
v -0.71870229 3.46937865 -0.15459917
v -0.68732171 3.46792308 -0.16758373
v 0.68775754 3.4691192 -0.16537147
v 0.71961045 3.47181166 -0.15212239
v 0.80209567 3.46892615 -0.16498691
v -0.80294071 3.43540479 -0.17158822
v -0.77581161 3.43521924 -0.15758412
v -0.74778633 3.43390537 -0.15487086
v -0.71845776 3.43465614 -0.16025026
v -0.68962729 3.4341476 -0.17281924
v 0.68842095 3.43692208 -0.16986162
v 0.71981022 3.43514856 -0.15849454
v 0.74904094 3.43676041 -0.1533592
v 0.77389569 3.43604845 -0.15705382
v 0.80129433 3.4345566 -0.17109611
v -0.77815355 3.40187139 -0.1664228
v -0.74718596 3.4009245 -0.16208442
v -0.71647096 3.40244858 -0.16750516
v 0.6899341 3.40619979 -0.17487634
v 0.72076748 3.40215536 -0.16409667
v 0.75066539 3.40144495 -0.16086012
v 0.77646304 3.40259245 -0.16595529
v -0.77693194 3.37402585 -0.17092519
v -0.74766116 3.3733714 -0.16670108
v -0.71875098 3.37441734 -0.17181802
v 0.72075726 3.37413148 -0.16917127
v 0.74764372 3.37395083 -0.16534343
v 0.77134557 3.37452304 -0.16981311
v -0.77388939 3.34485706 -0.17375972
v -0.74775012 3.34353366 -0.16970076
v -0.72213662 3.34429942 -0.17451076
v 0.72210243 3.34741706 -0.17224247
v 0.74592141 3.34728067 -0.16895031
v 0.76913391 3.34684681 -0.17423373
v -0.74829494 3.31258169 -0.17483319
v 0.71931653 3.31999194 -0.17513556
v 0.74563274 3.31901941 -0.17369631
v -0.16541532 4.76381113 -0.18755259
v -0.13359362 4.76740902 -0.18994391
v -0.10644096 4.77034425 -0.18965847
v -0.07959186 4.77272052 -0.18973202
v -0.04708139 4.77519541 -0.19039726
v -0.01422928 4.77665771 -0.19149344
v 0.01365419 4.77678743 -0.19149118
v 0.04675769 4.77558263 -0.19045618
v 0.07949388 4.77327361 -0.18993691
v 0.10623037 4.77111701 -0.18973405
v 0.13335013 4.76850819 -0.18962961
v 0.16718932 4.76422441 -0.18890759
v -0.28372116 4.73510514 -0.18425398
v -0.25497429 4.74378757 -0.18819621
v -0.22799526 4.75094103 -0.19002468
v -0.19939698 4.75799585 -0.18669949
v 0.1995351 4.75902246 -0.18584492
v 0.22778992 4.75265325 -0.18540082
v 0.25511729 4.74527901 -0.18499075
v 0.28403966 4.73624438 -0.18490526
v -0.37454859 4.70047754 -0.18781891
v -0.34691393 4.7111301 -0.18972011
v -0.31937663 4.72202265 -0.18612985
v 0.3190722 4.72322045 -0.18963802
v 0.34628641 4.71317715 -0.18708751
v 0.37331128 4.70302598 -0.1850654
v -0.43848557 4.6751265 -0.18487665
v -0.41062525 4.68685429 -0.18617118
v 0.41143976 4.68757283 -0.18915662
v 0.44053721 4.67650838 -0.1846053
v -0.4953672 4.64023664 -0.18681556
v -0.46756008 4.65902248 -0.18600417
v 0.46813975 4.66177615 -0.18647709
v 0.49426883 4.64528869 -0.18579386
v -0.5299726 4.61304618 -0.18669952
v 0.53076308 4.61755046 -0.18399197
v -0.55899839 4.58722835 -0.18523586
v 0.56226691 4.58854607 -0.18639888
v -0.58728078 4.55830045 -0.18571176
v 0.59022698 4.55919789 -0.18961207
v -0.61363968 4.52898813 -0.18576155
v 0.62043996 4.52612994 -0.18663725
v -0.63376117 4.50411565 -0.18687236
v 0.64646856 4.49495074 -0.18343543
v -0.65927681 4.47073138 -0.18621156
v 0.67077919 4.46296432 -0.18111922
v -0.68212074 4.43800863 -0.18776248
v 0.68891247 4.43567971 -0.18459338
v -0.70235388 4.4073444 -0.1871563
v 0.70718374 4.40669773 -0.18719612
v -0.71927815 4.38013573 -0.18757059
v 0.72220148 4.38207925 -0.18812823
v -0.73927971 4.34550294 -0.18962468
v 0.74153984 4.34917955 -0.18737994
v -0.75552811 4.31652965 -0.18606837
v 0.7584389 4.31776051 -0.1874157
v -0.76828397 4.29076282 -0.18563254
v 0.7719603 4.28985347 -0.18697614
v -0.78057199 4.26173601 -0.18630451
v 0.78613286 4.25571087 -0.18724533
v -0.79548788 4.22266086 -0.18348869
v 0.79802371 4.22337631 -0.18613511
v -0.80375367 4.19522005 -0.18575691
v -0.08048064 4.18670741 -0.18912421
v -0.04787658 4.18962457 -0.18911015
v -0.01240341 4.1920297 -0.18698258
v 0.01483558 4.19213351 -0.18670595
v 0.0434313 4.19033751 -0.1879684
v 0.07526648 4.18669256 -0.19106788
v 0.80608427 4.19686544 -0.18664909
v -0.81047333 4.16894411 -0.186889
v -0.22815714 4.15942546 -0.191952
v -0.19469755 4.16752062 -0.18772697
v -0.16316809 4.17441645 -0.1848221
v -0.13904477 4.17754739 -0.18955841
v -0.10999086 4.1826849 -0.18909218
v 0.10946854 4.18227709 -0.19019113
v 0.14130726 4.17658285 -0.18998051
v 0.1690025 4.1719861 -0.18664958
v 0.19863948 4.16552457 -0.18826223
v 0.23376697 4.15880359 -0.18779173
v 0.81381589 4.16768397 -0.18561846
v -0.81833628 4.13474015 -0.18643098
v -0.35266466 4.13142008 -0.18768435
v -0.32320643 4.13985945 -0.1888901
v -0.28945115 4.14521046 -0.19369993
v -0.25829307 4.14969065 -0.19830849
v 0.26506387 4.15162898 -0.18941839
v 0.29302662 4.14372883 -0.19205813
v 0.3241466 4.13506685 -0.19353864
v 0.35246811 4.13026276 -0.18783169
v 0.8223908 4.13085172 -0.18360244
v -0.82457353 4.10389451 -0.18518454
v -0.41174747 4.09873389 -0.18968516
v -0.37866541 4.11253001 -0.19681336
v 0.38558607 4.11245324 -0.19053831
v 0.82729554 4.10343318 -0.18510948
v -0.82943687 4.07578489 -0.18368072
v -0.43647299 4.07699824 -0.19086734
v 0.423264 4.08384685 -0.19444466
v 0.83144273 4.07714716 -0.18476077
v -0.83310347 4.04482059 -0.18546765
v -0.45522597 4.04824868 -0.19685266
v 0.44956381 4.05006962 -0.19961247
v 0.83524431 4.04460569 -0.18615115
v -0.83631812 4.01181877 -0.18662281
v -0.47851241 4.01263412 -0.19670708
v 0.47856569 4.01579322 -0.19277398
v 0.83840804 4.01158538 -0.18681748
v -0.8386628 3.98255269 -0.18661247
v -0.49947541 3.9843966 -0.19086876
v 0.49821695 3.98434238 -0.18999242
v 0.84046335 3.98310633 -0.18703444
v -0.84014674 3.95561187 -0.18688238
v -0.50847221 3.95700202 -0.19465802
v 0.5084479 3.95741655 -0.19240832
v 0.84189931 3.95567519 -0.18702832
v -0.84119183 3.92730654 -0.18698365
v -0.51400811 3.93238857 -0.19950123
v 0.51385789 3.92627994 -0.20042679
v 0.84285383 3.92693698 -0.18695101
v -0.84182793 3.89341345 -0.18683069
v -0.54515901 3.89503209 -0.1851821
v -0.51501773 3.90195971 -0.20892
v 0.53442025 3.89394482 -0.19404986
v 0.84333421 3.89301726 -0.1867436
v -0.8418661 3.8600663 -0.18660724
v -0.54692843 3.86199286 -0.19574613
v 0.54484244 3.85977378 -0.1969606
v 0.84321331 3.85981035 -0.18666324
v -0.84134958 3.83139519 -0.18649923
v -0.55010337 3.83451059 -0.20124483
v 0.54920999 3.8286834 -0.20224472
v 0.84255424 3.83149998 -0.18684906
v -0.8402324 3.7990668 -0.18647903
v -0.56674465 3.80532589 -0.19250398
v 0.56633929 3.80166665 -0.19288754
v 0.84127435 3.79935889 -0.18704522
v -0.83876009 3.76687331 -0.18679409
v -0.56842935 3.77253309 -0.19390336
v 0.56951661 3.76995971 -0.19221537
v 0.83961732 3.76721893 -0.18689604
v -0.83732659 3.73955803 -0.18696274
v -0.57245143 3.73790941 -0.1990049
v 0.57087461 3.7403193 -0.19644448
v 0.83793438 3.73995898 -0.18621951
v -0.8358327 3.71162087 -0.18736746
v -0.58493912 3.71124724 -0.19114833
v 0.57384291 3.71225381 -0.20030714
v 0.83623449 3.71251957 -0.18591588
v -0.83420916 3.67776504 -0.18766971
v -0.59013788 3.68010544 -0.19185279
v 0.58796223 3.68483752 -0.1909908
v 0.83462916 3.68056761 -0.18661193
v -0.83303573 3.64427289 -0.18772364
v -0.59615665 3.64865642 -0.19446795
v 0.59553855 3.650734 -0.19236398
v 0.83393177 3.64712155 -0.18801381
v -0.83202062 3.61672827 -0.18680817
v -0.59986275 3.62337669 -0.19442841
v 0.60169517 3.62424765 -0.19062675
v 0.83349461 3.61697344 -0.18838443
v -0.83178246 3.58881128 -0.1870084
v -0.6285244 3.58976784 -0.18438425
v 0.60019603 3.58818787 -0.2060575
v 0.62742572 3.58816826 -0.18287166
v 0.83244566 3.58866335 -0.18703067
v -0.83115918 3.55626589 -0.18635903
v -0.62808598 3.5587716 -0.19285159
v 0.62820184 3.55658642 -0.19008107
v 0.83182154 3.55601582 -0.18593344
v -0.83273775 3.52507709 -0.1886958
v -0.62987764 3.52741224 -0.19596016
v 0.62793986 3.52628925 -0.19444158
v 0.83086253 3.52339113 -0.18569504
v -0.8289836 3.50004631 -0.18678362
v -0.631532 3.49860566 -0.1990012
v 0.63164947 3.49707135 -0.1961268
v 0.82966761 3.49510794 -0.18773856
v -0.82711272 3.46587253 -0.19147848
v -0.66001728 3.46844185 -0.18406333
v -0.63434172 3.46898709 -0.20217604
v 0.63540853 3.47227242 -0.19755383
v 0.66110854 3.47007625 -0.17979187
v 0.82541633 3.46595029 -0.1894235
v -0.82447728 3.43426338 -0.19484172
v -0.66121767 3.43619366 -0.18973197
v -0.63450541 3.43949419 -0.2079827
v 0.6345901 3.43787331 -0.20487143
v 0.66125213 3.4369613 -0.1860988
v 0.81848485 3.43334381 -0.18962883
v -0.82560265 3.4028435 -0.20214381
v -0.80708748 3.40267097 -0.18256498
v -0.68778962 3.40264674 -0.17985365
v -0.65989449 3.40334587 -0.19690835
v 0.66086996 3.40445107 -0.19262919
v 0.8079052 3.40644362 -0.18634488
v -0.82633422 3.37712605 -0.20802944
v -0.80680715 3.37552527 -0.18717188
v -0.68918117 3.37473935 -0.18376649
v -0.66397008 3.37405751 -0.1989037
v 0.66032906 3.37570193 -0.19731136
v 0.68916989 3.37584665 -0.18045461
v 0.80324331 3.37538532 -0.19115817
v -0.8037681 3.34696743 -0.19103013
v -0.69105856 3.34667148 -0.18666012
v -0.66657372 3.34628237 -0.20012615
v 0.65928067 3.34670811 -0.20086128
v 0.68913781 3.34533457 -0.18449181
v 0.80038015 3.34786991 -0.19533035
v -0.80493711 3.31640659 -0.19635907
v -0.77872135 3.31439296 -0.18026421
v -0.71912657 3.31194665 -0.17864341
v -0.68932644 3.31390502 -0.18983436
v -0.66621074 3.31318858 -0.20212063
v 0.66018476 3.31412987 -0.20172935
v 0.68843419 3.31465816 -0.18648322
v 0.77374376 3.31574528 -0.18184891
v 0.8005573 3.31518799 -0.20032911
v -0.80365099 3.28315828 -0.20213818
v -0.78019219 3.2810856 -0.18652518
v -0.74717132 3.2805877 -0.17907007
v -0.71524192 3.28062259 -0.18186718
v -0.68796824 3.28207648 -0.19154953
v -0.66527814 3.28227086 -0.20323073
v 0.66220302 3.2813599 -0.2008552
v 0.6879129 3.28095587 -0.18762386
v 0.71554725 3.28359033 -0.17881436
v 0.74645614 3.28296285 -0.17851831
v 0.77814711 3.28189527 -0.18851811
v 0.80108097 3.28267447 -0.20495174
v -0.8011852 3.25471664 -0.20584722
v -0.77892813 3.25246142 -0.19064708
v -0.74733425 3.25240699 -0.18218844
v -0.7151795 3.25286762 -0.18350238
v -0.68880929 3.25421574 -0.19167911
v -0.66451911 3.25442903 -0.20351477
v 0.66456569 3.25277032 -0.19896989
v 0.68886519 3.25223096 -0.1875964
v 0.71464869 3.25271583 -0.18063476
v 0.7474955 3.25243767 -0.18131435
v 0.78065898 3.25256747 -0.19413308
v -0.77908328 3.21980955 -0.19701131
v -0.74926796 3.21999461 -0.18581261
v -0.71740034 3.22053257 -0.18494445
v -0.69028903 3.22299542 -0.19138281
v -0.66592775 3.22374043 -0.20202481
v 0.66071824 3.22007769 -0.20018244
v 0.6874066 3.21985676 -0.18864164
v 0.71458915 3.21969895 -0.18219604
v 0.74800207 3.22011096 -0.18368485
v 0.77994465 3.22138595 -0.1967312
v -0.77775036 3.18860541 -0.20099592
v -0.75088415 3.18782215 -0.18900932
v -0.71898185 3.1878073 -0.18676898
v -0.68902398 3.18939035 -0.19219205
v -0.66455462 3.19018657 -0.20162619
v 0.65906079 3.18685627 -0.20016261
v 0.68748674 3.18686181 -0.18874713
v 0.71505755 3.18699041 -0.18317323
v 0.74738636 3.18799937 -0.18572745
v 0.7772054 3.19022111 -0.19887258
v -0.7763605 3.1612717 -0.20521039
v -0.74876467 3.15991623 -0.19140954
v -0.71749301 3.15989066 -0.18778732
v -0.68811281 3.15903861 -0.19242282
v -0.66366622 3.15885488 -0.20114689
v 0.66107232 3.15820961 -0.19826295
v 0.68894441 3.15887267 -0.18816051
v 0.71565778 3.15937897 -0.18381864
v 0.74616293 3.16037223 -0.18726906
v 0.77341202 3.16189302 -0.20002476
v -0.74718407 3.13242554 -0.19529755
v -0.71469695 3.13171443 -0.18946669
v -0.68671867 3.13066359 -0.19296067
v -0.66181741 3.13075101 -0.20115617
v 0.66033102 3.13078183 -0.19793779
v 0.68811604 3.13150709 -0.18858517
v 0.7149176 3.13241756 -0.18511318
v 0.74576184 3.1340128 -0.19016285
v 0.77416341 3.13630221 -0.20533294
v -0.74508477 3.09970237 -0.19849301
v -0.71438468 3.09878161 -0.19199807
v -0.68730756 3.10015851 -0.19415232
v -0.66077133 3.10174808 -0.20147046
v 0.65849005 3.09792115 -0.19854425
v 0.68701798 3.09844475 -0.18982592
v 0.71445823 3.09876094 -0.18779865
v 0.74552466 3.09917737 -0.19536156
v -0.74107557 3.06655023 -0.20180307
v -0.71336466 3.06625757 -0.19491737
v -0.68741823 3.06815892 -0.19600809
v -0.65986177 3.06933522 -0.2023991
v 0.65947652 3.06539691 -0.19849676
v 0.68715065 3.06462506 -0.19159394
v 0.71483677 3.06492557 -0.19093227
v 0.74361953 3.06638114 -0.19955779
v -0.73924231 3.03844594 -0.20566573
v -0.71254869 3.03808674 -0.19801994
v -0.68770948 3.03871968 -0.19790087
v -0.66116443 3.03938554 -0.20288694
v 0.66013664 3.03855185 -0.19911254
v 0.68762081 3.03742024 -0.19405503
v 0.71749133 3.03844033 -0.19549582
v 0.74589556 3.04116676 -0.20497593
v -0.71303726 3.01294976 -0.20256466
v -0.68778093 3.01161068 -0.20008234
v -0.66309065 3.0122037 -0.2036832
v 0.6602153 3.01030333 -0.20082235
v 0.68692818 3.01034143 -0.19698813
v 0.71699533 3.01113766 -0.20053722
v -0.71106433 2.98397647 -0.20724539
v -0.68550287 2.98336959 -0.2029873
v -0.6614926 2.98366014 -0.20572499
v 0.65988454 2.97780851 -0.20400996
v 0.68718049 2.98108354 -0.20071742
v 0.71503528 2.98074283 -0.20535122
v 0.68547962 2.94938949 -0.20551572
v -0.10642314 4.76216728 -0.21958288
v -0.07943989 4.76403332 -0.21826668
v -0.0466958 4.7656839 -0.2189067
v -0.01395912 4.76629163 -0.22098684
v 0.01322053 4.76643284 -0.22099702
v 0.04630544 4.76611175 -0.2189758
v 0.07931722 4.76472875 -0.21826118
v 0.10530583 4.76340458 -0.21861779
v 0.13105273 4.76163997 -0.21976708
v -0.28442173 4.73127555 -0.2152035
v -0.25417858 4.73980332 -0.21906733
v -0.22882805 4.7454149 -0.22289828
v -0.20146004 4.75148431 -0.22069804
v -0.16723613 4.75659156 -0.22106915
v -0.13384101 4.75948813 -0.22242375
v 0.16676864 4.75765963 -0.22138184
v 0.20084893 4.75277261 -0.21994182
v 0.22825479 4.74730392 -0.21894416
v 0.25396541 4.74131604 -0.21688477
v 0.28462945 4.73221978 -0.21654416
v -0.34972875 4.70620554 -0.22223898
v -0.32090232 4.71809163 -0.21821683
v 0.32070702 4.71919557 -0.22158436
v 0.34706239 4.7096325 -0.2168372
v 0.37372312 4.69815801 -0.21332835
v -0.43783484 4.66822788 -0.21240153
v -0.4116354 4.67998788 -0.21524938
v -0.38004397 4.69295269 -0.22059229
v 0.40890322 4.68184833 -0.21822262
v 0.43803797 4.66978516 -0.21392224
v -0.4682256 4.65082126 -0.21560186
v 0.46551072 4.65520759 -0.2167267
v 0.49385818 4.63857009 -0.21417816
v -0.50105335 4.62799527 -0.21900795
v 0.53112869 4.610861 -0.21172638
v -0.5598904 4.57879472 -0.21664521
v -0.53544041 4.60077441 -0.21884243
v 0.55980344 4.58342383 -0.21755112
v -0.58542132 4.55207315 -0.21670422
v 0.58513006 4.55666976 -0.2210399
v -0.61164111 4.52279894 -0.21507775
v 0.61054397 4.52895059 -0.21858357
v -0.62764623 4.50257547 -0.21730557
v 0.63249935 4.50237429 -0.21859415
v -0.65304903 4.46958794 -0.21745677
v 0.65769082 4.46924723 -0.21829407
v -0.67672455 4.43671094 -0.21802611
v 0.68089912 4.43655249 -0.21842397
v -0.69452545 4.40931762 -0.21951085
v 0.70056439 4.40716018 -0.21762216
v -0.71358006 4.37862524 -0.22057062
v 0.71651228 4.38150739 -0.21851377
v -0.73557102 4.34121874 -0.22228068
v 0.73761526 4.34562847 -0.2188695
v -0.75034948 4.3146891 -0.21991311
v 0.75342047 4.31630886 -0.2190856
v -0.76375426 4.28821704 -0.21747125
v 0.76737294 4.28795758 -0.2176025
v -0.77633955 4.2588505 -0.21677794
v 0.7802565 4.25624827 -0.21854522
v -0.79061017 4.22148659 -0.21274264
v 0.79302504 4.22121453 -0.2167515
v -0.798284 4.19431911 -0.21651317
v -0.01618591 4.18702584 -0.22084074
v 0.01327679 4.18739989 -0.21927248
v 0.04288689 4.18563471 -0.22045799
v 0.80115326 4.19398232 -0.21768712
v -0.80427062 4.16902397 -0.21918216
v -0.16154264 4.16278462 -0.21978414
v -0.13677392 4.16767571 -0.2235722
v -0.10846764 4.1750924 -0.22272901
v -0.08251741 4.18017275 -0.22433648
v -0.05243461 4.18371039 -0.22582847
v 0.07494536 4.18057313 -0.22471781
v 0.10779567 4.17505639 -0.22248339
v 0.14031388 4.16637242 -0.22366277
v 0.16865888 4.15951498 -0.22259939
v 0.80715157 4.16881439 -0.2194223
v -0.8111705 4.13723031 -0.21946728
v -0.23179455 4.13951061 -0.22758917
v -0.19424408 4.15250232 -0.22371719
v 0.19845508 4.15080313 -0.22409287
v 0.23035743 4.14190439 -0.2225378
v 0.25768128 4.13435882 -0.22227598
v 0.81437276 4.13581649 -0.21876338
v -0.81789667 4.10442658 -0.21681313
v -0.35312241 4.11109489 -0.21411519
v -0.32198538 4.11214504 -0.22636846
v -0.29219418 4.11700656 -0.23264686
v -0.26523449 4.12558883 -0.23360356
v 0.28431978 4.12331721 -0.22614638
v 0.31807971 4.11036024 -0.22757054
v 0.35159634 4.10339031 -0.220193
v 0.82012801 4.10563181 -0.21800299
v -0.82361907 4.07416457 -0.21251015
v -0.41108161 4.07565152 -0.21119609
v -0.38239855 4.0791505 -0.22673838
v -0.35630219 4.08261361 -0.23931009
v 0.37943869 4.08026004 -0.22663044
v 0.82515821 4.0767507 -0.21525826
v -0.82697207 4.04277551 -0.21551327
v -0.41895108 4.0435124 -0.22779027
v 0.41553605 4.05528614 -0.22329233
v 0.82890157 4.04380281 -0.21712646
v -0.82964218 4.01085661 -0.21862585
v -0.44355464 4.0171272 -0.22512843
v 0.42181553 4.02106858 -0.23828145
v 0.4518334 4.01762957 -0.21757972
v 0.83206467 4.01106759 -0.21809987
v -0.83207553 3.98295672 -0.21846628
v -0.47538045 3.9858729 -0.21343083
v -0.44781776 3.98859015 -0.23576254
v 0.44954977 3.98297255 -0.235502
v 0.47502034 3.98300407 -0.21319054
v 0.8340374 3.98262918 -0.21931882
v -0.83368717 3.95560458 -0.21936088
v -0.47520232 3.95564241 -0.22564579
v 0.47447019 3.955627 -0.22455814
v 0.835535 3.95575673 -0.22003218
v -0.83503536 3.92642115 -0.22004629
v -0.47905177 3.92881143 -0.23122001
v 0.47782102 3.92833133 -0.23111189
v 0.83694231 3.92719503 -0.21990287
v -0.83635203 3.8926264 -0.21979969
v -0.48232968 3.90199109 -0.23670635
v 0.47958571 3.89712424 -0.23932848
v 0.50727697 3.89564065 -0.21667515
v 0.83811594 3.89366183 -0.21971875
v -0.83713655 3.86068481 -0.21967329
v -0.51070719 3.86557547 -0.22382696
v 0.50931228 3.85924073 -0.22572417
v 0.83887749 3.86042928 -0.21971022
v -0.83756383 3.83209846 -0.2195036
v -0.51076582 3.83935586 -0.23156635
v 0.51388052 3.83023087 -0.23011814
v 0.83919613 3.83206792 -0.21990329
v -0.8377089 3.7999131 -0.2194262
v -0.54265775 3.80367377 -0.21504861
v -0.51099487 3.80726016 -0.23905519
v 0.5137924 3.80170798 -0.23653098
v 0.54140952 3.80129358 -0.2151006
v 0.83926149 3.79971865 -0.22007599
v -0.83763731 3.76723938 -0.21990213
v -0.53992607 3.76855402 -0.22567696
v 0.53884013 3.76935955 -0.22449892
v 0.8391602 3.76686197 -0.2200666
v -0.83761483 3.73868721 -0.21991562
v -0.5433745 3.73831526 -0.22909181
v 0.54202663 3.73901587 -0.22844843
v 0.8389972 3.73881525 -0.21982168
v -0.83751942 3.71048527 -0.21984473
v -0.56808818 3.71057269 -0.21507577
v -0.54021252 3.7083707 -0.23666103
v 0.54435673 3.71351241 -0.23080585
v 0.83878762 3.71113713 -0.21964835
v -0.83756397 3.67743806 -0.21981612
v -0.56646604 3.67955095 -0.22148862
v 0.54197802 3.68243491 -0.2375938
v 0.57080565 3.68160066 -0.21566038
v 0.83867085 3.68015013 -0.21988107
v -0.83813997 3.64495431 -0.22000931
v -0.5689044 3.64770882 -0.22445184
v 0.56821346 3.64626894 -0.22299165
v 0.83907033 3.6479212 -0.21971164
v -0.83919242 3.61753101 -0.2204188
v -0.57054448 3.61660975 -0.22789394
v 0.56971057 3.61696643 -0.22595077
v 0.84000286 3.61781498 -0.220537
v -0.840651 3.58971363 -0.22073009
v -0.59725043 3.59048736 -0.21089355
v -0.57079686 3.58727922 -0.23214193
v 0.57152412 3.58725064 -0.22883404
v 0.84107374 3.58925846 -0.22066216
v -0.84172321 3.55654664 -0.21969105
v -0.5931992 3.5588055 -0.21870414
v 0.57023869 3.55792936 -0.23468357
v 0.59737091 3.55612678 -0.21281708
v 0.84215141 3.5561569 -0.21989352
v -0.84254514 3.52388216 -0.21910791
v -0.59332977 3.52765572 -0.22371958
v 0.59360723 3.52493188 -0.22099022
v 0.84253827 3.52312482 -0.21932413
v -0.84204276 3.49616074 -0.2193409
v -0.59781269 3.49812513 -0.22559683
v 0.59517165 3.49527984 -0.22535363
v 0.84185153 3.49527535 -0.21953194
v -0.84036101 3.46711313 -0.22050261
v -0.60268829 3.46848206 -0.22745787
v 0.59980083 3.467348 -0.22700971
v 0.83965403 3.46727249 -0.22037632
v -0.83765532 3.43539338 -0.22138662
v -0.60310038 3.43827629 -0.23294918
v 0.60103085 3.43337974 -0.23227365
v 0.83570402 3.43527976 -0.22080682
v -0.83649604 3.40281086 -0.22417187
v -0.62848126 3.40534109 -0.21875568
v 0.62827301 3.40181535 -0.21611597
v 0.83225177 3.40362249 -0.22278221
v -0.8352918 3.37575671 -0.2258262
v -0.62879387 3.37284794 -0.22336654
v 0.62500799 3.37407474 -0.22234606
v 0.82998155 3.37540241 -0.22657587
v -0.82994191 3.35125912 -0.22195084
v -0.6310809 3.34200482 -0.2240482
v 0.62283696 3.34556551 -0.22572144
v 0.82787469 3.34737811 -0.23072131
v -0.82818191 3.31596964 -0.22738155
v -0.63145334 3.30881584 -0.22444596
v 0.62271753 3.31167669 -0.22622452
v 0.82339555 3.31368549 -0.2303729
v -0.82356583 3.28218099 -0.22920732
v -0.62924063 3.28039711 -0.22518909
v 0.62456837 3.28074573 -0.22419992
v 0.8163265 3.28125532 -0.22508493
v -0.81553883 3.25338197 -0.22473939
v -0.62490726 3.25230234 -0.22633484
v 0.60176004 3.25197641 -0.23736419
v 0.62972557 3.25364016 -0.21915495
v 0.80863635 3.25571439 -0.21891659
v -0.80612266 3.2247096 -0.22017612
v -0.62521147 3.21986461 -0.22392425
v 0.59951034 3.21505282 -0.23543857
v 0.62710168 3.21977852 -0.21846442
v 0.8077974 3.22013527 -0.22376078
v -0.80265982 3.18827157 -0.22506314
v -0.6256651 3.18737035 -0.22129741
v -0.59713968 3.18669362 -0.23799419
v 0.59717478 3.18485217 -0.23433215
v 0.62494046 3.1877418 -0.21789256
v 0.8043048 3.18761243 -0.22628938
v -0.79993361 3.16072667 -0.22848864
v -0.62649277 3.15828708 -0.21894113
v -0.59816517 3.15856348 -0.23475299
v 0.59844388 3.15839299 -0.23134798
v 0.62688328 3.15932461 -0.21509439
v 0.79801573 3.15789972 -0.22446487
v -0.79948965 3.13435624 -0.23275704
v -0.77878509 3.13401743 -0.21224545
v -0.62709412 3.13032898 -0.21684431
v -0.59836725 3.13100899 -0.23230738
v 0.59721849 3.13141197 -0.22990936
v 0.62596385 3.13133604 -0.21401414
v 0.79660176 3.13357949 -0.22795085
v -0.79737508 3.10225599 -0.23772045
v -0.77808337 3.10102744 -0.21744264
v -0.62725985 3.099511 -0.21525884
v -0.59727417 3.09975294 -0.23055151
v 0.59402337 3.09842178 -0.22948912
v 0.62377685 3.097621 -0.21390806
v 0.77642683 3.100438 -0.21437506
v 0.79677415 3.10120613 -0.23593328
v -0.77585364 3.06707376 -0.2244447
v -0.62502767 3.06659359 -0.21547924
v -0.59347042 3.06717308 -0.23041107
v 0.59585489 3.06518537 -0.22691276
v 0.62724101 3.0646334 -0.21155556
v 0.77519198 3.0659259 -0.22218352
v -0.77208624 3.04009526 -0.22810611
v -0.62526443 3.03738592 -0.21501228
v -0.5938781 3.03829828 -0.22877614
v 0.59705717 3.03692088 -0.22531839
v 0.62932056 3.03720555 -0.21047027
v 0.77318093 3.04035835 -0.22627726
v -0.77148552 3.01301099 -0.23446891
v -0.74334306 3.01198564 -0.21398511
v -0.62669471 3.00891836 -0.21468446
v -0.59662421 3.00860876 -0.22652782
v -0.57126028 3.00575288 -0.2385968
v 0.56956946 3.00768134 -0.23788352
v 0.5970143 3.0073309 -0.22449723
v 0.62902405 3.00835764 -0.21098715
v 0.74810827 3.01313441 -0.2130627
v 0.77418716 3.01497552 -0.2346613
v -0.74425387 2.97813857 -0.22425473
v -0.62622491 2.97831957 -0.21554306
v -0.59543285 2.97667074 -0.2269557
v 0.57019946 2.97639125 -0.23607491
v 0.5949316 2.97572553 -0.22518898
v 0.62698387 2.97594912 -0.21307541
v 0.74661515 2.97839032 -0.22175977
v -0.74575217 2.94382351 -0.23261632
v -0.7141922 2.9467661 -0.21482143
v -0.68501584 2.94569453 -0.20885408
v -0.65617388 2.94638645 -0.21040798
v -0.62274071 2.94411694 -0.21801304
v -0.59438117 2.94405375 -0.22773984
v 0.57016766 2.94737348 -0.23554536
v 0.59430944 2.94503938 -0.22568495
v 0.62387407 2.94459269 -0.21548266
v 0.65630837 2.94541574 -0.20798274
v 0.71214039 2.94733327 -0.21088283
v 0.74190423 2.94585508 -0.22719873
v -0.71748698 2.91650297 -0.22241277
v -0.68752232 2.91601089 -0.21418723
v -0.65798907 2.91682624 -0.21389303
v -0.62506837 2.91560886 -0.21963294
v -0.5952052 2.91476028 -0.22835677
v 0.57012973 2.91844799 -0.23586915
v 0.59439749 2.91644511 -0.22652999
v 0.62213208 2.91711756 -0.21809495
v 0.65527462 2.91621326 -0.21243217
v 0.68699312 2.91796972 -0.21170751
v 0.71280758 2.9171722 -0.21787855
v 0.73951059 2.91963238 -0.23183659
v -0.74128088 2.89217672 -0.23933755
v -0.71058276 2.88630446 -0.22550797
v -0.68604847 2.88609855 -0.2184426
v -0.65980707 2.88665571 -0.21789734
v -0.62569515 2.88479824 -0.22265234
v -0.59246932 2.88335087 -0.23077594
v 0.56937641 2.8881179 -0.23682038
v 0.5950146 2.8855614 -0.22802199
v 0.62403266 2.88716298 -0.22059626
v 0.65671016 2.88622198 -0.21657364
v 0.68667854 2.88703683 -0.21761506
v 0.71168032 2.88826958 -0.22511512
v 0.73998445 2.89266852 -0.23763926
v -0.71063963 2.8513366 -0.23454103
v -0.68597961 2.85375482 -0.22507008
v -0.65975726 2.85396987 -0.22263618
v -0.62614176 2.85265292 -0.22573125
v -0.59413741 2.85246162 -0.23212427
v 0.59328375 2.85028222 -0.23076855
v 0.62394454 2.85362986 -0.22419386
v 0.65627202 2.85492376 -0.22114613
v 0.68426809 2.85589902 -0.2238969
v 0.71133282 2.8554018 -0.2346496
v -0.68502838 2.82563537 -0.23186832
v -0.65730458 2.82357736 -0.2271651
v -0.62543625 2.82286883 -0.22882924
v -0.59718696 2.82352885 -0.23330295
v 0.59473715 2.82182542 -0.23262434
v 0.62508518 2.82377174 -0.22750749
v 0.65651417 2.82463843 -0.22652103
v 0.68411188 2.82512357 -0.23272829
v -0.68294364 2.79922897 -0.23852129
v -0.65229946 2.79806206 -0.23126322
v -0.622306 2.79732174 -0.23170599
v -0.59732026 2.7955401 -0.23534359
v 0.59659864 2.79457769 -0.23475033
v 0.62813025 2.79664393 -0.2310555
v 0.65913434 2.79428752 -0.23316135
v -1.02498901 2.75187941 -0.23828481
v -0.99380168 2.75934814 -0.23551993
v -0.96292354 2.76120862 -0.23755402
v -0.93455391 2.76277048 -0.23932487
v -0.65286775 2.77047013 -0.23780815
v -0.62201937 2.77027028 -0.23564731
v 0.62913605 2.7681893 -0.23619522
v 0.93455391 2.76277038 -0.23932487
v 0.96292368 2.76120844 -0.23755409
v 0.99380182 2.75934814 -0.23551986
v 1.02498915 2.75187941 -0.23828488
v -0.99292764 2.74358059 -0.23787788
v 0.99292792 2.74358052 -0.2378777
v -0.25374359 4.73044087 -0.24943871
v -0.2276226 4.73606422 -0.25194596
v -0.20094817 4.74084169 -0.25195633
v -0.16722184 4.74522942 -0.25095053
v -0.133302 4.74760708 -0.25032494
v -0.10589999 4.74940336 -0.24808666
v -0.07909411 4.75046807 -0.2480494
v -0.0465459 4.75220327 -0.24845234
v -0.01419137 4.75317524 -0.24981752
v 0.01339018 4.75333522 -0.24984526
v 0.04607417 4.75270032 -0.24847542
v 0.07907269 4.75107019 -0.24829344
v 0.10568931 4.74989873 -0.24871656
v 0.13277389 4.74897159 -0.24925841
v 0.16713113 4.7462252 -0.25121684
v 0.19914581 4.74264497 -0.25119002
v 0.22673148 4.73756266 -0.25100761
v 0.25401267 4.73166977 -0.2492645
v -0.34845187 4.70040062 -0.25043232
v -0.32064594 4.71013488 -0.2502764
v -0.28643389 4.72091395 -0.24939086
v 0.28701631 4.72218852 -0.2498475
v 0.32100227 4.71161315 -0.2514901
v 0.34807947 4.70254237 -0.24874423
v -0.41239225 4.67135658 -0.24810719
v -0.38127665 4.6862114 -0.25051049
v 0.37647848 4.69044362 -0.24802411
v 0.4071171 4.67498206 -0.25175879
v -0.46605569 4.64091904 -0.24955138
v -0.43925553 4.65682175 -0.24768306
v 0.43822629 4.65872716 -0.25012222
v 0.46552974 4.64289225 -0.2519461
v -0.49742286 4.61967988 -0.25157202
v 0.49758698 4.62383982 -0.2491616
v -0.53402207 4.59107055 -0.25153556
v 0.53572484 4.59554878 -0.2475176
v -0.56201727 4.56508097 -0.25076112
v 0.56244904 4.57042106 -0.25033166
v 0.58329971 4.5489621 -0.25040164
v -0.58938607 4.53563711 -0.25112193
v 0.59931022 4.53067317 -0.25086409
v -0.6197147 4.50227118 -0.24548755
v 0.62185161 4.50278365 -0.25353539
v -0.6485231 4.46449021 -0.24877242
v 0.64968629 4.4670699 -0.25338749
v -0.67084608 4.43420355 -0.24792205
v 0.67297992 4.43531295 -0.25231735
v -0.68822678 4.40762109 -0.24988981
v 0.69111194 4.40866086 -0.25161881
v -0.70854012 4.3756561 -0.24988238
v 0.7097824 4.37921644 -0.25210756
v -0.72971595 4.34033475 -0.25041327
v 0.73161366 4.34290435 -0.25212052
v -0.74359992 4.31407717 -0.25244378
v 0.74736213 4.31465674 -0.25097546
v -0.75630023 4.28805747 -0.25243341
v 0.76126648 4.28632802 -0.24972289
v -0.76949431 4.25723873 -0.25212087
v 0.77374558 4.25531076 -0.25146568
v -0.78184782 4.22398306 -0.24999873
v 0.78549025 4.22203016 -0.2505306
v -0.78986271 4.19629737 -0.25195622
v 0.79460753 4.19261024 -0.24927732
v -0.79678052 4.1691268 -0.25218692
v -0.1070712 4.16246185 -0.25684055
v -0.08071063 4.16966854 -0.25643245
v -0.04972526 4.17642384 -0.25514233
v -0.01595946 4.18032853 -0.25153121
v 0.01246759 4.18019152 -0.25142803
v 0.04343429 4.17730139 -0.25252094
v 0.07656383 4.16907678 -0.25865195
v 0.10784663 4.16232035 -0.25595694
v 0.80065691 4.16737226 -0.25079183
v -0.80349604 4.13741145 -0.25248641
v -0.19709049 4.13432183 -0.25598307
v -0.16271547 4.14712596 -0.25474643
v -0.13592225 4.15347611 -0.25845554
v 0.1395839 4.15222214 -0.25692506
v 0.16840423 4.14289667 -0.25677582
v 0.19897231 4.1313723 -0.2571539
v 0.80635409 4.13773059 -0.25275689
v -0.80940988 4.10548695 -0.25207443
v -0.26368681 4.1029224 -0.2613484
v -0.23212123 4.11720465 -0.25941995
v 0.23028777 4.1170308 -0.25825875
v 0.25682622 4.10934148 -0.25519753
v 0.28444031 4.09958874 -0.25391483
v 0.81178888 4.10691759 -0.25297747
v -0.81428611 4.07622731 -0.25017224
v -0.32314815 4.08084157 -0.25614295
v -0.28936347 4.08593691 -0.26590761
v 0.31408046 4.08177585 -0.25779994
v 0.35144952 4.07935924 -0.24316455
v 0.816627 4.07756492 -0.25111874
v -0.81797666 4.04490521 -0.25149339
v -0.38122292 4.04814753 -0.24853132
v -0.3541465 4.05086535 -0.26210081
v 0.35170481 4.05103402 -0.26322334
v 0.38456366 4.04958461 -0.24640176
v 0.82087429 4.04431037 -0.2508339
v -0.82156208 4.01184217 -0.25147234
v -0.4138598 4.01564389 -0.24671869
v -0.38168103 4.01674922 -0.26586449
v 0.38749431 4.01914482 -0.26069865
v 0.82479656 4.01061117 -0.24910504
v -0.82478773 3.98228511 -0.24920037
v -0.41471812 3.98745288 -0.25934976
v 0.42078564 3.98520648 -0.25473711
v 0.82684977 3.98166491 -0.25053735
v -0.82657826 3.95356805 -0.25048958
v -0.44619366 3.957488 -0.2485579
v -0.41725763 3.95794835 -0.26868836
v 0.41904203 3.95555751 -0.2668636
v 0.44622476 3.95441267 -0.24829288
v 0.82825322 3.95512645 -0.25227882
v -0.82803678 3.92300427 -0.2521547
v -0.44708265 3.92753504 -0.25705391
v 0.44649619 3.92554277 -0.2566372
v 0.83019954 3.92627013 -0.25154627
v -0.83001097 3.88898495 -0.2514115
v -0.4517623 3.90032902 -0.26132665
v 0.44885494 3.89482195 -0.2636376
v 0.83183835 3.8936177 -0.25143143
v -0.83127665 3.85971158 -0.25123936
v -0.47803438 3.86625899 -0.25022715
v -0.45254738 3.86985659 -0.26910927
v 0.47482918 3.86198208 -0.25239265
v 0.83299819 3.86019224 -0.25237121
v -0.83218004 3.83275746 -0.25136681
v -0.47700259 3.83581289 -0.25901035
v 0.47840009 3.83169555 -0.2573853
v 0.83387391 3.83194407 -0.2529975
v -0.83284885 3.80230646 -0.25232568
v -0.47940751 3.80591022 -0.26457773
v 0.48330736 3.80217561 -0.26062496
v 0.83484035 3.80050654 -0.2530223
v -0.83361838 3.76931556 -0.25337036
v -0.50554149 3.76970096 -0.25241765
v 0.4836549 3.77035366 -0.26783907
v 0.50918756 3.77006605 -0.24754576
v 0.83586506 3.76715672 -0.25271269
v -0.83463728 3.73865303 -0.25314572
v -0.50893785 3.73955579 -0.25601245
v 0.50870764 3.73988851 -0.2541559
v 0.83669091 3.73780742 -0.25267564
v -0.83563489 3.71047434 -0.25294115
v -0.51048013 3.71404112 -0.25950386
v 0.51025441 3.71387581 -0.25792039
v 0.83748482 3.71010814 -0.25290749
v -0.83694833 3.67803668 -0.2529325
v -0.53553725 3.67995162 -0.24514043
v -0.50991286 3.68875537 -0.26482594
v 0.51190772 3.68426453 -0.26183985
v 0.83865271 3.67846887 -0.25313101
v -0.83866007 3.64566262 -0.25304548
v -0.53669614 3.64934203 -0.2495996
v -0.51434472 3.65519248 -0.26758452
v 0.51225817 3.65197439 -0.26774237
v 0.53860639 3.64966537 -0.24555041
v 0.8401812 3.64623896 -0.25276565
v -0.84057893 3.61771089 -0.25334458
v -0.53733353 3.61662642 -0.25524691
v 0.53659426 3.61776244 -0.25326347
v 0.84189482 3.61754866 -0.25326809
v -0.84270625 3.58954397 -0.25347974
v -0.54141621 3.58890164 -0.25669016
v 0.53924717 3.5871027 -0.25652278
v 0.84373278 3.58943358 -0.25337992
v -0.84500903 3.55638077 -0.25309403
v -0.56760427 3.55756287 -0.2397228
v -0.54430161 3.56040663 -0.25979235
v 0.54085044 3.55636928 -0.26120901
v 0.84568863 3.55641271 -0.25300216
v -0.84660119 3.52328158 -0.25235797
v -0.56586189 3.52654954 -0.24740651
v -0.5464229 3.53168004 -0.26372821
v 0.56398775 3.5258628 -0.24651278
v 0.847053 3.52328985 -0.25307448
v -0.84702799 3.4956983 -0.25199643
v -0.56701938 3.49441434 -0.25304695
v 0.56354359 3.49679901 -0.2527094
v 0.84727252 3.4955795 -0.2529449
v -0.84645851 3.46768829 -0.25214629
v -0.57041479 3.4660548 -0.25570096
v 0.56773014 3.46758504 -0.25469088
v 0.84665478 3.46809021 -0.25286035
v -0.84539688 3.43503768 -0.25252959
v -0.57267761 3.43671754 -0.25899266
v 0.57096749 3.4341048 -0.25787514
v 0.84504567 3.43578564 -0.25278505
v -0.84434576 3.40212902 -0.25289022
v -0.59885134 3.40417411 -0.24196479
v -0.57441113 3.40277948 -0.26248523
v 0.57322103 3.401674 -0.26071308
v 0.5978066 3.39981888 -0.24023964
v 0.84300023 3.40315205 -0.25344871
v -0.84325527 3.37424314 -0.253195
v -0.59769831 3.37241709 -0.24676698
v -0.57594417 3.37225381 -0.26436749
v 0.57478581 3.37445874 -0.26203994
v 0.59635222 3.37410374 -0.24435577
v 0.84075292 3.37522827 -0.25452175
v -0.84135602 3.34652634 -0.25336819
v -0.59709814 3.34137272 -0.24890407
v -0.57365567 3.34268666 -0.26723429
v 0.5755593 3.34413382 -0.26230132
v 0.59533528 3.34451621 -0.24636099
v 0.8384949 3.34659639 -0.25611465
v -0.83854785 3.31447435 -0.25441619
v -0.59651115 3.30915374 -0.24907282
v -0.57325952 3.30966803 -0.26661361
v 0.57377223 3.31217542 -0.26286344
v 0.59472097 3.31026181 -0.2464688
v 0.83485856 3.31333378 -0.25519308
v -0.83452297 3.28166166 -0.25478621
v -0.59534474 3.28183839 -0.24828644
v -0.57253766 3.28092302 -0.264917
v 0.57176697 3.28287207 -0.26232258
v 0.59624035 3.28045504 -0.24377746
v 0.83057345 3.28088428 -0.25289093
v -0.82918414 3.25295216 -0.25269966
v -0.59355301 3.25347667 -0.24685079
v -0.57115872 3.25320223 -0.26275515
v 0.57175545 3.25413715 -0.2592263
v 0.82840578 3.25260627 -0.25323524
v -0.82480286 3.22084491 -0.25355042
v -0.59520618 3.21943172 -0.24240931
v -0.56825426 3.22003468 -0.26071476
v 0.56723985 3.21971099 -0.25840157
v 0.82647796 3.22179762 -0.2559671
v -0.81992831 3.1874385 -0.25422602
v -0.56605455 3.18842378 -0.25851095
v 0.56637579 3.18898534 -0.25529048
v 0.82233665 3.18938601 -0.25703317
v -0.81565847 3.15942408 -0.25530757
v -0.56691826 3.15937189 -0.25465341
v 0.54419465 3.16060745 -0.26715451
v 0.56854569 3.15977445 -0.2505211
v 0.81509452 3.15834473 -0.25232852
v -0.81171344 3.13251534 -0.25463631
v -0.56932966 3.13091078 -0.25010338
v -0.54441291 3.12937956 -0.26629433
v 0.54435008 3.1317552 -0.26349971
v 0.56856916 3.13138913 -0.24750682
v 0.81093164 3.13106748 -0.25175193
v -0.80658503 3.10014268 -0.25453482
v -0.56911482 3.10018639 -0.24719959
v -0.54284898 3.1006826 -0.26413553
v 0.54165832 3.09862365 -0.26153347
v 0.56695486 3.09908904 -0.24536472
v 0.80628951 3.09880003 -0.25291492
v -0.79960284 3.07068565 -0.25244245
v -0.56724906 3.06685738 -0.24502068
v -0.5399351 3.0678379 -0.26213678
v 0.53881295 3.06587442 -0.2599916
v 0.56718553 3.06629967 -0.24263114
v 0.79916085 3.0713216 -0.25043988
v -0.79407448 3.03761897 -0.25658978
v -0.56847446 3.0365586 -0.24199242
v -0.53806055 3.03759739 -0.25998039
v 0.53647287 3.03781888 -0.25883555
v 0.56779928 3.03748062 -0.24045707
v 0.79515425 3.04179522 -0.2553096
v -0.78557795 3.00849928 -0.25448803
v -0.53939756 3.00691356 -0.25626714
v 0.53548482 3.00795445 -0.25708872
v 0.79478097 3.01568901 -0.26256851
v -0.7772592 2.97979832 -0.25203383
v -0.5676492 2.97430519 -0.23896535
v -0.53987262 2.97473955 -0.25308923
v -0.51299933 2.9757188 -0.26846956
v 0.51029434 2.97060189 -0.26871648
v 0.53891305 2.97281537 -0.25225052
v 0.77775282 2.97743229 -0.250586
v -0.77838191 2.94292278 -0.2577756
v -0.56649683 2.9439283 -0.23905466
v -0.5398473 2.94467325 -0.25136496
v -0.51382903 2.94647569 -0.26525323
v 0.5105526 2.94344435 -0.26583392
v 0.53862495 2.94457224 -0.25060323
v 0.77821603 2.94409256 -0.25627933
v -0.80450177 2.91161196 -0.26876936
v -0.77898052 2.91504085 -0.25590843
v -0.74757227 2.91808806 -0.23893205
v -0.56672847 2.91518518 -0.23902391
v -0.53726226 2.91577182 -0.25176258
v -0.51060948 2.91783974 -0.2649479
v 0.50811452 2.91388869 -0.26483568
v 0.53626546 2.91509349 -0.25082633
v 0.7765223 2.91584502 -0.25374574
v 0.80453435 2.91135807 -0.26896473
v -0.80593563 2.88569165 -0.26158544
v -0.77754597 2.88957035 -0.25177533
v -0.56468009 2.88466533 -0.240053
v -0.53550682 2.88673791 -0.25206262
v -0.50830522 2.88917567 -0.26481586
v 0.50924784 2.88616149 -0.26291861
v 0.53725648 2.88630162 -0.24997498
v 0.77760095 2.8893773 -0.25187129
v 0.80613435 2.88563435 -0.26180679
v -0.83367519 2.85293191 -0.26472973
v -0.80734973 2.85465006 -0.25423151
v -0.78007311 2.85599968 -0.2512166
v -0.74442101 2.85636168 -0.24627991
v -0.56563728 2.8532881 -0.24032867
v -0.53603578 2.85462918 -0.25127018
v -0.50780477 2.85582572 -0.26363277
v 0.50909626 2.85351187 -0.26188286
v 0.53808731 2.85257853 -0.24940487
v 0.56627576 2.85178497 -0.23885944
v 0.74529211 2.85707304 -0.24621796
v 0.78040906 2.85576264 -0.2513873
v 0.80734413 2.85461016 -0.25423127
v 0.83366321 2.85293591 -0.26471979
v -0.89736946 2.81207372 -0.26589629
v -0.86614192 2.81855283 -0.25853294
v -0.83577687 2.82071546 -0.25087071
v -0.80838404 2.82215016 -0.24915001
v -0.78123925 2.82321283 -0.25186758
v -0.74854213 2.82436587 -0.2542809
v -0.71279091 2.82275392 -0.24472221
v -0.56675022 2.82323742 -0.2409627
v -0.53509712 2.82318026 -0.25121411
v -0.50545439 2.82293797 -0.26309838
v 0.50886342 2.82273484 -0.26092385
v 0.53921789 2.82292186 -0.24890351
v 0.56634798 2.82258676 -0.23992279
v 0.71325189 2.82393348 -0.24640456
v 0.7498628 2.82398972 -0.25484078
v 0.7814061 2.82306497 -0.25195885
v 0.80827673 2.82219821 -0.24915435
v 0.83576657 2.82072033 -0.25086878
v 0.86614528 2.81855178 -0.25853238
v 0.89736806 2.81207764 -0.26589191
v -0.99522671 2.7787846 -0.25424104
v -0.96386812 2.78626223 -0.25554965
v -0.93244459 2.7925821 -0.2544668
v -0.90193447 2.79422553 -0.24938253
v -0.86901125 2.79447644 -0.24593241
v -0.83697082 2.79432391 -0.24520501
v -0.80869428 2.79444317 -0.24884107
v -0.78286125 2.79698572 -0.25440117
v -0.74987225 2.79877339 -0.26182696
v -0.71350714 2.79810069 -0.25263627
v -0.56683298 2.79475782 -0.24219692
v -0.53477805 2.79447746 -0.25141651
v -0.50359479 2.79417895 -0.26280681
v 0.50808545 2.79421187 -0.2607328
v 0.53821931 2.79360639 -0.24984063
v 0.56645683 2.79377373 -0.24151089
v 0.68605554 2.79307221 -0.24159596
v 0.7149728 2.79517845 -0.25445664
v 0.75207599 2.79770994 -0.26150499
v 0.78328938 2.79651627 -0.25403118
v 0.80871691 2.79444544 -0.24882131
v 0.83696024 2.79433705 -0.24521787
v 0.86900873 2.7944763 -0.24593266
v 0.90193525 2.7942256 -0.24938235
v 0.9324441 2.79258367 -0.25446516
v 0.96386819 2.7862623 -0.25554972
v 0.99522685 2.77878457 -0.25424122
v -1.04275343 2.75413912 -0.24868325
v -1.02504554 2.7646158 -0.25070014
v -0.90306118 2.76443697 -0.24079186
v -0.87036189 2.76473452 -0.24409379
v -0.83836293 2.76522065 -0.24909642
v -0.81047018 2.76564047 -0.25764125
v -0.7843889 2.76980493 -0.26572457
v -0.71135467 2.76728391 -0.26199966
v -0.68483589 2.76728248 -0.24803959
v -0.59538739 2.76469449 -0.23881507
v -0.56550731 2.76244354 -0.24465192
v -0.53611573 2.76335432 -0.25199653
v -0.50561066 2.7655133 -0.2619389
v 0.50780403 2.7647678 -0.26117658
v 0.5363022 2.76168973 -0.25190684
v 0.56521157 2.76114722 -0.24442056
v 0.59563221 2.76402439 -0.23861761
v 0.66052329 2.76410635 -0.24052407
v 0.68583027 2.76144814 -0.24976169
v 0.7117435 2.76494663 -0.26490709
v 0.78407306 2.76963338 -0.2656222
v 0.8101708 2.76548634 -0.25757572
v 0.83835802 2.76521764 -0.24910108
v 0.87036826 2.76473638 -0.2440954
v 0.9030609 2.76443676 -0.24079179
v 1.02504575 2.7646158 -0.25070018
v 1.04275371 2.75413912 -0.24868332
v -1.04051655 2.74405911 -0.25313651
v -1.02058728 2.73989592 -0.24616059
v -0.99262027 2.73482457 -0.25191164
v -0.96496652 2.7373487 -0.24838906
v -0.93225449 2.73596594 -0.25282932
v -0.90318887 2.73813932 -0.25439143
v -0.87159779 2.74025116 -0.25744421
v -0.83814046 2.74215209 -0.26438752
v -0.70251141 2.73492312 -0.26838029
v -0.68368103 2.73402639 -0.25578655
v -0.65514378 2.73387494 -0.2465683
v -0.62330669 2.73117405 -0.24319849
v -0.59406554 2.72830693 -0.24444557
v -0.56426773 2.72864918 -0.24864739
v -0.53525087 2.73000843 -0.25472892
v -0.50661257 2.73214924 -0.26281203
v 0.50449699 2.73349501 -0.26376841
v 0.53238757 2.72928835 -0.25583331
v 0.56321654 2.72721805 -0.24907173
v 0.59310373 2.7284928 -0.24462527
v 0.62582375 2.73201576 -0.24372072
v 0.65689424 2.73183049 -0.24832272
v 0.68220815 2.73143252 -0.25860516
v 0.83812925 2.74215899 -0.26435274
v 0.87159716 2.74025105 -0.25744442
v 0.90318915 2.73813932 -0.25439189
v 0.93225456 2.73596591 -0.25282925
v 0.9649668 2.73734867 -0.24838906
v 0.99262013 2.73482464 -0.25191171
v 1.02058728 2.73989581 -0.24616045
v 1.04051683 2.74405907 -0.25313654
v -0.68187319 2.70467838 -0.26717913
v -0.65476265 2.70419537 -0.25508966
v -0.62344293 2.70103542 -0.25037481
v -0.59424682 2.69957971 -0.25036031
v -0.56466388 2.700662 -0.25318197
v -0.53392271 2.70117898 -0.25866491
v -0.50520782 2.7014307 -0.26568794
v 0.50435808 2.70444733 -0.2663468
v 0.53359521 2.70249688 -0.25912726
v 0.56504896 2.70145745 -0.25331026
v 0.59343561 2.70155615 -0.250568
v 0.62508784 2.7026597 -0.25161793
v 0.65552749 2.7045366 -0.25659937
v 0.67886503 2.70384198 -0.26690307
v -0.65426833 2.67832522 -0.26620614
v -0.62211975 2.67687056 -0.25782081
v -0.5933145 2.67425417 -0.25689735
v -0.56577181 2.6752398 -0.258615
v -0.53533303 2.67635796 -0.2629115
v 0.53270292 2.67490175 -0.26446205
v 0.56491601 2.67546773 -0.25929926
v 0.59239423 2.67610894 -0.25755362
v 0.62379317 2.67695735 -0.26020983
v 0.65532975 2.67834392 -0.26862269
v -0.61778897 2.65162543 -0.26753132
v -0.59050219 2.65098769 -0.264003
v -0.5665544 2.65177772 -0.26413231
v -0.5393016 2.65202365 -0.26719836
v 0.5657032 2.65075591 -0.26573424
v 0.59470444 2.65108975 -0.26618079
v -0.1668666 4.73190428 -0.27513644
v -0.13300451 4.73426906 -0.27398049
v -0.10586929 4.73578263 -0.27378979
v -0.07870561 4.73644275 -0.27644873
v -0.0459618 4.73804486 -0.27885687
v -0.01400673 4.73903056 -0.28121779
v 0.01370806 4.73916841 -0.28132447
v 0.04570671 4.73846766 -0.27905524
v 0.07843478 4.73683417 -0.27704066
v 0.1055485 4.73575265 -0.27539453
v 0.1336823 4.73504994 -0.27409488
v 0.16572511 4.73313543 -0.27502041
v 0.19702268 4.73097519 -0.27516645
v -0.31895369 4.7002702 -0.27785141
v -0.28525486 4.70997573 -0.27807367
v -0.25535419 4.71801206 -0.27792202
v -0.22900607 4.72310894 -0.27905839
v -0.20101452 4.72765329 -0.27801483
v 0.22728853 4.72531989 -0.27762797
v 0.25592024 4.71981674 -0.27691993
v 0.28638143 4.71138395 -0.27784679
v 0.31991606 4.70147038 -0.27828879
v -0.38310774 4.67521042 -0.28162406
v -0.34900437 4.68961203 -0.27936786
v 0.34847338 4.69171805 -0.27899188
v 0.37527245 4.68199682 -0.27799396
v 0.40375815 4.66888015 -0.27786073
v -0.4407064 4.6461144 -0.27840254
v -0.41441324 4.66053661 -0.28020996
v 0.43786012 4.65023567 -0.27736084
v -0.49394164 4.61021587 -0.2801135
v -0.46588652 4.62912611 -0.27996227
v 0.46652188 4.63149845 -0.27976712
v 0.49767668 4.61195597 -0.27838444
v -0.52946784 4.5840988 -0.27775496
v 0.53302524 4.58629267 -0.27700378
v -0.55825429 4.55781937 -0.27698588
v 0.56147549 4.55975826 -0.27790304
v -0.58460356 4.52921648 -0.27821681
v 0.58847196 4.53222219 -0.27539344
v -0.61197523 4.49857776 -0.2766926
v 0.61421827 4.49954356 -0.28124014
v -0.63843679 4.46573074 -0.27702868
v 0.64174446 4.46536958 -0.28038087
v -0.66040737 4.43607604 -0.27693002
v 0.66353643 4.43581462 -0.28036616
v -0.68132795 4.40614661 -0.2765745
v 0.68298245 4.40717265 -0.28141147
v -0.70030837 4.37675836 -0.27632208
v 0.703376 4.37506379 -0.28278953
v -0.71924067 4.34446485 -0.2783907
v 0.72357811 4.34312345 -0.28098236
v -0.73551989 4.31411584 -0.28164539
v 0.73966399 4.31560055 -0.27844391
v -0.74902189 4.28714953 -0.28125278
v 0.75294639 4.28763873 -0.27916661
v -0.76374018 4.25365654 -0.27938821
v 0.76743066 4.25317798 -0.27921785
v -0.77476749 4.22230866 -0.27964009
v 0.77755619 4.2230265 -0.2804063
v -0.78249827 4.19597039 -0.28052202
v 0.78648183 4.19430341 -0.27877862
v -0.78923705 4.16923089 -0.28040623
v -0.04770685 4.16309507 -0.28394566
v -0.01521218 4.16887841 -0.27949205
v 0.01328521 4.16856096 -0.27974534
v 0.04540377 4.16374959 -0.28212658
v 0.79378616 4.16653885 -0.27776056
v -0.796271 4.13685836 -0.27978863
v -0.16304036 4.12934907 -0.2831294
v -0.13618422 4.13751498 -0.28624645
v -0.10892182 4.14585965 -0.28756213
v -0.08089443 4.15278699 -0.28931702
v 0.08013957 4.15313807 -0.28862867
v 0.11134944 4.14518832 -0.2857585
v 0.13813045 4.135537 -0.28568432
v 0.80020329 4.13543445 -0.2782967
v -0.80230931 4.10464009 -0.27905776
v -0.19862316 4.11033026 -0.28600352
v 0.16820824 4.12217769 -0.28764237
v 0.20230075 4.10514849 -0.2883724
v 0.80485593 4.10575131 -0.27997695
v -0.80620503 4.07640971 -0.27991541
v -0.26335915 4.08123565 -0.2824883
v -0.2326363 4.08808482 -0.2905179
v 0.23490054 4.08531251 -0.29050823
v 0.26058948 4.07827856 -0.2850726
v 0.28682437 4.07696308 -0.27470334
v 0.80862178 4.07742511 -0.28095645
v -0.80979247 4.04713886 -0.28026782
v -0.32300866 4.04908742 -0.27921957
v -0.29578678 4.05135946 -0.28994344
v -0.26822239 4.05433518 -0.30168279
v 0.28847104 4.05035078 -0.29460964
v 0.31874673 4.05129151 -0.27907002
v 0.81240879 4.04506828 -0.2813209
v -0.81313223 4.01456264 -0.28056222
v -0.35595388 4.01856203 -0.27987962
v -0.32424572 4.01953344 -0.29675927
v 0.32402721 4.01942879 -0.29560241
v 0.35359957 4.02042836 -0.27907117
v 0.81623881 4.01111873 -0.27991023
v -0.81590111 3.98283231 -0.28056219
v -0.38140851 3.98723153 -0.28054681
v -0.35449484 3.98653961 -0.29702881
v 0.35290642 3.98901632 -0.29511128
v 0.38442098 3.98639475 -0.27746069
v 0.81899318 3.98113802 -0.27948662
v -0.81815276 3.95414089 -0.28073776
v -0.38423171 3.95660345 -0.29072856
v 0.38366174 3.95737144 -0.28936955
v 0.821153 3.95350178 -0.27903002
v -0.82041135 3.92462529 -0.27995765
v -0.41808533 3.92638417 -0.27827008
v -0.38783716 3.92508522 -0.29924306
v 0.41460913 3.92464042 -0.27971144
v 0.82396286 3.92364296 -0.27604344
v -0.82354377 3.88994333 -0.27631067
v -0.41768842 3.89421492 -0.28785367
v 0.41388425 3.89209405 -0.28991269
v 0.82591968 3.89170179 -0.27570017
v -0.82558234 3.85966269 -0.27485524
v -0.42063773 3.86525172 -0.29386504
v 0.44129487 3.8624951 -0.27798839
v 0.82693494 3.85887354 -0.27830693
v -0.82650457 3.83314159 -0.27604193
v -0.44681427 3.83615304 -0.28205187
v 0.44371575 3.83295247 -0.28377064
v 0.82772199 3.83217186 -0.28032767
v -0.82692149 3.80472111 -0.27923974
v -0.44790104 3.80262027 -0.2898341
v 0.44867149 3.80294949 -0.28740807
v 0.8290631 3.80392033 -0.28035327
v -0.82817001 3.77165358 -0.28055448
v -0.47190028 3.77004069 -0.27917341
v 0.45395967 3.77194638 -0.29090904
v 0.83101404 3.77086906 -0.27889084
v -0.83009797 3.73920695 -0.27934698
v -0.47270067 3.73876678 -0.28561354
v 0.45292312 3.74279951 -0.29887692
v 0.47996914 3.74003603 -0.27741513
v 0.83250562 3.73918692 -0.27889329
v -0.83169602 3.71062256 -0.27913936
v -0.4758644 3.7120637 -0.28889271
v 0.47588083 3.71118322 -0.28703846
v 0.83345062 3.71106218 -0.28049281
v -0.83336593 3.67787333 -0.28035044
v -0.48026061 3.67903891 -0.29223712
v 0.47816722 3.68112826 -0.29141428
v 0.83538972 3.67829711 -0.28045596
v -0.83560827 3.64525242 -0.28078256
v -0.49580019 3.64913287 -0.28493776
v 0.48035086 3.65106518 -0.29604066
v 0.83761623 3.64568868 -0.28003463
v -0.83782511 3.61751798 -0.2810521
v -0.50622553 3.62134491 -0.28161755
v 0.50619618 3.6166204 -0.28042479
v 0.83976225 3.61737648 -0.28016261
v -0.84030511 3.58943498 -0.28105654
v -0.50829222 3.58768325 -0.28678595
v 0.50572753 3.58740391 -0.28694541
v 0.84202294 3.5894602 -0.2801106
v -0.84315644 3.5564326 -0.28081012
v -0.51285244 3.55208452 -0.29017369
v 0.51026057 3.55902993 -0.28877345
v 0.84450617 3.55653907 -0.28019273
v -0.84545782 3.52344997 -0.28050289
v -0.52744038 3.52722395 -0.28198739
v 0.51153542 3.52658807 -0.29432466
v 0.53585583 3.52322232 -0.27251588
v 0.84657675 3.52363714 -0.28062471
v -0.84660813 3.49598983 -0.28028701
v -0.53650758 3.50030163 -0.2792361
v 0.51401357 3.49759824 -0.29781687
v 0.53550489 3.49503089 -0.27850131
v 0.84761414 3.49594066 -0.28084437
v -0.84712241 3.46818849 -0.28034438
v -0.53686012 3.46501908 -0.28572208
v 0.53665429 3.46610586 -0.2828939
v 0.84802216 3.46840388 -0.28057588
v -0.84738572 3.43501772 -0.28049778
v -0.53963348 3.43406067 -0.2882846
v 0.53767378 3.43382685 -0.28732979
v 0.84773371 3.43573317 -0.28025871
v -0.84714707 3.40201064 -0.28036235
v -0.54276226 3.40082321 -0.28964799
v 0.53957976 3.4026597 -0.28943764
v 0.84658053 3.40279426 -0.28029212
v -0.84636612 3.37437524 -0.28028512
v -0.54469422 3.3730922 -0.29022503
v 0.54187953 3.37184502 -0.2894714
v 0.84485584 3.37435955 -0.28064005
v -0.84489717 3.34663484 -0.2804084
v -0.54191627 3.34674769 -0.29269754
v 0.54401526 3.33946535 -0.287837
v 0.84267206 3.34394848 -0.2808429
v -0.84225395 3.31402816 -0.28043176
v -0.54217856 3.31239719 -0.29092452
v 0.54144272 3.30906843 -0.28821812
v 0.84009883 3.31123841 -0.2800409
v -0.83908399 3.28125308 -0.28045229
v -0.54121174 3.27982433 -0.2885728
v 0.53840031 3.28039466 -0.28790613
v 0.8378609 3.28072261 -0.27986946
v -0.83574192 3.25258134 -0.27984855
v -0.53994894 3.25137289 -0.28572166
v 0.53738862 3.25205564 -0.28498813
v 0.83606224 3.25260529 -0.28042511
v -0.83228168 3.21989059 -0.28059192
v -0.53690289 3.21956971 -0.283097
v 0.53535117 3.22051366 -0.28186474
v 0.83328041 3.2207161 -0.28135823
v -0.82799517 3.18637078 -0.28149227
v -0.53746189 3.19073217 -0.27852124
v -0.5116206 3.19463797 -0.29769755
v 0.51248176 3.18687715 -0.29389569
v 0.54000067 3.18901609 -0.27386562
v 0.82966585 3.18758609 -0.2824572
v -0.8246765 3.15896436 -0.28347995
v -0.54028478 3.15864243 -0.27243498
v -0.51252683 3.16073101 -0.29220777
v 0.51194719 3.15959303 -0.29016286
v 0.82505923 3.15829135 -0.28121282
v -0.82063977 3.13323746 -0.28109367
v -0.51153276 3.13024401 -0.28896948
v 0.50966223 3.13212469 -0.28791839
v 0.82126088 3.13084697 -0.28068775
v -0.81542689 3.09958497 -0.28014212
v -0.50705523 3.09925981 -0.28806952
v 0.50660862 3.09948452 -0.28569273
v 0.81589558 3.09782344 -0.27995471
v -0.81064389 3.06682313 -0.28105749
v -0.50467077 3.06597473 -0.28520345
v 0.50366455 3.06604694 -0.28348562
v 0.81068907 3.06661313 -0.28028848
v -0.80636179 3.03937742 -0.28249881
v -0.50406263 3.03651615 -0.28151115
v 0.4786295 3.0359852 -0.2969767
v 0.50365037 3.03715764 -0.27992718
v 0.80606697 3.03961866 -0.28127684
v -0.80190682 3.00980656 -0.28184811
v -0.50791842 3.007217 -0.27523209
v -0.47728267 3.00563478 -0.29473436
v 0.47770793 3.00948168 -0.29394227
v 0.50395787 3.00772932 -0.27652098
v 0.80372145 3.01091512 -0.28303344
v -0.80468207 2.97526182 -0.28517627
v -0.4789258 2.9743316 -0.28918239
v 0.47795474 2.97516186 -0.28934444
v 0.80455508 2.97984098 -0.28291359
v -0.80753844 2.94222694 -0.28177018
v -0.47549189 2.9453485 -0.28753842
v 0.4745919 2.94463122 -0.28746978
v 0.80823547 2.94165472 -0.28230303
v -0.82937341 2.91297167 -0.2892655
v -0.47282535 2.91561163 -0.28567823
v 0.4494745 2.91035192 -0.2982935
v 0.47644919 2.91271267 -0.28258938
v 0.82941474 2.91298431 -0.28931141
v -0.83303013 2.88559219 -0.281106
v -0.47290367 2.88554666 -0.28285478
v -0.446748 2.88040389 -0.29662821
v 0.45232954 2.88609253 -0.29348511
v 0.47791768 2.88604056 -0.27925935
v 0.83303216 2.88561005 -0.28110148
v -0.86386849 2.84715558 -0.28445143
v -0.473866 2.85490019 -0.28005796
v -0.44601493 2.85139425 -0.29384189
v 0.44681063 2.85500211 -0.29327641
v 0.47422685 2.85355708 -0.2788755
v 0.86386652 2.84716188 -0.28444568
v -0.9221059 2.80889108 -0.27802905
v -0.89770232 2.82161164 -0.28314548
v -0.47253452 2.8237372 -0.27830301
v -0.44404108 2.82243384 -0.29191789
v 0.44445429 2.82447935 -0.29163875
v 0.47258818 2.82274997 -0.27760625
v 0.89770204 2.8216123 -0.28314467
v 0.92210534 2.80889276 -0.27802716
v -0.99070155 2.78165796 -0.27773325
v -0.96117055 2.79440366 -0.27879656
v -0.47072507 2.79542109 -0.27717182
v -0.44307398 2.79470178 -0.29002554
v 0.44331578 2.79504984 -0.289767
v 0.47249494 2.79438384 -0.27608056
v 0.96116957 2.79440702 -0.27879277
v 0.9907012 2.78165925 -0.27773171
v -1.03741867 2.75511031 -0.26747322
v -1.01977011 2.76345939 -0.27289701
v -0.99465177 2.76409805 -0.28593026
v -0.74199389 2.76498564 -0.27837663
v -0.47032875 2.76690604 -0.27600526
v -0.44005991 2.76548921 -0.28934199
v 0.44096939 2.76341838 -0.28904537
v 0.47258422 2.76437743 -0.2752428
v 0.74710968 2.76958078 -0.27807444
v 0.99465205 2.76409787 -0.28593047
v 1.01977011 2.76345922 -0.27289701
v 1.0374186 2.7551101 -0.26747322
v -1.02517169 2.74629668 -0.26829452
v -0.98659191 2.74148752 -0.27782448
v -0.95763557 2.7342278 -0.27834815
v -0.92874662 2.73023255 -0.27927536
v -0.90203289 2.73011329 -0.2795621
v -0.87044938 2.73064831 -0.27956413
v -0.83675627 2.73416963 -0.28220349
v -0.81401972 2.74092144 -0.28020281
v -0.78505323 2.74516287 -0.29049247
v -0.71759338 2.73384146 -0.28484362
v -0.4714558 2.73293204 -0.27549539
v -0.43869648 2.73208693 -0.28875762
v 0.44012785 2.73047533 -0.28859855
v 0.47134901 2.73196848 -0.27597872
v 0.70933613 2.73231616 -0.28192975
v 0.78570907 2.74491315 -0.29191414
v 0.81401846 2.74090963 -0.28016387
v 0.83673924 2.73417408 -0.28216706
v 0.87045008 2.73064824 -0.27956623
v 0.90203338 2.7301135 -0.2795622
v 0.9287469 2.73023241 -0.27927543
v 0.95763585 2.73422784 -0.27834812
v 0.98659219 2.74148755 -0.27782459
v 1.02517169 2.74629661 -0.26829455
v -0.70437066 2.70745563 -0.28662197
v -0.47362046 2.70081057 -0.27598362
v -0.43952626 2.70089176 -0.28854993
v 0.42066467 2.70055553 -0.29677339
v 0.44556849 2.70122651 -0.28689907
v 0.47400802 2.70188971 -0.2763742
v 0.70235724 2.70336167 -0.28852353
v -0.68113406 2.67665012 -0.28320095
v -0.50222845 2.67421722 -0.27014746
v -0.47264229 2.67151345 -0.27882303
v -0.44057962 2.67358537 -0.28939995
v 0.41923288 2.6728704 -0.29789455
v 0.44615149 2.6741021 -0.28819192
v 0.47250951 2.67424139 -0.27937553
v 0.50075264 2.6753406 -0.27137713
v 0.68126294 2.67510076 -0.28624526
v -0.67468079 2.64241548 -0.29694969
v -0.64983283 2.64759176 -0.27956959
v -0.50279517 2.6465778 -0.27473777
v -0.47197127 2.64186456 -0.28277227
v -0.44380926 2.64588584 -0.29063022
v -0.41823285 2.64850825 -0.29870072
v 0.44499302 2.64622231 -0.29134613
v 0.47354242 2.64599049 -0.28289765
v 0.50221213 2.64607752 -0.27598509
v 0.53365079 2.64798447 -0.26980445
v 0.62545545 2.64817973 -0.2726475
v 0.65506007 2.64427884 -0.28619146
v -0.64933256 2.61259135 -0.29426851
v -0.62148562 2.61526261 -0.28077128
v -0.59551922 2.61308982 -0.27604834
v -0.56667611 2.61362611 -0.27401853
v -0.53668809 2.6159076 -0.27488938
v -0.50249617 2.61365455 -0.28034963
v -0.47292251 2.61191114 -0.28697577
v -0.44443842 2.61683423 -0.29373942
v 0.44675095 2.61422958 -0.29479499
v 0.47624458 2.61236473 -0.28733904
v 0.5041864 2.61286328 -0.2813499
v 0.53335775 2.61470418 -0.27676555
v 0.56574558 2.61494276 -0.27510099
v 0.59682608 2.61666526 -0.27708612
v 0.62469964 2.61578933 -0.28372473
v 0.65034557 2.61061449 -0.29754225
v -0.62399119 2.57999921 -0.29132385
v -0.59629261 2.57813031 -0.2845841
v -0.56501499 2.57730267 -0.28169852
v -0.53335456 2.57859435 -0.2822369
v -0.50183794 2.57880593 -0.28617255
v -0.47462006 2.57998958 -0.29130456
v -0.44621428 2.585445 -0.29726018
v 0.47329992 2.57652165 -0.2934869
v 0.50126251 2.5777129 -0.28787801
v 0.53188603 2.57869195 -0.28386402
v 0.56555035 2.57717946 -0.28319899
v 0.5961453 2.5804873 -0.28558864
v 0.62368025 2.58304926 -0.29282117
v -0.62099501 2.54845683 -0.2967336
v -0.59254973 2.5486921 -0.28883278
v -0.56526456 2.54597916 -0.28680514
v -0.53596499 2.54704637 -0.28749244
v -0.50423277 2.54907249 -0.29077924
v -0.47404816 2.54967041 -0.29592817
v 0.50089203 2.54792178 -0.29303131
v 0.53289943 2.54665686 -0.28936976
v 0.56413292 2.54685155 -0.28823437
v 0.59098657 2.54922323 -0.2900787
v 0.61895637 2.55059314 -0.29747287
v -0.59419478 2.5242291 -0.29319137
v -0.56608012 2.51647474 -0.29173391
v -0.53697854 2.51589874 -0.29237484
v -0.50600387 2.51964615 -0.29506631
v 0.50770618 2.52076149 -0.29625192
v 0.53694047 2.51850865 -0.29333125
v 0.56437448 2.52339504 -0.29187834
v 0.59122865 2.52293077 -0.29454418
v -0.5927191 2.4950695 -0.29704555
v 0.56545723 2.49548808 -0.29632383
v -0.19382895 2.38918054 -0.29625851
v -0.16668983 2.3930052 -0.29051012
v -0.13541428 2.39533167 -0.2894804
v -0.10458429 2.39323255 -0.29263849
v 0.08445839 2.38867496 -0.30044849
v 0.11151428 2.38943392 -0.29431282
v 0.13711657 2.39058329 -0.29315323
v 0.16583365 2.39199054 -0.29539924
v -0.19507349 2.36419119 -0.29207321
v -0.16697792 2.36538975 -0.28568719
v -0.13580659 2.36610453 -0.28387831
v -0.10869035 2.3649983 -0.28594903
v -0.08401617 2.36630961 -0.2940389
v 0.08357708 2.36228816 -0.29266161
v 0.10906505 2.36329134 -0.28811571
v 0.13482139 2.36373683 -0.28709846
v 0.16353629 2.36306464 -0.28883184
v 0.19205859 2.36233741 -0.29479117
v -0.19564425 2.33967539 -0.29247206
v -0.16691358 2.33853439 -0.28563382
v -0.13575127 2.33776458 -0.28388433
v -0.10890092 2.33884633 -0.28582669
v -0.08448471 2.33800314 -0.29360633
v 0.08029522 2.33707448 -0.29145498
v 0.10757943 2.33765115 -0.28680619
v 0.13493658 2.33669268 -0.28599568
v 0.16583064 2.33677132 -0.28842518
v 0.19496157 2.33657931 -0.29485873
v -0.19392663 2.31291191 -0.29634803
v -0.16654252 2.30932728 -0.29052595
v -0.13550916 2.30695413 -0.28946523
v -0.10530847 2.30965436 -0.29213647
v 0.08072168 2.3063503 -0.29383916
v 0.108879 2.30815613 -0.28881828
v 0.13509174 2.30588223 -0.28896458
v 0.16735612 2.30535772 -0.29326828
v 0.1077736 2.27810047 -0.29664086
v 0.13427486 2.27593528 -0.29701557
v -0.28243384 4.69891199 -0.30231909
v -0.25407794 4.70499765 -0.30218803
v -0.22762191 4.70721281 -0.30449551
v -0.2003834 4.70842378 -0.30671046
v -0.16698793 4.71084992 -0.30822417
v -0.13305894 4.71392133 -0.30998185
v -0.10662499 4.71690111 -0.31133491
v -0.07948758 4.71933202 -0.31406523
v -0.04645233 4.7225749 -0.31536263
v -0.01386449 4.72450735 -0.31663517
v 0.01461335 4.72457543 -0.31688759
v 0.04696027 4.72292513 -0.31568226
v 0.07996535 4.72014876 -0.31375471
v 0.10729622 4.71776045 -0.3109831
v 0.13465689 4.71466999 -0.30976268
v 0.16642621 4.71067256 -0.31017312
v 0.19837033 4.70964876 -0.30673729
v 0.22743086 4.70759022 -0.30545361
v 0.25520751 4.70622123 -0.3023684
v 0.28424199 4.69891858 -0.30439958
v -0.35037245 4.67487727 -0.30992449
v -0.31868022 4.68811078 -0.304261
v 0.32100528 4.68797167 -0.30625943
v 0.34933383 4.67776446 -0.3085756
v 0.37521211 4.66883378 -0.30724036
v -0.43945873 4.63540594 -0.30681266
v -0.41353829 4.6484195 -0.31070018
v -0.38354918 4.66117529 -0.31258027
v 0.40597667 4.65517859 -0.30732456
v 0.43895474 4.63816578 -0.30618637
v -0.46753858 4.6148489 -0.30965873
v 0.46815537 4.61798335 -0.3089701
v -0.4977684 4.59273038 -0.31010752
v 0.49787792 4.59848682 -0.30719715
v 0.53052474 4.57581606 -0.30327775
v -0.55537439 4.54643327 -0.30683276
v -0.53215872 4.56759215 -0.30686533
v 0.55821366 4.54961802 -0.30455785
v -0.57044179 4.52873344 -0.31035461
v 0.5827911 4.52219528 -0.30781744
v -0.59434026 4.50131855 -0.31200025
v 0.60045191 4.50095991 -0.31024593
v -0.62211639 4.46756625 -0.31251621
v 0.62629489 4.4706434 -0.30810656
v -0.64622998 4.43645331 -0.31149469
v 0.65105529 4.43775085 -0.30862533
v -0.67126265 4.40432875 -0.30673932
v 0.67270197 4.40634204 -0.31044865
v -0.68923048 4.37692227 -0.30699471
v 0.69209553 4.37615119 -0.31224317
v -0.70637092 4.34637684 -0.31133411
v 0.71336088 4.34404457 -0.30911611
v -0.72375624 4.31525704 -0.31380588
v 0.73082003 4.31448877 -0.30710048
v -0.73747083 4.28973509 -0.3122147
v 0.74345814 4.28777462 -0.30871737
v -0.75337046 4.25647942 -0.30766047
v 0.75930187 4.25091533 -0.30727945
v -0.76557729 4.22334059 -0.30693972
v 0.76854055 4.22186737 -0.31021161
v -0.77476504 4.19549645 -0.30567797
v 0.77656517 4.19580269 -0.30979381
v -0.78092908 4.16900211 -0.30743853
v 0.784214 4.16691332 -0.30830395
v -0.78765469 4.13749103 -0.30709046
v -0.1102261 4.12667441 -0.31310629
v -0.08194464 4.13201589 -0.3179856
v -0.04737955 4.14019987 -0.31742593
v -0.01380929 4.14517515 -0.31614302
v 0.01429268 4.14524184 -0.31601939
v 0.04426285 4.14236894 -0.31516577
v 0.07910754 4.13382842 -0.31593229
v 0.79259817 4.13221595 -0.30498843
v -0.7941399 4.1039032 -0.30532567
v -0.16362799 4.10323411 -0.31272334
v -0.13289081 4.11238347 -0.31821522
v 0.11360501 4.12163609 -0.31567812
v 0.13772854 4.11197916 -0.31538116
v 0.16623733 4.10033544 -0.31409826
v 0.79705132 4.10278105 -0.30680776
v -0.79811918 4.07360028 -0.30680492
v -0.19599494 4.07956882 -0.31793433
v 0.19698165 4.07768344 -0.31847271
v 0.79932154 4.07655233 -0.31087467
v -0.80200741 4.0461753 -0.30564099
v -0.23164522 4.05557165 -0.31925618
v 0.2311616 4.05199702 -0.32109036
v 0.26203115 4.04912763 -0.30841981
v 0.80174803 4.04746402 -0.31355066
v -0.80427272 4.01679013 -0.30779111
v -0.29148939 4.01918293 -0.31378833
v -0.26327879 4.02219199 -0.32634659
v 0.2652917 4.01897054 -0.32700209
v 0.29533414 4.01859916 -0.31154193
v 0.80582426 4.01376985 -0.31152026
v -0.80539333 3.98331437 -0.3127087
v -0.32373031 3.98646508 -0.31478006
v 0.2980675 3.9874037 -0.32769289
v 0.3271446 3.98891461 -0.3102294
v 0.81002034 3.98144959 -0.30763375
v -0.80754881 3.95427398 -0.31321157
v -0.35424638 3.95349071 -0.31082361
v -0.32547987 3.95432231 -0.32819642
v 0.32650091 3.95979058 -0.32399572
v 0.35347895 3.95878933 -0.30779731
v 0.81223717 3.95341142 -0.30720289
v -0.80993019 3.92661644 -0.31211043
v -0.35731026 3.92220686 -0.32058392
v 0.34989949 3.92575991 -0.32285301
v 0.37923871 3.92600409 -0.30333704
v 0.8143039 3.92490366 -0.30658672
v -0.81300216 3.89301642 -0.30916388
v -0.38409698 3.89308843 -0.31182646
v -0.35623445 3.89460004 -0.3309742
v 0.38027561 3.89164379 -0.31381551
v 0.8162671 3.89278345 -0.30681952
v -0.81559942 3.86081286 -0.30712472
v -0.38577246 3.86455321 -0.31936987
v 0.38481548 3.86081902 -0.32009471
v 0.41001522 3.86046542 -0.30178068
v 0.81798311 3.85951139 -0.30790574
v -0.81710332 3.83325871 -0.30719687
v -0.41419928 3.83441784 -0.3069766
v -0.38442903 3.83641362 -0.32866833
v 0.39089501 3.83276138 -0.32368314
v 0.41372979 3.83151679 -0.30685497
v 0.81941073 3.83275339 -0.30840612
v -0.81844395 3.80435462 -0.30829338
v -0.41562862 3.80183252 -0.3147272
v 0.39095186 3.80627685 -0.33110781
v 0.41600085 3.80234316 -0.31276978
v 0.82142696 3.80535391 -0.30700704
v -0.8208724 3.77142215 -0.30677434
v -0.44418801 3.76786111 -0.3016568
v -0.41902554 3.76949909 -0.32096175
v 0.41844184 3.76902585 -0.31976304
v 0.82414792 3.77233374 -0.3041484
v -0.82371615 3.73902399 -0.30374587
v -0.44375869 3.73733054 -0.30959534
v -0.42114673 3.74067836 -0.32723913
v 0.42080052 3.73822714 -0.3264193
v 0.82615896 3.73965105 -0.30397184
v -0.82556728 3.71007634 -0.30386457
v -0.44392701 3.70887532 -0.31637236
v 0.44453596 3.71181097 -0.31328778
v 0.82716315 3.71080202 -0.30697391
v -0.82737364 3.67663336 -0.30645458
v -0.44859391 3.67700153 -0.32002652
v 0.4461456 3.6801958 -0.31922091
v 0.83010729 3.6762156 -0.30597241
v -0.83054599 3.64354356 -0.30604593
v -0.47488729 3.64678253 -0.30400886
v -0.44999551 3.64439982 -0.32672386
v 0.45044591 3.65052316 -0.32267933
v 0.83262946 3.64501076 -0.30571461
v -0.83294705 3.61703269 -0.30634615
v -0.47351735 3.61650692 -0.31206841
v 0.47431483 3.61714659 -0.30918934
v 0.83480721 3.61716172 -0.30656434
v -0.83528325 3.5891052 -0.30733213
v -0.47569706 3.58826324 -0.3164037
v 0.47401027 3.58914611 -0.31594773
v 0.83711119 3.58955784 -0.307172
v -0.8380459 3.55617119 -0.30808562
v -0.48136307 3.55754634 -0.31796697
v 0.47820109 3.55955837 -0.3185194
v 0.83966285 3.55672119 -0.30809255
v -0.84057542 3.52360611 -0.30847438
v -0.50550475 3.52613563 -0.30238718
v -0.48175554 3.52854027 -0.32376691
v 0.48129639 3.52311193 -0.32309867
v 0.84237338 3.52359623 -0.30814726
v -0.84249744 3.49600566 -0.30823965
v -0.50349553 3.4966669 -0.31020635
v 0.49531162 3.49665541 -0.31529767
v 0.84412119 3.49601302 -0.30831481
v -0.84382055 3.46844668 -0.30826553
v -0.50525461 3.46640223 -0.31405682
v 0.50512594 3.469803 -0.31086105
v 0.84534729 3.4683152 -0.30815027
v -0.84491307 3.43515536 -0.30822305
v -0.50852821 3.4358463 -0.31548157
v 0.50427259 3.43389193 -0.31703458
v 0.84597827 3.43551596 -0.30795316
v -0.84539842 3.40204244 -0.30808285
v -0.50947325 3.40268575 -0.31766276
v 0.50449051 3.4041996 -0.31945645
v 0.84580721 3.40257669 -0.30779612
v -0.84500938 3.37451127 -0.30825597
v -0.50951563 3.3731495 -0.31902629
v 0.50606036 3.37307994 -0.31918957
v 0.84489472 3.37375183 -0.30792045
v -0.84400407 3.34690887 -0.30813616
v -0.50827576 3.34688092 -0.31980528
v 0.50758605 3.33986237 -0.3172083
v 0.843345 3.34212895 -0.30793208
v -0.84190757 3.31393093 -0.30830711
v -0.50738803 3.31529656 -0.31861785
v 0.5058877 3.30737071 -0.31616194
v 0.84133284 3.30941936 -0.30809395
v -0.83935451 3.28114079 -0.30836314
v -0.50331807 3.28350417 -0.31811904
v 0.5047446 3.27880228 -0.31406544
v 0.83969059 3.28026108 -0.30812667
v -0.83684894 3.25244727 -0.30806509
v -0.50223357 3.25332565 -0.31446449
v 0.50501596 3.25170253 -0.31011722
v 0.83786139 3.25284415 -0.30810033
v -0.8336691 3.2194638 -0.30800377
v -0.50446098 3.22054308 -0.30720818
v -0.47539838 3.2140461 -0.32779488
v 0.47748213 3.22396759 -0.32674516
v 0.50672181 3.22089149 -0.30377361
v 0.83506064 3.22031151 -0.30824049
v -0.83034328 3.18636623 -0.30763445
v -0.47841372 3.18660628 -0.32086705
v 0.47914133 3.1901554 -0.31965104
v 0.8317246 3.18671142 -0.30875148
v -0.82788667 3.16025266 -0.30748749
v -0.47535159 3.15702974 -0.31866499
v 0.47478698 3.16074908 -0.31804381
v 0.82877115 3.15889761 -0.3086668
v -0.8246884 3.13593923 -0.30581989
v -0.47430481 3.12970185 -0.31546988
v 0.47264744 3.1316668 -0.31505748
v 0.82554718 3.13249818 -0.30836948
v -0.81962311 3.1008021 -0.30780809
v -0.47480656 3.09739265 -0.31035314
v -0.44927872 3.09599017 -0.328462
v 0.44907506 3.09697923 -0.32738251
v 0.47410115 3.09856383 -0.30902712
v 0.82043552 3.09879807 -0.30834097
v -0.81549589 3.06717827 -0.30860165
v -0.47465701 3.06551011 -0.30566746
v -0.45068186 3.06496178 -0.32231761
v 0.44784816 3.06370899 -0.3230834
v 0.4751626 3.06494098 -0.30347549
v 0.81598412 3.06670573 -0.30831691
v -0.81376195 3.03958202 -0.30907468
v -0.47395871 3.03588244 -0.30155866
v -0.44743446 3.03650109 -0.31969201
v 0.44854593 3.03542349 -0.3182239
v 0.81365569 3.03923999 -0.30873467
v -0.81609465 3.0086262 -0.31095715
v -0.44759872 3.00619194 -0.31443868
v 0.44678611 3.00973756 -0.31520972
v 0.81602895 3.00771118 -0.31114596
v -0.82512816 2.97337854 -0.31383625
v -0.44867632 2.97276402 -0.30809189
v -0.41680478 2.96862825 -0.32761787
v 0.41726989 2.9781137 -0.32917014
v 0.4470533 2.97812995 -0.3099434
v 0.82544 2.97251136 -0.31436766
v -0.83340845 2.93868089 -0.30841095
v -0.44483181 2.94353821 -0.30584945
v -0.41533099 2.93991427 -0.32318003
v 0.41103839 2.94177724 -0.32623648
v 0.44327628 2.94289476 -0.30671501
v 0.83352704 2.93829927 -0.30867072
v -0.84450126 2.91437369 -0.31138258
v -0.4437064 2.91339276 -0.30238504
v -0.4149809 2.91385881 -0.31903946
v 0.41280938 2.91151018 -0.32008652
v 0.84447941 2.91440318 -0.31136079
v -0.85647701 2.88089965 -0.30953341
v -0.41763585 2.88157753 -0.31269105
v -0.38824245 2.88340918 -0.32887209
v 0.38666657 2.88552634 -0.33047876
v 0.41669431 2.88576562 -0.31381555
v 0.85647015 2.88090865 -0.30952011
v -0.87336136 2.85256659 -0.31256066
v -0.41458605 2.85191949 -0.31025346
v -0.38640008 2.85320716 -0.32507206
v 0.38511497 2.85248039 -0.32590747
v 0.41451586 2.85422165 -0.31062849
v 0.87336339 2.85256224 -0.31256549
v -0.92370745 2.80829617 -0.30404287
v -0.90119947 2.8229599 -0.30773777
v -0.41538948 2.82271326 -0.30618091
v -0.38587469 2.82377636 -0.32095615
v 0.38468954 2.82253219 -0.32180637
v 0.41519706 2.82398328 -0.30653787
v 0.90122364 2.82288978 -0.30781871
v 0.92372672 2.80823992 -0.30410773
v -0.9584327 2.78975557 -0.29741634
v -0.92982856 2.79400489 -0.31702582
v -0.41654322 2.79429565 -0.302559
v -0.38526693 2.79469127 -0.31749346
v 0.38323943 2.7943091 -0.31893299
v 0.41410959 2.79443665 -0.30385245
v 0.92982954 2.79400334 -0.31702761
v 0.958432 2.78975858 -0.29741281
v -0.95996505 2.76749475 -0.30696221
v -0.41319099 2.7651339 -0.30160048
v -0.38451687 2.76487917 -0.31479795
v -0.3556752 2.76537636 -0.32809853
v 0.35672937 2.76379268 -0.32813236
v 0.38336089 2.76219803 -0.31564226
v 0.41194549 2.76179526 -0.30228295
v 0.95996477 2.76749661 -0.30696018
v -0.95443507 2.7438911 -0.29706678
v -0.92524239 2.74231747 -0.30387651
v -0.90156918 2.73929271 -0.30676853
v -0.87216531 2.73387197 -0.30624059
v -0.83926408 2.73654824 -0.31162935
v -0.8097737 2.74031469 -0.31280831
v -0.77692185 2.74242821 -0.31663374
v -0.74268048 2.73393928 -0.30901451
v -0.41148536 2.73315672 -0.30048993
v -0.38464134 2.73449023 -0.31239335
v -0.35678607 2.73680164 -0.32481106
v 0.35824598 2.73581419 -0.3247304
v 0.38453536 2.73162539 -0.31285233
v 0.41360252 2.72914196 -0.29997014
v 0.74438948 2.73417727 -0.31235735
v 0.77761671 2.74232076 -0.31829157
v 0.80977209 2.74032768 -0.31273231
v 0.83924376 2.73655161 -0.31157521
v 0.87216545 2.7338713 -0.30624171
v 0.90156911 2.73929418 -0.30676737
v 0.92524239 2.74231778 -0.30387612
v 0.95443542 2.74389089 -0.29706713
v -0.71937033 2.70446015 -0.31485052
v -0.41169665 2.70155671 -0.29961809
v -0.38481937 2.70169018 -0.31070481
v -0.35771251 2.70436338 -0.32202506
v 0.35601794 2.70554069 -0.32353134
v 0.38501476 2.70172237 -0.31137725
v 0.71836761 2.70493541 -0.31456438
v -0.70479732 2.67809792 -0.30943041
v -0.41363877 2.67526565 -0.29906332
v -0.38344277 2.67267441 -0.31053526
v -0.35481156 2.67236971 -0.32153809
v 0.35296327 2.67350912 -0.32335689
v 0.38065996 2.67116637 -0.31261141
v 0.70535692 2.67904733 -0.3118058
v -0.6894374 2.6406586 -0.31556871
v -0.38465823 2.64374584 -0.31043113
v -0.35186052 2.63941352 -0.32187621
v 0.35065299 2.6396086 -0.32351727
v 0.37751658 2.64069228 -0.314218
v 0.41308718 2.64484386 -0.30174628
v 0.68318741 2.64007821 -0.31189063
v -0.67639203 2.61103615 -0.31614831
v -0.41473297 2.6165751 -0.30229892
v -0.38304743 2.61112511 -0.31237048
v -0.35212708 2.60622261 -0.32204863
v 0.35119567 2.60660274 -0.32360759
v 0.38071235 2.61149275 -0.31449209
v 0.4132083 2.61562225 -0.30435822
v 0.6782281 2.60764235 -0.32341843
v -0.67677491 2.57719767 -0.32685527
v -0.65342259 2.58006351 -0.30610393
v -0.4131414 2.58394713 -0.30600204
v -0.38184497 2.57998447 -0.31472045
v -0.35105681 2.57576264 -0.32316766
v 0.35295675 2.57792257 -0.32390266
v 0.38396858 2.58325892 -0.31536967
v 0.41460293 2.58347335 -0.30722411
v 0.44469571 2.57918919 -0.29986003
v 0.65352542 2.58141088 -0.30998035
v -0.6556858 2.54844442 -0.31443984
v -0.44408329 2.55220092 -0.30195415
v -0.41108189 2.55104751 -0.30980541
v -0.38222823 2.55188159 -0.31664424
v -0.35284864 2.55010649 -0.32371861
v 0.35143646 2.55127234 -0.32539897
v 0.37939467 2.55412747 -0.31867143
v 0.40955883 2.55094424 -0.31177018
v 0.43915368 2.54857773 -0.30510632
v 0.46952202 2.54743343 -0.29871911
v 0.65225491 2.54989789 -0.31502392
v -0.65663185 2.51897427 -0.31758347
v -0.62444495 2.52236194 -0.3010421
v -0.47467144 2.52047118 -0.2999803
v -0.44553949 2.52119454 -0.30549935
v -0.41217423 2.51854029 -0.31274814
v -0.38429034 2.52200352 -0.31839566
v -0.35605009 2.52290082 -0.3243007
v 0.35416331 2.52172318 -0.32618135
v 0.38183394 2.52192854 -0.3205206
v 0.41265163 2.51823329 -0.3143113
v 0.44353244 2.52060884 -0.30763375
v 0.47450823 2.52130905 -0.30158006
v 0.62214266 2.51903218 -0.30291295
v 0.65314205 2.51566148 -0.31823903
v -0.65516563 2.48832395 -0.31849996
v -0.62506515 2.49134298 -0.30460149
v -0.56436902 2.48698762 -0.29610602
v -0.53449121 2.48429297 -0.29748201
v -0.50276161 2.48748781 -0.30029831
v -0.47139283 2.488689 -0.30482102
v -0.44422856 2.4896666 -0.30945952
v -0.41282402 2.48633956 -0.31580029
v -0.38636061 2.48978057 -0.32061754
v -0.35806484 2.49011163 -0.32603545
v 0.38052021 2.48825276 -0.32342043
v 0.41116594 2.48571874 -0.31780093
v 0.44136933 2.48918066 -0.31176801
v 0.470908 2.48829572 -0.30671522
v 0.50483188 2.48647543 -0.30186
v 0.53558149 2.4869762 -0.29861894
v 0.59395305 2.49182434 -0.29908009
v 0.62541139 2.48518654 -0.30758156
v 0.65407822 2.48294399 -0.32134179
v -0.65549555 2.45750413 -0.32015772
v -0.62564765 2.45685759 -0.30865727
v -0.5923777 2.46002353 -0.30171266
v -0.56481865 2.45772386 -0.30039981
v -0.53560565 2.45494389 -0.30203407
v -0.50366518 2.45654592 -0.30497386
v -0.47183255 2.45829671 -0.30909422
v -0.44148091 2.45881358 -0.31388507
v -0.41086187 2.45586065 -0.31955111
v -0.38411102 2.45711424 -0.32422838
v -0.19425795 2.4501689 -0.32626832
v -0.16569839 2.4528501 -0.32027424
v -0.13668829 2.45532332 -0.31984429
v -0.11043442 2.45053097 -0.31979869
v -0.08424792 2.44943971 -0.32823274
v 0.13439591 2.45256435 -0.32680536
v 0.16643187 2.45275581 -0.32720085
v 0.38359719 2.4595547 -0.32561485
v 0.41458724 2.45819159 -0.32028783
v 0.44463624 2.45915601 -0.31506788
v 0.47329516 2.4573306 -0.31077958
v 0.50458588 2.45497781 -0.30669589
v 0.53217161 2.45637232 -0.30348663
v 0.56046381 2.46148318 -0.30132611
v 0.59089095 2.45815967 -0.30335214
v 0.62438205 2.45488248 -0.3103566
v 0.65319171 2.4547143 -0.32247322
v -0.65547867 2.43144546 -0.32166516
v -0.62719022 2.42826671 -0.31209187
v -0.5950988 2.42897874 -0.30645819
v -0.5652329 2.42790997 -0.30522512
v -0.5351341 2.42476732 -0.30696424
v -0.5036413 2.42502923 -0.31001541
v -0.473075 2.42724262 -0.31377734
v -0.44180369 2.42811002 -0.31847089
v -0.41310007 2.42843341 -0.32302084
v -0.38640582 2.42767269 -0.32779355
v -0.22564548 2.42198553 -0.3246806
v -0.1952971 2.42073881 -0.30850842
v -0.1697448 2.42520651 -0.3028989
v -0.13927839 2.42795762 -0.30193853
v -0.10834635 2.42438475 -0.30326941
v -0.08249213 2.42589374 -0.31212045
v -0.05310128 2.42567303 -0.32978995
v 0.07861032 2.42602095 -0.32232675
v 0.1089059 2.42728128 -0.31296178
v 0.13683836 2.42642794 -0.30844205
v 0.16739631 2.42573666 -0.30934072
v 0.20028173 2.42641995 -0.31715093
v 0.22840899 2.42312309 -0.32663666
v 0.41297973 2.42857906 -0.32486735
v 0.44435503 2.42852567 -0.31969408
v 0.47445058 2.42670622 -0.31543972
v 0.50672545 2.42534494 -0.31129579
v 0.53470464 2.42917102 -0.30765182
v 0.56303568 2.4302205 -0.30613321
v 0.59392993 2.42895116 -0.30759914
v 0.62528117 2.42775809 -0.31287296
v 0.65177509 2.42793875 -0.32268665
v -0.65141302 2.40377747 -0.32269264
v -0.62483917 2.39833026 -0.31486089
v -0.59546346 2.39813245 -0.31106197
v -0.56394159 2.39578251 -0.31077885
v -0.53240105 2.39543859 -0.31239017
v -0.50106911 2.39686012 -0.31527746
v -0.47393815 2.39781278 -0.31878375
v -0.44617993 2.39847509 -0.32300547
v -0.4158299 2.40169844 -0.32722554
v -0.25278211 2.39032362 -0.32965987
v -0.22556247 2.39004106 -0.31198057
v -0.07801525 2.39660858 -0.30254307
v -0.04878159 2.39576914 -0.31952656
v 0.02013261 2.39065829 -0.33148193
v 0.04843948 2.39188953 -0.31676444
v 0.19609171 2.39401364 -0.30228323
v 0.22563425 2.39291703 -0.31232471
v 0.25244259 2.39280038 -0.32676799
v 0.44666619 2.39949814 -0.32440602
v 0.47552905 2.39762028 -0.32035487
v 0.50618287 2.39506577 -0.31676819
v 0.53549064 2.39914887 -0.31294056
v 0.56529945 2.39834131 -0.3115053
v 0.59549856 2.39905262 -0.31184286
v 0.62399756 2.39691126 -0.31570131
v 0.65034733 2.39698317 -0.32428274
v -0.65087443 2.37324297 -0.32468491
v -0.62549397 2.36829406 -0.3191605
v -0.59664242 2.36743638 -0.31668617
v -0.56412399 2.36410405 -0.3172665
v -0.53094828 2.3668372 -0.31872194
v -0.49956093 2.36916395 -0.32161718
v -0.47523006 2.36685421 -0.32576401
v -0.25190838 2.36538698 -0.32458845
v -0.22757068 2.36522194 -0.30760436
v -0.05044312 2.36602608 -0.31193164
v 0.01971683 2.36439158 -0.32104889
v 0.04876245 2.36510017 -0.30627474
v 0.22453545 2.36316396 -0.30633809
v 0.25136895 2.36334243 -0.32055334
v 0.47841974 2.36961823 -0.32619974
v 0.50658921 2.36845081 -0.32249886
v 0.53686951 2.37040494 -0.31872414
v 0.56627562 2.3664729 -0.31761057
v 0.59602034 2.36737173 -0.3174868
v 0.62629026 2.36644618 -0.32062609
v -0.62626154 2.33730331 -0.32547896
v -0.59544826 2.33644624 -0.32342228
v -0.56504462 2.33376031 -0.32457329
v -0.5335708 2.33770739 -0.32602263
v -0.23047905 2.33910653 -0.30952284
v -0.05037424 2.33802013 -0.31136184
v 0.01638177 2.33779358 -0.31868957
v 0.04614975 2.33748492 -0.3034115
v 0.22582014 2.33685983 -0.30684625
v 0.25039372 2.3372611 -0.31998824
v 0.53603914 2.34251957 -0.32571516
v 0.56477823 2.33762374 -0.32446997
v 0.59316698 2.33726699 -0.32373714
v 0.62462385 2.33733335 -0.32564101
v -0.25432184 2.31252814 -0.33187503
v -0.22657475 2.31217334 -0.31195878
v -0.07823572 2.30741029 -0.30188585
v -0.04838728 2.30676343 -0.31838116
v 0.01665803 2.30796615 -0.32006354
v 0.0474398 2.30635478 -0.30411761
v 0.19940331 2.30658467 -0.30134306
v 0.22846132 2.30704636 -0.31379058
v 0.25336934 2.3105576 -0.32754495
v -0.22661184 2.27879964 -0.32337006
v -0.19776861 2.27912714 -0.30931567
v -0.17094044 2.27572203 -0.30333985
v -0.13921897 2.27348866 -0.30186246
v -0.10669289 2.27742471 -0.30415922
v -0.07756116 2.27621543 -0.31476002
v -0.05211106 2.27597099 -0.32895492
v 0.01615622 2.27889337 -0.32678102
v 0.04726682 2.27510348 -0.31157605
v 0.0790207 2.27387745 -0.30238798
v 0.16701191 2.27320272 -0.30242829
v 0.19968768 2.27399498 -0.31127313
v 0.22769795 2.27381031 -0.32421276
v -0.19868203 2.24463051 -0.32421342
v -0.16840838 2.24504524 -0.31788102
v -0.13615706 2.24383281 -0.31745997
v -0.10555157 2.24682173 -0.32154552
v 0.04995188 2.24553506 -0.32330719
v 0.08099167 2.24382907 -0.31399308
v 0.10797257 2.24530738 -0.30919964
v 0.13391517 2.24440201 -0.3089811
v 0.16630486 2.24399696 -0.31310751
v 0.19854422 2.24536136 -0.32146763
v 0.08063179 2.21755831 -0.32513864
v 0.10857895 2.21731142 -0.32000134
v 0.13487212 2.21724635 -0.31923065
v 0.16641161 2.21615413 -0.32376901
v 0.11044164 2.19031054 -0.32757963
v 0.13890748 2.19050184 -0.32761248
v -0.13220177 4.69921081 -0.3381846
v -0.10626249 4.70400327 -0.3390758
v -0.07975475 4.70597691 -0.34365245
v -0.04665436 4.70874179 -0.34626368
v -0.01358205 4.7105207 -0.34772717
v 0.01512219 4.71059214 -0.34799587
v 0.04759897 4.70892111 -0.34692177
v 0.08038491 4.70679057 -0.34355182
v 0.10638858 4.7051851 -0.33853385
v 0.13198068 4.70048454 -0.33781135
v -0.3212274 4.67059924 -0.33356193
v -0.28542963 4.67854478 -0.33281856
v -0.2552581 4.68017225 -0.3348703
v -0.2269038 4.68024468 -0.33807046
v -0.19993559 4.68329941 -0.33962399
v -0.16629698 4.69084205 -0.33956014
v 0.16495425 4.6914352 -0.34074155
v 0.19882855 4.68386903 -0.34027448
v 0.22719459 4.68017757 -0.33923701
v 0.25913549 4.68103774 -0.33513995
v 0.29221607 4.67714399 -0.33535744
v 0.32763283 4.6702455 -0.33415589
v -0.38272487 4.64346748 -0.34424122
v -0.35097513 4.65705458 -0.34085306
v 0.35163217 4.66006169 -0.33871783
v 0.37861617 4.64752472 -0.34283118
v -0.44059461 4.61615933 -0.34205499
v -0.4125811 4.63008855 -0.34471435
v 0.41130996 4.63160212 -0.34604079
v 0.44133844 4.61762541 -0.34338326
v -0.49408493 4.5797122 -0.33914539
v -0.46671062 4.59927163 -0.34144923
v 0.46730021 4.60144896 -0.34273406
v 0.4951751 4.58206338 -0.34036886
v -0.52765073 4.55396946 -0.33645076
v 0.52991159 4.55521391 -0.33814215
v -0.55706675 4.52709659 -0.33577769
v 0.56036395 4.52619579 -0.33941182
v -0.58522312 4.49208373 -0.34336214
v 0.59005579 4.49779296 -0.33514247
v -0.61117915 4.45894223 -0.34672851
v 0.61863717 4.4635132 -0.3356392
v -0.62888928 4.4356636 -0.34712827
v 0.64344345 4.43090953 -0.33628416
v -0.65508592 4.40563036 -0.33913159
v 0.6593435 4.40693113 -0.33903717
v -0.67534266 4.37712344 -0.33771329
v 0.67654249 4.37962635 -0.3417256
v -0.69285148 4.3466667 -0.3421069
v 0.69974632 4.34446919 -0.34071388
v -0.70938321 4.31600934 -0.34620442
v 0.71679674 4.3147761 -0.34211961
v -0.72386481 4.28950954 -0.34556948
v 0.72907313 4.29019684 -0.34337818
v -0.73954428 4.25861753 -0.34083776
v 0.74434886 4.25440814 -0.34295502
v -0.75250286 4.22580147 -0.33858628
v 0.75514866 4.22312835 -0.34395893
v -0.76369282 4.19579541 -0.33468236
v 0.76432072 4.19707586 -0.34122914
v -0.76974192 4.16858351 -0.33770061
v 0.77167206 4.16858814 -0.34131716
v -0.77544372 4.13836171 -0.33975441
v 0.77968253 4.13471381 -0.33923236
v -0.78128429 4.10470397 -0.33972895
v -0.10894687 4.10661779 -0.33443794
v -0.08111312 4.10496552 -0.34565196
v -0.04746613 4.10851311 -0.35018115
v -0.01348672 4.11142131 -0.35158878
v 0.01395191 4.11115457 -0.35180704
v 0.04567599 4.1090295 -0.34970641
v 0.08154658 4.10280977 -0.34676087
v 0.78413919 4.10438876 -0.34124147
v -0.78628822 4.07287207 -0.33898898
v -0.16661422 4.07770193 -0.33477577
v -0.1351097 4.07831933 -0.34851901
v -0.10728211 4.07993937 -0.35823856
v 0.11119348 4.08556552 -0.35151404
v 0.1375395 4.08007091 -0.34595267
v 0.1649681 4.07790955 -0.33531489
v 0.78697167 4.07647219 -0.34401462
v -0.79200754 4.04654178 -0.33267167
v -0.205164 4.04893066 -0.33789926
v -0.16972927 4.04856977 -0.35529078
v 0.16742708 4.04720821 -0.35717833
v 0.20292599 4.04651068 -0.33986533
v 0.78962735 4.04797102 -0.34547762
v -0.79459625 4.01908052 -0.33285975
v -0.23334888 4.01944462 -0.34373163
v -0.20523487 4.01666517 -0.35937051
v 0.2051253 4.01392774 -0.3596741
v 0.23431092 4.01616475 -0.34387075
v 0.79427257 4.01424645 -0.34193465
v -0.79506977 3.98365326 -0.33943553
v -0.28818989 3.98432991 -0.33595585
v -0.25962569 3.98711161 -0.34936843
v -0.23118805 3.9913018 -0.36164335
v 0.23501368 3.98769846 -0.35996808
v 0.26609687 3.98891041 -0.34375293
v 0.79884046 3.98096795 -0.33737118
v -0.79665822 3.9537999 -0.34147536
v -0.29008833 3.95460684 -0.3492863
v 0.26447158 3.95681513 -0.36039568
v 0.29410538 3.95684105 -0.34442019
v 0.80050792 3.95326166 -0.3384036
v -0.79845485 3.92635685 -0.34195259
v -0.32691348 3.92317897 -0.34012934
v -0.293596 3.92589664 -0.35975745
v 0.3210601 3.92656741 -0.34105816
v 0.80155028 3.92620933 -0.34045257
v -0.8004605 3.893226 -0.34195234
v -0.32810851 3.89441554 -0.35029662
v 0.32382312 3.89332015 -0.35206334
v 0.35098123 3.89135828 -0.33446998
v 0.80341899 3.89332981 -0.34120554
v -0.80249234 3.86062541 -0.34156257
v -0.3563529 3.86703245 -0.34019988
v -0.32738031 3.86635635 -0.36071278
v 0.32786664 3.86667913 -0.35913015
v 0.35484886 3.8638498 -0.34108982
v 0.80593689 3.85929788 -0.34050104
v -0.80421185 3.83217845 -0.34152278
v -0.35626082 3.83538953 -0.34992972
v 0.35594355 3.83394181 -0.34929068
v 0.80762362 3.8332377 -0.34039321
v -0.80670264 3.80035047 -0.34066989
v -0.38612126 3.80412011 -0.33688786
v -0.35921907 3.80337733 -0.35746114
v 0.35876331 3.80477939 -0.35605061
v 0.80929241 3.80588977 -0.34049435
v -0.80944469 3.76818417 -0.33911695
v -0.38747186 3.77043015 -0.34564675
v 0.38610833 3.77219953 -0.34475845
v 0.81121225 3.77237745 -0.34072733
v -0.81170496 3.73800691 -0.33837176
v -0.39104999 3.73898757 -0.35197424
v 0.38873393 3.74053588 -0.35196198
v 0.81352674 3.73930026 -0.34046675
v -0.81336458 3.7095119 -0.33938296
v -0.41608946 3.71222859 -0.33893897
v -0.38896263 3.71072567 -0.36164493
v 0.3875335 3.71108655 -0.3612705
v 0.41347643 3.70889297 -0.34038123
v 0.81639739 3.70859625 -0.33934131
v -0.81648068 3.67600462 -0.33879845
v -0.41515013 3.67919259 -0.34817123
v 0.41198199 3.68017212 -0.34868632
v 0.82174105 3.67225488 -0.33325789
v -0.82203903 3.64152846 -0.33299511
v -0.4176004 3.64812014 -0.35426792
v 0.41982932 3.65111674 -0.34950369
v 0.82478143 3.64314626 -0.33199922
v -0.8251491 3.61567337 -0.33167974
v -0.44372325 3.61556255 -0.33930286
v 0.42360183 3.62146287 -0.35423626
v 0.44705922 3.61923721 -0.3336089
v 0.82679905 3.61617014 -0.33406322
v -0.82700142 3.58795615 -0.33459803
v -0.44307472 3.5880185 -0.34608051
v 0.42356471 3.59331949 -0.36112455
v 0.44676271 3.59127931 -0.34079787
v 0.82846056 3.58932094 -0.33711004
v -0.8289719 3.5552009 -0.33848779
v -0.44938379 3.55840007 -0.34689312
v 0.44705439 3.55964494 -0.34718473
v 0.83063369 3.55641579 -0.34029269
v -0.83137801 3.52296014 -0.34067514
v -0.45227403 3.52724777 -0.35072531
v 0.44812568 3.5274488 -0.35235074
v 0.83398318 3.52239339 -0.34025388
v -0.83419648 3.49484842 -0.34004003
v -0.47669102 3.49649038 -0.33466051
v -0.4491428 3.4958552 -0.35920132
v 0.44799284 3.49597533 -0.35776914
v 0.4732526 3.49522702 -0.33554818
v 0.83629893 3.49561984 -0.34011978
v -0.83614665 3.46823283 -0.3399151
v -0.47318473 3.4663375 -0.34241752
v 0.47270614 3.46435826 -0.34070421
v 0.83807938 3.4681356 -0.34019441
v -0.83783996 3.43517105 -0.33992564
v -0.47347742 3.43483398 -0.3454392
v 0.45020103 3.43548752 -0.36302398
v 0.47383627 3.43369334 -0.34355147
v 0.83913295 3.43516587 -0.34097365
v -0.83874664 3.40189766 -0.34014573
v -0.47412171 3.40111559 -0.3466917
v 0.47163193 3.40521997 -0.34681064
v 0.83975286 3.40232032 -0.34087071
v -0.83845224 3.3743674 -0.34109003
v -0.47306176 3.37031379 -0.34796901
v 0.47220089 3.3770726 -0.3466294
v 0.83964786 3.37430127 -0.3406238
v -0.83822234 3.34690431 -0.34007313
v -0.47496973 3.34290822 -0.34558409
v 0.47392737 3.34613023 -0.34398422
v 0.83884639 3.34447951 -0.34063795
v -0.83673231 3.3139254 -0.34001383
v -0.47564589 3.3121184 -0.34268485
v -0.45037769 3.30796547 -0.36093063
v 0.44943002 3.30735677 -0.3594801
v 0.47463858 3.31079991 -0.34071738
v 0.83731447 3.31195414 -0.34176906
v -0.83470775 3.28114205 -0.34017095
v -0.47126265 3.2829709 -0.34227704
v 0.45039485 3.2787031 -0.35564406
v 0.47500402 3.28105141 -0.33734666
v 0.83606035 3.28147527 -0.34117468
v -0.83267492 3.2525882 -0.34025262
v -0.47233275 3.25142339 -0.33662185
v -0.445633 3.25128947 -0.35633871
v 0.44847056 3.251541 -0.35343297
v 0.47530368 3.25342764 -0.33340051
v 0.8347317 3.25301941 -0.34007778
v -0.82980644 3.21979484 -0.3406957
v -0.44610613 3.21643134 -0.34991326
v 0.44657016 3.22235246 -0.34986468
v 0.83227902 3.22031613 -0.34014661
v -0.82738114 3.1872201 -0.33833656
v -0.44394729 3.18591281 -0.34625773
v 0.44585204 3.19004039 -0.34479746
v 0.82900741 3.18727018 -0.34075219
v -0.82556665 3.16101729 -0.33450809
v -0.4404805 3.15774219 -0.34437627
v 0.42008972 3.15872844 -0.35858007
v 0.44639623 3.15994172 -0.33943195
v 0.82657098 3.16049916 -0.3392064
v -0.82295902 3.1358682 -0.33350316
v -0.44203309 3.13001257 -0.33901588
v 0.41978218 3.13026944 -0.35413893
v 0.44684068 3.13051264 -0.33435983
v 0.82382753 3.13446643 -0.33816376
v -0.81871426 3.10021287 -0.3391083
v -0.41632681 3.09778463 -0.35202741
v 0.41732746 3.0971077 -0.3503555
v 0.81973134 3.09959758 -0.34009978
v -0.81694642 3.06633168 -0.34157559
v -0.41884321 3.06505991 -0.34446951
v 0.41482956 3.06576613 -0.34692202
v 0.81772015 3.06616749 -0.34127369
v -0.81897063 3.03762667 -0.34242775
v -0.41773549 3.03689559 -0.33998977
v -0.38852323 3.03657961 -0.35888596
v 0.38761231 3.03766702 -0.35969627
v 0.41742052 3.038182 -0.34045506
v 0.81914014 3.03753281 -0.34232979
v -0.82504354 3.0064233 -0.34434041
v -0.41582678 3.00600953 -0.33535345
v -0.38616409 3.00959551 -0.35465304
v 0.38466485 3.00622892 -0.35503844
v 0.4161118 3.00990497 -0.33598558
v 0.82495682 3.00631228 -0.34430469
v -0.83428579 2.97448108 -0.34382648
v -0.38303636 2.97367736 -0.34899368
v 0.38328338 2.97451085 -0.34918607
v 0.83430456 2.97426596 -0.3440708
v -0.84311364 2.94331644 -0.34205941
v -0.38172852 2.94212733 -0.34324474
v -0.35232542 2.94055618 -0.35901044
v 0.35493417 2.94137713 -0.35823719
v 0.38066717 2.94184861 -0.34418953
v 0.84308373 2.94334565 -0.34203811
v -0.85086179 2.91506141 -0.34195914
v -0.38326247 2.9152388 -0.33715172
v -0.35091496 2.91530062 -0.35435166
v 0.35341836 2.91587108 -0.35363169
v 0.38219346 2.91488237 -0.33820354
v 0.85085927 2.91508088 -0.341939
v -0.85908675 2.88504369 -0.34328908
v -0.35247375 2.88683482 -0.3480622
v 0.35291907 2.887452 -0.34836368
v 0.85908892 2.88504022 -0.3432944
v -0.87080276 2.85323889 -0.3409112
v -0.35328429 2.85494768 -0.34215838
v -0.32309362 2.85361497 -0.35614469
v 0.32178631 2.85420421 -0.35732707
v 0.35268259 2.85443631 -0.34271249
v 0.87082539 2.85317365 -0.34098601
v -0.89361089 2.82041209 -0.33214814
v -0.35227313 2.82344697 -0.33739398
v -0.32301366 2.82259569 -0.35072394
v 0.32190118 2.82263334 -0.3518325
v 0.35248625 2.82264626 -0.33769213
v 0.89367281 2.8202294 -0.33235814
v -0.89963491 2.79736741 -0.33916108
v -0.35273793 2.7947457 -0.33301833
v -0.32497063 2.79443868 -0.34559607
v -0.2953575 2.79298402 -0.3575881
v 0.29600133 2.79637947 -0.35892176
v 0.32437243 2.79551292 -0.34680619
v 0.35383003 2.79450229 -0.33316568
v 0.89965817 2.7973015 -0.33923729
v -0.92697149 2.77032341 -0.32186591
v -0.8968675 2.76666813 -0.33334825
v -0.86986238 2.77241144 -0.34784366
v -0.84206679 2.75714244 -0.34304405
v -0.80691649 2.75697699 -0.34427099
v -0.77827452 2.75574389 -0.34275105
v -0.32490388 2.7628239 -0.34126126
v -0.29307649 2.76095249 -0.35384141
v 0.29276792 2.76611466 -0.35578422
v 0.32279144 2.76499937 -0.34334925
v 0.77816588 2.75550772 -0.34340367
v 0.80682081 2.75694547 -0.34416809
v 0.84206721 2.75715533 -0.34302605
v 0.86986231 2.77242089 -0.3478356
v 0.8968682 2.76666599 -0.33335085
v 0.92696967 2.77032954 -0.32185912
v -0.87069489 2.74913351 -0.32927266
v -0.75219731 2.73393032 -0.34395795
v -0.32089706 2.7317098 -0.33932807
v -0.28757772 2.72874462 -0.35198748
v 0.28778895 2.73167082 -0.35317449
v 0.32067375 2.73337376 -0.3404269
v 0.752405 2.73383222 -0.34632613
v 0.87069713 2.74913627 -0.32927283
v -0.730481 2.70935648 -0.34331051
v -0.32116359 2.70076735 -0.33627341
v -0.28677383 2.69789855 -0.3488421
v -0.26140239 2.69833134 -0.35745946
v 0.26254615 2.70217823 -0.35837028
v 0.28682664 2.70164588 -0.35007296
v 0.31959622 2.70305543 -0.33787348
v 0.73094541 2.70929127 -0.34632827
v -0.71760886 2.67493671 -0.34483158
v -0.32300078 2.67093214 -0.33339133
v -0.28862515 2.6698572 -0.34531122
v -0.2597965 2.67109738 -0.35450237
v 0.26423345 2.67340184 -0.35432494
v 0.28902404 2.67498903 -0.34651767
v 0.32105614 2.67475686 -0.33523678
v 0.71686798 2.6746589 -0.34548315
v -0.70519805 2.64378575 -0.34561414
v -0.32249483 2.63840007 -0.33177844
v -0.28931964 2.63926698 -0.34241346
v -0.25870726 2.64179483 -0.35161904
v -0.23070714 2.63829522 -0.3583611
v 0.23437932 2.63848309 -0.35815814
v 0.26234986 2.63974307 -0.35121725
v 0.28859613 2.64329604 -0.34385716
v 0.31934013 2.64215522 -0.33399976
v 0.70540945 2.64788518 -0.34260808
v -0.69584695 2.61226929 -0.34653189
v -0.32223495 2.60619559 -0.33082433
v -0.28819581 2.60819985 -0.34052812
v -0.2574419 2.61043983 -0.34894241
v -0.23009968 2.6081669 -0.35514641
v 0.23233067 2.6078505 -0.35530892
v 0.26147035 2.60817472 -0.34850374
v 0.28940799 2.61044972 -0.34141291
v 0.31808805 2.60808942 -0.33332591
v 0.69506495 2.61305404 -0.34708859
v -0.69006747 2.5792309 -0.34701987
v -0.31917195 2.57576604 -0.33130135
v -0.28525087 2.57842155 -0.33971081
v -0.25671772 2.57931132 -0.34662148
v -0.23047616 2.57882866 -0.3523595
v -0.20426788 2.57599509 -0.35738105
v 0.20573464 2.57626891 -0.35761917
v 0.23341096 2.57965136 -0.35243711
v 0.26242099 2.57954291 -0.34607189
v 0.28989879 2.57974373 -0.33966542
v 0.31873318 2.57726977 -0.33267251
v 0.68435908 2.58355191 -0.34072362
v -0.68256595 2.55135854 -0.34016892
v -0.31881205 2.54816686 -0.33149815
v -0.28439576 2.55062147 -0.33902905
v -0.25654969 2.55007313 -0.34493833
v -0.22964672 2.55043662 -0.35059845
v -0.2038911 2.54848872 -0.35551469
v 0.20442539 2.55000597 -0.35573596
v 0.23243497 2.55321901 -0.35068153
v 0.26037554 2.55239985 -0.34494884
v 0.28699567 2.55046157 -0.33941129
v 0.31819578 2.54844971 -0.33283817
v 0.6816248 2.54839129 -0.34339506
v -0.68222335 2.51760368 -0.34261085
v -0.32009601 2.51979337 -0.33173221
v -0.2849198 2.52138172 -0.33855301
v -0.25774593 2.51893669 -0.34410968
v -0.23083888 2.51840867 -0.35011289
v -0.20425145 2.5166861 -0.35401099
v -0.17417268 2.51572573 -0.35746318
v 0.17552197 2.51684978 -0.35798019
v 0.20580407 2.51834365 -0.3544732
v 0.23210732 2.52056035 -0.35006106
v 0.25833352 2.52168786 -0.34463496
v 0.2852052 2.5197486 -0.33946067
v 0.32002361 2.51802596 -0.33299154
v 0.6801195 2.51471803 -0.342779
v -0.68142482 2.48855563 -0.34223789
v -0.32332495 2.48742458 -0.33257546
v -0.28753522 2.48896637 -0.33920304
v -0.25953983 2.48626276 -0.34553597
v -0.23096059 2.48520193 -0.34950362
v -0.19977278 2.4825839 -0.34683905
v -0.16863085 2.48321923 -0.34526888
v -0.13558677 2.48532492 -0.34697928
v -0.10879655 2.48234983 -0.34742821
v -0.08011375 2.48086089 -0.35224007
v 0.08098632 2.48133033 -0.35866034
v 0.10985609 2.48055057 -0.35354329
v 0.13629689 2.48078343 -0.34967755
v 0.17097999 2.48330745 -0.34891467
v 0.20299852 2.48561855 -0.3515064
v 0.23129369 2.48631506 -0.3506442
v 0.25872042 2.48874948 -0.34618551
v 0.2867975 2.48797028 -0.34036112
v 0.32128694 2.48674221 -0.33411544
v 0.35202303 2.48961867 -0.32852512
v 0.68106303 2.48565519 -0.34432707
v -0.68180048 2.45912026 -0.34206666
v -0.35243505 2.45528507 -0.3299809
v -0.32310697 2.45492988 -0.33523412
v -0.29051933 2.45756845 -0.34168179
v -0.25938018 2.45515316 -0.34543881
v -0.22742584 2.45322708 -0.33965215
v -0.04917098 2.45326952 -0.34711454
v 0.04220565 2.45321448 -0.35578198
v 0.07701364 2.45407083 -0.34427085
v 0.10723986 2.45492945 -0.33437717
v 0.20053698 2.45595788 -0.33656624
v 0.22979578 2.45532877 -0.34371342
v 0.25818061 2.45748856 -0.34676974
v 0.28853302 2.45791048 -0.34326239
v 0.32264095 2.45864154 -0.33628917
v 0.35180813 2.46124614 -0.33085956
v 0.6823086 2.45715466 -0.34584291
v -0.68355137 2.43023244 -0.34178496
v -0.34967279 2.42598979 -0.33429977
v -0.32048242 2.42615938 -0.34017869
v -0.28982951 2.42693121 -0.34500522
v -0.25623126 2.4235603 -0.33958466
v -0.0169685 2.42689234 -0.35142283
v 0.01680878 2.42481989 -0.35077059
v 0.04377298 2.42578972 -0.33884111
v 0.25585301 2.42487684 -0.33881113
v 0.28907588 2.42728475 -0.34542659
v 0.32110447 2.42883014 -0.34122795
v 0.34886473 2.42943363 -0.33564095
v 0.38252222 2.42765318 -0.3301558
v 0.68240639 2.43023791 -0.34520097
v -0.68435116 2.39956668 -0.34230912
v -0.38632058 2.39830686 -0.33295267
v -0.34949123 2.39764647 -0.3396394
v -0.31907262 2.39607115 -0.34605095
v -0.28711961 2.39347825 -0.34579969
v -0.01393992 2.39466372 -0.33923057
v 0.29111455 2.39541535 -0.34392149
v 0.32361424 2.39753086 -0.34631734
v 0.35147215 2.39606451 -0.34183473
v 0.38507725 2.39357124 -0.33595697
v 0.41480354 2.39707063 -0.33019342
v 0.68214217 2.39961819 -0.34458739
v -0.70588724 2.35754223 -0.3561616
v -0.68194555 2.36657601 -0.33906428
v -0.44946908 2.36495294 -0.33027912
v -0.41726631 2.36815603 -0.33480558
v -0.38563853 2.36587007 -0.34114011
v -0.35078958 2.3688061 -0.3468242
v -0.31962312 2.36685995 -0.35226998
v -0.28505865 2.36493038 -0.34584102
v -0.01393593 2.36595746 -0.33076174
v 0.29149789 2.36560725 -0.34290606
v 0.32330895 2.36741504 -0.3515576
v 0.35331935 2.36542916 -0.35012995
v 0.38744546 2.36285839 -0.34366793
v 0.41675322 2.36570723 -0.33733532
v 0.44857643 2.3686672 -0.33135991
v 0.65496922 2.36556773 -0.3278498
v 0.68312535 2.36399498 -0.34157003
v 0.70605585 2.36230475 -0.35996623
v -0.70821532 2.32689344 -0.35425847
v -0.68546435 2.33433755 -0.34141806
v -0.6566371 2.33896568 -0.33110109
v -0.50142922 2.33760284 -0.33015468
v -0.47453029 2.33256651 -0.33618066
v -0.44635147 2.33514612 -0.33961667
v -0.41397391 2.34071629 -0.34349831
v -0.38228151 2.33746833 -0.35184014
v -0.3489042 2.34058713 -0.3578036
v -0.28573376 2.33754226 -0.3494471
v -0.25658939 2.34011853 -0.32768347
v -0.01445736 2.33762787 -0.32899107
v 0.28517878 2.33653474 -0.34206963
v 0.31413843 2.33521519 -0.35729878
v 0.38136841 2.33709639 -0.3545652
v 0.41213641 2.33822442 -0.34704779
v 0.44166948 2.33601093 -0.34247513
v 0.47452861 2.33775756 -0.33576221
v 0.50354743 2.33987229 -0.33063864
v 0.65706761 2.3360836 -0.33252317
v 0.69003308 2.33205138 -0.34641218
v -0.71273368 2.29937441 -0.3563404
v -0.68449504 2.30465648 -0.34396601
v -0.6554496 2.30564318 -0.33696326
v -0.62441847 2.30395316 -0.33357388
v -0.59508724 2.30374115 -0.33267167
v -0.56595029 2.30355494 -0.33414707
v -0.53525556 2.30713602 -0.33620956
v -0.50396908 2.30531762 -0.34163181
v -0.47471224 2.29992341 -0.3495916
v -0.4439564 2.30627598 -0.3533218
v -0.41307885 2.31330115 -0.35642004
v -0.28202666 2.30880893 -0.35620086
v -0.01289433 2.30597825 -0.33329558
v 0.28472265 2.31007848 -0.34812027
v 0.41050043 2.31131113 -0.36033558
v 0.43706958 2.30693856 -0.35628016
v 0.47382261 2.30811201 -0.34741385
v 0.50430912 2.30663196 -0.34281913
v 0.53513823 2.3075874 -0.33734866
v 0.56307683 2.30393298 -0.33519139
v 0.59163499 2.30390746 -0.33308761
v 0.62349736 2.30489898 -0.33328647
v 0.65561785 2.30750449 -0.33710416
v 0.69029561 2.30591577 -0.3481223
v -0.6858744 2.27396289 -0.35057205
v -0.653076 2.27645799 -0.34419279
v -0.62240743 2.27689743 -0.34224643
v -0.59348541 2.27821719 -0.34218206
v -0.56378238 2.27817832 -0.34500662
v -0.53294034 2.27839832 -0.35041822
v -0.50466902 2.27672692 -0.35644403
v -0.25584721 2.27631055 -0.34564191
v -0.01397896 2.27653082 -0.34045306
v 0.25363135 2.2783254 -0.33950711
v 0.28217176 2.2836316 -0.35903292
v 0.47468433 2.28392773 -0.3601454
v 0.53407174 2.27612312 -0.3527491
v 0.56467757 2.27594286 -0.34719737
v 0.59574302 2.27815499 -0.34231655
v 0.62698786 2.27753434 -0.34166581
v 0.65708645 2.27829388 -0.34368477
v 0.68811576 2.27785171 -0.34987403
v -0.65458536 2.24925863 -0.35497515
v -0.62418102 2.25286855 -0.35359477
v -0.59370109 2.25410312 -0.35513048
v -0.25481511 2.24144479 -0.35159473
v -0.22723359 2.24353907 -0.33483304
v -0.07587784 2.24745579 -0.33395987
v -0.05028014 2.2490459 -0.34726626
v -0.01031102 2.24966603 -0.35267135
v 0.01850126 2.24954968 -0.33836129
v 0.22592678 2.24470615 -0.33452515
v 0.25281289 2.24491403 -0.35468355
v 0.59361696 2.25414994 -0.35586755
v 0.62696846 2.25335045 -0.35331431
v 0.65937355 2.25187309 -0.35374993
v 0.68976283 2.25190269 -0.35681146
v -0.25579998 2.21393242 -0.35370051
v -0.22814114 2.21376543 -0.34263218
v -0.19796129 2.21327815 -0.33612218
v -0.16548823 2.21636888 -0.33190984
v -0.13504342 2.21724477 -0.33315303
v -0.10892846 2.21940063 -0.33854005
v -0.08056583 2.22092508 -0.35443919
v 0.01768147 2.21915168 -0.35554834
v 0.04861861 2.21779016 -0.33685024
v 0.19889184 2.21611062 -0.33339035
v 0.22751854 2.218075 -0.34770665
v -0.25556254 2.18433832 -0.35596368
v -0.22715715 2.18628478 -0.34912796
v -0.19809911 2.18269753 -0.34849243
v -0.16547429 2.18460099 -0.34913931
v -0.13572599 2.18864528 -0.35236314
v -0.11129386 2.1935364 -0.35882867
v 0.04680004 2.18320969 -0.34703952
v 0.07909953 2.186357 -0.33360386
v 0.16804181 2.18695756 -0.33382836
v 0.19685746 2.18676779 -0.34377012
v 0.22406739 2.19054497 -0.35880142
v -0.22556074 2.15782299 -0.3593005
v 0.04507016 2.14981466 -0.35119939
v 0.07695065 2.15137418 -0.33906291
v 0.10735305 2.15457991 -0.33518464
v 0.13580994 2.1538675 -0.33734134
v 0.16584097 2.1526829 -0.34509555
v 0.19535532 2.15463731 -0.35807451
v 0.04422062 2.12137261 -0.35167027
v 0.07649447 2.12163903 -0.34298942
v 0.10645413 2.12336389 -0.34146016
v 0.13349824 2.1230124 -0.34556279
v 0.1642652 2.1238504 -0.35661873
v 0.04293895 2.09272592 -0.35274076
v 0.07506914 2.09490566 -0.34694093
v 0.10635777 2.09723851 -0.34803944
v 0.13489191 2.09520514 -0.35602182
v 0.04207255 2.06069564 -0.3553125
v 0.07459112 2.06396099 -0.35294544
v 0.10602371 2.06708912 -0.35705943
v -0.167771 4.67229423 -0.36978555
v -0.13460751 4.68099572 -0.36988779
v -0.10655738 4.68699816 -0.36960529
v -0.07975118 4.69001816 -0.37191581
v -0.04667011 4.69314658 -0.37350941
v -0.01368845 4.69441359 -0.37533399
v 0.01480801 4.69455733 -0.37547745
v 0.04700669 4.69327771 -0.37429124
v 0.08000833 4.69098032 -0.3720046
v 0.10583936 4.6880675 -0.36987963
v 0.13277445 4.68220248 -0.37036074
v 0.16612543 4.67378034 -0.36996344
v -0.34764931 4.63869687 -0.36922049
v -0.32131254 4.64741937 -0.36502462
v -0.28856569 4.65001615 -0.36596293
v -0.25666559 4.64838364 -0.36945062
v -0.22713604 4.651805 -0.37123576
v -0.20037405 4.66230627 -0.36842062
v 0.20100013 4.66289032 -0.36872697
v 0.22766744 4.65331619 -0.37069697
v 0.25980195 4.65014909 -0.36921478
v 0.29338099 4.6487822 -0.36906547
v 0.32438549 4.64759071 -0.36648033
v 0.34711731 4.64108337 -0.36879618
v -0.40699105 4.61302572 -0.37349095
v -0.37621076 4.62722742 -0.37203731
v 0.37645071 4.62928203 -0.37184328
v 0.40960922 4.61289684 -0.37499094
v -0.46595149 4.58192063 -0.36872336
v -0.43845731 4.59869052 -0.37045156
v 0.4396115 4.59972609 -0.37202936
v 0.46591297 4.5837085 -0.37089635
v -0.49546471 4.55794363 -0.36930927
v 0.4947663 4.56258773 -0.36947062
v -0.52921641 4.52897538 -0.36931792
v 0.53003021 4.53267581 -0.36995146
v -0.55820658 4.49922345 -0.3722741
v 0.55910318 4.50062284 -0.37630641
v -0.58826007 4.46438739 -0.37496821
v 0.59032252 4.47204181 -0.37049509
v -0.61720254 4.43082561 -0.37321157
v 0.61641472 4.44238206 -0.36793425
v -0.63980704 4.40372159 -0.36975666
v 0.64419057 4.40972599 -0.36319118
v -0.656881 4.37592564 -0.37331706
v 0.66248355 4.37932795 -0.36853946
v -0.6780672 4.34803947 -0.36924315
v 0.68490439 4.34423397 -0.36963996
v -0.69443789 4.31848563 -0.3724938
v 0.7025409 4.31426462 -0.37098661
v -0.710878 4.28894216 -0.3727528
v 0.71801801 4.28766255 -0.36926836
v -0.72417442 4.25978675 -0.37277326
v 0.73213208 4.25387424 -0.37042872
v -0.73616516 4.22722118 -0.37297152
v 0.74321585 4.22058425 -0.37219604
v -0.74804284 4.19501369 -0.37002017
v 0.7510309 4.19496872 -0.37192194
v -0.7546107 4.16727238 -0.37157171
v 0.75776624 4.16696571 -0.3730602
v -0.76167709 4.13614123 -0.37103445
v 0.76553449 4.13455691 -0.37169842
v -0.76724153 4.10370062 -0.37173905
v 0.7704716 4.10288696 -0.37302903
v -0.77115364 4.07283873 -0.37335356
v -0.08169684 4.07829369 -0.36739654
v -0.05002414 4.07751953 -0.37443144
v -0.01406784 4.07671722 -0.37848749
v 0.01357069 4.07624118 -0.37887436
v 0.04679743 4.07639178 -0.37537301
v 0.08269038 4.07808075 -0.36693658
v 0.77452366 4.07370002 -0.37318681
v -0.77582954 4.04514757 -0.37006612
v -0.13563872 4.04945727 -0.36985854
v -0.10838215 4.05172006 -0.37785924
v -0.08393131 4.0508023 -0.38505718
v -0.05298439 4.05125341 -0.39070154
v 0.08038574 4.04965326 -0.38658882
v 0.1096965 4.04844789 -0.37884907
v 0.13755037 4.04753701 -0.36996561
v 0.7772704 4.04681482 -0.37376999
v -0.77870048 4.01627262 -0.36946491
v -0.16801452 4.01683888 -0.3759165
v -0.13787873 4.02277142 -0.38529789
v -0.1127799 4.02375768 -0.39266285
v 0.13886089 4.0167184 -0.38743029
v 0.17080056 4.01613926 -0.37456046
v 0.78042286 4.01398294 -0.37329052
v -0.78044184 3.98215398 -0.3719141
v -0.20147315 3.99007795 -0.37630098
v 0.17534229 3.98754828 -0.38772788
v 0.20885786 3.98624891 -0.37344185
v 0.78347066 3.98135489 -0.37227127
v -0.78223434 3.95349282 -0.37277637
v -0.2575415 3.95315015 -0.36761946
v -0.22975781 3.95873862 -0.37860216
v -0.20210907 3.96157453 -0.38976516
v 0.20685262 3.95877504 -0.38817937
v 0.23462396 3.95872391 -0.37490222
v 0.78530904 3.95395835 -0.37280436
v -0.78379638 3.92644469 -0.37333759
v -0.26157073 3.9250904 -0.3780158
v -0.23156959 3.92776283 -0.39129729
v 0.23140815 3.93005181 -0.38964867
v 0.25974531 3.92336824 -0.37813047
v 0.28669503 3.92303845 -0.3634542
v 0.78688684 3.92662807 -0.37346577
v -0.78563945 3.89356559 -0.37360443
v -0.29644438 3.89300269 -0.37094899
v -0.26646968 3.89263663 -0.38794874
v 0.28836501 3.89108173 -0.375129
v 0.78920924 3.89244456 -0.3730036
v -0.78752476 3.86050437 -0.37358153
v -0.29360843 3.86245293 -0.38352259
v 0.29406692 3.8652003 -0.38130379
v 0.79262794 3.8575243 -0.37026828
v -0.78975827 3.83094703 -0.3727541
v -0.32262652 3.83162494 -0.37470455
v 0.32182896 3.83239517 -0.37381947
v 0.79452334 3.83221585 -0.36934275
v -0.79325276 3.79764555 -0.37013424
v -0.32509636 3.80176177 -0.38215773
v 0.32560273 3.80072452 -0.38087129
v 0.7962163 3.80389442 -0.36957706
v -0.79627689 3.76611709 -0.36848041
v -0.35692252 3.77267529 -0.36839071
v -0.32688634 3.77260412 -0.38983142
v 0.3266755 3.76926961 -0.38956987
v 0.35564641 3.76982677 -0.36915016
v 0.79755356 3.76972212 -0.37169898
v -0.79784901 3.73704895 -0.36958757
v -0.35592684 3.74047816 -0.3783612
v 0.35497046 3.7390897 -0.37854749
v 0.79902055 3.73871887 -0.37343198
v -0.79865623 3.70888288 -0.37253643
v -0.35596677 3.7101356 -0.38664332
v 0.35666776 3.70971181 -0.3853242
v 0.80134575 3.71032612 -0.37356055
v -0.80100448 3.67695838 -0.37371913
v -0.38512295 3.67805111 -0.37352699
v 0.38161767 3.68114045 -0.37367273
v 0.80615474 3.67688385 -0.36974307
v -0.8058576 3.64255787 -0.3706465
v -0.38682925 3.64795231 -0.38023754
v 0.38595703 3.65066928 -0.37809985
v 0.80904907 3.64720281 -0.3698446
v -0.80889216 3.61688153 -0.37017701
v -0.41216264 3.61863312 -0.36651188
v -0.3852158 3.61852455 -0.38895255
v 0.39066957 3.6202732 -0.3821667
v 0.81184926 3.61742496 -0.3708054
v -0.81149146 3.58916768 -0.37154992
v -0.41011279 3.5888917 -0.37453514
v 0.39227126 3.59077652 -0.38732858
v 0.81424359 3.58926267 -0.37237984
v -0.81437094 3.55581871 -0.37359655
v -0.41503848 3.55813277 -0.37643372
v 0.4161836 3.55917675 -0.37393008
v 0.81790368 3.5553763 -0.37290463
v -0.81833173 3.52228832 -0.37322972
v -0.41746637 3.52660306 -0.38003136
v 0.41322059 3.52620855 -0.3817523
v 0.82292175 3.52043852 -0.37019897
v -0.82299937 3.49285405 -0.36982061
v -0.41692599 3.49922116 -0.38466604
v 0.41538962 3.49420938 -0.38419315
v 0.82571494 3.49459184 -0.36943907
v -0.82559152 3.46734282 -0.36888251
v -0.44318266 3.46709289 -0.36760556
v -0.4139599 3.47182413 -0.38952199
v 0.41877848 3.46558401 -0.38446304
v 0.4485295 3.46621576 -0.36141864
v 0.82753874 3.46772695 -0.37026233
v -0.82760599 3.43498444 -0.369035
v -0.44156118 3.43295715 -0.3711585
v 0.42146253 3.43337365 -0.38450948
v 0.82839093 3.43496259 -0.37280705
v -0.82857754 3.40172779 -0.37002578
v -0.44513679 3.3993095 -0.36938128
v -0.41986729 3.40053567 -0.38727181
v 0.42017851 3.40194242 -0.38601076
v 0.44472513 3.40421466 -0.3682572
v 0.82918057 3.40199271 -0.37367192
v -0.8281775 3.37407663 -0.37188041
v -0.44493302 3.37089917 -0.36943381
v -0.42018957 3.37489562 -0.38672114
v 0.41988396 3.37302194 -0.38543382
v 0.44357005 3.3752357 -0.36882682
v 0.82947189 3.37451562 -0.37376571
v -0.82861831 3.34677683 -0.36992218
v -0.44852194 3.34204853 -0.36525377
v -0.42122522 3.34690529 -0.38453484
v 0.4176238 3.34104203 -0.38494931
v 0.44607587 3.34361184 -0.36503712
v 0.82917889 3.34660528 -0.3737917
v -0.82790327 3.31389857 -0.36888398
v -0.42101287 3.31252657 -0.38186066
v 0.41608252 3.30696675 -0.38327309
v 0.82832691 3.31424012 -0.37411759
v -0.82618418 3.28114051 -0.36911223
v -0.44511136 3.27962554 -0.3611186
v -0.41554677 3.28092036 -0.38189394
v 0.4165919 3.27906475 -0.38000565
v 0.82778034 3.28248954 -0.37216767
v -0.82405574 3.25262119 -0.37030211
v -0.41368349 3.25195582 -0.37893261
v 0.41607934 3.25293192 -0.37703781
v 0.82707812 3.25313989 -0.36981998
v -0.82068775 3.21966806 -0.37325991
v -0.4128132 3.21975435 -0.37435432
v 0.41327988 3.22210267 -0.37401249
v 0.82476847 3.22007951 -0.37017183
v -0.8179076 3.18652068 -0.37360299
v -0.41125529 3.1864437 -0.37008714
v -0.38301227 3.1867671 -0.38938235
v 0.38244433 3.18722423 -0.38955635
v 0.41448322 3.18878109 -0.36759642
v 0.82101753 3.18687189 -0.37301054
v -0.81590678 3.15927222 -0.37207485
v -0.40887513 3.15831167 -0.3673024
v -0.38068892 3.15780901 -0.38633206
v 0.38494093 3.15837107 -0.3830627
v 0.81809967 3.15947227 -0.37344574
v -0.81376286 3.13254729 -0.37191277
v -0.40926193 3.13135005 -0.36268208
v -0.37759093 3.13059018 -0.38381416
v 0.38208194 3.12988243 -0.38028776
v 0.81574371 3.13252291 -0.3729703
v -0.81247673 3.09821752 -0.37402958
v -0.38066437 3.09705811 -0.37576348
v 0.35445176 3.09340391 -0.39137581
v 0.38034727 3.09602036 -0.37558399
v 0.81387879 3.09844447 -0.37404569
v -0.81391479 3.06549329 -0.37438962
v -0.38546951 3.06282374 -0.36625702
v -0.35339024 3.06448602 -0.38575849
v 0.35447866 3.06521311 -0.38545385
v 0.38225646 3.06658343 -0.36892622
v 0.81493124 3.06531972 -0.37427194
v -0.8182937 3.03672531 -0.37428105
v -0.35297997 3.0373855 -0.37990468
v 0.35397054 3.03721269 -0.3794278
v 0.81862502 3.03670233 -0.37420617
v -0.82501342 3.00594047 -0.37515828
v -0.35380397 3.01026599 -0.37355515
v -0.32491964 3.01049813 -0.38826886
v 0.32127689 3.00725006 -0.38962247
v 0.35192756 3.00696462 -0.37404688
v 0.82536772 3.00615754 -0.37456551
v -0.83345797 2.97462411 -0.37253912
v -0.35251087 2.97506709 -0.36643248
v -0.32224248 2.97796919 -0.38208082
v 0.32132715 2.97578409 -0.38240384
v 0.35169458 2.97407621 -0.36687809
v 0.83343892 2.97471903 -0.37251188
v -0.84070095 2.94357702 -0.37201339
v -0.32156986 2.94238706 -0.37468882
v -0.29067983 2.94333914 -0.38842149
v 0.29426764 2.94429352 -0.38774774
v 0.32615295 2.94315828 -0.37300966
v 0.84065163 2.94358094 -0.37205703
v -0.84536193 2.91582212 -0.3721933
v -0.31900125 2.91532345 -0.36998501
v -0.28993651 2.91423647 -0.38231327
v 0.28963671 2.91458243 -0.38339581
v 0.32099226 2.91558095 -0.36946575
v 0.84537545 2.91582135 -0.37218154
v -0.84974888 2.88705679 -0.37145263
v -0.31921661 2.88628957 -0.36398172
v -0.28987261 2.88414485 -0.37612188
v -0.25791983 2.88248239 -0.38782567
v 0.26182941 2.88520532 -0.388303
v 0.2864241 2.88484108 -0.37877605
v 0.31853298 2.88602973 -0.3647093
v 0.84976009 2.88707781 -0.37143337
v -0.85782261 2.85458046 -0.36645136
v -0.84185083 2.85347387 -0.38259475
v -0.2926559 2.85230086 -0.36883369
v -0.26118127 2.85128841 -0.38058756
v -0.23369146 2.84978517 -0.38915477
v 0.23565838 2.85201763 -0.38998174
v 0.26376354 2.85499066 -0.38184399
v 0.28893806 2.85526692 -0.3720308
v 0.84184719 2.85349005 -0.38257388
v 0.85782836 2.85458369 -0.3664598
v -0.86625155 2.82404044 -0.36201425
v -0.8437711 2.82301912 -0.37645663
v -0.29243392 2.82185193 -0.36340647
v -0.26025165 2.82321318 -0.37576085
v -0.23358885 2.82102191 -0.38395863
v 0.23005163 2.81972605 -0.38584247
v 0.25791363 2.82216875 -0.37756897
v 0.28961387 2.82362418 -0.3659148
v 0.84376514 2.82303835 -0.3764525
v 0.86627494 2.82397578 -0.3620898
v -0.86843392 2.79807131 -0.3584364
v -0.83514134 2.79090913 -0.36686632
v -0.80738069 2.79932357 -0.37790611
v -0.26039353 2.7944149 -0.37080596
v -0.23185673 2.79243671 -0.37967857
v -0.20528622 2.78891357 -0.38665494
v 0.20299989 2.79060944 -0.38805826
v 0.2286349 2.79146744 -0.38151411
v 0.25915815 2.79432136 -0.37215429
v 0.80746867 2.79941344 -0.37776605
v 0.83511528 2.79091687 -0.36684846
v 0.86843301 2.79806767 -0.35844558
v -0.80532552 2.77954213 -0.36539415
v -0.77179464 2.77146367 -0.37105876
v -0.25843208 2.76301456 -0.36682541
v -0.22800794 2.76197524 -0.37626988
v -0.20282502 2.75662858 -0.38233302
v -0.17623857 2.75449845 -0.38802709
v 0.20128837 2.76167222 -0.38384558
v 0.22730219 2.76202452 -0.37738391
v 0.25766563 2.76452466 -0.36823349
v 0.77184977 2.77113841 -0.3712676
v 0.80521891 2.7793785 -0.36535954
v -0.74564815 2.73348562 -0.37269344
v -0.25932269 2.73008752 -0.36220345
v -0.22842467 2.72926468 -0.37138097
v -0.20052808 2.72634198 -0.37816997
v -0.17146802 2.72537954 -0.38431699
v 0.16708775 2.73113282 -0.38624153
v 0.19810877 2.7284936 -0.37936655
v 0.22762058 2.72900396 -0.37222363
v 0.25875002 2.73128202 -0.36330861
v 0.74628677 2.73370522 -0.3726865
v -0.73368886 2.70642349 -0.37499559
v -0.23016118 2.69790405 -0.36635624
v -0.19991234 2.69867786 -0.3739748
v -0.16843247 2.70047946 -0.38088582
v -0.13537547 2.69998759 -0.38664356
v 0.13538961 2.69965897 -0.38665508
v 0.165053 2.70156848 -0.38190686
v 0.19663464 2.69968349 -0.37519271
v 0.22998196 2.70020404 -0.36728646
v 0.73421064 2.70649063 -0.37532565
v -0.72200759 2.67473764 -0.37518234
v -0.22947941 2.66901727 -0.36252395
v -0.19853028 2.67064617 -0.37003916
v -0.16626006 2.67412508 -0.37710211
v -0.13455894 2.67305112 -0.38240328
v -0.10929593 2.67238494 -0.38594775
v -0.08177517 2.67169393 -0.38891024
v 0.08279929 2.67112998 -0.38851682
v 0.10928415 2.67174265 -0.385709
v 0.13581381 2.6720547 -0.38212957
v 0.16545491 2.67407373 -0.37748337
v 0.19912326 2.67121996 -0.37037139
v 0.2331188 2.6714791 -0.36249813
v 0.72189727 2.67435994 -0.37523018
v -0.71151305 2.64554321 -0.37620281
v -0.19949155 2.63872685 -0.3654167
v -0.16627137 2.64215631 -0.37236352
v -0.13420276 2.64214862 -0.37766602
v -0.10735095 2.64147405 -0.38124334
v -0.07818901 2.63957624 -0.38399762
v -0.043669 2.6381597 -0.38635185
v -0.0140871 2.63850729 -0.38746671
v 0.01519154 2.63896974 -0.38731874
v 0.0494953 2.64015311 -0.38599734
v 0.08143709 2.64037635 -0.38362444
v 0.10791038 2.64124997 -0.38101033
v 0.13593679 2.6414661 -0.37738174
v 0.16849194 2.6431098 -0.37239294
v 0.20335885 2.63858066 -0.36509585
v 0.71167584 2.64571009 -0.37677391
v -0.70426503 2.61669064 -0.37553527
v -0.20083555 2.60657677 -0.3612161
v -0.16687052 2.60924499 -0.36785524
v -0.13512317 2.61043109 -0.37299625
v -0.10723507 2.6094249 -0.37639397
v -0.0752684 2.60790832 -0.3792274
v -0.04172792 2.60746646 -0.38137447
v -0.01372964 2.60859837 -0.38240983
v 0.01432874 2.60875378 -0.38224435
v 0.04746839 2.6090794 -0.38099026
v 0.07945671 2.60905283 -0.37883458
v 0.10721922 2.60973682 -0.37633237
v 0.13555749 2.60989329 -0.37292291
v 0.16919393 2.61048089 -0.36793979
v 0.20397203 2.60631609 -0.36114098
v 0.70367734 2.6164059 -0.3756119
v -0.69888838 2.58165475 -0.37684112
v -0.16941679 2.57783004 -0.36380041
v -0.1359289 2.58086473 -0.36916771
v -0.10753576 2.58088761 -0.3724812
v -0.07493941 2.57874523 -0.37498165
v -0.04154761 2.57743088 -0.37666554
v -0.0135269 2.57717097 -0.37733543
v 0.01455101 2.57708448 -0.3771407
v 0.04683514 2.57842052 -0.37624698
v 0.07886698 2.57991918 -0.37459328
v 0.10730662 2.58139353 -0.37244358
v 0.13515106 2.58102112 -0.36929593
v 0.16994928 2.57931654 -0.36414381
v 0.69783509 2.58073682 -0.37526748
v -0.69620146 2.55001262 -0.37528678
v -0.17166951 2.54819792 -0.36102267
v -0.13727385 2.55082103 -0.36624609
v -0.10846008 2.55238048 -0.36942197
v -0.07579594 2.55083739 -0.3715749
v -0.04179978 2.55008053 -0.37306157
v -0.01322757 2.54945486 -0.37334911
v 0.01472922 2.54947514 -0.37320282
v 0.04518327 2.55038678 -0.37262213
v 0.07736721 2.55057881 -0.37106079
v 0.10717483 2.55043966 -0.36901231
v 0.1356605 2.54960928 -0.3660723
v 0.17101637 2.54969829 -0.36133343
v 0.69550786 2.54855901 -0.37469117
v -0.69679497 2.51874497 -0.37493518
v -0.13847424 2.51811189 -0.36207355
v -0.10916982 2.51948967 -0.36455968
v -0.07753173 2.5190319 -0.36684709
v -0.04233981 2.52164417 -0.37019911
v -0.01282001 2.52220149 -0.37064856
v 0.01474697 2.52182105 -0.37043667
v 0.04389919 2.51987365 -0.36958644
v 0.07786699 2.51711843 -0.36709404
v 0.10809187 2.51581302 -0.36473599
v 0.13811961 2.51525298 -0.36182996
v 0.69456783 2.51597784 -0.37243777
v -0.69822854 2.49021536 -0.37434538
v -0.04382559 2.48662505 -0.36315237
v -0.01252331 2.49017685 -0.36848713
v 0.01517244 2.489813 -0.36825923
v 0.04445481 2.48502853 -0.36477451
v 0.69653895 2.48444192 -0.37310766
v -0.70108939 2.46119306 -0.37605537
v -0.01404569 2.45708296 -0.36289015
v 0.01564501 2.4559621 -0.36350429
v 0.7009451 2.45236057 -0.37607655
v -0.70522789 2.42877967 -0.37355358
v 0.7051037 2.42476762 -0.37595488
v -0.71137127 2.39067599 -0.37007943
v 0.70975095 2.39240758 -0.37352573
v -0.72331011 2.36315865 -0.37432959
v 0.72071705 2.36547843 -0.3756741
v -0.73429568 2.33426498 -0.37621231
v -0.31859984 2.33807233 -0.36160553
v 0.34511936 2.33561409 -0.36180201
v 0.71830149 2.33216841 -0.3647921
v 0.73969054 2.33452826 -0.38424351
v -0.74494566 2.304165 -0.37832681
v -0.382957 2.30809821 -0.36669306
v -0.3489484 2.30921018 -0.37568366
v -0.31487472 2.3075342 -0.37599873
v 0.31484621 2.30478205 -0.36934296
v 0.34499002 2.30507097 -0.37929072
v 0.38016956 2.31002969 -0.36933662
v 0.72226578 2.30382378 -0.36469865
v 0.74971241 2.3030507 -0.38452181
v -0.7681845 2.27089647 -0.38779898
v -0.74972985 2.27499452 -0.37539584
v -0.72073365 2.27194787 -0.36122637
v -0.47452161 2.27240686 -0.36588027
v -0.44102911 2.27343757 -0.37674641
v -0.41104735 2.28098258 -0.37972732
v -0.38205494 2.2827576 -0.38714951
v -0.2856887 2.27249541 -0.37384017
v 0.31264633 2.28064024 -0.38430845
v 0.38016487 2.28425024 -0.38857909
v 0.4122441 2.28162316 -0.38097608
v 0.4425092 2.27692562 -0.37462449
v 0.46956272 2.26674582 -0.37452908
v 0.50442582 2.27715921 -0.3581303
v 0.71836264 2.27400102 -0.36139105
v 0.75080072 2.27338826 -0.37979092
v -0.77290257 2.23970573 -0.38701733
v -0.74766837 2.24531024 -0.37495619
v -0.71903733 2.24335916 -0.3662995
v -0.68540509 2.24334063 -0.3599111
v -0.56462595 2.24979168 -0.36255141
v -0.53511102 2.24356601 -0.37565634
v -0.50944096 2.24612216 -0.37935642
v -0.47957828 2.2512135 -0.38331238
v -0.2870716 2.24039955 -0.37827812
v 0.28123951 2.24998846 -0.38074531
v 0.50165137 2.25004213 -0.38001217
v 0.53213687 2.24415745 -0.37649004
v 0.56109496 2.24869654 -0.36504314
v 0.71825589 2.24824427 -0.36420041
v 0.75132537 2.246594 -0.37804921
v -0.74538387 2.21605487 -0.38411557
v -0.71486857 2.21426864 -0.37995378
v -0.68717769 2.21225788 -0.37891898
v -0.66092088 2.21538636 -0.37816381
v -0.63057194 2.21934523 -0.37721881
v -0.59665573 2.22393232 -0.37824464
v -0.56383743 2.22467528 -0.38542114
v -0.28965361 2.21387151 -0.37466266
v -0.05171145 2.22283658 -0.37364663
v -0.01084127 2.22015206 -0.37529175
v 0.25474835 2.21666654 -0.37290291
v 0.55958101 2.2253212 -0.38601335
v 0.59127124 2.22727545 -0.37647235
v 0.62217922 2.22316425 -0.37556774
v 0.65473624 2.21835799 -0.37628186
v 0.6882756 2.21613594 -0.3769962
v 0.7181118 2.21546291 -0.37881195
v 0.74847524 2.2168512 -0.38506159
v -0.31780037 2.18118674 -0.38689699
v -0.2893716 2.18409725 -0.36919093
v -0.08596447 2.19340622 -0.37991435
v 0.01672845 2.18365578 -0.36948071
v 0.2490717 2.18747165 -0.38522764
v -0.32209721 2.15061733 -0.38225737
v -0.29168507 2.15235326 -0.37046973
v -0.25665431 2.1532549 -0.36287618
v -0.19773103 2.15316857 -0.36352908
v -0.16739862 2.15286408 -0.36970423
v -0.13724074 2.15692388 -0.37905267
v -0.11165567 2.17034972 -0.38113551
v 0.01511627 2.1508427 -0.37340175
v 0.22220061 2.15639401 -0.3790051
v -0.34216171 2.12525989 -0.38997842
v -0.31929775 2.12362375 -0.38055461
v -0.28994174 2.12349677 -0.3757701
v -0.25791867 2.12388697 -0.37348994
v -0.22963068 2.12700682 -0.37363774
v -0.20299709 2.12470568 -0.38071988
v -0.17360558 2.12805373 -0.38924464
v -0.00175631 2.12253657 -0.38708419
v 0.01692914 2.12159206 -0.36787604
v 0.1961469 2.12554403 -0.37596441
v -0.34217208 2.10040075 -0.38980361
v -0.31676063 2.09802186 -0.3862762
v -0.28807344 2.09744072 -0.3855267
v -0.2591334 2.10074946 -0.38543424
v -0.23432574 2.10423352 -0.38799189
v -0.00210166 2.09372514 -0.38195187
v 0.01680796 2.0921068 -0.3653206
v 0.1642396 2.09539632 -0.36992988
v 0.19036672 2.09826534 -0.38773976
v -0.00574568 2.06157385 -0.38075214
v 0.01466526 2.05968556 -0.36494508
v 0.13399699 2.06312022 -0.36933407
v 0.16024448 2.06192746 -0.38778382
v -0.00908658 2.02861265 -0.37982062
v 0.01335793 2.02793208 -0.36524649
v 0.043234 2.02816393 -0.35993611
v 0.07548769 2.02978797 -0.36208759
v 0.10499944 2.03230433 -0.36957482
v 0.13246015 2.0315142 -0.38633024
v -0.01120288 2.00062443 -0.37889895
v 0.01464985 2.00016807 -0.36749383
v 0.04686164 1.99887326 -0.36673316
v 0.07817389 2.00022866 -0.37253408
v 0.10516594 2.00253114 -0.38540135
v -0.0124889 1.97153934 -0.38081294
v 0.01378077 1.97132241 -0.37172994
v 0.0435663 1.97215691 -0.37304952
v 0.07489915 1.97433014 -0.38497459
v -0.012444 1.93962654 -0.38319611
v 0.01135727 1.94126535 -0.37802729
v 0.03871009 1.94340654 -0.38567285
v -0.01565232 1.91286304 -0.39068844
v 0.00720197 1.91442554 -0.39084714
v -0.10468389 4.66929315 -0.39518625
v -0.07865474 4.67349763 -0.39509207
v -0.04685652 4.67665912 -0.39620757
v -0.01483387 4.6767691 -0.39930549
v 0.01348442 4.67618701 -0.4003274
v 0.04538277 4.67583075 -0.3982323
v 0.0781338 4.67447409 -0.39538581
v 0.10388565 4.67035702 -0.39568568
v -0.20226736 4.64262467 -0.39696232
v -0.17035965 4.65087688 -0.39983336
v -0.13574039 4.66088418 -0.39830354
v 0.13289704 4.66272248 -0.39852864
v 0.16634058 4.65515884 -0.39762153
v 0.20276177 4.64345543 -0.39737511
v -0.3720702 4.60994311 -0.39554839
v -0.34470231 4.61817248 -0.39477732
v -0.32026244 4.61939886 -0.39582256
v -0.29080954 4.61831621 -0.39785409
v -0.25848783 4.61838794 -0.40259758
v -0.22814474 4.62787367 -0.40310745
v 0.22904931 4.62991231 -0.40200029
v 0.25890706 4.62062187 -0.40217289
v 0.29186598 4.61861097 -0.39973225
v 0.32145751 4.61979742 -0.39787524
v 0.3464333 4.61780263 -0.39733392
v 0.37619805 4.61012537 -0.39635242
v -0.43775698 4.57877875 -0.39548847
v -0.40590004 4.59259001 -0.39884206
v 0.40896178 4.59269732 -0.40004073
v 0.43852984 4.57944952 -0.3974654
v -0.46718351 4.55832987 -0.39647399
v 0.46498958 4.56260328 -0.39748214
v 0.49024023 4.54616471 -0.39479844
v -0.5000411 4.52978302 -0.39926875
v 0.51981285 4.52138077 -0.39504241
v -0.53360351 4.50008629 -0.39882238
v 0.53877068 4.50106624 -0.39893855
v -0.56174846 4.47476033 -0.39688058
v 0.56201289 4.47902842 -0.39854328
v 0.58538293 4.45467975 -0.39743444
v -0.59151752 4.44181118 -0.39667695
v 0.60156278 4.43444381 -0.39814117
v -0.61911755 4.40711661 -0.39665471
v 0.62449055 4.40550133 -0.39688681
v -0.63347762 4.37489483 -0.40864521
v 0.64937199 4.37583738 -0.39250651
v -0.6701784 4.33713628 -0.39382199
v -0.65532618 4.3549769 -0.39835877
v 0.67209705 4.34045257 -0.39457947
v -0.68203934 4.3146311 -0.3965005
v 0.68580933 4.31270678 -0.39973169
v -0.69874773 4.28618092 -0.39624536
v 0.70282382 4.28620403 -0.39720938
v -0.70938146 4.25849593 -0.40018013
v 0.71799377 4.25575486 -0.39580406
v -0.72224281 4.22521028 -0.39961317
v 0.73020061 4.22048408 -0.39664648
v -0.73340861 4.19264919 -0.39814177
v 0.73669709 4.19416892 -0.39906257
v -0.73815785 4.16630811 -0.40124666
v 0.74243378 4.16852916 -0.40085909
v -0.74652563 4.13465834 -0.39916305
v 0.75039823 4.1388858 -0.39890892
v -0.7525893 4.10403544 -0.39874074
v 0.75642288 4.10425917 -0.39928619
v -0.75725791 4.0743551 -0.39897315
v 0.76181837 4.07181773 -0.39782932
v -0.76194404 4.04471776 -0.39672886
v -0.01528229 4.05032599 -0.39474268
v 0.01432949 4.04897198 -0.39563325
v 0.04753526 4.04866014 -0.39284525
v 0.76508171 4.04497848 -0.39746729
v -0.76551278 4.01367109 -0.39532043
v -0.08393716 4.0187265 -0.40257247
v -0.0490411 4.01705182 -0.40971699
v -0.01338113 4.01863166 -0.41194833
v 0.01526166 4.01847349 -0.41192987
v 0.04737526 4.01693625 -0.4099527
v 0.08005224 4.01714303 -0.40464182
v 0.10852506 4.01513268 -0.39841355
v 0.76684731 4.01288152 -0.39951307
v -0.76722507 3.98155186 -0.39658757
v -0.16364697 3.98184171 -0.39633989
v -0.13619908 3.98422218 -0.40521425
v -0.11052131 3.98785971 -0.41086376
v -0.08102364 3.9866196 -0.41849094
v 0.078863 3.98753217 -0.41859226
v 0.10883545 3.98608108 -0.41248818
v 0.13988121 3.98707686 -0.40206684
v 0.76843779 3.98110552 -0.40125335
v -0.7680573 3.95253374 -0.39890486
v -0.16839118 3.95395737 -0.40714516
v -0.13932597 3.95215072 -0.41799028
v 0.13554725 3.95825585 -0.4165028
v 0.17268102 3.95980991 -0.40201157
v 0.77020857 3.95400724 -0.4015494
v -0.76798515 3.92539903 -0.40155833
v -0.20077743 3.93073239 -0.40361441
v -0.16961124 3.9260174 -0.41802706
v 0.17125716 3.92935891 -0.41549129
v 0.20241024 3.93178197 -0.4023051
v 0.77169896 3.92671731 -0.40183509
v -0.76922659 3.89271102 -0.40216042
v -0.23525368 3.89275921 -0.40275498
v -0.19969276 3.89691536 -0.41660521
v 0.1980264 3.89931236 -0.41696536
v 0.22679554 3.89733242 -0.4051581
v 0.25653017 3.89047429 -0.3931398
v 0.77349699 3.89352104 -0.40178623
v -0.7713946 3.86036161 -0.40174122
v -0.26343984 3.86121548 -0.40086771
v -0.23506217 3.85959418 -0.41466236
v 0.23117752 3.8635451 -0.41490469
v 0.2609922 3.86230373 -0.40101582
v 0.77717248 3.85946025 -0.39877408
v -0.77230199 3.83269609 -0.4026518
v -0.28699906 3.83086619 -0.3977266
v -0.25869899 3.83367255 -0.41234122
v 0.25739836 3.831774 -0.41250443
v 0.28700348 3.83273644 -0.39594426
v 0.77811727 3.83201048 -0.39928633
v -0.77494471 3.8023695 -0.40153273
v -0.28904713 3.80516997 -0.40453728
v -0.26019435 3.80833636 -0.41923239
v 0.26036036 3.80158301 -0.4194331
v 0.29013803 3.80296518 -0.40300073
v 0.7799997 3.80048132 -0.39929943
v -0.77868549 3.76959169 -0.39939046
v -0.29467177 3.77296052 -0.41021902
v 0.29292957 3.77370427 -0.40937051
v 0.78249519 3.76629473 -0.39932808
v -0.78110574 3.73868385 -0.39939855
v -0.32468291 3.74011546 -0.4004545
v -0.2954681 3.73900452 -0.41848887
v 0.29439705 3.74791278 -0.41572217
v 0.32391166 3.74241678 -0.39920424
v 0.78478852 3.73755119 -0.3994721
v -0.78310558 3.7099658 -0.40029171
v -0.3218656 3.70877865 -0.40980259
v 0.29532986 3.71825752 -0.42234617
v 0.32520231 3.71355948 -0.40573652
v 0.78724093 3.71018239 -0.39938664
v -0.78700207 3.67809076 -0.39928199
v -0.35519916 3.67798555 -0.39617023
v -0.32562564 3.67919175 -0.41477069
v 0.32533922 3.67895079 -0.41363572
v 0.35333665 3.67872202 -0.39580942
v 0.79202183 3.67938214 -0.39623972
v -0.79189952 3.64305296 -0.39713775
v -0.35515916 3.64775603 -0.40377002
v -0.32538349 3.64940395 -0.42142485
v 0.32661806 3.64611232 -0.4201597
v 0.35527502 3.64871834 -0.40192576
v 0.79549551 3.64885955 -0.3959125
v -0.79548466 3.61594613 -0.39638748
v -0.35511545 3.61635646 -0.41084061
v 0.35421287 3.61911939 -0.40928943
v 0.79758529 3.61765583 -0.39808699
v -0.79770962 3.58857901 -0.39804153
v -0.38310837 3.58970844 -0.39629443
v -0.35697849 3.58828285 -0.41474074
v 0.35527737 3.59010939 -0.41374503
v 0.7988759 3.58928732 -0.40153315
v -0.79922403 3.55653207 -0.40181705
v -0.38276973 3.55881615 -0.40162918
v -0.3551993 3.55828071 -0.42028025
v 0.3574588 3.56000919 -0.41736
v 0.38645874 3.55767705 -0.39777851
v 0.80277316 3.55606233 -0.40200397
v -0.80283298 3.52319017 -0.40245686
v -0.38066167 3.52503723 -0.40752117
v 0.35785719 3.53184227 -0.420434
v 0.3828244 3.52692723 -0.40454341
v 0.80848589 3.52256444 -0.39908827
v -0.80808382 3.49392051 -0.39925786
v -0.37976539 3.49546343 -0.41113039
v 0.38037662 3.49513456 -0.40905684
v 0.81144775 3.49545019 -0.39900058
v -0.81074546 3.46818085 -0.39900706
v -0.381353 3.46702957 -0.41169693
v 0.38065512 3.46671716 -0.4106442
v 0.81371838 3.46708476 -0.39952509
v -0.81311528 3.43526351 -0.399144
v -0.41371529 3.43489226 -0.39140121
v -0.38214292 3.43378889 -0.41198104
v 0.38079242 3.4348337 -0.41182393
v 0.81532596 3.43477185 -0.40069448
v -0.81470149 3.40162539 -0.39934079
v -0.38412804 3.40154427 -0.41035554
v 0.38215027 3.40422328 -0.41097219
v 0.81654246 3.40173088 -0.40094469
v -0.81443594 3.37377228 -0.40099414
v -0.38213549 3.37532185 -0.41109243
v 0.3826053 3.37468065 -0.40980917
v 0.81711019 3.3742853 -0.40097432
v -0.81453611 3.3466775 -0.40028373
v -0.38242475 3.3458015 -0.40952055
v 0.37952205 3.34320557 -0.41020333
v 0.81700372 3.34678685 -0.40115851
v -0.81446844 3.31398557 -0.39903269
v -0.38184949 3.31314375 -0.40736825
v 0.37898647 3.31136631 -0.40845027
v 0.81631768 3.31395482 -0.40142164
v -0.81309104 3.28116993 -0.39911696
v -0.37969951 3.28049027 -0.40513814
v 0.35740402 3.27782604 -0.4184949
v 0.38292457 3.28136284 -0.40304206
v 0.81550626 3.28171973 -0.4008737
v -0.81149986 3.25267142 -0.39936055
v -0.38015268 3.25209017 -0.40116873
v -0.35196748 3.25486052 -0.41860498
v 0.3565187 3.25171521 -0.41558873
v 0.38386789 3.25394641 -0.39901588
v 0.81434978 3.25282216 -0.40019855
v -0.80915715 3.21952033 -0.40025077
v -0.38237971 3.22178186 -0.39530361
v -0.35399478 3.22660464 -0.4135662
v 0.35298341 3.21969299 -0.41319908
v 0.38093135 3.22118114 -0.39594885
v 0.81286325 3.22025295 -0.39947406
v -0.80699663 3.18659017 -0.39998452
v -0.35187936 3.19067634 -0.40945922
v 0.328281 3.18382689 -0.42120546
v 0.35328699 3.18502567 -0.40782871
v 0.81027797 3.18683505 -0.40000424
v -0.80480262 3.16007327 -0.40021606
v -0.3507492 3.16065942 -0.40554217
v -0.32440381 3.16089352 -0.41951401
v 0.32800218 3.1579711 -0.41741975
v 0.35371417 3.1579594 -0.40321245
v 0.80785498 3.15900324 -0.40002532
v -0.80214974 3.13102762 -0.40209626
v -0.34895211 3.13307922 -0.40178626
v -0.32361586 3.13109606 -0.41452822
v 0.32557366 3.13052378 -0.41397009
v 0.35278482 3.12902449 -0.39887859
v 0.80583308 3.13156383 -0.39993286
v -0.80380831 3.09546636 -0.40032043
v -0.35087076 3.09958273 -0.39439129
v -0.32497024 3.09816596 -0.40770903
v -0.29689884 3.09479349 -0.41973448
v 0.295627 3.09249022 -0.42033671
v 0.32655705 3.09553158 -0.40705318
v 0.8051951 3.09802517 -0.40011653
v -0.80701064 3.06451733 -0.39953072
v -0.32381798 3.06569734 -0.40126774
v -0.29443575 3.06472068 -0.41421918
v 0.29382908 3.06304082 -0.41480463
v 0.32420817 3.06611293 -0.40185943
v 0.8074719 3.06480649 -0.3999247
v -0.81106578 3.03695478 -0.39992032
v -0.32113098 3.03832756 -0.39641273
v -0.2893496 3.03765147 -0.41026469
v 0.28759999 3.03713137 -0.41149667
v 0.32100227 3.0364793 -0.39655339
v 0.81155646 3.03692018 -0.39940513
v -0.81583926 3.00701162 -0.40080771
v -0.2908606 3.00949002 -0.40317312
v -0.26322748 3.00744563 -0.41345006
v -0.23579374 3.00464965 -0.42116865
v 0.23445893 3.00073207 -0.42114428
v 0.2602209 3.00667806 -0.41516764
v 0.28576281 3.01031356 -0.40613858
v 0.81712644 3.00725567 -0.39886787
v -0.82281956 2.97394522 -0.39739118
v -0.28738446 2.97872031 -0.39752683
v -0.25738239 2.9753484 -0.40811674
v -0.23006367 2.97179717 -0.41567457
v 0.23474269 2.97332517 -0.4153304
v 0.25959562 2.97709795 -0.40877353
v 0.28685209 2.9791665 -0.39861381
v 0.82332347 2.97412104 -0.3966862
v -0.82817162 2.942582 -0.39527059
v -0.25768846 2.94319547 -0.40068425
v -0.22809932 2.94316248 -0.40993224
v -0.20049213 2.94419119 -0.41771076
v 0.20211019 2.94618346 -0.41802138
v 0.23255699 2.9453747 -0.40994191
v 0.2621973 2.94450794 -0.40039797
v 0.82812924 2.94275341 -0.39535279
v -0.83023596 2.91572888 -0.39462598
v -0.25609793 2.91417318 -0.39499898
v -0.22694726 2.91565576 -0.40447644
v -0.20073847 2.91612409 -0.41174772
v -0.17164161 2.91540695 -0.41803942
v 0.17022103 2.91342361 -0.41806894
v 0.19996049 2.91532822 -0.41210502
v 0.22900793 2.91583339 -0.40465738
v 0.26071129 2.91478963 -0.3946512
v 0.83012221 2.91569162 -0.39470752
v -0.83300295 2.88744251 -0.39178033
v -0.22967807 2.88380596 -0.39703787
v -0.2014376 2.88749227 -0.405654
v -0.1726989 2.88794436 -0.4123801
v -0.14100867 2.88700811 -0.41786721
v 0.13717346 2.88404997 -0.41795715
v 0.16972664 2.88374337 -0.41230963
v 0.19841204 2.88471671 -0.40617508
v 0.23036153 2.88482087 -0.39780435
v 0.83300827 2.88741116 -0.39173459
v -0.81206668 2.85540449 -0.39887834
v -0.77850463 2.85523687 -0.41167991
v -0.20352603 2.8538235 -0.39844955
v -0.17223901 2.85644364 -0.40625027
v -0.13930721 2.85529067 -0.41206783
v -0.10561413 2.85086088 -0.41591809
v -0.07376749 2.8471519 -0.41841708
v 0.05258832 2.84868995 -0.41990438
v 0.08160009 2.85185568 -0.41848166
v 0.10482447 2.85092648 -0.41609394
v 0.13427023 2.85293542 -0.41256803
v 0.16729486 2.85327514 -0.40683597
v 0.20162754 2.85258518 -0.39905661
v 0.77837532 2.85493262 -0.41180593
v 0.8119165 2.85521677 -0.39878592
v -0.8137663 2.82647067 -0.38845739
v -0.77688837 2.82958989 -0.40304735
v -0.20455038 2.82122739 -0.39226141
v -0.17278787 2.82317623 -0.40010588
v -0.13824784 2.82476899 -0.40680298
v -0.10585537 2.82297058 -0.41107474
v -0.07395303 2.81936037 -0.41371092
v -0.04198265 2.82014107 -0.41615085
v -0.01388507 2.82262766 -0.41751214
v 0.01412569 2.82438696 -0.41753014
v 0.0480773 2.82324106 -0.41587631
v 0.07839881 2.82414551 -0.41393899
v 0.10388379 2.82171762 -0.41106028
v 0.13299586 2.82310174 -0.40742807
v 0.16705928 2.82326667 -0.40146503
v 0.20118263 2.82094458 -0.39362284
v 0.7772227 2.82937744 -0.40325805
v 0.81371362 2.8264554 -0.38842359
v -0.76908012 2.79863704 -0.39344703
v -0.17601561 2.78942908 -0.39368732
v -0.1390517 2.79514752 -0.40161836
v -0.10642218 2.79545303 -0.40645639
v -0.074331 2.79307974 -0.40945764
v -0.04214537 2.79248175 -0.41175318
v -0.01406888 2.79418109 -0.41301111
v 0.01383182 2.79719649 -0.41328437
v 0.04618593 2.79694075 -0.4118371
v 0.07743387 2.79496428 -0.4092743
v 0.10418985 2.79296882 -0.40626166
v 0.13316872 2.79406639 -0.4024363
v 0.16890089 2.79433512 -0.39603357
v 0.76970942 2.79868982 -0.39377702
v -0.75224235 2.76507733 -0.39715176
v -0.13862207 2.76101883 -0.39605164
v -0.10651907 2.7621746 -0.40100034
v -0.07463049 2.76133257 -0.40433936
v -0.04219099 2.7613526 -0.40684679
v -0.01385984 2.76210735 -0.4080171
v 0.01430272 2.76340756 -0.40802095
v 0.04646183 2.76313557 -0.40651277
v 0.07798566 2.76150824 -0.40386522
v 0.10485702 2.76092741 -0.4009533
v 0.13369502 2.76266272 -0.39718812
v 0.16858906 2.76544046 -0.39139837
v 0.75354109 2.76548697 -0.39808965
v -0.73693084 2.72984452 -0.40058906
v -0.13595639 2.72832066 -0.39120105
v -0.10637682 2.72850726 -0.39551586
v -0.07523112 2.72870665 -0.3990003
v -0.04218276 2.72956861 -0.40178647
v -0.01379966 2.72946291 -0.40285199
v 0.01437747 2.72944155 -0.40264879
v 0.04665207 2.72941377 -0.40113928
v 0.0785246 2.72885399 -0.39854678
v 0.10574803 2.72847371 -0.39552622
v 0.13476548 2.72866354 -0.3914806
v 0.74079342 2.73165376 -0.39809596
v -0.72968401 2.70552335 -0.39962312
v -0.10762163 2.69991646 -0.39062309
v -0.07769382 2.70073828 -0.39414455
v -0.04278142 2.70238379 -0.39727764
v -0.01371328 2.70205902 -0.39838154
v 0.01424159 2.70147686 -0.39808804
v 0.0470628 2.7015041 -0.39653017
v 0.08009259 2.70072806 -0.39373887
v 0.1074432 2.70032816 -0.39064516
v 0.73117068 2.70568355 -0.39890601
v -0.71825421 2.67496662 -0.40088235
v -0.04524082 2.67257701 -0.3920256
v -0.01425144 2.67288234 -0.39339351
v 0.01467401 2.67241587 -0.3931302
v 0.04908669 2.67225378 -0.39143094
v 0.71934665 2.67498003 -0.40043962
v -0.7074509 2.64387115 -0.4036819
v 0.70951006 2.64557136 -0.40157462
v -0.70181473 2.61508265 -0.40295387
v 0.70241881 2.61529272 -0.4019846
v -0.69849514 2.58116442 -0.40544235
v 0.69846432 2.58008484 -0.40476647
v -0.69845872 2.55071915 -0.40610321
v 0.6984674 2.54869998 -0.40525641
v -0.70083393 2.51786902 -0.40584439
v 0.70017017 2.5166211 -0.40681208
v -0.70375131 2.48658746 -0.40325315
v 0.70307893 2.48491294 -0.4062529
v -0.70907948 2.45818746 -0.40566535
v 0.70842595 2.45463206 -0.40592018
v -0.71563432 2.4290173 -0.40420838
v 0.71532359 2.42594361 -0.40369935
v -0.72624206 2.39814073 -0.40303895
v 0.72556162 2.39565841 -0.40388357
v -0.74139898 2.3650773 -0.4038904
v 0.73674052 2.36643442 -0.40113199
v -0.75634548 2.33361733 -0.40287612
v 0.75549147 2.33511063 -0.40639012
v -0.76995542 2.29863294 -0.40106125
v 0.77052056 2.3026074 -0.40775172
v -0.78449509 2.27024325 -0.40409854
v -0.38284969 2.26788711 -0.40664614
v -0.35251644 2.27843589 -0.40417454
v -0.31592199 2.27386784 -0.39951293
v 0.34780436 2.27837955 -0.40257765
v 0.38333784 2.2672774 -0.40799629
v 0.78025117 2.27191813 -0.40518441
v -0.79830698 2.23772204 -0.4069568
v -0.47366697 2.23799864 -0.4045571
v -0.44882146 2.24769348 -0.40206516
v -0.41530959 2.25643084 -0.40593293
v -0.31676255 2.24379854 -0.41060147
v 0.30932124 2.25092375 -0.41085924
v 0.41590131 2.25694049 -0.40668796
v 0.44436375 2.24876564 -0.40439386
v 0.47393419 2.24058132 -0.40241518
v 0.78333379 2.24249842 -0.39719981
v 0.80289434 2.24091067 -0.41693594
v -0.80405544 2.21079904 -0.41396764
v -0.77812743 2.2119 -0.39563406
v -0.59643424 2.2035599 -0.40343051
v -0.56287713 2.21041558 -0.405958
v -0.53424125 2.21876795 -0.40405672
v -0.50228344 2.22663419 -0.4066003
v -0.31821875 2.21256974 -0.40225666
v 0.28124287 2.22006403 -0.4033068
v 0.50322102 2.22589047 -0.40807194
v 0.53471869 2.21844373 -0.40415227
v 0.56362799 2.2094564 -0.40571739
v 0.59378269 2.20527373 -0.40127678
v 0.78005378 2.21540578 -0.39743535
v 0.80368223 2.21582282 -0.41248251
v -0.77779898 2.19225742 -0.41389927
v -0.74393894 2.19209351 -0.40476602
v -0.71216357 2.19040824 -0.40526307
v -0.68619185 2.18930339 -0.40673356
v -0.66062696 2.19101735 -0.40775656
v -0.63074986 2.19628097 -0.4046571
v -0.3406445 2.17856724 -0.41033375
v -0.07899647 2.1798337 -0.40607631
v -0.05181527 2.19230729 -0.40495185
v -0.01283507 2.18742577 -0.39657924
v 0.26320856 2.18248348 -0.40827732
v 0.6216393 2.19770742 -0.40411007
v 0.65331752 2.19085249 -0.40831774
v 0.68754389 2.18770865 -0.40748628
v 0.7185449 2.18870897 -0.40480083
v 0.74733439 2.19169424 -0.404336
v 0.77747494 2.19409492 -0.40890172
v 0.79944524 2.19815392 -0.41645952
v -0.34648391 2.14949868 -0.40187113
v -0.10976356 2.15257041 -0.4065783
v -0.01319481 2.15498744 -0.40342914
v 0.24939542 2.15743368 -0.40917956
v -0.36986513 2.12117119 -0.41264516
v -0.13972832 2.13295457 -0.40621171
v -0.01173799 2.12194419 -0.40296631
v 0.2212194 2.12266607 -0.40337097
v -0.37617339 2.09318816 -0.40641534
v -0.23166282 2.0858466 -0.4054391
v -0.20965423 2.09774502 -0.40397554
v -0.17793941 2.10382933 -0.4157104
v -0.0147164 2.09357638 -0.40154562
v 0.20440769 2.09391849 -0.40677804
v -0.38336355 2.06356394 -0.40984875
v -0.35202513 2.06568629 -0.40088147
v -0.32239095 2.06164225 -0.40417601
v -0.2904641 2.06378326 -0.40741974
v -0.2578619 2.07359639 -0.40718284
v -0.01892635 2.0630989 -0.40240677
v 0.1832306 2.06804413 -0.40562609
v -0.38361302 2.03719373 -0.41710643
v -0.35650662 2.03622351 -0.41699078
v -0.02351503 2.03002045 -0.40332176
v 0.160296 2.03548504 -0.41054375
v -0.02812298 1.99937465 -0.40153525
v 0.13100464 2.0047871 -0.40766245
v -0.03194042 1.9714702 -0.40307334
v 0.10287444 1.97557407 -0.40874366
v -0.03310577 1.93839767 -0.40377692
v 0.0701239 1.94593369 -0.40905365
v -0.03332496 1.90844285 -0.40804273
v 0.03464518 1.91327348 -0.40955175
v -0.01741242 1.88703303 -0.41086989
v 0.00813392 1.8895552 -0.41364087
v -0.13299788 4.64213813 -0.42156231
v -0.10385024 4.64682356 -0.42222002
v -0.07826313 4.64879187 -0.4246436
v -0.04685559 4.65123146 -0.42647553
v -0.01540446 4.65094342 -0.42980496
v 0.01313485 4.64920178 -0.43213657
v 0.04597665 4.64899725 -0.43004053
v 0.0791015 4.64856268 -0.4261924
v 0.10533549 4.64674146 -0.42367556
v 0.13223059 4.6445843 -0.42081625
v 0.16278049 4.63869477 -0.42004472
v -0.22622448 4.60829869 -0.43146258
v -0.19976366 4.61959779 -0.42869672
v -0.16365318 4.62666677 -0.43140952
v -0.13485445 4.62330859 -0.44211595
v 0.13480172 4.62337359 -0.44385819
v 0.16674676 4.62273981 -0.43708173
v 0.19590002 4.62300794 -0.42784516
v 0.22847233 4.61079347 -0.42941035
v -0.37140164 4.58380811 -0.42327338
v -0.34164459 4.59084052 -0.42275427
v -0.31750316 4.58724698 -0.42635148
v -0.28960575 4.58630065 -0.42925576
v -0.25728426 4.59477869 -0.43138679
v 0.25719043 4.5974619 -0.4305773
v 0.28939501 4.58825496 -0.42957552
v 0.3190051 4.58812187 -0.42807603
v 0.34781679 4.58910967 -0.42632062
v 0.3786858 4.58399079 -0.42352565
v -0.43957564 4.55372864 -0.42152368
v -0.40807313 4.56343824 -0.42850044
v 0.41244356 4.56426843 -0.42841026
v 0.44162507 4.54994527 -0.42658607
v -0.46633777 4.53106095 -0.42626354
v -0.44226543 4.53391606 -0.43906843
v 0.46914762 4.53273143 -0.42621027
v 0.49363897 4.52223731 -0.41874276
v -0.50203821 4.50078087 -0.4280423
v 0.49832685 4.50095403 -0.43532209
v 0.52361624 4.49786188 -0.41755018
v -0.5594358 4.45445616 -0.42068337
v -0.53364851 4.47071093 -0.42880504
v 0.5324208 4.4672509 -0.438359
v 0.55588601 4.46371928 -0.42083397
v -0.57912177 4.43361193 -0.42015262
v -0.55987699 4.43430133 -0.43825522
v 0.5616477 4.43676165 -0.43909873
v 0.58177346 4.43677678 -0.41931038
v -0.59151745 4.40767643 -0.42962848
v 0.5967898 4.40607824 -0.42996876
v -0.60553836 4.38075522 -0.43716246
v 0.62264573 4.3751215 -0.4277245
v -0.64759925 4.33910235 -0.42201958
v -0.62548606 4.35741733 -0.43364163
v 0.62655126 4.3500536 -0.44398484
v 0.64824207 4.34260273 -0.42556997
v -0.65670764 4.31577258 -0.42925446
v 0.65973534 4.31463531 -0.43334411
v -0.67576526 4.28838543 -0.42706091
v 0.68116572 4.2849495 -0.42928868
v -0.68750033 4.26079486 -0.43033049
v 0.68410054 4.26272829 -0.44086299
v 0.70101024 4.25971754 -0.42051491
v -0.70389098 4.22612971 -0.42695752
v 0.70963643 4.22478117 -0.42669296
v -0.71268794 4.19289744 -0.42912757
v 0.71498232 4.19498763 -0.43229561
v -0.71746954 4.16478096 -0.43223127
v 0.72317492 4.1680209 -0.43116909
v -0.7312471 4.13089501 -0.42398817
v 0.73307806 4.13982302 -0.42607318
v -0.73762668 4.10089595 -0.42270113
v 0.73871472 4.10584475 -0.42719673
v -0.74032341 4.07462996 -0.42485041
v 0.74124186 4.07460236 -0.43018643
v -0.74132382 4.04700577 -0.42774086
v 0.74302679 4.04715735 -0.43219457
v -0.74355796 4.01442675 -0.42854927
v 0.74514242 4.01394805 -0.43388781
v -0.74565453 3.98211293 -0.42914085
v -0.04597074 3.98224784 -0.42622203
v -0.01362135 3.98082841 -0.42906621
v 0.01468567 3.98181888 -0.42843565
v 0.04535826 3.98426953 -0.42496077
v 0.74701386 3.98114853 -0.43489396
v -0.74928743 3.95247994 -0.42777816
v -0.10962915 3.95649726 -0.42464269
v -0.08032381 3.95678165 -0.43102136
v -0.04775857 3.95475548 -0.43699456
v -0.01826213 3.95422845 -0.43930193
v 0.01266531 3.95415097 -0.43930449
v 0.04242996 3.95379402 -0.43744149
v 0.07454205 3.95497108 -0.43271165
v 0.10601001 3.95518136 -0.42626805
v 0.74908353 3.95342781 -0.43442738
v -0.74798113 3.92485617 -0.43133958
v -0.13814391 3.92104296 -0.43039906
v -0.10683164 3.9263965 -0.43699929
v -0.07703379 3.92703952 -0.44266586
v -0.04750456 3.9294934 -0.44600407
v -0.02152264 3.93194546 -0.44683658
v 0.01200957 3.92860633 -0.44787863
v 0.04333502 3.92435421 -0.44738893
v 0.07584683 3.92613592 -0.44302281
v 0.10757158 3.92490338 -0.43729271
v 0.13596873 3.92584705 -0.42907171
v 0.75061748 3.92618439 -0.43410418
v -0.74692237 3.89176609 -0.43437379
v -0.16646188 3.89605029 -0.42970161
v -0.13550692 3.89065277 -0.44142057
v -0.10615803 3.894276 -0.44735584
v 0.07983878 3.89756106 -0.4505962
v 0.1103645 3.89504358 -0.44600821
v 0.136893 3.89159307 -0.44041147
v 0.16881277 3.89467373 -0.42926606
v 0.75410567 3.89383527 -0.43115602
v -0.75003315 3.86090994 -0.43271813
v -0.20284738 3.86352184 -0.42669348
v -0.16911671 3.86496831 -0.43876264
v -0.13793377 3.86162428 -0.44932317
v 0.13738491 3.86237013 -0.44866438
v 0.16973969 3.86326449 -0.43881315
v 0.20213649 3.86382879 -0.42695164
v 0.76158113 3.86058352 -0.4229511
v -0.750037 3.83265407 -0.43461262
v -0.23059444 3.8333918 -0.42488568
v -0.20350227 3.83648534 -0.43474585
v -0.17188446 3.83840056 -0.44525569
v 0.16759018 3.83513428 -0.44688649
v 0.20074981 3.83219666 -0.43631822
v 0.22901028 3.83097771 -0.42555323
v 0.76246932 3.83127947 -0.42330158
v -0.7544938 3.80131165 -0.43166887
v -0.23094777 3.80680108 -0.43250705
v -0.20591916 3.80858461 -0.44170755
v -0.17398082 3.81001286 -0.45150376
v 0.19989787 3.80068992 -0.44427672
v 0.23027837 3.79993748 -0.4329992
v 0.76395298 3.79940344 -0.42387393
v -0.76083499 3.76691758 -0.42620971
v -0.26245905 3.7719454 -0.42743706
v -0.23326765 3.77296766 -0.43978501
v -0.2040335 3.77505295 -0.44964857
v 0.20378403 3.77015444 -0.44989058
v 0.23077957 3.77043631 -0.43997592
v 0.25877366 3.77029482 -0.42798805
v 0.76665916 3.76573646 -0.42353077
v -0.76475753 3.73740367 -0.42401108
v -0.26396374 3.7365732 -0.43493725
v -0.23630498 3.73920485 -0.44558737
v 0.22996845 3.74415295 -0.44631063
v 0.25765813 3.74320774 -0.43510585
v 0.7687474 3.73787158 -0.423966
v -0.76708883 3.71136576 -0.42409839
v -0.28963818 3.70670639 -0.4286467
v -0.2618788 3.70639342 -0.44218961
v -0.23557577 3.70940011 -0.45155468
v 0.23215502 3.71518947 -0.45143697
v 0.26060398 3.71402375 -0.44044523
v 0.76913616 3.71109258 -0.42693182
v -0.77033157 3.68086475 -0.42408764
v -0.29139789 3.67703963 -0.43367658
v -0.2623514 3.67865996 -0.44696333
v 0.25974314 3.67809678 -0.44826946
v 0.29099472 3.6806427 -0.43265253
v 0.77048988 3.68203999 -0.42880396
v -0.77148868 3.64704478 -0.42729077
v -0.29057828 3.64657098 -0.43967798
v 0.28993798 3.64707448 -0.4395395
v 0.7734144 3.65018063 -0.42989816
v -0.77404237 3.6170397 -0.42874627
v -0.32381626 3.61645201 -0.42914193
v -0.29189039 3.61529077 -0.44472362
v 0.29086375 3.61848112 -0.44455235
v 0.32007415 3.61605638 -0.43040228
v 0.77448899 3.61784678 -0.43366541
v -0.77614629 3.58837868 -0.43080838
v -0.32551798 3.5877928 -0.43277932
v -0.29617428 3.58757258 -0.44657117
v 0.29296656 3.59057688 -0.4474491
v 0.31667191 3.58742044 -0.43674284
v 0.77709564 3.58854371 -0.43542204
v -0.77838317 3.55682514 -0.43341198
v -0.32494681 3.55698793 -0.43739351
v -0.299445 3.55466546 -0.44923771
v 0.29703256 3.55959731 -0.44904396
v 0.3215174 3.55759524 -0.43790912
v 0.78425967 3.55424742 -0.43168589
v -0.7842776 3.52203363 -0.4314216
v -0.3518932 3.52507926 -0.42593029
v -0.32522711 3.5267056 -0.4401806
v -0.29958765 3.5266633 -0.45145504
v 0.29757356 3.52886108 -0.45133039
v 0.32607912 3.52954698 -0.43804838
v 0.79274891 3.52298514 -0.42495545
v -0.79170725 3.49311728 -0.42563907
v -0.3502686 3.49527731 -0.42912659
v -0.32331735 3.4974482 -0.44274956
v 0.321836 3.49829969 -0.44226967
v 0.35186956 3.49910733 -0.42663867
v 0.79676483 3.49570803 -0.42358414
v -0.79566103 3.46746561 -0.42374413
v -0.3522158 3.46661923 -0.42882837
v -0.32347275 3.46818029 -0.44334934
v 0.3234993 3.46472055 -0.44290563
v 0.35035949 3.46746035 -0.42916407
v 0.79838655 3.46631229 -0.42529987
v -0.79802714 3.43482922 -0.42389179
v -0.35214341 3.43513687 -0.4292042
v -0.32195442 3.43604453 -0.44441261
v 0.3245299 3.43378384 -0.44324234
v 0.34941442 3.43547953 -0.43063498
v 0.79913339 3.43460913 -0.42750256
v -0.79919924 3.40102691 -0.42479371
v -0.35117844 3.40221217 -0.4295826
v -0.31984972 3.40266096 -0.44546867
v 0.3241949 3.40108988 -0.44349913
v 0.35006515 3.40335498 -0.43008266
v 0.79954597 3.40168486 -0.42891421
v -0.79801986 3.37300583 -0.42758234
v -0.34836617 3.37357433 -0.4306651
v -0.31638451 3.37457488 -0.44678748
v 0.32448058 3.37104732 -0.4426792
v 0.35128068 3.37234487 -0.42865546
v 0.80003812 3.37452206 -0.42916869
v -0.79768798 3.34566463 -0.42807197
v -0.34977663 3.34198675 -0.42842255
v -0.31988054 3.34241173 -0.44368378
v 0.32472673 3.34079161 -0.4409475
v 0.35084362 3.34112518 -0.42752245
v 0.80008715 3.34677928 -0.42921128
v -0.79908177 3.3134584 -0.42515662
v -0.34924722 3.30931786 -0.42632921
v -0.32360405 3.3066128 -0.43947088
v -0.29937065 3.3044929 -0.45019522
v 0.32418474 3.30876513 -0.43877959
v 0.35189204 3.30886936 -0.4246906
v 0.79957314 3.31347843 -0.42930556
v -0.79857575 3.28125567 -0.4243078
v -0.3489049 3.27905074 -0.42325352
v -0.32325498 3.27809572 -0.43653628
v -0.29883283 3.27750348 -0.44760002
v 0.296047 3.28017135 -0.44837827
v 0.32786601 3.27813971 -0.43403375
v 0.79908562 3.28133006 -0.42894181
v -0.79765407 3.25321456 -0.42384601
v -0.32337139 3.25520137 -0.43351583
v -0.29515352 3.25414982 -0.44614298
v 0.2904647 3.24974521 -0.44721361
v 0.32409603 3.25177083 -0.43241711
v 0.7981222 3.25323557 -0.42868456
v -0.7965362 3.21990565 -0.42291786
v -0.32321302 3.22603068 -0.42971365
v -0.29271267 3.22371396 -0.44330941
v 0.2911258 3.22087517 -0.44328038
v 0.32489372 3.21981592 -0.42791766
v 0.79808661 3.22104532 -0.42621275
v -0.79450891 3.18776359 -0.42272691
v -0.32250849 3.1913193 -0.42527458
v -0.29158986 3.19062766 -0.43920155
v -0.26153256 3.18655465 -0.44934439
v 0.26568232 3.1899122 -0.44870459
v 0.29409417 3.18888518 -0.43771236
v 0.79701091 3.18751478 -0.42427852
v -0.79132521 3.16199402 -0.42496007
v -0.29152107 3.16001296 -0.43416015
v -0.26064055 3.15710812 -0.44492276
v 0.26253783 3.16018072 -0.44539397
v 0.29225213 3.16130918 -0.43432434
v 0.79571175 3.15891813 -0.42295884
v -0.78776775 3.1300581 -0.42881212
v -0.2924673 3.12784862 -0.42788932
v -0.26087659 3.12723214 -0.43932154
v -0.23237987 3.12955489 -0.44768509
v 0.23242162 3.12815395 -0.44798184
v 0.25925015 3.12941634 -0.44093255
v 0.29123682 3.12950922 -0.42913759
v 0.79415594 3.13167534 -0.42274043
v -0.79100412 3.0924905 -0.42467775
v -0.26297604 3.0955584 -0.43228059
v -0.2333655 3.09711421 -0.44111267
v -0.20041285 3.09652715 -0.44870508
v 0.20465306 3.0955521 -0.44782553
v 0.23411765 3.09880885 -0.4417224
v 0.26127647 3.09695892 -0.43373728
v 0.79350367 3.09811973 -0.42292514
v -0.79510753 3.06318553 -0.42189507
v -0.26063314 3.06613576 -0.42677229
v -0.22838278 3.06650022 -0.4360719
v -0.19647125 3.06616918 -0.44367204
v -0.16650302 3.06420605 -0.44901185
v 0.17258772 3.06500129 -0.44799473
v 0.20419624 3.06474947 -0.44191615
v 0.23262325 3.06867138 -0.43598312
v 0.26069851 3.067112 -0.42768247
v 0.79540298 3.06416374 -0.42258507
v -0.79758767 3.03702511 -0.42245548
v -0.26007255 3.03795652 -0.42105973
v -0.23013006 3.03641024 -0.4293871
v -0.19733961 3.03768124 -0.43790849
v -0.16932764 3.03526596 -0.44299935
v -0.13883839 3.03653604 -0.447927
v 0.11508527 3.03382537 -0.45024138
v 0.14201407 3.03542013 -0.44733395
v 0.16920388 3.03621355 -0.44319881
v 0.19740521 3.03721998 -0.43783109
v 0.22959079 3.03593007 -0.42986124
v 0.25834935 3.03787401 -0.42231854
v 0.79789651 3.03627827 -0.42278333
v -0.79717194 3.00959263 -0.42616242
v -0.20028264 3.0079548 -0.43116607
v -0.16867317 3.00720341 -0.43765527
v -0.13746501 3.00776715 -0.44268242
v -0.10690534 3.00530802 -0.44582885
v -0.07947408 3.00272616 -0.4477239
v -0.04930059 3.00243449 -0.44951471
v 0.04526072 3.00237887 -0.44932968
v 0.07757208 3.00239813 -0.44745639
v 0.11047348 3.00684533 -0.44563829
v 0.13864435 3.0087375 -0.44267118
v 0.16843083 3.00784875 -0.43778258
v 0.19924386 3.00641195 -0.43107795
v 0.79868355 3.0079057 -0.42487395
v -0.79758431 2.9769435 -0.4266828
v -0.19826368 2.97469304 -0.4247079
v -0.16624586 2.97509574 -0.43152587
v -0.13451647 2.97554551 -0.43671917
v -0.10547784 2.97438876 -0.44002579
v -0.07867859 2.97573589 -0.44259924
v -0.04676714 2.97728281 -0.44487555
v -0.01280168 2.97929497 -0.4463349
v 0.01543507 2.977972 -0.44588065
v 0.04573833 2.97576636 -0.444266
v 0.07710709 2.97610784 -0.44245333
v 0.10797321 2.9775466 -0.44025432
v 0.13683649 2.97658976 -0.43669171
v 0.16885962 2.97558859 -0.43126796
v 0.2018161 2.97644855 -0.42440019
v 0.79814755 2.97536549 -0.42649473
v -0.79856545 2.94396774 -0.42395704
v -0.7733024 2.94435755 -0.44162811
v -0.16993039 2.94381994 -0.4242395
v -0.13636516 2.94426004 -0.42996624
v -0.10520472 2.94487848 -0.43409087
v -0.07828283 2.94814799 -0.43715545
v -0.04694404 2.9484129 -0.43923301
v -0.01415022 2.94693828 -0.44005276
v 0.01504652 2.94660009 -0.43980847
v 0.04595749 2.94761388 -0.43879619
v 0.07552117 2.94734903 -0.43697967
v 0.10271025 2.94556228 -0.43450096
v 0.1322819 2.94376362 -0.43063841
v 0.1681271 2.94363116 -0.42467768
v 0.77313765 2.94351748 -0.44327211
v 0.79851852 2.94388858 -0.42442646
v -0.79828127 2.9180453 -0.4206737
v -0.77161581 2.91662692 -0.43588113
v -0.13849166 2.91602525 -0.4239044
v -0.10560274 2.91559082 -0.42815739
v -0.07788686 2.91538138 -0.43070573
v -0.04694182 2.91370138 -0.43242355
v -0.01445317 2.91507339 -0.43380393
v 0.01461296 2.91818332 -0.43427153
v 0.04595076 2.91913281 -0.43323021
v 0.07558207 2.91850168 -0.43129682
v 0.10241211 2.91589399 -0.42858457
v 0.13465468 2.91427422 -0.42423187
v 0.77133899 2.91579515 -0.43693968
v 0.79772083 2.91767857 -0.42113503
v -0.80079266 2.89058386 -0.41369551
v -0.76867952 2.88385058 -0.4277293
v -0.10651196 2.88401438 -0.42192495
v -0.07543599 2.88149284 -0.42446537
v -0.04344779 2.88278261 -0.42682275
v -0.01245225 2.88710761 -0.42861606
v 0.01533646 2.8885677 -0.42868127
v 0.0479587 2.88666986 -0.42699742
v 0.07763333 2.88769954 -0.42525409
v 0.10431022 2.88469664 -0.42230929
v 0.76823248 2.88330565 -0.42890805
v 0.8004322 2.89016162 -0.41385343
v -0.7536678 2.85403652 -0.43151137
v -0.04175698 2.85108863 -0.42131628
v -0.01225769 2.8551809 -0.42296325
v 0.01685928 2.85313967 -0.42224611
v 0.75529464 2.85455006 -0.43185008
v -0.74673983 2.82658723 -0.4328065
v 0.74943635 2.82666134 -0.43314594
v -0.7412633 2.79729502 -0.43143106
v 0.74378463 2.79745357 -0.43286495
v -0.73333149 2.76227578 -0.42995903
v 0.73739062 2.76384374 -0.43053348
v -0.71997644 2.72948067 -0.43280047
v 0.73069479 2.73399441 -0.4256638
v -0.71211013 2.70425211 -0.43056616
v 0.71690202 2.70534494 -0.42838448
v -0.70389855 2.67445009 -0.43035521
v 0.70746687 2.6754512 -0.42793219
v -0.69555927 2.64176537 -0.4346116
v 0.70089641 2.64513858 -0.42851529
v -0.69289364 2.61204027 -0.43581515
v 0.69565433 2.61213855 -0.4327581
v -0.69384726 2.5804279 -0.4367772
v 0.69466926 2.58006427 -0.43704443
v -0.69811213 2.5487702 -0.43660415
v 0.69850257 2.54883179 -0.43721562
v -0.70334861 2.5158523 -0.43749774
v 0.7036164 2.51680814 -0.43962068
v -0.70764254 2.48777139 -0.4334421
v 0.70853858 2.48707624 -0.43574324
v -0.71501756 2.46050622 -0.43392381
v 0.71538845 2.45887056 -0.43339815
v -0.72467826 2.42966249 -0.4345279
v 0.72473325 2.42813571 -0.43206309
v -0.73722293 2.39764621 -0.43460152
v 0.73715464 2.39593278 -0.4340658
v -0.75322714 2.36423041 -0.43444979
v 0.75063268 2.36543361 -0.43205644
v -0.76745994 2.33364508 -0.43247644
v 0.76703615 2.33269024 -0.43506803
v -0.78203064 2.30387618 -0.43288253
v 0.78354407 2.30048794 -0.43669395
v -0.79729957 2.27166254 -0.43317039
v 0.79903869 2.26712195 -0.43445386
v -0.81241341 2.24108424 -0.43284082
v -0.45016608 2.23391316 -0.43480451
v -0.42408676 2.24380677 -0.43255965
v -0.38284339 2.2489025 -0.43475233
v -0.34840977 2.24962999 -0.43194338
v 0.31744905 2.23984206 -0.43765352
v 0.34194064 2.2566292 -0.43775614
v 0.38835967 2.25490853 -0.43530997
v 0.41889098 2.24531257 -0.43282236
v 0.44777212 2.23576769 -0.4347574
v 0.80924807 2.24343387 -0.43594603
v -0.81596913 2.21785497 -0.43299366
v -0.53099637 2.2077619 -0.43517758
v -0.49959144 2.21710447 -0.43523824
v -0.47314011 2.22606148 -0.43572457
v -0.34671632 2.21265366 -0.43234902
v 0.29782629 2.21675133 -0.434061
v 0.47992732 2.22520679 -0.43350136
v 0.50606309 2.21449707 -0.43484332
v 0.5323841 2.20646356 -0.43444587
v 0.81348247 2.21649341 -0.43372019
v -0.79859936 2.19735502 -0.43307422
v -0.77379517 2.18696518 -0.43494702
v -0.74817215 2.18425418 -0.43301124
v -0.71654352 2.18180494 -0.43432462
v -0.6864698 2.1811704 -0.43338396
v -0.65716897 2.18278717 -0.43323105
v -0.62712088 2.18714495 -0.42983014
v -0.59593285 2.19261373 -0.43058384
v -0.56537093 2.19956946 -0.43577364
v -0.35181401 2.18084005 -0.43340105
v -0.0530591 2.17762642 -0.43235764
v 0.27998724 2.18268464 -0.43591416
v 0.56635939 2.19726198 -0.43417707
v 0.59454536 2.19236028 -0.43075052
v 0.62252644 2.18619859 -0.43212337
v 0.65431947 2.1817689 -0.43816833
v 0.68720431 2.17919671 -0.43772266
v 0.71927262 2.17899423 -0.43443957
v 0.74945765 2.18165145 -0.43212165
v 0.7794497 2.18606424 -0.43115381
v 0.80086985 2.19462738 -0.43412996
v -0.36858225 2.14554532 -0.43240779
v -0.0743407 2.16100193 -0.43932056
v -0.02636463 2.15625699 -0.43580565
v 0.26485627 2.15168344 -0.43749431
v -0.38496552 2.11882557 -0.43637615
v -0.1131591 2.13158609 -0.4361873
v -0.02141658 2.12252862 -0.43183162
v 0.24760954 2.12533219 -0.43688511
v -0.40065252 2.08696796 -0.43224234
v -0.17493269 2.08953174 -0.4411581
v -0.14781073 2.10595395 -0.43863249
v -0.02387418 2.0920114 -0.43116502
v 0.22290029 2.0911895 -0.43556816
v -0.41297952 2.05562856 -0.43256575
v -0.25737919 2.05060421 -0.43635699
v -0.23043121 2.06397605 -0.43703522
v -0.20275154 2.07622661 -0.43848368
v -0.02577026 2.06157071 -0.43208796
v 0.20078701 2.06150546 -0.43878835
v -0.42595946 2.02863549 -0.4435282
v -0.40840869 2.03467884 -0.4281079
v -0.3230185 2.03190982 -0.42984846
v -0.28901375 2.03765338 -0.43657676
v -0.02777963 2.0286593 -0.43244348
v 0.17371282 2.03015207 -0.43743953
v -0.41340695 2.01114713 -0.44355832
v -0.38042786 2.01078064 -0.43645656
v -0.35502881 2.01174897 -0.44159442
v -0.03000728 1.99497715 -0.42833811
v 0.15303979 2.00889884 -0.43324898
v -0.03196034 1.96932839 -0.42858513
v 0.12633859 1.98157115 -0.43404429
v -0.03280525 1.93956616 -0.42913153
v 0.09622119 1.95018917 -0.43671735
v -0.0320536 1.90814708 -0.42841033
v 0.06466309 1.92275438 -0.44148648
v -0.03069137 1.8884997 -0.4198931
v -0.01395021 1.8825243 -0.43142115
v 0.01289841 1.88531937 -0.4350446
v 0.02908857 1.89282113 -0.43118709
v -0.10874304 4.61560386 -0.45602188
v -0.07684709 4.61847564 -0.45868141
v -0.04359501 4.61961124 -0.46193873
v -0.01219809 4.61929491 -0.46496219
v 0.01431663 4.61851417 -0.46601622
v 0.04589204 4.61923243 -0.46305958
v 0.0788086 4.61776523 -0.46060006
v 0.10990788 4.61527226 -0.45794396
v -0.25396448 4.57520665 -0.45739206
v -0.22595155 4.58609233 -0.45884308
v -0.20104331 4.58984894 -0.46251745
v -0.16809669 4.59496445 -0.46526164
v -0.13465431 4.60258652 -0.46473576
v 0.13402783 4.60362153 -0.4657444
v 0.16789859 4.59550844 -0.4667737
v 0.20110649 4.59023588 -0.46402101
v 0.22878886 4.58740263 -0.45833233
v 0.25422982 4.57711234 -0.45747121
v -0.37375188 4.55187002 -0.45231269
v -0.34218707 4.55796577 -0.45193108
v -0.31724763 4.55592446 -0.45470416
v -0.28642102 4.55912504 -0.45892556
v 0.28657192 4.56047694 -0.45909119
v 0.31710298 4.55878839 -0.45438348
v 0.34912443 4.55715785 -0.45426195
v 0.38071428 4.55099584 -0.45405132
v -0.40677394 4.5323026 -0.45805197
v -0.3778197 4.52660962 -0.47299056
v 0.31747458 4.53465253 -0.47608971
v 0.41346334 4.53135459 -0.45955833
v 0.44088201 4.52007412 -0.45559284
v -0.47163862 4.49448143 -0.45588553
v -0.44332909 4.50431291 -0.46425479
v 0.44270116 4.49957663 -0.47226995
v 0.46695456 4.50262282 -0.45517501
v -0.50169645 4.46737796 -0.45765666
v 0.50034006 4.46757381 -0.46183586
v -0.53328879 4.43890999 -0.45671128
v 0.53386107 4.43530202 -0.46310409
v -0.56457797 4.40797188 -0.45534088
v 0.56599305 4.40856742 -0.45809425
v -0.58485278 4.37688962 -0.46057267
v 0.58644943 4.38199141 -0.45984972
v -0.61370609 4.35000218 -0.45133249
v -0.58976425 4.35264014 -0.47247712
v 0.60418498 4.35029974 -0.4661084
v -0.62480016 4.3194789 -0.4608399
v 0.62609231 4.32328818 -0.46321624
v -0.64752913 4.28878708 -0.45793598
v 0.64819066 4.28992029 -0.46293367
v -0.65953234 4.2621357 -0.46131538
v 0.66360878 4.26172858 -0.46424053
v -0.67688838 4.22913402 -0.45852801
v 0.67999937 4.23260287 -0.46019883
v -0.68396759 4.19585005 -0.46387314
v 0.68805159 4.19497895 -0.46595423
v -0.68947634 4.16982852 -0.46544372
v 0.70026641 4.16441867 -0.46214824
v -0.70547782 4.13855097 -0.45482569
v 0.70854061 4.13593837 -0.45967769
v -0.71073455 4.10476463 -0.45588168
v 0.71231943 4.10483258 -0.46220634
v -0.71249847 4.07496423 -0.45974514
v 0.71313225 4.07582776 -0.46645457
v -0.7113719 4.04775373 -0.46505419
v 0.71531252 4.04761938 -0.46788051
v -0.71267498 4.015059 -0.46679037
v 0.72106602 4.01433177 -0.46565008
v -0.7170162 3.97865935 -0.46516452
v 0.72293312 3.98107274 -0.46618142
v -0.73023206 3.95280328 -0.45243345
v -0.71265782 3.95098444 -0.47203078
v 0.7246424 3.9530137 -0.46598414
v -0.72957621 3.92451 -0.45469495
v 0.72549949 3.92592018 -0.46619869
v -0.72511935 3.89447984 -0.4612509
v -0.07411096 3.89297804 -0.45324894
v -0.04289662 3.8931002 -0.45680199
v -0.01703822 3.89446037 -0.45767267
v 0.01434384 3.89198309 -0.45822089
v 0.04542685 3.89076484 -0.45647655
v 0.72870028 3.89305537 -0.46339381
v -0.72783015 3.86600696 -0.45978805
v -0.10912556 3.86187687 -0.45586672
v -0.07693254 3.85998266 -0.46185015
v -0.04502857 3.85863902 -0.46579441
v -0.01594299 3.85951587 -0.46698615
v 0.01507363 3.860364 -0.46655491
v 0.04546581 3.86002819 -0.46460208
v 0.07881116 3.86378186 -0.45978661
v 0.1090925 3.86314009 -0.45488526
v 0.73616235 3.85916984 -0.45554115
v -0.72730887 3.83513834 -0.46220378
v -0.13800386 3.83506816 -0.45579867
v -0.10912835 3.83240918 -0.46309282
v -0.07917433 3.83041047 -0.46868857
v -0.04758429 3.8301929 -0.47237727
v -0.01635276 3.83213152 -0.47347928
v 0.01494501 3.8340756 -0.47256573
v 0.04643404 3.83362029 -0.4704293
v 0.07946026 3.83252728 -0.46704135
v 0.10892173 3.83236982 -0.46237263
v 0.13637306 3.83393004 -0.45597768
v 0.73583524 3.82903994 -0.45757061
v -0.73161492 3.80113135 -0.45991977
v -0.13759503 3.80654471 -0.46202397
v -0.10874591 3.80385589 -0.46904714
v -0.07965124 3.80251772 -0.47419761
v -0.04626628 3.80322995 -0.47776046
v -0.01514238 3.80550815 -0.47879397
v 0.01368568 3.80490589 -0.47846534
v 0.04497798 3.80431372 -0.47651051
v 0.07755048 3.80270825 -0.47362963
v 0.10727529 3.80096548 -0.46962643
v 0.13448423 3.8001493 -0.46414765
v 0.16598114 3.80182033 -0.45518342
v 0.73669401 3.79861191 -0.45913335
v -0.73528537 3.76668601 -0.45819928
v -0.16797719 3.77337099 -0.46071588
v -0.13493537 3.77142593 -0.46959196
v -0.11013534 3.77274785 -0.47458987
v -0.08088824 3.77297088 -0.4792554
v 0.07669926 3.77316281 -0.47956094
v 0.10795326 3.77128528 -0.47525128
v 0.13897362 3.76704689 -0.4695167
v 0.17289405 3.76788969 -0.46026545
v 0.73907126 3.76542839 -0.45950201
v -0.7374398 3.73712348 -0.45856314
v -0.20296634 3.74060313 -0.45667223
v -0.16680636 3.7393025 -0.46755759
v -0.13714487 3.73992059 -0.47464625
v -0.11076269 3.74180317 -0.4795006
v 0.11152106 3.74186733 -0.47967435
v 0.14188849 3.73729664 -0.47422555
v 0.17248858 3.73623179 -0.46656896
v 0.20133667 3.74103083 -0.45684114
v 0.74147883 3.73829046 -0.45960162
v -0.73945553 3.71086408 -0.45920634
v -0.20297334 3.71015185 -0.46232896
v -0.16939691 3.71010814 -0.47191821
v -0.13910592 3.71087445 -0.47869811
v 0.13891308 3.70736693 -0.47941521
v 0.16773188 3.70698994 -0.47276291
v 0.19888941 3.71234515 -0.46292043
v 0.74168701 3.7114351 -0.46264438
v -0.74271411 3.67901537 -0.45947889
v -0.23217453 3.67892851 -0.4580602
v -0.20135971 3.67927749 -0.46803304
v -0.17018434 3.6800686 -0.47621775
v 0.16858314 3.6795637 -0.47655538
v 0.20009088 3.68111747 -0.46797287
v 0.23172093 3.67952111 -0.45833811
v 0.74165612 3.68239779 -0.46642984
v -0.74229964 3.64607225 -0.46466572
v -0.25979457 3.64820461 -0.45288851
v -0.22993192 3.64633058 -0.4635905
v -0.20090553 3.6463897 -0.47233422
v -0.17049757 3.64785564 -0.47982421
v 0.16919071 3.65127126 -0.47955874
v 0.19809014 3.65076706 -0.47253112
v 0.22712963 3.64805205 -0.46444857
v 0.25710347 3.64678645 -0.45425453
v 0.74723772 3.65020305 -0.46484924
v -0.74507776 3.61736388 -0.46584103
v -0.25767074 3.61799023 -0.45807215
v -0.22693357 3.61841065 -0.46818073
v -0.19784543 3.6190485 -0.47617643
v 0.19917774 3.62091693 -0.47518442
v 0.23014794 3.61992955 -0.4667274
v 0.26005995 3.61892326 -0.45695728
v 0.74886127 3.61772041 -0.4676324
v -0.74905123 3.58992867 -0.46544099
v -0.25857538 3.59033886 -0.46092669
v -0.2287662 3.59147782 -0.47060806
v -0.20188692 3.5915389 -0.47769199
v 0.20351403 3.58582617 -0.47719757
v 0.23196972 3.58836677 -0.46925483
v 0.26125465 3.58996005 -0.45958407
v 0.75406147 3.58645267 -0.46648038
v -0.75485783 3.55713027 -0.46392959
v -0.26149501 3.55549986 -0.4634143
v -0.23080493 3.55785343 -0.47305759
v -0.20528396 3.56109743 -0.47940218
v 0.2059504 3.55261463 -0.47943861
v 0.2308877 3.55566391 -0.47248437
v 0.26132508 3.55872957 -0.46250148
v 0.76212665 3.55017939 -0.46247612
v -0.76219572 3.52206711 -0.46082856
v -0.26149886 3.52569427 -0.46553668
v -0.22734479 3.52559347 -0.47614462
v 0.23037729 3.52417356 -0.4746844
v 0.2614734 3.52697206 -0.46488825
v 0.76831521 3.52052692 -0.45900254
v -0.76711769 3.49532635 -0.45847744
v -0.29337738 3.49718434 -0.45553253
v -0.25901371 3.49536838 -0.46787231
v -0.22630686 3.49434422 -0.47754836
v 0.22869093 3.4946691 -0.47659688
v 0.25605809 3.49749983 -0.46857128
v 0.2887738 3.49867794 -0.45683694
v 0.77057779 3.49542455 -0.45973877
v -0.76922932 3.4684263 -0.45909269
v -0.2905739 3.4669881 -0.45750098
v -0.25809873 3.46702452 -0.46902388
v -0.22797204 3.46818057 -0.47779048
v 0.22849289 3.46403864 -0.47729567
v 0.25620305 3.46528134 -0.46921469
v 0.28921454 3.46533654 -0.45764034
v 0.77136862 3.46661713 -0.46240258
v -0.77001111 3.43484883 -0.46111648
v -0.28986219 3.43383176 -0.45826758
v -0.25849221 3.43528501 -0.46941166
v -0.23075542 3.43774611 -0.47748175
v 0.22974057 3.43203141 -0.47709362
v 0.25863693 3.43278694 -0.46857846
v 0.29262031 3.43418612 -0.4567525
v 0.77223699 3.4347313 -0.46419504
v -0.77163108 3.40094593 -0.46173496
v -0.29047373 3.4012023 -0.45817687
v -0.25930258 3.40289757 -0.46920811
v -0.23142626 3.4041671 -0.47734396
v 0.23214235 3.40173319 -0.47625453
v 0.26118975 3.40064242 -0.46756978
v 0.29488002 3.40071142 -0.45592168
v 0.77281494 3.40200294 -0.46516483
v -0.77096031 3.37249232 -0.46377265
v -0.28832631 3.37521524 -0.45877703
v -0.25602107 3.37543428 -0.46983474
v -0.22874848 3.37393528 -0.47748532
v 0.2306929 3.37574382 -0.47613583
v 0.26113033 3.37504279 -0.46718572
v 0.29462418 3.37269867 -0.45553463
v 0.7735332 3.37540906 -0.46495396
v -0.77071501 3.34311268 -0.46438791
v -0.29218504 3.34267265 -0.45578361
v -0.25623727 3.34321222 -0.46838947
v -0.22865302 3.3422467 -0.47617373
v 0.22949181 3.3435102 -0.47518176
v 0.26103934 3.34574714 -0.46611271
v 0.29392739 3.34389216 -0.45443017
v 0.77367112 3.34720692 -0.46475404
v -0.77208807 3.31092607 -0.46211475
v -0.26138423 3.30812546 -0.4640119
v -0.23198467 3.3092301 -0.47265367
v -0.20405795 3.31198216 -0.47920584
v 0.20217455 3.30725029 -0.47924209
v 0.22960334 3.31111183 -0.4729313
v 0.26009005 3.31651229 -0.46449529
v 0.29271973 3.31342393 -0.45270229
v 0.77307797 3.3132575 -0.46500943
v -0.77192899 3.28069705 -0.46156131
v -0.26108354 3.28100897 -0.46147607
v -0.23110639 3.28086089 -0.47012141
v -0.20152311 3.28041161 -0.47674923
v 0.202902 3.279092 -0.47653065
v 0.23168578 3.28185695 -0.46983737
v 0.26275007 3.28433913 -0.46090466
v 0.77312525 3.28057776 -0.46437492
v -0.77200289 3.25394886 -0.46048834
v -0.25883026 3.25355835 -0.45907823
v -0.22897942 3.25368121 -0.46763069
v -0.19938443 3.25255752 -0.47423799
v -0.16727262 3.25088109 -0.47970951
v 0.17179015 3.25106027 -0.47898439
v 0.20241311 3.25083311 -0.4736013
v 0.23041294 3.25091072 -0.46694959
v 0.25986602 3.2516916 -0.45859434
v 0.77223699 3.25271639 -0.46457931
v -0.77236076 3.22061656 -0.4582474
v -0.26010301 3.22027704 -0.45461282
v -0.23010229 3.22152647 -0.46343037
v -0.20133688 3.22023677 -0.47004156
v -0.17121958 3.21932336 -0.47534445
v -0.14062653 3.22174592 -0.47978783
v 0.13583704 3.21634784 -0.47953342
v 0.17088143 3.22145929 -0.47545663
v 0.2019466 3.2229992 -0.47030504
v 0.23042165 3.22124705 -0.46339808
v 0.26170179 3.22214883 -0.45443112
v 0.77189698 3.21996029 -0.46340242
v -0.77059327 3.1877874 -0.45804924
v -0.22968034 3.18817995 -0.45860145
v -0.19885941 3.18785157 -0.46583616
v -0.16883838 3.18930462 -0.47152574
v -0.13864158 3.19026152 -0.47584489
v -0.11069591 3.18651655 -0.47803403
v -0.07873076 3.18391263 -0.48007306
v 0.08104538 3.18102593 -0.47952462
v 0.11092655 3.18216433 -0.47750812
v 0.14050601 3.18475578 -0.47468541
v 0.17247594 3.19033697 -0.47088103
v 0.20297303 3.19042228 -0.46547735
v 0.23264598 3.18778502 -0.45799212
v 0.77122908 3.18756213 -0.46209353
v -0.7680573 3.16181498 -0.45910936
v -0.22990115 3.15921093 -0.45384462
v -0.19741956 3.15941196 -0.46135019
v -0.1669896 3.16158285 -0.46719482
v -0.13829164 3.16120677 -0.47103983
v -0.1104016 3.15938191 -0.4735647
v -0.07847214 3.15811995 -0.47594222
v -0.04518156 3.15898047 -0.47802135
v -0.01300969 3.15768258 -0.47877194
v 0.01375082 3.15872907 -0.47883715
v 0.04450842 3.15689567 -0.47765655
v 0.07689647 3.1552626 -0.47574343
v 0.10707931 3.15484498 -0.47335732
v 0.13922229 3.1569695 -0.47017202
v 0.17074016 3.16002564 -0.46613796
v 0.20274884 3.15907244 -0.46036831
v 0.23234359 3.15712115 -0.45331933
v 0.7713579 3.15923145 -0.45977803
v -0.76612141 3.13272422 -0.46032422
v -0.19818054 3.12897602 -0.45543373
v -0.16459109 3.13049583 -0.46196667
v -0.13729891 3.12988509 -0.46566339
v -0.10934597 3.13101235 -0.46868209
v -0.07756411 3.13178679 -0.47141059
v -0.04515605 3.13110348 -0.4732255
v -0.01277767 3.12916207 -0.47388443
v 0.01439268 3.13090966 -0.47410928
v 0.04386422 3.13082119 -0.4732007
v 0.07431191 3.13105711 -0.47169589
v 0.10545307 3.1291199 -0.46902003
v 0.13672056 3.13142346 -0.46606028
v 0.16675053 3.13199153 -0.46176844
v 0.20214551 3.12883544 -0.45480695
v 0.77048189 3.13228104 -0.45880123
v -0.76736236 3.09902495 -0.45775039
v -0.16567927 3.09749226 -0.45547369
v -0.13718588 3.09866638 -0.45994043
v -0.10865198 3.09994116 -0.46324524
v -0.07780093 3.09961138 -0.46574661
v -0.04603036 3.09898439 -0.46754148
v -0.01353378 3.09685574 -0.46813324
v 0.01478607 3.09756805 -0.46813884
v 0.04507905 3.09713418 -0.46705522
v 0.07688781 3.09848328 -0.46553615
v 0.1103414 3.0969868 -0.46263478
v 0.13958441 3.09954189 -0.45977428
v 0.16916017 3.0984063 -0.45498386
v 0.76906163 3.09872697 -0.45886318
v -0.76895221 3.06779699 -0.45577356
v -0.13797395 3.06618417 -0.4537076
v -0.10841132 3.06721546 -0.45725533
v -0.07835813 3.06654266 -0.45966417
v -0.04667319 3.0660985 -0.46147207
v -0.01357689 3.06474239 -0.46221898
v 0.0147693 3.06515595 -0.46215713
v 0.04532096 3.06548636 -0.4611596
v 0.07863919 3.0672902 -0.45957304
v 0.11412878 3.06543382 -0.45631338
v 0.14273874 3.06637133 -0.45301638
v 0.76971187 3.06420892 -0.45746855
v -0.77005209 3.03871001 -0.45446124
v -0.10660572 3.03667067 -0.45172185
v -0.07721285 3.03684971 -0.45425544
v -0.04718528 3.03699905 -0.45605557
v -0.01367994 3.03903153 -0.45743087
v 0.01452488 3.03839053 -0.45718325
v 0.04505996 3.03487005 -0.45541885
v 0.07934591 3.03427017 -0.45326631
v 0.7703107 3.03614371 -0.45631614
v -0.76901301 3.01132818 -0.45452512
v -0.01434846 3.00849101 -0.45172269
v 0.01479683 3.00834643 -0.45156515
v 0.76996348 3.00832689 -0.45540946
v -0.77148482 2.97972541 -0.4492866
v -0.74473523 2.97665799 -0.46972729
v 0.76998204 2.97607226 -0.45212287
v -0.74506116 2.9426835 -0.46277887
v 0.74570776 2.9442779 -0.46677258
v -0.74202681 2.91573911 -0.45986919
v 0.74446345 2.91665837 -0.46207763
v -0.7399156 2.88521435 -0.4558939
v 0.74175026 2.8860912 -0.45871139
v -0.73315203 2.85271473 -0.45795832
v 0.73699199 2.85404447 -0.45813533
v -0.72637697 2.82409858 -0.46153168
v 0.73321374 2.82506322 -0.45924343
v -0.71710936 2.79537885 -0.46310893
v 0.72495011 2.79651851 -0.4617606
v -0.70675813 2.76289303 -0.46160187
v 0.71381261 2.76600489 -0.46132424
v -0.69109905 2.73179491 -0.4658231
v 0.7042733 2.73576698 -0.45869598
v -0.68504841 2.70472675 -0.4630338
v 0.68967731 2.70418865 -0.4642745
v -0.68372901 2.67330504 -0.46034646
v 0.68635772 2.67261897 -0.46101642
v -0.68289475 2.63954997 -0.46284184
v 0.68609127 2.6411698 -0.46178795
v -0.68539178 2.60930192 -0.46447729
v 0.68747651 2.60977597 -0.46417136
v -0.68956558 2.58051665 -0.46444272
v 0.69087994 2.58161106 -0.46561002
v -0.69579022 2.54965236 -0.46272836
v 0.69689667 2.5500129 -0.46478147
v -0.70280855 2.51504534 -0.46443043
v 0.70411737 2.51480694 -0.46669455
v -0.70972223 2.48327311 -0.46337987
v 0.71099106 2.4834539 -0.46390851
v -0.7175812 2.45439686 -0.46381542
v 0.71786657 2.45692396 -0.46290803
v -0.72650487 2.42535144 -0.46481344
v 0.72622735 2.42902691 -0.46243427
v -0.73647644 2.39698359 -0.46445088
v 0.73617209 2.40002506 -0.46414429
v -0.74961133 2.36885035 -0.46242446
v 0.74896017 2.37117878 -0.46166803
v -0.75899444 2.34059219 -0.46385731
v 0.76024127 2.33880567 -0.46470928
v -0.77149372 2.31002793 -0.46509468
v 0.77553612 2.306373 -0.46440132
v -0.79023479 2.27451139 -0.46317001
v 0.79129915 2.27277617 -0.4629965
v -0.80537603 2.24308129 -0.45875563
v -0.78001371 2.24073829 -0.47670528
v -0.45054272 2.23442696 -0.46659228
v -0.4254726 2.2435309 -0.46371136
v -0.38759662 2.24536435 -0.46743767
v 0.34699872 2.24937929 -0.46823474
v 0.39100061 2.2517236 -0.4601193
v 0.41946767 2.24436443 -0.46114573
v 0.44715316 2.23647123 -0.46839549
v 0.79964648 2.24123259 -0.46078779
v -0.8071735 2.21484511 -0.45223596
v -0.77777558 2.21539816 -0.47063741
v -0.55877606 2.20250942 -0.46425272
v -0.52982028 2.2098018 -0.46425559
v -0.50023639 2.21893187 -0.46552904
v -0.473526 2.2268747 -0.46706951
v -0.35321333 2.21255914 -0.46410187
v 0.30759683 2.22170824 -0.46099607
v 0.48186093 2.22459311 -0.46766946
v 0.51085345 2.21399297 -0.4644864
v 0.53838476 2.20559519 -0.46195718
v 0.77889633 2.21607895 -0.47126044
v 0.80250327 2.21463227 -0.45610635
v -0.77865607 2.1953883 -0.45389302
v -0.7499886 2.19404813 -0.45984153
v -0.72160223 2.19064634 -0.46061554
v -0.68963164 2.18823057 -0.45859459
v -0.65567935 2.18931554 -0.45888658
v -0.62140997 2.19073071 -0.45620631
v -0.58760702 2.19568398 -0.45757916
v -0.35634488 2.18160405 -0.46371213
v 0.28720668 2.18457327 -0.46471146
v 0.57123703 2.19718444 -0.46012175
v 0.59596199 2.19245667 -0.45895925
v 0.62322796 2.1903208 -0.46114124
v 0.65570254 2.19067697 -0.46703386
v 0.689273 2.18933904 -0.46568465
v 0.72176999 2.18993222 -0.46222028
v 0.75252976 2.19334006 -0.45965891
v 0.78473977 2.19607255 -0.45299061
v -0.37152194 2.14845758 -0.46668219
v -0.07647949 2.14629737 -0.46200622
v -0.04192889 2.15521716 -0.46557107
v 0.2724319 2.15318307 -0.46502548
v -0.38495522 2.12000678 -0.46652399
v -0.10804736 2.12311751 -0.46411816
v -0.02524237 2.1244935 -0.46507605
v 0.2548488 2.1229776 -0.467454
v -0.40200229 2.08866141 -0.46130389
v -0.14019548 2.09772843 -0.47038776
v -0.02328171 2.09237147 -0.46507682
v 0.2313785 2.09272552 -0.463286
v -0.41730897 2.05802153 -0.45887243
v -0.20343129 2.0624768 -0.46967805
v -0.17382704 2.07858785 -0.47152991
v -0.02190432 2.06080648 -0.46447995
v 0.19598028 2.05174426 -0.46548533
v 0.21427088 2.07198072 -0.46130407
v -0.42907444 2.02542171 -0.46098133
v -0.29112198 2.02347346 -0.46647488
v -0.25991178 2.03686997 -0.467101
v -0.23292123 2.04897006 -0.47028774
v -0.01899146 2.02966952 -0.46563061
v 0.17582848 2.02990221 -0.466547
v -0.42552342 2.00625205 -0.46181972
v -0.40620544 1.99624167 -0.46417434
v -0.3794291 1.99654872 -0.46360584
v -0.35276735 2.00154547 -0.46452891
v -0.3281539 2.01108097 -0.46106055
v -0.01334118 1.9962098 -0.46519009
v 0.15413322 2.00700148 -0.46525579
v -0.01058596 1.96742956 -0.46343555
v 0.12628185 1.98010122 -0.46521488
v -0.01070188 1.93683861 -0.45940857
v 0.01607956 1.93904462 -0.47513403
v 0.07468009 1.94134422 -0.46897877
v 0.102222 1.95622768 -0.46479639
v -0.01061922 1.9046556 -0.45098909
v 0.01547226 1.90665295 -0.46035266
v 0.04128879 1.91220534 -0.46048683
v -0.13035664 4.57915953 -0.49060886
v -0.10572977 4.58551557 -0.4890368
v -0.07907863 4.58881883 -0.49001745
v -0.04529508 4.58873352 -0.49442994
v -0.01209434 4.58917985 -0.4966756
v 0.01435498 4.58920927 -0.49686196
v 0.04513462 4.58991366 -0.49416156
v 0.078149 4.5883449 -0.49208432
v 0.10774253 4.5862547 -0.48965776
v 0.13464322 4.58069131 -0.49013145
v -0.25656698 4.5481539 -0.48595558
v -0.22932902 4.55656469 -0.48862874
v -0.20214947 4.55993926 -0.49298432
v -0.16526424 4.56971611 -0.49223296
v 0.16788154 4.57063932 -0.49289161
v 0.20081962 4.56108271 -0.4945099
v 0.22765296 4.55940172 -0.48867991
v 0.25415138 4.55143363 -0.48605718
v -0.34670491 4.52472284 -0.47888503
v -0.32166309 4.52247112 -0.48287899
v -0.28881678 4.52831064 -0.48948608
v 0.29145365 4.52872349 -0.48973334
v 0.34392759 4.52260659 -0.48338031
v 0.37802627 4.51988009 -0.48117769
v -0.41183902 4.49957859 -0.48341758
v -0.38016599 4.49990052 -0.49359642
v -0.34780562 4.50099914 -0.49727279
v -0.31972311 4.49899286 -0.50299322
v 0.319059 4.50976394 -0.49687975
v 0.34824912 4.49925007 -0.50159176
v 0.38092081 4.50033789 -0.49619838
v 0.40958359 4.50170647 -0.48585237
v -0.46995281 4.45970168 -0.48479869
v -0.44022837 4.46876447 -0.49376572
v 0.44342429 4.46689212 -0.49738332
v 0.46899583 4.46570847 -0.48391974
v -0.49351793 4.43414583 -0.48899852
v -0.46931335 4.43611848 -0.50222926
v 0.4982788 4.4338089 -0.48921219
v -0.53090349 4.4047884 -0.48459097
v 0.53485566 4.40302 -0.48718385
v -0.55718429 4.37789872 -0.48370918
v -0.53468727 4.3803666 -0.49817776
v 0.53393928 4.38170394 -0.50228873
v 0.55948074 4.3732025 -0.48926242
v -0.5638948 4.34978812 -0.49518228
v 0.5810131 4.34247804 -0.49162551
v -0.59458977 4.3199279 -0.4878576
v 0.59770804 4.31611595 -0.49317761
v -0.61382944 4.28721635 -0.48939698
v 0.62003593 4.28816674 -0.48967821
v -0.62524979 4.26041563 -0.49337143
v 0.63873337 4.25625247 -0.48986492
v -0.64547004 4.22900303 -0.4891045
v 0.65149182 4.22507341 -0.49128873
v -0.65458368 4.19561091 -0.49256722
v 0.66116079 4.19116028 -0.4932838
v -0.65953178 4.17001317 -0.49429997
v 0.65774244 4.16733094 -0.50225136
v 0.67818579 4.16368599 -0.48530814
v -0.67397136 4.13954732 -0.48703132
v 0.68171054 4.13253732 -0.48884095
v -0.67985255 4.10554411 -0.4881982
v 0.6833226 4.10258085 -0.49265905
v -0.68374841 4.07535257 -0.48966354
v 0.68525189 4.07456006 -0.4947765
v -0.68385951 4.04655719 -0.49310406
v 0.69004337 4.04382845 -0.49372411
v -0.68425114 4.01500702 -0.49516203
v 0.68709461 4.0165671 -0.49887125
v 0.70370746 4.01510172 -0.48417149
v -0.68667321 3.98253041 -0.49518998
v 0.70347869 3.98208029 -0.48666109
v -0.68760953 3.95444209 -0.49585326
v 0.70389764 3.95330355 -0.4878411
v -0.70864211 3.91820173 -0.47772453
v -0.68488681 3.92377381 -0.49963228
v 0.7041014 3.92655172 -0.48863991
v -0.70216664 3.89270892 -0.48525662
v 0.70435329 3.89290253 -0.48910642
v -0.70310492 3.86549744 -0.48524177
v 0.70730849 3.85867601 -0.48692457
v -0.70273899 3.83620404 -0.48730678
v 0.70739472 3.82946274 -0.48871977
v -0.70533387 3.80589873 -0.48673002
v 0.70930882 3.79968573 -0.48918298
v -0.70688716 3.77342647 -0.48776212
v -0.04390111 3.77118917 -0.4836163
v -0.01292096 3.77092832 -0.48524909
v 0.01319038 3.76839361 -0.48537101
v 0.04493038 3.77030014 -0.48308314
v 0.71102741 3.76596425 -0.49054602
v -0.70850762 3.73966744 -0.48946415
v -0.07867462 3.74165089 -0.48460182
v -0.04217824 3.74045869 -0.4887052
v -0.01213945 3.7412166 -0.4899576
v 0.01340165 3.73937409 -0.48995693
v 0.04681834 3.73969112 -0.4879731
v 0.07964624 3.74192477 -0.48443809
v 0.71261916 3.73908311 -0.49174498
v -0.71003282 3.71053136 -0.49113757
v -0.11025411 3.71213109 -0.4839956
v -0.07820913 3.71227567 -0.48901778
v -0.04378641 3.71119709 -0.49263461
v -0.01200423 3.71031828 -0.49400174
v 0.01499975 3.71012551 -0.49385832
v 0.0476236 3.71110056 -0.49207963
v 0.07955898 3.71137963 -0.48893222
v 0.11029704 3.71092222 -0.48437252
v 0.71300855 3.71135749 -0.49440087
v -0.71241847 3.67945709 -0.49226718
v -0.13713589 3.67859299 -0.48337548
v -0.10850849 3.67894547 -0.48837626
v -0.07924075 3.68074665 -0.49238447
v -0.04631394 3.68030451 -0.49545784
v -0.01296209 3.67774571 -0.49706639
v 0.01532017 3.67785456 -0.49699554
v 0.04772268 3.67951354 -0.49534444
v 0.07902878 3.67850361 -0.49255573
v 0.10817165 3.67732711 -0.48864776
v 0.13646701 3.67663673 -0.4837262
v 0.71550767 3.6804425 -0.49567723
v -0.71411213 3.64697389 -0.49513843
v -0.13664801 3.64610447 -0.48693571
v -0.10744267 3.64556904 -0.49183268
v -0.07858603 3.64741435 -0.49541616
v -0.04630367 3.64810963 -0.49796152
v -0.01299601 3.64736559 -0.49927777
v 0.01631571 3.64728518 -0.49923063
v 0.04932692 3.6480302 -0.49777106
v 0.07953782 3.64617606 -0.4952595
v 0.10822156 3.64528367 -0.49162068
v 0.13672678 3.64636365 -0.48668564
v 0.72679052 3.64898213 -0.48834361
v -0.71872548 3.61819225 -0.49461686
v -0.16619208 3.61881188 -0.48368467
v -0.13660891 3.61793826 -0.48957672
v -0.10822473 3.61656464 -0.4941348
v -0.07930478 3.61659602 -0.49768239
v -0.04650248 3.61724354 -0.49999421
v -0.0133755 3.61897369 -0.50105493
v 0.01708842 3.618654 -0.50108914
v 0.04969516 3.61843237 -0.49987047
v 0.07799679 3.61665738 -0.49756821
v 0.10767976 3.61725446 -0.4938985
v 0.13620131 3.61837745 -0.48928455
v 0.16662644 3.62102438 -0.48291678
v 0.72876493 3.6182679 -0.49050564
v -0.72493463 3.59019709 -0.49226714
v -0.16617086 3.58870089 -0.48611413
v -0.13678898 3.58852017 -0.49182249
v -0.10764101 3.58736902 -0.4963322
v -0.07933831 3.58710088 -0.49965711
v -0.0472746 3.58797184 -0.5016878
v -0.015115 3.59013209 -0.50260443
v 0.01721774 3.5896503 -0.50276249
v 0.04892234 3.58860899 -0.50183237
v 0.0757054 3.58623693 -0.49973199
v 0.10650793 3.58744817 -0.49608697
v 0.13641845 3.58767653 -0.49157627
v 0.16760923 3.58566366 -0.48557169
v 0.73292101 3.58800659 -0.49045507
v -0.73216114 3.55626042 -0.48944447
v -0.1696299 3.55807127 -0.4876407
v -0.13859564 3.55689015 -0.49358742
v -0.10757595 3.5559602 -0.49810386
v -0.07823712 3.55582852 -0.50119565
v -0.04643081 3.55720872 -0.50301683
v -0.01455941 3.55879528 -0.50387784
v 0.0185499 3.55830495 -0.50404386
v 0.04877569 3.55603782 -0.50325201
v 0.07527753 3.55399679 -0.50130709
v 0.10575439 3.55678788 -0.49793259
v 0.13668874 3.55823322 -0.4934248
v 0.17051442 3.55414151 -0.48735035
v 0.73760735 3.55342031 -0.49032779
v -0.7391032 3.52334504 -0.48688009
v -0.20084998 3.52763386 -0.48255005
v -0.1694612 3.52455559 -0.48923794
v -0.13802652 3.52326442 -0.49471794
v -0.10660883 3.52315024 -0.49888229
v -0.07704552 3.5235086 -0.50178135
v -0.04597836 3.52584991 -0.50354551
v -0.01420917 3.52730044 -0.50444078
v 0.01781963 3.52661679 -0.50452185
v 0.0471257 3.52271791 -0.50366599
v 0.07526553 3.52063206 -0.50175245
v 0.10513434 3.52338371 -0.49889286
v 0.13466869 3.52655318 -0.49491379
v 0.16923423 3.5256776 -0.48904625
v 0.20368155 3.52394632 -0.4817195
v 0.74014129 3.52155822 -0.4916583
v -0.74145789 3.49852258 -0.48746425
v -0.19697556 3.49475028 -0.48441322
v -0.16592321 3.49480296 -0.49047496
v -0.13431074 3.49625615 -0.49558252
v -0.10565076 3.49692888 -0.4991458
v -0.07857701 3.49637817 -0.50163169
v -0.04699562 3.49577759 -0.50331411
v -0.01313148 3.4947727 -0.50420079
v 0.01898338 3.49501184 -0.50420423
v 0.04797987 3.49434913 -0.50338006
v 0.07649348 3.49410886 -0.50155856
v 0.10520493 3.49380276 -0.49904606
v 0.13336552 3.49382973 -0.49548509
v 0.16798132 3.49494207 -0.48993805
v 0.20133318 3.49497359 -0.48327346
v 0.74264112 3.4940681 -0.49255538
v -0.74213636 3.46998386 -0.48967643
v -0.19745089 3.46688975 -0.48493605
v -0.16694771 3.46731024 -0.49073375
v -0.13616478 3.46950824 -0.49550404
v -0.10730158 3.47092339 -0.49893006
v -0.07908354 3.47135789 -0.50141843
v -0.04551139 3.46999801 -0.50310449
v -0.0116957 3.46840248 -0.5038845
v 0.01861213 3.46850398 -0.50382762
v 0.04705218 3.46815438 -0.50305805
v 0.07750633 3.46646625 -0.50125673
v 0.10727482 3.46356365 -0.49877105
v 0.13489685 3.46352247 -0.49545539
v 0.16755023 3.46690376 -0.49047521
v 0.19988957 3.4667194 -0.48420413
v 0.74465734 3.46559151 -0.49350809
v -0.74177541 3.43632598 -0.49264771
v -0.2005012 3.43524978 -0.4845619
v -0.16890741 3.43406179 -0.49050715
v -0.13784477 3.43557396 -0.49521681
v -0.10807241 3.43685728 -0.49855587
v -0.07735021 3.43756987 -0.50106088
v -0.04229289 3.43620473 -0.50266635
v -0.01147313 3.4351064 -0.50327078
v 0.01459652 3.4354504 -0.50323156
v 0.04224614 3.43439423 -0.50251428
v 0.07661898 3.43265119 -0.50074269
v 0.10776337 3.43141584 -0.49843161
v 0.13423889 3.43259879 -0.49546828
v 0.16637112 3.43607689 -0.49076072
v 0.20005609 3.43584238 -0.48429491
v 0.74646084 3.43459484 -0.49369946
v -0.74484549 3.40312193 -0.49148234
v -0.2008767 3.40212825 -0.48449679
v -0.16686893 3.40028161 -0.49072013
v -0.13576162 3.40140747 -0.49530349
v -0.10792353 3.40236816 -0.49819443
v -0.07690458 3.40322182 -0.50049501
v -0.04109227 3.40206136 -0.50191244
v -0.01119712 3.40149902 -0.50238778
v 0.01350757 3.40290563 -0.50247772
v 0.04126904 3.40112924 -0.501808
v 0.07723032 3.39967234 -0.50010334
v 0.10845579 3.40006867 -0.49796565
v 0.13470397 3.40109856 -0.49510985
v 0.16849119 3.40355237 -0.49020539
v 0.20311028 3.40423309 -0.4834899
v 0.74749802 3.40261557 -0.49368079
v -0.74610213 3.37362967 -0.49117203
v -0.20049824 3.37351815 -0.48398005
v -0.16634758 3.37082065 -0.48997696
v -0.13595514 3.37141325 -0.4943345
v -0.10938192 3.37237121 -0.49699845
v -0.07881425 3.37204724 -0.49910111
v -0.04308702 3.36908931 -0.50025261
v -0.01189885 3.37083109 -0.50085116
v 0.01386686 3.37640849 -0.50130597
v 0.04222993 3.37505946 -0.50072501
v 0.07689338 3.37407404 -0.49921837
v 0.10780995 3.37471651 -0.49721763
v 0.13461177 3.37531499 -0.49443926
v 0.16798079 3.37595718 -0.48973583
v 0.20174493 3.3753615 -0.48325745
v 0.7477698 3.3757214 -0.49362896
v -0.74635275 3.34137594 -0.4912038
v -0.20202183 3.34439636 -0.48229473
v -0.16683987 3.34053174 -0.48824411
v -0.13679959 3.33944931 -0.49231337
v -0.10957684 3.34013584 -0.49489347
v -0.07869687 3.34003889 -0.49696129
v -0.04422795 3.33789588 -0.49808375
v -0.01237135 3.34261976 -0.49891864
v 0.01392199 3.34791411 -0.49937065
v 0.04221913 3.34379305 -0.49855741
v 0.07430204 3.34514208 -0.49741841
v 0.10452395 3.34686943 -0.49566483
v 0.13403059 3.34714822 -0.49284398
v 0.16758521 3.34626591 -0.48838193
v 0.20093013 3.34243036 -0.48208539
v 0.7474665 3.34651667 -0.4937798
v -0.7469394 3.30814367 -0.49028293
v -0.16691242 3.30925419 -0.48559694
v -0.13635493 3.30933482 -0.48982479
v -0.10705454 3.31016368 -0.49254547
v -0.07557021 3.30985176 -0.4945756
v -0.04382302 3.30815698 -0.4956518
v -0.01252394 3.31322332 -0.49657761
v 0.01452746 3.31667004 -0.49687524
v 0.04473598 3.31181132 -0.49582853
v 0.07730053 3.31587431 -0.49488094
v 0.1054841 3.31729009 -0.49327098
v 0.13554556 3.3145533 -0.49015888
v 0.16909657 3.31107737 -0.48546144
v 0.74682207 3.31257525 -0.49426137
v -0.7464165 3.27882393 -0.49047941
v -0.16601602 3.2780883 -0.48281034
v -0.13591772 3.28033792 -0.48708593
v -0.1046998 3.28114997 -0.48995294
v -0.07280636 3.28066111 -0.49199063
v -0.04311528 3.2798899 -0.49311593
v -0.01264766 3.28328647 -0.49392774
v 0.01401013 3.28532749 -0.49406072
v 0.04453335 3.28172603 -0.49299206
v 0.07817744 3.28512967 -0.49188777
v 0.10556445 3.28608707 -0.49028125
v 0.13623262 3.28329081 -0.48709335
v 0.17047295 3.28054126 -0.48240505
v 0.7469934 3.27965678 -0.49371116
v -0.74582845 3.25206103 -0.49061446
v -0.13738732 3.25380421 -0.48397753
v -0.10633636 3.25394094 -0.48683607
v -0.07479049 3.25313814 -0.48892017
v -0.04428796 3.25332355 -0.49036569
v -0.01271627 3.25398507 -0.491065
v 0.01436493 3.25490815 -0.49105673
v 0.04443162 3.25301514 -0.49007356
v 0.07753692 3.25446349 -0.48876726
v 0.10494242 3.25400146 -0.48697133
v 0.13650342 3.25116569 -0.48357336
v 0.74580401 3.25257699 -0.49439597
v -0.74554245 3.22049181 -0.48992135
v -0.11066778 3.22075581 -0.48250515
v -0.07849582 3.2195169 -0.48468094
v -0.04549021 3.22339328 -0.48690661
v -0.01300036 3.22545294 -0.48794463
v 0.01377282 3.2259364 -0.48792214
v 0.04343003 3.22110345 -0.4865563
v 0.07677473 3.2181479 -0.48462616
v 0.10516742 3.21717229 -0.48268002
v 0.74468221 3.21938689 -0.49465742
v -0.74337395 3.18912263 -0.49086004
v -0.04485377 3.18915472 -0.4827087
v -0.01283882 3.19165293 -0.48393116
v 0.01369031 3.1919168 -0.48384602
v 0.04544404 3.18556972 -0.48202838
v 0.74430893 3.1880084 -0.49396353
v -0.74136346 3.16255293 -0.49117007
v 0.74437155 3.16056423 -0.49238286
v -0.74195438 3.13342539 -0.48877034
v 0.74337696 3.13222843 -0.49170834
v -0.74144164 3.09959506 -0.48722493
v 0.74200916 3.0988899 -0.49084631
v -0.73969117 3.06558975 -0.48653669
v 0.74194927 3.06550681 -0.48816654
v -0.73833583 3.03635056 -0.48485343
v 0.73950001 3.03790209 -0.48770108
v -0.73552955 3.00436119 -0.48305922
v 0.73749646 3.01007911 -0.48612166
v -0.7226986 2.97435443 -0.49097142
v 0.71473926 2.97736567 -0.50529216
v 0.74026282 2.97731559 -0.47815378
v -0.71562129 2.94216768 -0.49361799
v 0.71903453 2.94441576 -0.49709224
v -0.71388455 2.91568265 -0.4922745
v 0.71890851 2.91718495 -0.49388305
v -0.71437649 2.88568328 -0.48759804
v 0.71724588 2.88663805 -0.49057194
v -0.71277725 2.85246015 -0.4838511
v -0.68791906 2.8526221 -0.50398775
v 0.71423163 2.85513285 -0.48771698
v -0.70533703 2.82309785 -0.48307785
v -0.68607866 2.82272685 -0.49741271
v 0.6863192 2.8256533 -0.50296387
v 0.71302942 2.82545181 -0.48281066
v -0.68739554 2.79770468 -0.48951101
v 0.68373896 2.79603512 -0.49646042
v 0.70331688 2.79702383 -0.48200691
v -0.67648919 2.76230699 -0.48949981
v 0.68382049 2.76929408 -0.48962988
v -0.66803868 2.73380192 -0.49242615
v 0.67521868 2.7337746 -0.49020511
v -0.66863982 2.70635687 -0.48758336
v 0.66894382 2.70236141 -0.49409123
v -0.67123057 2.67406154 -0.48397119
v 0.67238396 2.67173781 -0.48790372
v -0.67301557 2.64138169 -0.48578299
v 0.67432229 2.64173103 -0.48919265
v -0.67590381 2.60985444 -0.48941722
v 0.67767403 2.61083023 -0.49106199
v -0.67806083 2.57950626 -0.4934599
v 0.67999061 2.58190581 -0.4941881
v -0.68275606 2.55159172 -0.49348606
v 0.68504806 2.55255747 -0.4940202
v -0.6914717 2.51985134 -0.49210912
v 0.6945775 2.51764203 -0.49215363
v -0.7008658 2.48130854 -0.49066482
v 0.7026335 2.48178833 -0.49075277
v -0.7073155 2.4484152 -0.49156251
v 0.70842357 2.45309282 -0.49174179
v -0.71378221 2.42266435 -0.49212085
v 0.71417889 2.42699089 -0.49216025
v -0.72232042 2.39710436 -0.4905959
v 0.7220789 2.39883544 -0.49214004
v -0.7343845 2.37062396 -0.48625685
v 0.73529237 2.36852139 -0.48723442
v -0.73844434 2.33763854 -0.49015306
v 0.74054896 2.33537234 -0.49165045
v -0.74740654 2.29999923 -0.49094014
v 0.74784643 2.30173413 -0.4924134
v -0.77101887 2.26878535 -0.48237493
v -0.74641629 2.2718499 -0.49386624
v -0.7171018 2.27371237 -0.5049034
v -0.38261524 2.26166855 -0.499556
v 0.3498326 2.26700897 -0.49555514
v 0.74250446 2.27253093 -0.49670303
v 0.76483599 2.27123032 -0.48546946
v -0.74537693 2.24532008 -0.4902139
v -0.71740244 2.24571191 -0.49744811
v -0.68761156 2.24559533 -0.5027752
v -0.49435744 2.23395038 -0.49272367
v -0.4678699 2.24404844 -0.49662433
v -0.44553301 2.2507462 -0.4973021
v -0.41726894 2.25608482 -0.491793
v -0.34947841 2.24713767 -0.49527667
v 0.31915595 2.2473736 -0.49245998
v 0.38317898 2.2594685 -0.48228506
v 0.41500177 2.2551716 -0.48822264
v 0.44415624 2.24924296 -0.49538447
v 0.47851525 2.23671157 -0.49305807
v 0.68648605 2.2474739 -0.50665632
v 0.71572531 2.2482349 -0.50098754
v 0.7454937 2.24448444 -0.49252428
v 0.7715286 2.23989785 -0.48097183
v -0.74254256 2.21863429 -0.4812953
v -0.71536022 2.21721119 -0.48524205
v -0.68469509 2.21499783 -0.48715082
v -0.65180829 2.21714528 -0.49058676
v -0.62066467 2.21414367 -0.48871003
v -0.58817111 2.21644049 -0.48885734
v -0.55481268 2.21985955 -0.49108132
v -0.52451256 2.22454345 -0.48994996
v -0.34112141 2.21177682 -0.49436101
v 0.29383261 2.21488772 -0.49337672
v 0.50918669 2.22642343 -0.49035119
v 0.53749159 2.22079404 -0.49107015
v 0.56639655 2.21759385 -0.49242272
v 0.59097802 2.21343535 -0.49188399
v 0.61764944 2.21518083 -0.49360955
v 0.64920157 2.21823726 -0.49528941
v 0.68442212 2.21644852 -0.49072391
v 0.71826443 2.21931207 -0.48678511
v 0.75011314 2.22125366 -0.48178374
v -0.3525619 2.17901109 -0.49159018
v -0.04605192 2.17528788 -0.49798611
v 0.27874411 2.18207226 -0.49431934
v -0.36451149 2.14675117 -0.49181643
v -0.06770821 2.15796341 -0.4896198
v -0.02562423 2.15476284 -0.49501648
v 0.26593851 2.15300204 -0.49299542
v -0.3730325 2.1199961 -0.49342515
v -0.1089063 2.12226973 -0.49086593
v -0.09091741 2.13750363 -0.48651911
v -0.01793271 2.12178956 -0.494932
v 0.24742917 2.12353852 -0.49345233
v -0.38760243 2.09209643 -0.48990832
v -0.16952357 2.08227854 -0.49677458
v -0.1379189 2.10035613 -0.49471717
v -0.01069541 2.0908416 -0.49568696
v 0.22187418 2.09187915 -0.49197809
v -0.40085618 2.06243691 -0.48745829
v -0.23029444 2.051629 -0.49604518
v -0.20112878 2.06469926 -0.4939318
v -0.00669892 2.05945723 -0.49129671
v 0.19631666 2.06230209 -0.48790386
v -0.40786198 2.03037618 -0.48805166
v -0.29092207 2.02457481 -0.49202051
v -0.25899345 2.03876642 -0.49333094
v -0.00178415 2.02930356 -0.488067
v 0.01860673 2.02887386 -0.50207074
v 0.16346204 2.03288326 -0.49189407
v -0.40889019 2.00332592 -0.4828647
v -0.37739767 2.00480205 -0.49308417
v -0.35151302 2.00669202 -0.49359271
v -0.3245189 2.01296792 -0.49214029
v 0.01314671 2.00155654 -0.49061047
v 0.0476173 2.00106775 -0.50344604
v 0.10922697 2.00222437 -0.50039432
v 0.13607717 2.00828688 -0.49091293
v 0.01734823 1.96799946 -0.48394573
v 0.04812996 1.97014107 -0.49219829
v 0.0783413 1.97039821 -0.48970438
v 0.10918039 1.97912652 -0.48413346
v 0.04650494 1.9432668 -0.4793176
v -0.16195292 4.54849811 -0.51410975
v -0.12918767 4.55412482 -0.51627181
v -0.10721574 4.55550713 -0.51928613
v -0.07933927 4.55847725 -0.52087136
v -0.04511919 4.56022912 -0.52357838
v -0.01250043 4.56166129 -0.5245334
v 0.01536655 4.56135673 -0.52496678
v 0.04661081 4.56144527 -0.52312434
v 0.07920739 4.55931361 -0.52165924
v 0.108881 4.55717648 -0.5191349
v 0.13635145 4.55548401 -0.51533574
v 0.16900663 4.54918597 -0.51382613
v -0.25580082 4.52209021 -0.51181424
v -0.22812012 4.52730561 -0.51676431
v -0.19521941 4.53251456 -0.52071494
v -0.16434022 4.53140502 -0.52951337
v 0.16842857 4.53042493 -0.53127708
v 0.19774688 4.53388342 -0.52090792
v 0.22722009 4.52990546 -0.51679979
v 0.25568684 4.52365057 -0.51268454
v -0.28277782 4.50160994 -0.51723653
v -0.25554899 4.49996623 -0.53108431
v 0.25566446 4.50194421 -0.53162143
v 0.28351061 4.50142908 -0.51938665
v 0.3179642 4.49373641 -0.51046136
v -0.40738069 4.46580317 -0.51098251
v -0.37744523 4.46686004 -0.51927191
v -0.34658859 4.47159267 -0.52017201
v -0.31702011 4.46986728 -0.52767836
v 0.31881667 4.47032497 -0.52943324
v 0.34801117 4.47319786 -0.52150192
v 0.38024598 4.47049364 -0.5187121
v 0.41281358 4.46435264 -0.51305351
v -0.44001932 4.43843717 -0.51563144
v -0.40700054 4.43580299 -0.53196816
v 0.43889244 4.43429755 -0.52237582
v 0.46693639 4.43340796 -0.50872333
v -0.49504061 4.40608076 -0.50725196
v -0.4690781 4.4090471 -0.52006869
v -0.44348898 4.41068059 -0.53191016
v 0.46712131 4.40711213 -0.52611716
v 0.49628534 4.40631023 -0.51003541
v -0.49733814 4.37953011 -0.52151397
v 0.49962079 4.38090905 -0.5236658
v -0.53474075 4.34933786 -0.51519743
v 0.53203744 4.34866233 -0.52247242
v 0.55864802 4.34239273 -0.50856828
v -0.56491944 4.31351232 -0.51375979
v -0.53343953 4.31814913 -0.53174513
v 0.56582543 4.3118637 -0.51924018
v -0.58309048 4.28628347 -0.51365668
v -0.56101711 4.28739133 -0.52760691
v 0.5620733 4.28980178 -0.53109398
v 0.59035362 4.28383547 -0.51442958
v -0.59191623 4.25747296 -0.51935422
v 0.59224138 4.25812636 -0.52374426
v 0.61229661 4.25260584 -0.51186405
v -0.61295918 4.23101547 -0.51390654
v -0.59029731 4.2310603 -0.52931451
v 0.59527287 4.22694155 -0.53225395
v 0.62272895 4.22235195 -0.51493406
v -0.62121524 4.19653566 -0.51807222
v -0.59273157 4.19785044 -0.53696151
v 0.62480247 4.1945581 -0.5208217
v -0.62593975 4.16262352 -0.52205347
v 0.62355543 4.16883596 -0.5278298
v -0.64365513 4.13153257 -0.5145619
v -0.62157023 4.13228894 -0.53075902
v 0.65184513 4.13368721 -0.51387029
v -0.64854965 4.09993393 -0.51620442
v 0.65033486 4.10224953 -0.51987943
v -0.65193837 4.07550611 -0.5167157
v 0.6527708 4.07496255 -0.52113782
v -0.65421327 4.04636835 -0.51765758
v 0.65503247 4.04814193 -0.52183429
v -0.65488698 4.01571141 -0.51907844
v 0.65816062 4.01655071 -0.52197095
v -0.65676564 3.98126242 -0.51957465
v 0.65747346 3.98423101 -0.524916
v 0.68127373 3.98363883 -0.50633361
v -0.65774125 3.95456467 -0.52001343
v 0.65787966 3.95461006 -0.52613985
v 0.67975358 3.95359452 -0.50926906
v -0.65783609 3.92512893 -0.52121473
v 0.65839913 3.92596123 -0.52708843
v 0.67957622 3.92633766 -0.51039405
v -0.67789005 3.89658544 -0.50680019
v -0.65635579 3.89487434 -0.5238391
v 0.65754575 3.89298168 -0.52931437
v 0.67868873 3.89257961 -0.51222871
v -0.67697363 3.86089103 -0.50896996
v -0.65668095 3.85975669 -0.52523037
v 0.6569423 3.85991668 -0.531571
v 0.67935907 3.8583077 -0.51314688
v -0.67795478 3.83173926 -0.50987199
v -0.65721723 3.83259243 -0.52651446
v 0.65696695 3.83112116 -0.5332601
v 0.6802624 3.83016601 -0.51418193
v -0.67969614 3.80544665 -0.51025367
v -0.65817021 3.80421033 -0.52802243
v 0.65627097 3.8012311 -0.53602415
v 0.68136213 3.80207544 -0.51524899
v -0.68047359 3.77479294 -0.51207773
v -0.65781186 3.77156224 -0.53097952
v 0.68199339 3.76957264 -0.51749483
v -0.68227386 3.74001305 -0.51385138
v -0.65877829 3.73848631 -0.53342191
v 0.68387856 3.74160003 -0.51864857
v -0.68363276 3.70998934 -0.51596479
v -0.6581499 3.7098648 -0.53704781
v 0.68490677 3.71152322 -0.52102336
v -0.68295934 3.68084401 -0.51971958
v 0.68831791 3.67468662 -0.52246926
v -0.68549566 3.64810361 -0.52160888
v 0.68569249 3.6468981 -0.52835445
v 0.70430033 3.64748481 -0.51113682
v -0.6918641 3.61575798 -0.52039098
v 0.6848604 3.61619452 -0.53289614
v 0.70713022 3.61767306 -0.51248186
v -0.70321902 3.5918345 -0.51344143
v -0.6845896 3.5914952 -0.53004314
v 0.7083 3.58718004 -0.51526307
v -0.70582028 3.56124593 -0.51467054
v 0.70903003 3.55572345 -0.51856255
v -0.70923015 3.52645372 -0.51587899
v 0.71024086 3.52368281 -0.52116527
v -0.71051964 3.4986659 -0.51774384
v 0.71402513 3.49414151 -0.52083353
v -0.71187365 3.46942334 -0.51894325
v 0.7159634 3.46541793 -0.52148203
v -0.71183905 3.43575874 -0.52100389
v 0.7166114 3.43448109 -0.52244412
v -0.71308938 3.40277485 -0.52099968
v 0.71658667 3.40235261 -0.52312126
v -0.71304553 3.37386131 -0.52151397
v 0.71514889 3.37525713 -0.52444024
v -0.71290165 3.34226372 -0.52176999
v 0.71411213 3.34575247 -0.52509623
v -0.71301177 3.30908006 -0.52152069
v 0.71479046 3.31321912 -0.52427486
v -0.71202222 3.27987288 -0.52209479
v 0.71609873 3.28100616 -0.52264977
v -0.71175604 3.25164439 -0.5221689
v 0.71521418 3.25329448 -0.52293269
v -0.71251058 3.22061425 -0.52109341
v 0.7141592 3.21965811 -0.5233681
v -0.71254168 3.18972097 -0.52035518
v 0.71344858 3.18804553 -0.52330338
v -0.71124267 3.16264329 -0.52023239
v 0.71180325 3.1602175 -0.52360528
v -0.71132 3.13394682 -0.51834771
v 0.71120442 3.12878192 -0.52270315
v -0.70913594 3.10014521 -0.51817106
v 0.71088641 3.0959169 -0.52077035
v -0.70547278 3.06562968 -0.51863715
v 0.70988278 3.06577075 -0.51895292
v -0.70450459 3.03739951 -0.51653967
v 0.7058628 3.0387428 -0.52021558
v -0.70518152 3.00747484 -0.5126995
v -0.68209902 3.00977588 -0.53380773
v 0.70411849 3.00692182 -0.51906899
v -0.70046444 2.97557156 -0.5136887
v -0.68290771 2.97699337 -0.52940999
v 0.69376243 2.97734088 -0.52652721
v -0.68641054 2.94715318 -0.52227552
v 0.68736612 2.94334313 -0.52736091
v -0.68339145 2.91621977 -0.52020928
v 0.68638938 2.91483495 -0.52374909
v -0.68414929 2.88830215 -0.51435719
v 0.68351186 2.88537329 -0.51962523
v -0.65378697 2.85446194 -0.52944571
v 0.6814672 2.85597821 -0.51441154
v -0.65493336 2.82424595 -0.52395173
v 0.65754035 2.82219534 -0.52719469
v -0.65354335 2.79722753 -0.52162408
v 0.66093223 2.79312002 -0.51886193
v -0.65011232 2.7639825 -0.52095177
v 0.65168739 2.76507993 -0.52597048
v -0.6484029 2.73225855 -0.52124113
v 0.65045618 2.72839918 -0.52331697
v -0.64847308 2.70113909 -0.51967776
v 0.64949051 2.69759504 -0.52408398
v -0.64789471 2.67018442 -0.51997413
v 0.65141799 2.66893559 -0.52096438
v -0.64965624 2.63977529 -0.52050838
v 0.65165174 2.64026961 -0.52284598
v -0.65264731 2.61011756 -0.52132701
v 0.65471019 2.60903344 -0.52313492
v -0.65276457 2.58013601 -0.52490493
v 0.65513859 2.57953316 -0.52620269
v -0.65764928 2.54802163 -0.5245797
v 0.66039056 2.55056316 -0.52485646
v -0.67283513 2.52296444 -0.51564941
v -0.65433376 2.52173619 -0.53098408
v 0.67342338 2.5184862 -0.51843079
v -0.67964304 2.48678719 -0.51504876
v -0.65207909 2.4934146 -0.53476485
v 0.67994102 2.48431955 -0.51761282
v -0.67963646 2.45359987 -0.51943204
v 0.68272146 2.4558685 -0.51929937
v -0.6834849 2.42710709 -0.5198381
v 0.68593058 2.42893375 -0.52005139
v -0.69303486 2.39535681 -0.51710936
v -0.65757727 2.39943781 -0.53495545
v 0.65753111 2.39905291 -0.53795296
v 0.69316304 2.39499058 -0.51952842
v -0.70695385 2.36921601 -0.51004802
v -0.68912093 2.37072114 -0.52098049
v -0.65966655 2.37026433 -0.5327073
v 0.65996397 2.36962023 -0.53540816
v 0.69012421 2.37075252 -0.52317309
v 0.70937592 2.36786957 -0.51141708
v -0.70659282 2.33087376 -0.51210648
v -0.6862074 2.33542002 -0.52151299
v -0.65818492 2.33879153 -0.53012425
v -0.62403525 2.33832793 -0.53841646
v 0.65653364 2.3401343 -0.53353735
v 0.68897999 2.34026068 -0.52299616
v 0.71164852 2.33769205 -0.51294228
v -0.70841327 2.29954853 -0.51073745
v -0.68426837 2.30469822 -0.51894465
v -0.65531133 2.30722797 -0.52593273
v -0.62269736 2.30542355 -0.53185364
v -0.59232565 2.30609704 -0.53728415
v -0.34550371 2.30296941 -0.52960885
v 0.34575154 2.30887734 -0.53263956
v 0.62152856 2.30794055 -0.53658704
v 0.65475796 2.30826869 -0.52966264
v 0.68429835 2.30886061 -0.52163207
v 0.70927183 2.31173336 -0.51333661
v -0.69125609 2.27685364 -0.51158757
v -0.65971096 2.2786477 -0.51856864
v -0.62861855 2.27413376 -0.52233716
v -0.60064727 2.27451903 -0.52676467
v -0.56930483 2.27569001 -0.5303187
v -0.5358373 2.27593122 -0.53141388
v -0.50067061 2.27416251 -0.52953432
v -0.47039585 2.27042758 -0.52369158
v -0.44125249 2.2785038 -0.5255544
v -0.41223167 2.28264036 -0.52272409
v -0.37530653 2.28363307 -0.51692426
v -0.336886 2.27214001 -0.51518209
v 0.31458172 2.28261179 -0.52126404
v 0.34321367 2.28391091 -0.51322106
v 0.37647782 2.28439905 -0.51299173
v 0.40256469 2.28220905 -0.51930315
v 0.43787757 2.27484476 -0.5221095
v 0.46939979 2.27373911 -0.52720554
v 0.50406914 2.2730032 -0.5308243
v 0.53562814 2.27406262 -0.53374658
v 0.56140191 2.27413309 -0.53377411
v 0.59029661 2.27328249 -0.53011248
v 0.62327573 2.27593481 -0.52705536
v 0.6538276 2.27867986 -0.52329547
v 0.68322047 2.27665257 -0.51654646
v 0.70943924 2.27930321 -0.50994932
v -0.65473547 2.25035492 -0.50999527
v -0.62674501 2.24739029 -0.51187116
v -0.59985904 2.24816542 -0.51430661
v -0.56433147 2.24812248 -0.51551355
v -0.52796005 2.24916297 -0.51434721
v -0.49440767 2.25524042 -0.51577087
v -0.32583823 2.24410946 -0.51848984
v 0.28543215 2.24663001 -0.52528956
v 0.31039636 2.25562383 -0.51030435
v 0.46842449 2.25740443 -0.51382861
v 0.50131228 2.24990172 -0.51371027
v 0.53461617 2.2476128 -0.51702565
v 0.56362995 2.24713283 -0.51917265
v 0.59161699 2.24372215 -0.51624869
v 0.62155258 2.24765821 -0.51554735
v 0.65320852 2.25145341 -0.51358909
v -0.32389983 2.2122086 -0.52390494
v 0.28237045 2.22162472 -0.51696324
v -0.3370359 2.17874831 -0.51779011
v -0.0470418 2.18294782 -0.52024766
v 0.26406079 2.18467789 -0.51905393
v -0.34556318 2.14912891 -0.51612765
v -0.32015856 2.14892125 -0.53670255
v -0.0884073 2.15823996 -0.5175372
v -0.01294411 2.15401155 -0.5197366
v 0.24719066 2.15267499 -0.51836081
v -0.35144192 2.11809684 -0.51831227
v -0.32292078 2.12266672 -0.53620431
v -0.13806584 2.12502659 -0.53123036
v -0.11299577 2.13211981 -0.51570797
v -0.00231507 2.12117176 -0.51813673
v 0.01677408 2.12089906 -0.53359661
v 0.22297218 2.12182119 -0.5177968
v -0.36556205 2.09336179 -0.51255919
v -0.34966028 2.09290144 -0.52248061
v -0.32347485 2.09397081 -0.5340557
v -0.16977473 2.09551811 -0.52009755
v -0.13954872 2.10887086 -0.51544035
v 0.01368919 2.09451275 -0.52084642
v 0.04646319 2.09257482 -0.53577184
v 0.19427863 2.09142468 -0.51718753
v -0.37196036 2.06448219 -0.51080928
v -0.34968326 2.06133866 -0.52081987
v -0.32222746 2.06005085 -0.5268039
v -0.28948198 2.05920548 -0.52741218
v -0.26157238 2.05635561 -0.5206421
v -0.22926903 2.06835502 -0.52135846
v -0.20354009 2.07750972 -0.51846406
v 0.01837023 2.05964567 -0.51168186
v 0.04767556 2.06069399 -0.52449319
v 0.07829402 2.05715891 -0.52889458
v 0.10753234 2.05540914 -0.52848859
v 0.1342168 2.0610741 -0.5267625
v 0.16368458 2.06566282 -0.51770693
v -0.37359623 2.03447038 -0.5081583
v -0.34890392 2.03179256 -0.51360233
v -0.3218538 2.03280222 -0.51451276
v -0.28943154 2.03912015 -0.51452453
v 0.04863851 2.03073031 -0.51387782
v 0.08055782 2.02953468 -0.51809092
v 0.10917028 2.02760076 -0.51530086
v 0.13885188 2.03599691 -0.51084214
v 0.08032923 2.00325822 -0.50661429
v -0.13015526 4.52958507 -0.53915419
v -0.10505854 4.52762586 -0.54602304
v -0.07442395 4.52880125 -0.54976466
v -0.04221246 4.53087351 -0.5517418
v -0.01322077 4.53180037 -0.5526358
v 0.01508398 4.5317872 -0.55269212
v 0.04735552 4.53159443 -0.55119067
v 0.07935892 4.52836443 -0.55080849
v 0.10761586 4.52616497 -0.5485132
v 0.13488348 4.52861436 -0.54086158
v -0.22695318 4.49680362 -0.54289104
v -0.19842382 4.49804372 -0.54930291
v -0.16625194 4.50435465 -0.55215227
v -0.13332675 4.50621566 -0.5585551
v -0.1059008 4.50386839 -0.56609689
v 0.13465044 4.50281615 -0.56290283
v 0.16826951 4.50317184 -0.55449316
v 0.20007323 4.50075705 -0.54870429
v 0.22490028 4.50060253 -0.54250796
v -0.28345592 4.46603517 -0.54622534
v -0.25346186 4.46625707 -0.55823163
v 0.2546187 4.47002335 -0.55753921
v 0.2864058 4.46733523 -0.54680798
v -0.37689999 4.43314794 -0.54283914
v -0.34715128 4.43604199 -0.54577073
v -0.31830113 4.43544211 -0.5536091
v 0.3192496 4.43639545 -0.55535404
v 0.34581129 4.43602714 -0.54888333
v 0.37468693 4.43549535 -0.5449916
v 0.40572857 4.43175541 -0.53839124
v -0.41184505 4.41050393 -0.54596532
v -0.3785463 4.40748632 -0.55871929
v -0.34866601 4.4074597 -0.56482064
v 0.37865102 4.40807499 -0.56124182
v 0.41143114 4.40773302 -0.55157565
v 0.44132334 4.40715668 -0.53902159
v -0.46755833 4.37922848 -0.5379664
v -0.44173252 4.37896819 -0.55075316
v -0.41126212 4.38188984 -0.56248486
v 0.41545739 4.38240973 -0.56425109
v 0.44365348 4.38020774 -0.55350473
v 0.46879413 4.38011682 -0.54111781
v -0.49745624 4.34513169 -0.53963478
v -0.46651656 4.3443609 -0.5563929
v 0.46777225 4.34665843 -0.55890779
v 0.4991665 4.34753206 -0.54213068
v -0.49934701 4.31531028 -0.55250503
v 0.49842373 4.31453626 -0.55770488
v 0.53243198 4.31581601 -0.53843446
v -0.53296332 4.2912757 -0.54293881
v -0.49997039 4.29021953 -0.56174454
v 0.53194112 4.28796039 -0.54973888
v -0.56028718 4.25782824 -0.53905528
v -0.53167085 4.26164257 -0.55424569
v 0.53300895 4.25844045 -0.55929508
v 0.56298685 4.26098175 -0.5413671
v -0.56213179 4.22639911 -0.54807863
v -0.53475718 4.22744617 -0.56311458
v 0.56484015 4.22738467 -0.55097717
v -0.56368109 4.19524008 -0.55534094
v 0.56302009 4.19683294 -0.56025346
v 0.59143669 4.19597137 -0.5432031
v -0.59285506 4.16701433 -0.5437709
v -0.56413856 4.16582073 -0.56153209
v 0.56409545 4.16815889 -0.56599112
v 0.59147675 4.16780922 -0.549733
v -0.59196652 4.1321515 -0.55061657
v 0.5905672 4.13430838 -0.556417
v 0.61751439 4.1346065 -0.53887295
v -0.61801935 4.10071145 -0.53831321
v -0.59108799 4.10207021 -0.55575099
v 0.59110677 4.10132674 -0.56085243
v 0.6161131 4.10183317 -0.54472087
v -0.61754143 4.07721707 -0.54147512
v -0.5929567 4.07550961 -0.55747526
v 0.59068368 4.07252954 -0.56442488
v 0.6177129 4.07480074 -0.54665444
v -0.62145115 4.04886733 -0.54114814
v -0.59720378 4.04533278 -0.55711032
v 0.61763515 4.04571215 -0.54917416
v -0.62272418 4.0204673 -0.54203122
v -0.59736215 4.01702367 -0.5587071
v 0.59385778 4.01026275 -0.56693458
v 0.62063826 4.01474547 -0.54918215
v -0.62250459 3.98413742 -0.5439844
v -0.5946194 3.98285291 -0.5621244
v 0.62009946 3.98355029 -0.55112623
v -0.6208552 3.95579539 -0.54645691
v -0.59175575 3.95286015 -0.56552223
v 0.62138181 3.95288537 -0.55172085
v -0.61933322 3.92250274 -0.54899954
v 0.62502844 3.92286474 -0.55081655
v -0.62022408 3.89037314 -0.5499797
v 0.62715359 3.8899296 -0.55131437
v -0.62108677 3.85905216 -0.55106655
v 0.62756932 3.8586683 -0.5530385
v -0.62164771 3.83218279 -0.55252492
v 0.62715632 3.83188874 -0.55500724
v -0.62426255 3.80247093 -0.5530474
v 0.62687725 3.8014369 -0.55744164
v -0.6250994 3.76947611 -0.55535039
v 0.62344132 3.7681745 -0.56279692
v 0.65328698 3.76820434 -0.54117609
v -0.62606723 3.73854936 -0.55773899
v 0.65115321 3.73824003 -0.54558021
v -0.62479533 3.71247936 -0.56150127
v 0.65164648 3.70766071 -0.54846473
v -0.6518279 3.68105415 -0.54529806
v 0.65469387 3.67489985 -0.55000702
v -0.65107784 3.64682217 -0.54992072
v 0.65737743 3.64554046 -0.55146105
v -0.65687239 3.61770626 -0.5490361
v 0.65804301 3.61574594 -0.55449169
v -0.65783217 3.58875441 -0.55194738
v 0.65765866 3.5855621 -0.55853983
v 0.68197574 3.58522475 -0.53917793
v -0.67819139 3.56313341 -0.53886209
v -0.65500473 3.55947067 -0.55759728
v 0.6570758 3.55701371 -0.56210465
v 0.68003103 3.55725299 -0.54411427
v -0.67888402 3.52605039 -0.54257205
v -0.65744677 3.52478492 -0.55931938
v 0.65800729 3.5264023 -0.56423954
v 0.68114968 3.52641029 -0.54637047
v -0.68016769 3.49635982 -0.5443209
v -0.65850364 3.49603746 -0.56084213
v 0.65770188 3.49543212 -0.566707
v 0.68424147 3.49450134 -0.54654552
v -0.68149956 3.46866453 -0.54499735
v -0.65875903 3.46842224 -0.56213141
v 0.68464053 3.46487787 -0.54814924
v -0.68189287 3.43566957 -0.54601435
v -0.65913651 3.43555484 -0.56289996
v 0.68465902 3.43532767 -0.5492669
v -0.68196313 3.40269612 -0.54658762
v -0.65893218 3.40264695 -0.56340192
v 0.68518472 3.40324066 -0.5491701
v -0.68174613 3.3750659 -0.54692174
v -0.65891579 3.37494851 -0.563354
v 0.68451647 3.37503606 -0.54959052
v -0.68197294 3.34613534 -0.54669255
v -0.65912159 3.34641987 -0.56300132
v 0.68357771 3.34501277 -0.54996163
v -0.68179278 3.31321106 -0.54667097
v -0.6586632 3.31245309 -0.56307494
v 0.68459002 3.31334779 -0.54874366
v -0.67968269 3.28319975 -0.54799549
v -0.65650282 3.2816562 -0.56434096
v 0.6577313 3.2825086 -0.56745489
v 0.68670943 3.282423 -0.5465872
v -0.67944803 3.25334765 -0.54795045
v -0.65665412 3.25304449 -0.56395178
v 0.6586321 3.25342428 -0.56639375
v 0.68615501 3.2538496 -0.54656009
v -0.67997366 3.2203073 -0.54718231
v -0.65706593 3.21999349 -0.56331912
v 0.65839535 3.2201773 -0.56614971
v 0.6851366 3.22021134 -0.54692188
v -0.68054356 3.18791615 -0.54608482
v -0.65729491 3.18710515 -0.56261109
v 0.65807719 3.18734527 -0.56590209
v 0.68386658 3.18772142 -0.54735911
v -0.68026352 3.16050455 -0.54548774
v -0.65735333 3.15961306 -0.56192001
v 0.65704891 3.15978776 -0.56612961
v 0.68114253 3.15932454 -0.54877111
v -0.68057375 3.13257586 -0.54413052
v -0.65735011 3.1318817 -0.56102341
v 0.65703812 3.13098006 -0.56537317
v 0.68050182 3.12759918 -0.54828513
v -0.67989101 3.09942505 -0.54316156
v -0.65666967 3.09907601 -0.5599788
v 0.65775021 3.09832721 -0.56362396
v 0.6805477 3.09490683 -0.54672771
v -0.67847592 3.06660753 -0.54226461
v -0.65624729 3.06522726 -0.55806709
v 0.65797142 3.0656937 -0.56147213
v 0.6802327 3.0650576 -0.54508596
v -0.67909948 3.04013322 -0.53943178
v -0.65532877 3.03872318 -0.55601535
v 0.6562358 3.03767052 -0.5601051
v 0.67841933 3.03835908 -0.54476038
v -0.65529522 3.01079884 -0.55242013
v 0.65401679 3.00963978 -0.55827029
v 0.6772541 3.01104828 -0.54332246
v -0.65423394 2.97732385 -0.54852875
v -0.62599102 2.97851122 -0.5657122
v 0.65195301 2.97836671 -0.55563317
v 0.67110014 2.97918654 -0.54422018
v -0.65100366 2.94410398 -0.5456885
v -0.62559246 2.94418993 -0.56244074
v 0.62645782 2.94717868 -0.56786333
v 0.65591303 2.94927105 -0.54931237
v -0.64747877 2.9176081 -0.54387989
v -0.62217964 2.91742205 -0.56277521
v 0.62422627 2.91519912 -0.5674607
v 0.65178461 2.91540282 -0.54692664
v -0.6462622 2.89258965 -0.54090886
v 0.64579688 2.88423475 -0.54699599
v -0.62062362 2.8562571 -0.56003575
v 0.64355959 2.85221323 -0.54451577
v -0.6229657 2.824948 -0.55565923
v 0.6312404 2.82694944 -0.55501186
v -0.62198064 2.7971074 -0.55393692
v 0.62171502 2.79552858 -0.56040679
v 0.64209113 2.80254709 -0.54198898
v -0.61923992 2.76286589 -0.55259146
v 0.62346437 2.76077188 -0.55415098
v -0.62073086 2.72878685 -0.54862149
v -0.59314471 2.72746213 -0.56665033
v 0.62172266 2.72724124 -0.55173136
v -0.62121398 2.69861622 -0.54632046
v -0.59541856 2.69930292 -0.56273311
v 0.59791741 2.7008954 -0.56528743
v 0.62343082 2.69751249 -0.54880803
v -0.6182924 2.671158 -0.54755265
v -0.59266131 2.67351767 -0.56330497
v 0.62065276 2.67294237 -0.54895408
v -0.620764 2.63984168 -0.54651337
v -0.59488747 2.63933859 -0.56173922
v 0.62032824 2.64372189 -0.54967738
v -0.62371787 2.61142146 -0.54553538
v -0.59598377 2.60952002 -0.56109402
v 0.59489994 2.61323541 -0.56511799
v 0.6247154 2.61115982 -0.54803471
v -0.62211471 2.58450042 -0.54808648
v -0.59433921 2.58245924 -0.56237545
v 0.59492621 2.58434794 -0.56527875
v 0.62434766 2.58156752 -0.54993382
v -0.62394398 2.55181549 -0.54836638
v -0.59535909 2.5502125 -0.56219557
v 0.59767211 2.55153761 -0.5643804
v 0.62835279 2.54614182 -0.54938697
v -0.62560128 2.51845776 -0.54869995
v -0.59478779 2.51938145 -0.56206423
v 0.59668095 2.5196115 -0.56455713
v 0.62374301 2.51768012 -0.55302638
v 0.64337179 2.51877136 -0.5418112
v -0.62424462 2.49120952 -0.54978133
v -0.59295936 2.49300785 -0.56193409
v 0.59431869 2.49149525 -0.56467719
v 0.6222396 2.49051143 -0.55414314
v 0.64548559 2.49101236 -0.5422422
v -0.64628805 2.46404765 -0.54009022
v -0.62348132 2.45917985 -0.5501897
v -0.59589418 2.45777359 -0.559176
v -0.56027934 2.4596514 -0.56914491
v 0.59474717 2.45779016 -0.5627537
v 0.62317697 2.45911469 -0.55341045
v 0.64539663 2.46404034 -0.54336105
v -0.64869674 2.43377398 -0.53943669
v -0.62506571 2.42688879 -0.54817656
v -0.59571031 2.42539406 -0.55659968
v -0.56187231 2.42691457 -0.5652253
v 0.56277241 2.4257378 -0.56846686
v 0.59630585 2.42471295 -0.55975668
v 0.62565004 2.42636551 -0.55111362
v 0.64933592 2.43386743 -0.54182472
v -0.62723533 2.39627964 -0.54508525
v -0.59662414 2.39691136 -0.55340611
v -0.56691879 2.39972638 -0.56049512
v -0.53445226 2.39682165 -0.56653511
v 0.56366799 2.3983449 -0.56461716
v 0.59662407 2.39668345 -0.55678362
v 0.62790218 2.39550062 -0.54802498
v -0.62613154 2.36791239 -0.54236954
v -0.59545961 2.36633512 -0.54936889
v -0.56626746 2.36709591 -0.55515307
v -0.53391938 2.36736709 -0.56108141
v -0.50286462 2.37190641 -0.5666537
v 0.50365706 2.37024568 -0.5697298
v 0.53112014 2.36834888 -0.56527861
v 0.56489044 2.3670914 -0.55905895
v 0.59797751 2.36810209 -0.55254635
v 0.62729039 2.36730878 -0.54522997
v -0.5922563 2.33774433 -0.54471695
v -0.56474012 2.3372109 -0.54947901
v -0.53568134 2.3391226 -0.55451915
v -0.50308085 2.3391116 -0.55770165
v -0.46981653 2.33598132 -0.55802709
v -0.43922414 2.33598657 -0.55843953
v -0.40833896 2.3348872 -0.55734105
v -0.37981281 2.33778099 -0.55610165
v -0.35285554 2.33659566 -0.55293539
v -0.31935246 2.34005463 -0.55583526
v -0.2887433 2.3359852 -0.56673593
v 0.28511952 2.33663565 -0.56001263
v 0.31775862 2.33964115 -0.55384978
v 0.3482293 2.33708605 -0.5532836
v 0.37633149 2.33717333 -0.55613057
v 0.40509709 2.33637484 -0.55861674
v 0.43965157 2.33812764 -0.56064544
v 0.47485408 2.33621947 -0.56001649
v 0.5054975 2.3362842 -0.55951068
v 0.53291348 2.3348677 -0.55714814
v 0.56168465 2.33491834 -0.55312144
v 0.59089109 2.33826846 -0.5488661
v 0.62075881 2.33846879 -0.54276138
v -0.56532852 2.30713887 -0.54180321
v -0.53684765 2.30927479 -0.54554
v -0.50250136 2.30695443 -0.5460643
v -0.46646483 2.30467872 -0.54477285
v -0.43629104 2.3086248 -0.54583581
v -0.40761426 2.31051796 -0.54430199
v -0.37454572 2.31447229 -0.54018661
v -0.32447596 2.31243923 -0.54355726
v -0.29058122 2.30721176 -0.56079183
v 0.27967879 2.30959124 -0.55225762
v 0.31651361 2.31597436 -0.54114127
v 0.37196884 2.31553532 -0.54078523
v 0.40023694 2.31227941 -0.54460053
v 0.43179758 2.30934001 -0.54628116
v 0.46924155 2.30332244 -0.54547822
v 0.50368462 2.30345429 -0.54666096
v 0.53239702 2.30508958 -0.54733712
v 0.55770057 2.30669788 -0.54590144
v 0.58704125 2.30907312 -0.54243574
v -0.31117678 2.27323008 -0.5392844
v -0.28549234 2.27336092 -0.56110817
v 0.2525154 2.27604968 -0.56055312
v 0.28341675 2.27708341 -0.53846836
v -0.30444091 2.24339131 -0.54351285
v -0.28466115 2.24519789 -0.56078805
v -0.04576566 2.24379532 -0.55883655
v 0.25398073 2.24643181 -0.550906
v -0.29429296 2.21263048 -0.5527628
v -0.08494019 2.21786424 -0.55602312
v -0.04651707 2.21497291 -0.54582999
v -0.0102399 2.2175779 -0.55599728
v 0.22763834 2.21784968 -0.5605908
v 0.25320834 2.22136238 -0.54416288
v -0.31261764 2.17666957 -0.54070747
v -0.28895813 2.1817275 -0.55544391
v -0.11258211 2.18927427 -0.55919519
v -0.0834319 2.19219854 -0.54243973
v -0.01104149 2.19214892 -0.54329059
v 0.01665283 2.18494508 -0.55965596
v 0.19997361 2.18449239 -0.56182544
v 0.22611749 2.18840807 -0.55175251
v 0.24368086 2.19168575 -0.54151175
v -0.28984382 2.15008077 -0.55217384
v -0.25485605 2.15392651 -0.5641877
v -0.20011071 2.15161791 -0.56622907
v -0.16855843 2.15169318 -0.5610695
v -0.13852933 2.15448226 -0.55288993
v -0.11155851 2.16204236 -0.54239098
v 0.01366625 2.15522789 -0.5445302
v 0.04605615 2.15077842 -0.55883683
v 0.0773439 2.15123514 -0.56600976
v 0.10809638 2.15076445 -0.56763022
v 0.13809436 2.15147621 -0.56548595
v 0.16731053 2.14970346 -0.55899065
v 0.1954484 2.15238135 -0.55115221
v 0.22151338 2.16162822 -0.54224262
v -0.29119353 2.12229582 -0.5484061
v -0.25875576 2.11990043 -0.55439482
v -0.22859887 2.12363893 -0.55670054
v -0.2024976 2.12180889 -0.55325397
v -0.17346915 2.11965531 -0.54359004
v 0.04567058 2.12153582 -0.54678501
v 0.0772206 2.12211682 -0.5542632
v 0.10893255 2.12055978 -0.55554603
v 0.13754798 2.12299582 -0.55447866
v 0.16146904 2.12233359 -0.54971836
v 0.18858214 2.12890585 -0.5425055
v -0.29081882 2.09429945 -0.54181274
v -0.25860133 2.09263931 -0.54327539
v -0.22804846 2.09776321 -0.54400597
v -0.20396009 2.10209543 -0.5416758
v 0.07779947 2.09199124 -0.54257324
v 0.10818713 2.09132436 -0.54382441
v 0.13458247 2.09692656 -0.54399393
v 0.16259446 2.10008486 -0.5381037
v -0.07276837 4.49850673 -0.57554158
v -0.0411029 4.49627364 -0.58084895
v -0.01395609 4.49626089 -0.5824727
v 0.01382963 4.49636933 -0.58242423
v 0.04592461 4.49559545 -0.58151404
v 0.07784828 4.4941721 -0.57973261
v 0.10669525 4.49692199 -0.57339647
v -0.22558527 4.46220837 -0.56942075
v -0.19900991 4.46216228 -0.57619525
v -0.1665144 4.4677698 -0.57975685
v -0.13427718 4.47342286 -0.58314053
v -0.10500267 4.47254503 -0.58968275
v 0.10555239 4.4697129 -0.59374553
v 0.13429939 4.47308789 -0.58556716
v 0.16677531 4.4689903 -0.58112612
v 0.19787373 4.4663606 -0.57587465
v 0.22336342 4.46762172 -0.5686115
v -0.28612569 4.4338274 -0.5693519
v -0.25649077 4.43525677 -0.57919556
v -0.2284596 4.43517439 -0.58685609
v -0.20013426 4.43601285 -0.59323762
v 0.2004867 4.43858721 -0.59417786
v 0.22609376 4.43870741 -0.58795498
v 0.25402421 4.43677076 -0.58162598
v 0.2860776 4.43372961 -0.57231235
v -0.32117003 4.40675461 -0.57290691
v -0.28989609 4.4084475 -0.58488273
v -0.25938759 4.40927349 -0.59464052
v 0.28598227 4.40685912 -0.58995846
v 0.32018875 4.4068339 -0.57564342
v 0.34740975 4.40458316 -0.56934216
v -0.37698678 4.38226431 -0.57377997
v -0.34846634 4.38179191 -0.58048491
v -0.320337 4.3795563 -0.58993023
v 0.32167388 4.38007395 -0.5920614
v 0.35033623 4.37614559 -0.58578668
v 0.37996229 4.37988973 -0.5769961
v -0.43987544 4.3439975 -0.56923625
v -0.40986325 4.34874078 -0.57973016
v -0.37711223 4.35156703 -0.58940453
v -0.35079924 4.35080338 -0.59612096
v 0.41284237 4.34634042 -0.58294328
v 0.44249091 4.3461866 -0.57096115
v -0.46805037 4.31470633 -0.56874872
v -0.44094757 4.31523911 -0.58119624
v -0.41057065 4.31729232 -0.59274702
v 0.41439068 4.3173576 -0.59489451
v 0.44236728 4.31721134 -0.58356515
v 0.4675652 4.31576558 -0.57253181
v -0.46958114 4.28784019 -0.57793283
v -0.44145198 4.28785532 -0.59083663
v 0.44213889 4.29155182 -0.5931079
v 0.46805283 4.28848938 -0.58247915
v 0.49671718 4.28605035 -0.56930265
v -0.49780227 4.26122439 -0.57262623
v -0.46875427 4.25676549 -0.58840748
v 0.46844666 4.2580056 -0.59199429
v 0.4988087 4.25718984 -0.57766609
v -0.50181903 4.22702085 -0.58065737
v -0.47119488 4.2236911 -0.59660309
v 0.50180436 4.22315188 -0.58594366
v 0.53371338 4.22307077 -0.56949479
v -0.53543117 4.19411303 -0.57135278
v -0.50369576 4.19475746 -0.5876315
v 0.5009307 4.19544041 -0.59318103
v 0.53270435 4.19458654 -0.57731257
v -0.5362111 4.16692271 -0.57687912
v -0.50212825 4.16863297 -0.59372613
v 0.53346338 4.16795393 -0.58248881
v -0.56189192 4.13000121 -0.56926567
v -0.53486484 4.13511 -0.58317933
v 0.53438085 4.13713897 -0.58749281
v 0.56331867 4.13458269 -0.57230486
v -0.56010863 4.10123764 -0.57426357
v -0.53470275 4.1042135 -0.58751985
v 0.53523199 4.10447688 -0.59174185
v 0.56413383 4.1010317 -0.57664341
v -0.56138776 4.07308585 -0.57632883
v -0.5357503 4.07403877 -0.5901679
v 0.53477875 4.07595455 -0.59526303
v 0.56528152 4.07325284 -0.57924411
v -0.56503929 4.04353215 -0.57642753
v -0.53740659 4.04577211 -0.59153353
v 0.5619731 4.04248748 -0.58348369
v 0.5852075 4.03545324 -0.57066885
v -0.56519207 4.01409963 -0.57804694
v -0.53590433 4.01614262 -0.59413471
v 0.56435003 4.01088715 -0.58392981
v -0.56222468 3.98175359 -0.58132618
v -0.53062621 3.98444283 -0.59853204
v 0.5625712 3.98180683 -0.58632303
v 0.58422807 3.98531533 -0.57376883
v -0.56107346 3.95269877 -0.58336538
v 0.56323482 3.95292376 -0.58757876
v 0.58654904 3.9518816 -0.57415955
v -0.587981 3.91676507 -0.56988572
v -0.56093456 3.92117045 -0.58531366
v 0.5635224 3.92359995 -0.58925393
v 0.58851987 3.92284471 -0.57460596
v -0.58742826 3.88620774 -0.57201395
v -0.56252209 3.89085702 -0.58656049
v 0.56484428 3.89123808 -0.59094948
v 0.59007456 3.89009127 -0.57580614
v -0.58745089 3.85842286 -0.57372274
v -0.56353875 3.86097803 -0.58807084
v 0.56593841 3.86037576 -0.59242102
v 0.59273185 3.85902862 -0.57621382
v -0.58758033 3.83271879 -0.57544771
v -0.56415821 3.83346451 -0.58967736
v 0.56484407 3.83010633 -0.5950491
v 0.59380798 3.83214287 -0.57727495
v -0.58969631 3.80345662 -0.5762784
v -0.56447479 3.8018244 -0.59187073
v 0.59285422 3.79988368 -0.58003858
v -0.59127292 3.76988014 -0.57814465
v -0.56352544 3.76810488 -0.59515368
v 0.59248872 3.76782385 -0.58297788
v -0.5928082 3.73733026 -0.58039
v -0.56428619 3.73676288 -0.59780663
v 0.58972629 3.73597262 -0.58791813
v 0.61678072 3.73622184 -0.57045513
v -0.59299852 3.70839872 -0.58333161
v 0.58954038 3.70690896 -0.59119464
v 0.61443359 3.70608634 -0.57525018
v -0.61786098 3.68484676 -0.56979767
v -0.59194102 3.67976894 -0.58742192
v 0.59147388 3.67638091 -0.59344664
v 0.61689489 3.67445631 -0.57718627
v -0.6150409 3.64944626 -0.57590876
v -0.59132692 3.64755752 -0.59154312
v 0.59144425 3.64661637 -0.59681015
v 0.61940733 3.64487669 -0.57887622
v -0.61950203 3.6193759 -0.57620884
v -0.59239605 3.61866731 -0.59385235
v 0.62025945 3.61542624 -0.58156181
v -0.62200256 3.58970676 -0.57769201
v -0.59183287 3.59048344 -0.59695374
v 0.62298069 3.58650605 -0.58280865
v -0.62148015 3.55869245 -0.58107548
v 0.62452894 3.55608923 -0.58465151
v -0.62453055 3.52487991 -0.58185643
v 0.6265556 3.52482989 -0.5858208
v -0.62560843 3.49635996 -0.58304982
v 0.62696776 3.49701489 -0.58730789
v -0.62548276 3.46807648 -0.58430519
v 0.62568639 3.46825132 -0.5893908
v 0.65470879 3.46527265 -0.57044939
v -0.6262046 3.43517756 -0.58461872
v 0.62533623 3.43614176 -0.59025945
v 0.6533372 3.43530848 -0.57223964
v -0.62584035 3.40262937 -0.58494353
v 0.6254441 3.40300671 -0.59027199
v 0.65358306 3.4033187 -0.5721537
v -0.62579475 3.3749946 -0.58474544
v 0.62531346 3.37500468 -0.59010808
v 0.65348255 3.37533117 -0.57196499
v -0.62590816 3.34691622 -0.58435023
v 0.62486565 3.34688337 -0.58998514
v 0.65301856 3.34641721 -0.57188248
v -0.6256286 3.31305143 -0.58416314
v 0.62498943 3.31434561 -0.58935248
v 0.65432815 3.31418485 -0.57042578
v -0.62456648 3.28104959 -0.58455351
v 0.62610408 3.28212621 -0.5879809
v -0.62477606 3.25275323 -0.58411754
v 0.626369 3.25320643 -0.5873516
v -0.6248997 3.21989802 -0.5836733
v 0.6262184 3.22008203 -0.58700017
v -0.62474755 3.18687329 -0.58320511
v 0.62594325 3.18702663 -0.5866126
v -0.62449672 3.15915699 -0.58257378
v 0.62507551 3.15979 -0.58643062
v -0.62372977 3.13220125 -0.58193782
v 0.6245758 3.13206578 -0.58564078
v -0.62292788 3.10140107 -0.58069842
v 0.62622526 3.09946232 -0.58297732
v -0.62474251 3.06567296 -0.57688486
v -0.59395354 3.0674137 -0.59420014
v 0.62694128 3.06588422 -0.58012151
v -0.62423117 3.03860985 -0.57412957
v -0.59566709 3.03801074 -0.59057795
v 0.62483455 3.03848285 -0.57852823
v -0.62421268 3.01304531 -0.57081931
v -0.59558275 3.01171281 -0.58830024
v 0.59274712 3.01051438 -0.59516013
v 0.62342878 3.0113286 -0.57599849
v -0.59622767 2.97839193 -0.58560813
v 0.59549043 2.97874839 -0.59169463
v 0.62360439 2.98070305 -0.57256564
v -0.5960106 2.94466912 -0.58390404
v 0.59761061 2.94495729 -0.58881627
v -0.59483213 2.91688115 -0.58343949
v 0.59689879 2.91515653 -0.5880819
v -0.61589204 2.8932139 -0.56648902
v -0.58979654 2.89066945 -0.58601784
v 0.59213561 2.88324415 -0.58987461
v 0.61589365 2.8817656 -0.57236075
v -0.59171757 2.85607572 -0.58215826
v -0.5640232 2.85613116 -0.59715233
v 0.58999267 2.85195847 -0.5885578
v 0.61295764 2.851776 -0.57267638
v -0.59230303 2.82429218 -0.57874685
v -0.56497257 2.82386623 -0.59303344
v 0.56435697 2.82234594 -0.59783717
v 0.59073741 2.82301859 -0.58497743
v 0.61325863 2.82322835 -0.57074856
v -0.59045414 2.79624253 -0.57658541
v -0.56393445 2.79521911 -0.58995243
v 0.56535605 2.79517698 -0.59367556
v 0.59336451 2.79544277 -0.57927409
v -0.58886051 2.76214595 -0.57343261
v -0.56441763 2.76178212 -0.58550425
v -0.53626185 2.76164203 -0.59745682
v 0.56431452 2.76343173 -0.58974565
v 0.59223914 2.76276866 -0.57563278
v -0.56597592 2.72718051 -0.58022756
v -0.53503327 2.72742392 -0.59349315
v 0.56200949 2.72828094 -0.58591529
v 0.58798766 2.72494356 -0.57304693
v -0.5659892 2.6989439 -0.57735495
v -0.5329588 2.69781012 -0.59111521
v 0.52982442 2.69780298 -0.59615465
v 0.56437714 2.70225728 -0.58228084
v -0.56423579 2.67245376 -0.57684108
v -0.53274677 2.66911754 -0.58902403
v 0.53259368 2.66965953 -0.59276572
v 0.56101602 2.67470776 -0.58202139
v 0.58319408 2.68183337 -0.57176003
v -0.56386223 2.63949491 -0.57586757
v -0.53467775 2.64183293 -0.5870836
v -0.50147948 2.63903536 -0.59780845
v 0.53412413 2.64158905 -0.59070151
v 0.56231563 2.64273514 -0.58023541
v 0.58627071 2.64656007 -0.56944009
v -0.56145476 2.60787907 -0.57603485
v -0.53348523 2.61091273 -0.58623694
v -0.50337834 2.60901747 -0.59541958
v 0.50471672 2.60981674 -0.59862562
v 0.5387993 2.61189415 -0.58774799
v 0.56876704 2.61125365 -0.57666856
v -0.56082034 2.5769574 -0.57563768
v -0.53260457 2.57905172 -0.58509007
v -0.50203215 2.57903064 -0.59396415
v 0.50261788 2.57927906 -0.59736001
v 0.53430506 2.58037655 -0.58803273
v 0.56569959 2.57988483 -0.57719181
v -0.56252462 2.5468083 -0.57420228
v -0.53469302 2.54839346 -0.5828581
v -0.50336076 2.54825671 -0.59132563
v -0.47138106 2.5496143 -0.59919734
v 0.50116907 2.54951013 -0.59542266
v 0.53525875 2.54927747 -0.58618945
v 0.56811168 2.54749283 -0.57563985
v -0.55861244 2.52203629 -0.57432157
v -0.53105962 2.51996439 -0.58192431
v -0.50114091 2.51771803 -0.58919088
v -0.47169088 2.51917026 -0.59591859
v -0.44258138 2.52031603 -0.60164435
v 0.46726378 2.51693911 -0.59974637
v 0.50050355 2.51877276 -0.59284046
v 0.53288511 2.52040867 -0.58494661
v 0.56499369 2.5199458 -0.57559271
v -0.5557602 2.49614085 -0.57349145
v -0.52826006 2.4908067 -0.58014911
v -0.50130566 2.48982415 -0.58630937
v -0.47341991 2.49067737 -0.59204179
v -0.44324076 2.49113704 -0.5973755
v 0.44281453 2.48741135 -0.60004855
v 0.47051532 2.48835353 -0.59560471
v 0.50028921 2.48809514 -0.58968177
v 0.53041421 2.48921614 -0.5829238
v 0.56016971 2.49213073 -0.57533032
v -0.52974127 2.45749233 -0.57618699
v -0.50360368 2.46064587 -0.58214278
v -0.47418023 2.45870838 -0.58722103
v -0.44225717 2.45851338 -0.59218664
v -0.41190052 2.46011321 -0.59639246
v 0.41424415 2.45999736 -0.59884276
v 0.44464128 2.457309 -0.59474895
v 0.47253722 2.45731014 -0.5906606
v 0.50158052 2.45710502 -0.58549508
v 0.53007035 2.45737535 -0.57968729
v 0.5589888 2.45834333 -0.5728141
v -0.5291201 2.42414462 -0.57190496
v -0.50152869 2.42796194 -0.57775344
v -0.47066518 2.42629462 -0.58246086
v -0.44049493 2.42589753 -0.58609286
v -0.41158832 2.4255338 -0.58876801
v -0.38126106 2.42935284 -0.59223287
v -0.34805803 2.42806405 -0.59386412
v -0.3182487 2.42538777 -0.59337877
v -0.28717411 2.42772965 -0.59481704
v 0.26016596 2.42863889 -0.59758683
v 0.28938878 2.42629763 -0.59445924
v 0.31805884 2.42431877 -0.5946352
v 0.34984703 2.42661088 -0.59535212
v 0.38172775 2.42857841 -0.59425638
v 0.41405863 2.42517893 -0.59113328
v 0.44508306 2.42562708 -0.58862722
v 0.47231696 2.42547215 -0.58534686
v 0.50254899 2.4255195 -0.58050656
v 0.53234214 2.42787123 -0.57536786
v -0.50490571 2.399877 -0.57238121
v -0.47426657 2.39917501 -0.57650178
v -0.44455316 2.3972202 -0.57877956
v -0.41246531 2.39602738 -0.58073771
v -0.3811575 2.40024479 -0.58382446
v -0.35066661 2.39902519 -0.58401324
v -0.31795412 2.39632845 -0.58243193
v -0.28876042 2.39435308 -0.5838052
v -0.25894909 2.39654559 -0.59393795
v 0.26019085 2.39968478 -0.58854785
v 0.29009333 2.39576301 -0.58242437
v 0.31995224 2.39599024 -0.58308022
v 0.35045931 2.39861092 -0.58545095
v 0.37834211 2.39911289 -0.58535526
v 0.41295767 2.39633743 -0.58316126
v 0.44907909 2.39803534 -0.5817625
v 0.47470989 2.39891688 -0.57982185
v 0.50108032 2.39839354 -0.57604942
v 0.53035152 2.40120838 -0.57151081
v -0.47296153 2.3732407 -0.56983977
v -0.44407345 2.37225672 -0.5713995
v -0.41108497 2.37047704 -0.57217527
v -0.3794596 2.37471002 -0.57419248
v -0.35016655 2.3752807 -0.5734034
v -0.31545121 2.37341637 -0.57204947
v -0.28757926 2.36707669 -0.57546537
v -0.25951803 2.36447199 -0.58863709
v 0.22735861 2.36808163 -0.59280628
v 0.25873794 2.36848933 -0.58033922
v 0.28939344 2.36949913 -0.57190314
v 0.320692 2.37246631 -0.57125261
v 0.35150195 2.37357296 -0.57372001
v 0.3786148 2.37156385 -0.5740706
v 0.41259763 2.37006237 -0.57363596
v 0.4503884 2.37309517 -0.57395754
v 0.4784106 2.37324938 -0.57266259
v -0.25811032 2.33487011 -0.58574907
v -0.04751772 2.33481629 -0.59623647
v 0.22670421 2.33730359 -0.58780795
v 0.25389617 2.33750502 -0.57414569
v -0.25721624 2.30679196 -0.58354827
v -0.08267232 2.30860379 -0.59005708
v -0.04734273 2.30807854 -0.58558131
v -0.01181503 2.30641033 -0.59280558
v 0.19914912 2.30572778 -0.59496659
v 0.22683848 2.30606207 -0.5827089
v 0.25073452 2.30955216 -0.5694707
v -0.25468181 2.27317256 -0.58211196
v -0.22482001 2.27576367 -0.59581976
v -0.13625136 2.27354342 -0.59728205
v -0.10973341 2.27337692 -0.58947163
v -0.08294523 2.27527292 -0.57912461
v -0.04881178 2.27583787 -0.57530132
v -0.01301189 2.27547445 -0.58146921
v 0.01486602 2.27265806 -0.59337379
v 0.19810049 2.27343295 -0.58873838
v 0.22549897 2.27359289 -0.57672179
v -0.25368928 2.24560976 -0.5796667
v -0.22694162 2.24371151 -0.58983013
v -0.19913237 2.24427959 -0.59461152
v -0.1682233 2.2454007 -0.59441924
v -0.13600666 2.24322313 -0.58896729
v -0.11080292 2.24504483 -0.58131756
v -0.08077436 2.25209748 -0.56981406
v -0.01402271 2.25158632 -0.57082764
v 0.01695792 2.24384292 -0.58408448
v 0.04640549 2.24472822 -0.59450435
v 0.13444265 2.2454055 -0.59788915
v 0.16579183 2.24468126 -0.59145472
v 0.1994143 2.24412239 -0.58134698
v 0.22527288 2.24576668 -0.56992775
v -0.25435182 2.21823429 -0.57578331
v -0.22796469 2.21561349 -0.58409582
v -0.20087695 2.21416734 -0.58682835
v -0.16857428 2.21692693 -0.58643651
v -0.13720131 2.21840734 -0.58142816
v -0.11209733 2.2179622 -0.5717283
v 0.01613445 2.21501655 -0.57227236
v 0.04574435 2.21678647 -0.58471896
v 0.07905379 2.21787228 -0.59101245
v 0.10639316 2.21783413 -0.59203506
v 0.13509977 2.21622186 -0.58904757
v 0.16761042 2.21543391 -0.58242997
v 0.20060394 2.21560616 -0.57224721
v -0.25362428 2.18980309 -0.57166743
v -0.22711712 2.18923438 -0.57791245
v -0.20051302 2.18431515 -0.57799784
v -0.16873054 2.1876612 -0.57658541
v -0.13845396 2.19004785 -0.57045997
v 0.04622423 2.18572605 -0.57291791
v 0.07795618 2.18531831 -0.57920138
v 0.10710419 2.18443547 -0.58040632
v 0.13604831 2.18488803 -0.57826079
v 0.16824429 2.18461105 -0.57174336
v -0.22653486 2.15774823 -0.56904922
v -0.07162524 4.46493305 -0.60055849
v -0.04041795 4.46255258 -0.60565733
v -0.01338591 4.46490461 -0.6054675
v 0.01345504 4.46578356 -0.60490293
v 0.04381495 4.46489957 -0.60429884
v 0.07545289 4.46501809 -0.60142287
v -0.16527762 4.43637948 -0.60114142
v -0.13302639 4.43981709 -0.60607313
v -0.10529189 4.43987859 -0.61148655
v -0.07680671 4.43698762 -0.61807543
v -0.04529236 4.43758386 -0.62106383
v -0.01474012 4.44014421 -0.6209921
v 0.01330812 4.44097847 -0.6206135
v 0.04286389 4.44047091 -0.61985104
v 0.07458473 4.43810977 -0.6186433
v 0.10401935 4.43895342 -0.61410315
v 0.13353776 4.44037326 -0.6078161
v 0.16778072 4.43746716 -0.60235211
v -0.2300514 4.40793798 -0.60304067
v -0.20057438 4.40750663 -0.61011651
v -0.16721501 4.40844806 -0.61740613
v -0.13398745 4.4108218 -0.62333916
v 0.13311205 4.41140403 -0.62530761
v 0.1683007 4.41058757 -0.61843799
v 0.20114884 4.41109331 -0.61074938
v 0.22658939 4.4091617 -0.60604056
v 0.2529622 4.40673136 -0.60079259
v -0.28669229 4.38093847 -0.60194149
v -0.25500609 4.38038776 -0.61204952
v -0.2269309 4.37695897 -0.62090146
v 0.20175012 4.38260334 -0.6264189
v 0.22842553 4.3811154 -0.62111195
v 0.25373842 4.37936522 -0.61586524
v 0.28547103 4.38149352 -0.60497101
v -0.32204621 4.34638553 -0.60679251
v -0.28596241 4.34617931 -0.61964531
v 0.28721166 4.34699129 -0.62187385
v 0.32161462 4.3460395 -0.61010502
v 0.34780324 4.34056254 -0.60493921
v 0.37486762 4.34175222 -0.59763838
v -0.3773927 4.31927016 -0.60315701
v -0.34888157 4.31924984 -0.61077803
v -0.31949707 4.31544925 -0.62163695
v 0.32129213 4.3162185 -0.62383446
v 0.34875689 4.31490541 -0.61599546
v 0.37848242 4.31528786 -0.60787256
v -0.41190431 4.28807947 -0.60299345
v -0.37982952 4.28935698 -0.61365078
v -0.34793416 4.28855298 -0.62305036
v 0.34940076 4.2894549 -0.62543783
v 0.38176992 4.28909654 -0.61631361
v 0.41498853 4.28980135 -0.60469307
v -0.44075544 4.25774699 -0.60073753
v -0.41097146 4.2602824 -0.61219213
v -0.37887128 4.26050585 -0.62333888
v 0.38161995 4.25806542 -0.62650366
v 0.41333802 4.25883075 -0.61516491
v 0.44026889 4.26197697 -0.60334873
v -0.44187632 4.22594591 -0.60910041
v -0.40811303 4.22777525 -0.62234947
v 0.41206429 4.22582935 -0.62484656
v 0.44157568 4.2275462 -0.61244136
v 0.47020245 4.22302482 -0.60101323
v -0.4712637 4.19433101 -0.60338565
v -0.4405937 4.19636671 -0.61656312
v 0.44186813 4.19654743 -0.61966297
v 0.47177795 4.19487388 -0.60710113
v -0.47121691 4.16923439 -0.60831399
v -0.44279001 4.16933399 -0.62090889
v 0.44191019 4.1668535 -0.62555894
v 0.46996247 4.16880738 -0.61325999
v 0.49641506 4.16888219 -0.60085983
v -0.49757486 4.13721238 -0.6012661
v -0.46941177 4.13715788 -0.61443832
v -0.44200703 4.13504191 -0.62664621
v 0.46872783 4.13905923 -0.61877428
v 0.49643181 4.13973042 -0.60595209
v -0.49761983 4.10300996 -0.60593507
v -0.46883721 4.10155453 -0.61935294
v 0.46982476 4.10701621 -0.62249517
v 0.50000349 4.10727062 -0.60871893
v -0.49971665 4.07423322 -0.60798667
v -0.46842666 4.07470197 -0.62222352
v 0.47262327 4.07462968 -0.62455692
v 0.50386285 4.07514915 -0.61038619
v -0.50268061 4.04727055 -0.60875732
v -0.47068613 4.04789663 -0.62337075
v 0.47111839 4.04625431 -0.62759373
v 0.5014667 4.04698812 -0.61397412
v 0.52834881 4.04859975 -0.60080295
v -0.50407391 4.01613435 -0.6101944
v -0.47240816 4.01461504 -0.62497643
v 0.4995112 4.01405284 -0.61710311
v 0.52704391 4.01542198 -0.60350353
v -0.50242409 3.98384687 -0.61286094
v -0.47094929 3.98107932 -0.62770846
v 0.50204721 3.98329266 -0.61758223
v 0.53132366 3.98391916 -0.60292838
v -0.52488742 3.95428588 -0.60288852
v -0.49743428 3.95235372 -0.61689738
v 0.50166185 3.95404478 -0.61940765
v 0.53245789 3.95476402 -0.60395702
v -0.5244325 3.9248112 -0.60480311
v -0.49693373 3.92233995 -0.61891564
v 0.50053101 3.92214116 -0.6220566
v 0.53116014 3.92243773 -0.60667056
v -0.52844008 3.89317949 -0.60500674
v -0.49948686 3.89041096 -0.61990862
v 0.50349805 3.89042077 -0.62292168
v 0.53441356 3.89012685 -0.60746244
v -0.53218969 3.86240222 -0.60536538
v -0.50235447 3.86074841 -0.62084893
v 0.50421526 3.8607938 -0.62495689
v 0.5356356 3.86115076 -0.60907246
v -0.5347052 3.8338499 -0.60618513
v -0.50371022 3.83272047 -0.62240915
v 0.50196392 3.8323799 -0.62833104
v 0.5347804 3.83274471 -0.61161313
v -0.53527594 3.80088605 -0.60839672
v -0.5019489 3.80162953 -0.6256058
v 0.53102411 3.79924177 -0.61608071
v 0.55978628 3.79471409 -0.60044459
v -0.53233783 3.7675473 -0.61255119
v 0.53374689 3.7663743 -0.61724096
v 0.55970863 3.76424782 -0.60297237
v -0.53514496 3.73691152 -0.61382303
v 0.53603248 3.73561005 -0.6186496
v 0.56102681 3.73528013 -0.6049818
v -0.56262892 3.70751501 -0.60176932
v -0.53510923 3.70868507 -0.61657152
v 0.53774642 3.70672012 -0.62037177
v 0.56434212 3.70778987 -0.60589115
v -0.56271077 3.67824108 -0.60491778
v -0.53455709 3.67952349 -0.61984292
v 0.53904124 3.6748368 -0.62282663
v 0.5676277 3.67739351 -0.60729713
v -0.5636219 3.6460595 -0.60783088
v -0.53304023 3.64477386 -0.62396909
v 0.5359492 3.64273691 -0.62736972
v 0.56725543 3.64661932 -0.61070287
v -0.56182296 3.61592161 -0.61154336
v 0.56296286 3.61741781 -0.61582069
v 0.5883014 3.61773933 -0.60177709
v -0.56167516 3.58848501 -0.61401741
v 0.5618805 3.58960617 -0.61880735
v 0.58787635 3.58953543 -0.604624
v -0.58875236 3.55867452 -0.60152766
v -0.56231108 3.55493276 -0.61632391
v 0.5621934 3.55707703 -0.62084493
v 0.5888175 3.55705363 -0.60661697
v -0.58863496 3.52531174 -0.60398903
v -0.56264089 3.52396356 -0.61807746
v 0.56388653 3.52384371 -0.62174511
v 0.59190656 3.52371678 -0.60697162
v -0.58856204 3.49695535 -0.60556697
v -0.56241604 3.49684552 -0.6193086
v 0.56504987 3.4958905 -0.6223349
v 0.59368323 3.49637649 -0.60728592
v -0.58786416 3.4682722 -0.60682417
v -0.56177851 3.46833082 -0.62030887
v 0.565373 3.46900068 -0.62293506
v 0.59375958 3.46894857 -0.60811877
v -0.58852365 3.43504623 -0.60691628
v -0.56224583 3.43517021 -0.62042767
v 0.56599613 3.43582388 -0.62305911
v 0.59406302 3.43588083 -0.60846894
v -0.5880348 3.40247106 -0.60715514
v -0.56240224 3.40239576 -0.62037891
v 0.56432769 3.40258187 -0.62377793
v 0.59405181 3.40264611 -0.60851979
v -0.5880058 3.37497596 -0.60689443
v -0.56285426 3.37484946 -0.61994392
v 0.5641221 3.37428075 -0.62367734
v 0.59418462 3.37492266 -0.60825046
v -0.58823541 3.34732642 -0.60640683
v -0.56324844 3.34727878 -0.61942677
v 0.56414161 3.34402133 -0.62336375
v 0.59388454 3.3464551 -0.60803185
v -0.5882511 3.31400336 -0.60596848
v -0.56338584 3.3141485 -0.61893595
v 0.565782 3.31138711 -0.62222563
v 0.59415618 3.3138571 -0.60741712
v -0.58804348 3.28122436 -0.60571246
v -0.56330052 3.28134386 -0.6185633
v 0.56526561 3.28115529 -0.6220856
v 0.59379348 3.2818877 -0.60706128
v -0.58817167 3.25267842 -0.605334
v -0.56326308 3.25265685 -0.61826434
v 0.56469225 3.25302613 -0.62197808
v 0.59366102 3.2531373 -0.60669409
v -0.58812376 3.21983365 -0.60495504
v -0.56352016 3.21980346 -0.61774509
v 0.56434863 3.22016105 -0.62162406
v 0.59350895 3.22013709 -0.60626085
v -0.58794164 3.18674301 -0.60436049
v -0.56459947 3.18677383 -0.61656816
v -0.53689402 3.18675849 -0.62971509
v 0.56440929 3.18707139 -0.62085124
v 0.59279118 3.18731907 -0.60595013
v -0.58734487 3.15923958 -0.60362899
v -0.56432114 3.15895883 -0.61566302
v -0.53805715 3.1591144 -0.62842119
v 0.56310145 3.15897256 -0.62046857
v 0.59042374 3.16003601 -0.60623942
v -0.58683238 3.13373675 -0.60258312
v -0.56356131 3.13170364 -0.61471486
v -0.5379781 3.13128357 -0.62745476
v 0.56156449 3.13088501 -0.61997208
v 0.58739776 3.13172557 -0.60645853
v -0.58822504 3.1047582 -0.60007292
v -0.56336777 3.10064954 -0.61328437
v -0.53764135 3.09848286 -0.62636693
v 0.56107626 3.09874077 -0.61878367
v 0.58667733 3.09866904 -0.60500183
v -0.56547964 3.06567205 -0.61027817
v -0.53764815 3.06541617 -0.62493615
v 0.5606308 3.06674286 -0.61765599
v 0.586538 3.06540595 -0.60302021
v -0.56578858 3.03792871 -0.60848659
v -0.53709821 3.03845091 -0.62380728
v 0.53559122 3.03924937 -0.62953942
v 0.56286676 3.03810327 -0.61537562
v 0.58806674 3.0379023 -0.60014865
v -0.56542259 3.01130374 -0.60719766
v -0.53667923 3.01083659 -0.62235367
v 0.53759852 3.0104664 -0.62720217
v 0.56538112 3.01029962 -0.61261227
v -0.5643328 2.97902431 -0.60619158
v -0.53628469 2.97803791 -0.62047586
v 0.53694502 2.97687541 -0.62551537
v 0.56573692 2.9773553 -0.61090439
v -0.56195181 2.94525309 -0.60569291
v -0.53436968 2.94453189 -0.61897139
v 0.53523055 2.94309804 -0.6237635
v 0.56556738 2.94336856 -0.60916408
v -0.56120648 2.91702223 -0.60407378
v -0.53439245 2.91686434 -0.61659695
v 0.53519637 2.91506011 -0.62117829
v 0.5655416 2.91442426 -0.60714968
v -0.56083502 2.8894084 -0.6021723
v -0.53650208 2.88919669 -0.6130177
v -0.50278582 2.88927927 -0.62630305
v 0.53474124 2.88465027 -0.61804776
v 0.56353087 2.88321774 -0.60537021
v -0.53738221 2.85645456 -0.60885553
v -0.50393178 2.85682805 -0.62210059
v 0.5346838 2.85358104 -0.61432828
v 0.56227133 2.85125923 -0.60236485
v -0.53576396 2.82432483 -0.60561362
v -0.50295981 2.82486517 -0.61847995
v 0.5014641 2.82585815 -0.62325209
v 0.53751352 2.82269253 -0.60918979
v -0.53453019 2.7948749 -0.60246782
v -0.50340906 2.79454172 -0.61447776
v -0.47026525 2.79601859 -0.62642941
v 0.50332868 2.79666582 -0.61865885
v 0.5363422 2.79608783 -0.60615943
v -0.5036496 2.76173281 -0.60997957
v -0.47072605 2.76285447 -0.62165517
v 0.47059514 2.76370666 -0.6254297
v 0.50250752 2.76314839 -0.61450339
v 0.53153709 2.76474177 -0.60381118
v -0.49999046 2.72821825 -0.60677128
v -0.47136698 2.72987563 -0.61677326
v -0.44063152 2.73242512 -0.62680325
v 0.44363975 2.72917253 -0.62876953
v 0.47229261 2.72839063 -0.61990049
v 0.49911663 2.72766782 -0.61096603
v 0.52643773 2.72823464 -0.60088154
v -0.49620363 2.69628762 -0.60427083
v -0.47111261 2.69866245 -0.61266425
v -0.44128895 2.70088983 -0.62194194
v 0.44372619 2.70095175 -0.62456911
v 0.47364371 2.69849808 -0.61543389
v 0.50006047 2.69664122 -0.60676337
v -0.49581357 2.66376811 -0.60130309
v -0.46955232 2.66681083 -0.60967206
v -0.44124321 2.67004601 -0.61809413
v -0.40660716 2.67324837 -0.62765873
v 0.44154735 2.67277394 -0.62155738
v 0.47139272 2.66902644 -0.61286269
v 0.49838793 2.66653208 -0.6043076
v -0.47012397 2.64070651 -0.60720662
v -0.44036132 2.64063514 -0.61530424
v -0.40843349 2.64352628 -0.62342959
v 0.40644717 2.6435981 -0.62669559
v 0.44057486 2.63980648 -0.61830791
v 0.4704306 2.64065578 -0.61063877
v 0.49859989 2.63876753 -0.60227477
v -0.46962877 2.61118787 -0.60511307
v -0.4411927 2.60997629 -0.61224067
v -0.41271275 2.61050579 -0.61857717
v -0.38220862 2.61310116 -0.62494274
v -0.35493144 2.61410539 -0.62974136
v 0.3820417 2.61315689 -0.62740908
v 0.41249172 2.61003651 -0.621374
v 0.44365425 2.60833228 -0.61449982
v 0.47462661 2.61178481 -0.60719766
v -0.46904836 2.58194861 -0.60288369
v -0.44083476 2.58048803 -0.60920793
v -0.41176743 2.58017534 -0.61496038
v -0.38237684 2.57922682 -0.62007561
v -0.35439804 2.5832706 -0.62507212
v -0.32076691 2.58086343 -0.62848521
v 0.32020808 2.57823107 -0.6301795
v 0.35225979 2.58002917 -0.62702754
v 0.38215342 2.57900661 -0.62254238
v 0.41333175 2.57869524 -0.61728103
v 0.44373127 2.57726038 -0.61126478
v 0.47281008 2.57990136 -0.60502327
v -0.44234287 2.54916261 -0.60530121
v -0.41209448 2.55061942 -0.61099125
v -0.3815534 2.54782724 -0.61547284
v -0.35121273 2.55148212 -0.62036617
v -0.31803768 2.54827532 -0.62337229
v -0.28277468 2.5519228 -0.62611385
v -0.25443195 2.55342625 -0.62814107
v 0.25476688 2.55323747 -0.62972287
v 0.28538983 2.55213297 -0.62779462
v 0.31838484 2.54773908 -0.62524688
v 0.35231513 2.54978291 -0.62219957
v 0.3832084 2.54905144 -0.61792125
v 0.41432652 2.55047311 -0.61340002
v 0.44104406 2.54637492 -0.60828759
v 0.46797434 2.54822212 -0.60305432
v -0.41134463 2.52049573 -0.60676239
v -0.38104676 2.51673766 -0.61060081
v -0.3507893 2.51926254 -0.61486287
v -0.3196378 2.51787616 -0.61763476
v -0.28647862 2.52028538 -0.61957219
v -0.25622683 2.5195038 -0.62055109
v -0.22870277 2.52169758 -0.6259601
v 0.22807785 2.52084868 -0.62706852
v 0.25617906 2.5194437 -0.62214353
v 0.28740019 2.52083283 -0.62151591
v 0.3200869 2.5184673 -0.61976138
v 0.35200878 2.51946135 -0.61706591
v 0.38108815 2.5184915 -0.61341865
v 0.41035319 2.52021544 -0.60968992
v 0.43802389 2.5153999 -0.60481845
v -0.41285008 2.49075748 -0.60187088
v -0.38285887 2.4901237 -0.60570286
v -0.35057257 2.49001803 -0.60925661
v -0.32189957 2.48852794 -0.61126765
v -0.28965779 2.48979182 -0.61244402
v -0.25733231 2.48624562 -0.61310316
v -0.22913962 2.48642801 -0.61914021
v -0.19962858 2.48815285 -0.6275821
v 0.19981963 2.48847824 -0.62639117
v 0.22936743 2.48656193 -0.61889154
v 0.25844379 2.48661554 -0.61413124
v 0.29037425 2.49047461 -0.61445331
v 0.32143772 2.4881548 -0.61319422
v 0.35243091 2.48902363 -0.61109765
v 0.38377007 2.49092387 -0.60828478
v 0.41393601 2.49088129 -0.60457091
v -0.38024843 2.46503703 -0.6009097
v -0.34600125 2.46418705 -0.60390343
v -0.31966802 2.46029967 -0.60425394
v -0.28914654 2.46104622 -0.60489816
v -0.25629632 2.45955849 -0.60755966
v -0.22899091 2.45854302 -0.61487058
v -0.20093982 2.45887631 -0.62384595
v -0.16677965 2.45986762 -0.6301849
v -0.10833367 2.46016646 -0.63117375
v -0.07962444 2.45927007 -0.63042439
v 0.16605283 2.45848357 -0.62751444
v 0.20138235 2.45862957 -0.61953653
v 0.22961457 2.45920993 -0.61235233
v 0.25897242 2.45836268 -0.60663588
v 0.2891662 2.46033868 -0.60613841
v 0.31778709 2.45738429 -0.60539914
v 0.34898941 2.45997615 -0.60469335
v 0.38236045 2.46373236 -0.60285126
v -0.25515892 2.43142477 -0.60171027
v -0.22807116 2.43150878 -0.6118143
v -0.20097939 2.43106452 -0.62125016
v -0.1680506 2.43122839 -0.62718795
v -0.13569123 2.43237265 -0.62812447
v -0.10829865 2.43033732 -0.62561715
v -0.07981048 2.42624922 -0.62243717
v -0.04578411 2.42724095 -0.62343267
v -0.01399883 2.42734398 -0.62773116
v 0.16661515 2.43015343 -0.62289744
v 0.200506 2.43089335 -0.61413145
v 0.22851438 2.43329609 -0.60636312
v -0.22843421 2.39778271 -0.60820962
v -0.20088161 2.39819568 -0.61825552
v -0.1682725 2.39814525 -0.62343814
v -0.13546443 2.39841317 -0.62309252
v -0.10700887 2.39697759 -0.61895094
v -0.07717562 2.39308579 -0.61395311
v -0.04428421 2.39345303 -0.61424464
v -0.01324428 2.39377253 -0.61932681
v 0.01695065 2.39762668 -0.6264657
v 0.13220736 2.40082908 -0.62688759
v 0.16666738 2.39738315 -0.61855945
v 0.19775759 2.40032341 -0.6097709
v 0.2268175 2.40447949 -0.60021624
v -0.22615452 2.36564647 -0.60609701
v -0.20008026 2.36547742 -0.61527671
v -0.16832245 2.36536636 -0.61903304
v -0.13525652 2.36538541 -0.61745958
v -0.10697586 2.36613681 -0.61253557
v -0.07687545 2.36618203 -0.60706044
v -0.04349483 2.36407113 -0.60678817
v -0.01206124 2.36601978 -0.61203558
v 0.01546475 2.36544339 -0.61925172
v 0.04944087 2.36749196 -0.6254704
v 0.0797132 2.36719785 -0.62729974
v 0.10595609 2.36724477 -0.62604555
v 0.13441338 2.36527618 -0.62185599
v 0.16649731 2.36493425 -0.61465343
v 0.19635669 2.36673152 -0.6053424
v -0.22449702 2.33870159 -0.60440462
v -0.19985512 2.33728993 -0.6118309
v -0.16876185 2.33721546 -0.61440148
v -0.13629045 2.33737045 -0.61229566
v -0.11050506 2.34053089 -0.60754012
v -0.07784621 2.34420945 -0.6011396
v -0.01509102 2.34260183 -0.60435516
v 0.01633505 2.33795461 -0.61287243
v 0.04788212 2.33689862 -0.61923204
v 0.07983128 2.33611416 -0.62165447
v 0.10722499 2.33649023 -0.62090511
v 0.13463084 2.33697714 -0.6175423
v 0.1659805 2.33859987 -0.61116651
v 0.19694864 2.3391488 -0.60134539
v -0.22434709 2.31097513 -0.60121931
v -0.19844878 2.3089452 -0.60769877
v -0.1692741 2.30902234 -0.60936392
v -0.13762706 2.30796308 -0.60624362
v -0.11156717 2.31021048 -0.60019179
v 0.01701164 2.30551288 -0.60411616
v 0.04682273 2.30526713 -0.61193492
v 0.07921167 2.30391392 -0.61500577
v 0.10719175 2.30409919 -0.6146879
v 0.13398907 2.30658913 -0.61228978
v 0.16455775 2.30824188 -0.60630975
v -0.19676314 2.27764536 -0.60213902
v -0.16809956 2.27878587 -0.60288397
v 0.04355375 2.27352785 -0.60283788
v 0.07753561 2.27341296 -0.60761591
v 0.10581472 2.27349131 -0.60800824
v 0.13283928 2.27604682 -0.60611439
v 0.16209056 2.2777409 -0.60065515
v 0.08046794 2.24759902 -0.60081325
v 0.10633272 2.24777429 -0.60150048
v -0.10432848 4.40788194 -0.63075522
v -0.07746227 4.40677647 -0.63560707
v -0.04561271 4.40893363 -0.63755192
v -0.01413863 4.41073817 -0.63798712
v 0.01347657 4.41101878 -0.63790979
v 0.04191103 4.41017639 -0.63739432
v 0.07367216 4.40663679 -0.63704142
v 0.10300675 4.4072172 -0.63306396
v -0.1978352 4.37279189 -0.6297726
v -0.16631543 4.37604766 -0.63528542
v -0.1351409 4.3821273 -0.63879504
v -0.1065828 4.38016963 -0.64514905
v -0.07889081 4.38054102 -0.64910116
v -0.04590471 4.38223013 -0.65140983
v -0.0139829 4.38268235 -0.65261071
v 0.01330309 4.38258428 -0.65272482
v 0.04150571 4.38234683 -0.65189343
v 0.07448647 4.38068013 -0.65033748
v 0.10530283 4.37981043 -0.64700942
v 0.13375519 4.38109929 -0.64135427
v 0.16845287 4.38111022 -0.63447092
v -0.25311823 4.34459051 -0.63008641
v -0.2270147 4.34463492 -0.63661939
v -0.1989997 4.34416645 -0.64346415
v -0.16575523 4.34672203 -0.64963863
v -0.1347167 4.3487618 -0.65508245
v 0.16655424 4.34679684 -0.65153325
v 0.20147552 4.34956285 -0.64279401
v 0.22954522 4.34603277 -0.638026
v 0.25606436 4.34372992 -0.63263247
v -0.28518815 4.31638745 -0.63313681
v -0.2544192 4.31627188 -0.64216261
v -0.22868353 4.31737189 -0.64806965
v -0.19972114 4.31646268 -0.65521764
v 0.2006541 4.31787539 -0.6570404
v 0.22829053 4.31611693 -0.65149886
v 0.25619995 4.31536015 -0.64497204
v 0.28790445 4.31634164 -0.63529705
v -0.31872533 4.28685225 -0.63333658
v -0.28665363 4.28836806 -0.64368444
v -0.25604932 4.28799933 -0.65254662
v -0.22897319 4.28997213 -0.65870057
v 0.2557044 4.28874911 -0.65533154
v 0.28880693 4.28945715 -0.64556898
v 0.32125325 4.28916743 -0.63460779
v -0.34682801 4.25931603 -0.63339591
v -0.31924788 4.25928157 -0.64259382
v -0.28651847 4.25737994 -0.65424329
v 0.289211 4.26077455 -0.65542638
v 0.3215673 4.26110293 -0.64441258
v 0.34951473 4.26013782 -0.63556715
v -0.37671205 4.2259347 -0.63424628
v -0.34759594 4.2264714 -0.64334626
v -0.31918642 4.22644114 -0.65262857
v 0.32070948 4.22890118 -0.65490152
v 0.34955094 4.22840413 -0.64560919
v 0.3801786 4.22632738 -0.63639216
v -0.40455542 4.19698789 -0.63124225
v -0.37591962 4.19574358 -0.64231447
v -0.34812647 4.19545821 -0.65147805
v 0.34759475 4.19615153 -0.65498214
v 0.37615777 4.19649644 -0.64555329
v 0.4071847 4.19570967 -0.63406072
v -0.40921885 4.16913982 -0.63486206
v -0.37989799 4.16998571 -0.64588363
v -0.34891656 4.16869881 -0.65664421
v 0.37644237 4.16783247 -0.65117034
v 0.40823883 4.16714139 -0.63928145
v -0.41073512 4.13576395 -0.63936957
v -0.37807867 4.13874682 -0.65126
v 0.37763387 4.13593179 -0.65564675
v 0.41012141 4.13396151 -0.64380836
v 0.44014988 4.13340534 -0.631798
v -0.44031043 4.0987224 -0.63193354
v -0.41375848 4.10105888 -0.642425
v -0.38094771 4.10523058 -0.654247
v 0.40881048 4.10159137 -0.64827797
v 0.43986584 4.10265216 -0.63583571
v -0.43911946 4.07307409 -0.63486934
v -0.41435923 4.07334671 -0.64472226
v -0.38055314 4.07508387 -0.65727337
v 0.4093449 4.07538619 -0.65045439
v 0.44289466 4.07468292 -0.63721528
v -0.44173714 4.04646865 -0.63573148
v -0.41295038 4.04434778 -0.64726986
v 0.41064098 4.04739341 -0.65206147
v 0.44357664 4.04726228 -0.63907313
v -0.44430159 4.01320318 -0.63700752
v -0.41299914 4.01157207 -0.64949244
v 0.41276914 4.01695992 -0.65345246
v 0.44323534 4.01673914 -0.64152686
v 0.46760582 4.0145859 -0.63146647
v -0.44350197 3.98108114 -0.63945747
v -0.41218954 3.98082253 -0.65191311
v 0.41213395 3.98463209 -0.65598857
v 0.44375519 3.98494268 -0.64356354
v 0.46771268 3.98360479 -0.63346911
v -0.46667234 3.950174 -0.63134648
v -0.44294089 3.95235021 -0.64145724
v -0.41296734 3.95292698 -0.65340777
v 0.44001515 3.95302925 -0.64705523
v 0.4672882 3.9518278 -0.63556077
v -0.46596459 3.92136042 -0.63346715
v -0.44467851 3.92293156 -0.64263774
v -0.41284472 3.92291938 -0.65536152
v 0.44169928 3.92127314 -0.64841792
v 0.46976708 3.92000725 -0.63658689
v -0.46613242 3.88962518 -0.63560813
v -0.4417694 3.88943703 -0.64606659
v 0.44308957 3.88868641 -0.65014766
v 0.47174853 3.88930759 -0.63787533
v -0.46891528 3.8591054 -0.63681916
v -0.44263472 3.85894737 -0.6480293
v 0.44398046 3.85747485 -0.65220192
v 0.47211886 3.85978611 -0.64002037
v -0.47099202 3.82954595 -0.63828706
v -0.44394228 3.82795967 -0.64996911
v 0.4450755 3.82660595 -0.65416386
v 0.47203785 3.83088917 -0.64237191
v -0.47120164 3.800729 -0.64028171
v -0.44334738 3.79988452 -0.65224072
v 0.44452745 3.79701331 -0.6564906
v 0.47013787 3.80067717 -0.64554937
v 0.49667823 3.80001089 -0.63340649
v -0.49508775 3.76902585 -0.63154058
v -0.46987583 3.76943759 -0.64326248
v -0.44374489 3.76805654 -0.65427663
v 0.4433161 3.76723181 -0.65894441
v 0.47010754 3.76868598 -0.64773994
v 0.49790125 3.7658575 -0.63529004
v -0.49593419 3.73770375 -0.63359078
v -0.47109688 3.73920948 -0.64476681
v -0.44314039 3.73877126 -0.6562757
v 0.44156164 3.73871845 -0.66126358
v 0.46979653 3.73923315 -0.6498155
v 0.49892428 3.73630254 -0.63696269
v -0.49647418 3.70966572 -0.63545619
v -0.46726301 3.71150879 -0.64808926
v 0.46846074 3.71019976 -0.65219863
v 0.49938407 3.70855282 -0.63890291
v -0.49899342 3.68028056 -0.63680347
v -0.4698745 3.68028308 -0.64930976
v -0.44099976 3.68017549 -0.66063604
v 0.46969066 3.67971612 -0.65385663
v 0.5015256 3.6769284 -0.6405979
v -0.50240007 3.64607575 -0.63822017
v -0.47404949 3.64710978 -0.64994018
v -0.4453816 3.64588691 -0.66085178
v 0.4716381 3.64617606 -0.65537861
v 0.50241783 3.6434724 -0.6429313
v -0.52620283 3.61302952 -0.6300413
v -0.50083508 3.61481095 -0.64139595
v -0.47201793 3.61712277 -0.65253436
v 0.47205736 3.61479834 -0.65712627
v 0.49982851 3.61319035 -0.64626188
v 0.52872125 3.6134089 -0.63325736
v -0.52470925 3.58641372 -0.63265748
v -0.50039183 3.58722304 -0.64328112
v -0.47072847 3.58747059 -0.65461804
v 0.47049784 3.5881698 -0.65892318
v 0.49910661 3.58741791 -0.64795113
v 0.52715935 3.58736748 -0.63578611
v -0.52924485 3.55236989 -0.63253062
v -0.50340766 3.55507678 -0.6434666
v -0.47270547 3.55611851 -0.65511768
v 0.47009752 3.55717285 -0.66009569
v 0.49977363 3.55669962 -0.64882819
v 0.5284363 3.55665479 -0.63675038
v -0.53105468 3.52340304 -0.63296785
v -0.50343991 3.5250897 -0.6444497
v -0.47271202 3.52466122 -0.65603705
v 0.50044296 3.52366936 -0.64952606
v 0.53106032 3.5242153 -0.63690826
v -0.53084927 3.49667124 -0.6338094
v -0.50252307 3.4963159 -0.64551021
v -0.47200584 3.49551926 -0.65694976
v 0.50249036 3.49465117 -0.64943549
v 0.53432429 3.49548837 -0.63647348
v -0.53046626 3.46813084 -0.63453284
v -0.50216937 3.46753586 -0.64616011
v -0.47160139 3.46737672 -0.65755832
v 0.50330528 3.4670227 -0.64961222
v 0.53598699 3.46859056 -0.63638333
v -0.53090426 3.4352722 -0.63470817
v -0.50252328 3.43531317 -0.64636779
v -0.4715545 3.43546847 -0.65787185
v 0.50227272 3.43472919 -0.65032053
v 0.53536511 3.43579355 -0.63696759
v -0.53164273 3.40236676 -0.63450202
v -0.50323089 3.40250629 -0.64621958
v -0.47191328 3.4028201 -0.65784691
v 0.49803836 3.40245509 -0.65214931
v 0.52961228 3.40259651 -0.6394373
v -0.53217925 3.3745526 -0.63414926
v -0.50351885 3.37431115 -0.64603626
v -0.47201737 3.37451366 -0.65773169
v 0.49721531 3.37495096 -0.65241829
v 0.52771965 3.37395447 -0.64011949
v -0.5324836 3.34681017 -0.63375882
v -0.50359531 3.34626801 -0.64578087
v -0.4721002 3.34636236 -0.65748225
v 0.49814897 3.34490644 -0.65186485
v 0.52857783 3.34274459 -0.63954601
v -0.53261585 3.31382873 -0.63330961
v -0.50360606 3.31351443 -0.64540213
v -0.47221006 3.31349398 -0.65707773
v 0.50138782 3.3113577 -0.65028131
v 0.532429 3.30961332 -0.63763016
v -0.53231619 3.2816141 -0.63303426
v -0.50314403 3.28187264 -0.64519998
v -0.47181829 3.28143702 -0.65683635
v 0.50238011 3.28093913 -0.64961082
v 0.53309735 3.2802996 -0.63709795
v -0.53224663 3.25278587 -0.63274111
v -0.50271784 3.25299279 -0.6450512
v -0.47133791 3.25282468 -0.65667573
v 0.50188967 3.25280367 -0.64951191
v 0.53232754 3.25249196 -0.63714516
v -0.53352432 3.21975702 -0.63179079
v -0.50291481 3.21975463 -0.6446127
v -0.47098768 3.21981095 -0.65639961
v 0.50147671 3.22226749 -0.6493045
v 0.5314771 3.22028846 -0.63708646
v -0.50431252 3.18669061 -0.64352803
v -0.47015882 3.1868728 -0.65611326
v 0.47037754 3.19019659 -0.6598015
v 0.50286987 3.18774033 -0.6482274
v 0.53165673 3.18684373 -0.63637927
v -0.50497408 3.15899441 -0.64270274
v -0.47060838 3.15895308 -0.65536278
v 0.47179406 3.15950043 -0.6586694
v 0.5013715 3.15918634 -0.64821339
v 0.52963872 3.15830235 -0.63645982
v -0.50522022 3.13118439 -0.64180033
v -0.47089108 3.13134766 -0.6543927
v 0.4719358 3.13117808 -0.65785028
v 0.49943037 3.1309795 -0.64820358
v 0.52774638 3.13062296 -0.63638053
v -0.50503999 3.09822866 -0.64061829
v -0.47092782 3.09931613 -0.65304794
v 0.47183276 3.09892807 -0.65668463
v 0.49968211 3.09870904 -0.64704375
v 0.5277986 3.09976289 -0.6353285
v -0.50430429 3.06554114 -0.63938399
v -0.47155261 3.06543067 -0.65114834
v -0.44289887 3.06648312 -0.66006642
v 0.47136453 3.06625309 -0.65532138
v 0.50163229 3.06723886 -0.64501106
v 0.52992248 3.06913229 -0.6333045
v -0.50227216 3.03882125 -0.63861628
v -0.47103755 3.03803007 -0.64967708
v -0.44357251 3.03706223 -0.65809446
v 0.47137749 3.0379921 -0.65376375
v 0.50490592 3.03835544 -0.64220891
v -0.49998153 3.01074413 -0.63762316
v -0.47025415 3.00976264 -0.64802734
v -0.44146564 3.00813426 -0.65661675
v 0.44323253 3.00972453 -0.66051205
v 0.47192504 3.00996647 -0.65195808
v 0.50493751 3.01023994 -0.64058971
v -0.49837571 2.97735341 -0.63580748
v -0.47100841 2.97691954 -0.64542216
v -0.44198013 2.97656644 -0.65412785
v 0.44352536 2.97725044 -0.65813453
v 0.47157096 2.97681658 -0.64977522
v 0.50319874 2.97688291 -0.63899131
v -0.49581028 2.94421977 -0.63414583
v -0.4701371 2.94460397 -0.64318844
v -0.4420541 2.945316 -0.65168784
v 0.44312753 2.94410062 -0.65569774
v 0.47046807 2.9438191 -0.64758206
v 0.49941103 2.94382631 -0.63779975
v -0.497226 2.91695418 -0.63118565
v -0.47060081 2.91716561 -0.6406585
v -0.44413911 2.91614202 -0.64876823
v -0.40832485 2.91904469 -0.65825108
v 0.41492679 2.91713661 -0.66057012
v 0.44437769 2.91678946 -0.65304164
v 0.47008625 2.91697964 -0.64532606
v 0.49655145 2.91773068 -0.63640309
v -0.4716997 2.88900308 -0.63743018
v -0.44402777 2.88557341 -0.64585085
v -0.41002173 2.88982129 -0.65518822
v 0.41337284 2.89023037 -0.65824891
v 0.44402515 2.88903866 -0.65033216
v 0.4693869 2.88943383 -0.6426944
v 0.49515352 2.89080555 -0.63401015
v -0.46945134 2.85769705 -0.6346805
v -0.44314487 2.85295258 -0.64263851
v -0.41325883 2.85499427 -0.65101715
v -0.37877521 2.85498751 -0.65785882
v -0.34750509 2.85300466 -0.66099432
v 0.41337462 2.85898409 -0.65475449
v 0.44385592 2.85625052 -0.64663481
v 0.46844463 2.85807271 -0.63924642
v 0.49659943 2.86102406 -0.62980412
v -0.4684385 2.82692034 -0.63117592
v -0.44306439 2.82375731 -0.6390989
v -0.41618273 2.82337688 -0.64662192
v -0.38286671 2.82292774 -0.65372172
v -0.34963864 2.82284887 -0.65779872
v -0.31858069 2.82489417 -0.66038807
v 0.32096508 2.82316737 -0.662104
v 0.34959024 2.82336133 -0.66045083
v 0.38112027 2.82646297 -0.65733389
v 0.41584349 2.82471169 -0.65021056
v 0.44292527 2.82399662 -0.64277237
v 0.46756127 2.8251394 -0.6350439
v -0.44217101 2.79660583 -0.63568791
v -0.41492052 2.79513568 -0.64324672
v -0.38241295 2.79480657 -0.65039534
v -0.34987232 2.79521284 -0.65478223
v -0.3188082 2.79697977 -0.65737158
v 0.3198044 2.79590217 -0.65912485
v 0.35011976 2.7951643 -0.65721341
v 0.38256096 2.79596689 -0.65336799
v 0.4150873 2.79586963 -0.64646628
v 0.44188533 2.79756557 -0.63933524
v 0.46785512 2.79852885 -0.63123574
v -0.43941719 2.76563687 -0.63212239
v -0.40890357 2.76276866 -0.64031807
v -0.37841398 2.76169716 -0.64696333
v -0.34932231 2.76195111 -0.65097547
v -0.3209496 2.76272453 -0.65291086
v -0.28629963 2.76437603 -0.65731127
v 0.28697024 2.76337075 -0.65864909
v 0.32098073 2.76254616 -0.65483764
v 0.3496765 2.76241668 -0.65327384
v 0.38011485 2.76280761 -0.64938555
v 0.4121909 2.76244508 -0.64234991
v 0.44204759 2.76352503 -0.63431997
v -0.40522006 2.72954458 -0.63638592
v -0.37626743 2.72849563 -0.64292801
v -0.34946471 2.72882321 -0.64692425
v -0.3216252 2.72925522 -0.6489411
v -0.28876186 2.72972166 -0.65215506
v -0.25590913 2.73037394 -0.65889825
v 0.25582897 2.72984824 -0.66020469
v 0.28839503 2.72963291 -0.65373692
v 0.32124089 2.72936915 -0.65082956
v 0.34946415 2.7290469 -0.64908743
v 0.37830506 2.72911036 -0.64499614
v 0.41019243 2.72912535 -0.63788394
v -0.40362236 2.7005762 -0.63240678
v -0.3749004 2.70129333 -0.63930827
v -0.34950695 2.7012069 -0.64336846
v -0.32155683 2.70176055 -0.64583481
v -0.28874421 2.70214566 -0.64865258
v -0.25541583 2.70312586 -0.65486958
v 0.25522663 2.70294395 -0.65620474
v 0.28821858 2.70251313 -0.65026085
v 0.32125276 2.70209754 -0.6476549
v 0.3497435 2.70141171 -0.64541495
v 0.37647502 2.70173249 -0.6413984
v 0.40646854 2.70294511 -0.63481401
v -0.37500501 2.67660536 -0.63542467
v -0.34890977 2.67469967 -0.63974319
v -0.32124302 2.67422945 -0.64247348
v -0.28849932 2.67450165 -0.64506969
v -0.25629977 2.67459054 -0.65015109
v -0.22822197 2.67525626 -0.65643407
v -0.20132294 2.67398341 -0.66093429
v 0.22723897 2.67592114 -0.65791339
v 0.2568528 2.6746147 -0.65140402
v 0.28892584 2.67531832 -0.64665401
v 0.32119959 2.67471536 -0.64428222
v 0.34922739 2.67471928 -0.64175073
v 0.37458607 2.67617013 -0.63787988
v 0.40387278 2.6775242 -0.63170281
v -0.37540505 2.64814278 -0.63115883
v -0.34917696 2.645246 -0.63536681
v -0.32152461 2.64225353 -0.63802887
v -0.2880594 2.64157963 -0.64039183
v -0.25640547 2.64127645 -0.64444319
v -0.22948456 2.64106095 -0.65013281
v -0.20211191 2.64083887 -0.65536047
v -0.16850814 2.64319188 -0.65983701
v 0.19848827 2.64394241 -0.65738951
v 0.22969563 2.64112235 -0.65141774
v 0.26000102 2.64106494 -0.64532305
v 0.29170078 2.64260958 -0.64179858
v 0.32155956 2.64239236 -0.63986129
v 0.34892248 2.64465909 -0.63737127
v 0.37582001 2.64523115 -0.63303594
v -0.32356318 2.61107646 -0.63306319
v -0.28639325 2.61032302 -0.63566914
v -0.25561235 2.60908556 -0.63873298
v -0.22970589 2.60806214 -0.6438024
v -0.20238688 2.60743902 -0.64930198
v -0.16907815 2.6077525 -0.65388948
v -0.13591247 2.60993796 -0.65713678
v -0.10798399 2.60911102 -0.65879058
v -0.07974315 2.60816444 -0.65998999
v -0.04636843 2.60776444 -0.66100994
v -0.01312691 2.60787328 -0.66171847
v 0.01443473 2.60800961 -0.66198654
v 0.04251056 2.60789606 -0.66169108
v 0.07515823 2.60832007 -0.66070818
v 0.10750443 2.60904644 -0.65933891
v 0.13540925 2.60951743 -0.65786898
v 0.16668213 2.60977599 -0.65547569
v 0.2015411 2.60783834 -0.6508047
v 0.23030197 2.60782137 -0.64515431
v 0.26056686 2.60864015 -0.63962454
v 0.29294586 2.61010243 -0.63687926
v 0.32265534 2.60977995 -0.63492524
v 0.35256705 2.61389574 -0.63216386
v -0.28171337 2.58338672 -0.6315983
v -0.25296283 2.58312561 -0.63409638
v -0.22880196 2.58144984 -0.63857005
v -0.20231058 2.58029283 -0.64402963
v -0.16918577 2.57958835 -0.64869482
v -0.13582987 2.58001893 -0.65185358
v -0.10808407 2.5800115 -0.65371801
v -0.08021847 2.5801972 -0.65517064
v -0.04680527 2.58030849 -0.65644864
v -0.01352534 2.58039011 -0.65748435
v 0.0146671 2.58030919 -0.65803142
v 0.04483135 2.5801841 -0.65780271
v 0.07732967 2.58082536 -0.65663833
v 0.10767512 2.58052281 -0.65487595
v 0.13602881 2.58002674 -0.65294504
v 0.16887076 2.57992531 -0.65008202
v 0.20187231 2.58022707 -0.64558418
v 0.22847983 2.58117277 -0.64013735
v 0.25681198 2.58220061 -0.63520389
v 0.288688 2.58245241 -0.63281823
v -0.22851548 2.55431421 -0.63296547
v -0.20163162 2.55445935 -0.6389462
v -0.16877649 2.55245153 -0.64353658
v -0.13583864 2.55210289 -0.64654781
v -0.10805965 2.55255297 -0.6484914
v -0.08037052 2.55282167 -0.65002108
v -0.04708763 2.55288522 -0.65155658
v -0.01386743 2.55296159 -0.65311344
v 0.0148763 2.55293489 -0.65417352
v 0.04709793 2.55275285 -0.6541661
v 0.07976626 2.55307223 -0.65277875
v 0.10797934 2.55281428 -0.65067343
v 0.13573866 2.55247578 -0.64827853
v 0.16859209 2.55283929 -0.64507305
v 0.20115055 2.55470362 -0.64057318
v 0.22754309 2.5540543 -0.6346218
v -0.20062774 2.52378684 -0.63323361
v -0.16685541 2.52083105 -0.63816518
v -0.13539563 2.51930953 -0.64064624
v -0.10820897 2.51931867 -0.64207743
v -0.0806034 2.51968794 -0.64337232
v -0.04717474 2.51994541 -0.6451756
v -0.01417049 2.51977495 -0.64738655
v 0.01461964 2.5198603 -0.64929995
v 0.04735784 2.51977569 -0.64993542
v 0.08014055 2.51973422 -0.64854527
v 0.10776569 2.5194914 -0.64595382
v 0.13494533 2.51966395 -0.64294797
v 0.16655524 2.52133962 -0.63934841
v 0.20024625 2.52376974 -0.63412299
v -0.16429187 2.48729967 -0.63350665
v -0.13408075 2.48737326 -0.63568882
v -0.10816942 2.48650454 -0.63597482
v -0.08056539 2.48677206 -0.63648784
v -0.04625736 2.48800602 -0.63848389
v -0.01406309 2.48693559 -0.64114217
v 0.01439214 2.48686358 -0.64398228
v 0.04700685 2.48652792 -0.64546433
v 0.07998495 2.48641027 -0.64443829
v 0.10733086 2.4861834 -0.64160637
v 0.13296783 2.48682185 -0.63809359
v 0.16401303 2.48737208 -0.63317799
v -0.13538937 2.46174285 -0.63206229
v -0.04439368 2.46131493 -0.63231138
v -0.01308328 2.45970797 -0.63540086
v 0.01458602 2.45958023 -0.63914577
v 0.04687451 2.45842795 -0.64134502
v 0.07968072 2.45821844 -0.64083985
v 0.10686325 2.4588878 -0.63829281
v 0.13260271 2.46009359 -0.63434602
v 0.01526156 2.43010677 -0.63337749
v 0.04886654 2.43174057 -0.6372122
v 0.07922741 2.43228969 -0.63742738
v 0.10475019 2.43389488 -0.63549038
v 0.13132711 2.43355846 -0.6311617
v 0.05250139 2.40434922 -0.63260613
v 0.07994465 2.40622 -0.63386508
v 0.10377324 2.40563661 -0.63193621
v -0.10739866 4.34368201 -0.66233663
v -0.07908981 4.34395813 -0.6661305
v -0.04609988 4.3463753 -0.6680177
v -0.01420262 4.34696272 -0.66914377
v 0.01317764 4.34689141 -0.66926986
v 0.04216169 4.3462191 -0.66858571
v 0.07604641 4.34485151 -0.66671378
v 0.10606971 4.34210483 -0.66447376
v 0.13182864 4.34258746 -0.66009513
v -0.16512467 4.31611525 -0.6630668
v -0.13394219 4.31733855 -0.66890484
v -0.10763838 4.31586701 -0.67417733
v -0.07941087 4.31658821 -0.67752059
v -0.04654297 4.31756424 -0.67986982
v -0.01444376 4.31611343 -0.68177628
v 0.01361308 4.31574597 -0.68208014
v 0.04388593 4.31599421 -0.68101473
v 0.07983647 4.31786782 -0.67774425
v 0.10846303 4.31691056 -0.67492046
v 0.13278805 4.31541114 -0.67175336
v 0.16614652 4.31632876 -0.6650267
v -0.20027595 4.29075343 -0.66527236
v -0.16677419 4.29000463 -0.67290598
v -0.13382637 4.28784831 -0.68003954
v -0.10675177 4.28799205 -0.6845343
v -0.07714935 4.28978118 -0.68759695
v -0.04415776 4.28966659 -0.69031029
v 0.07825539 4.28939592 -0.68859267
v 0.10758396 4.29032362 -0.6850766
v 0.13355366 4.29009541 -0.68135054
v 0.16704268 4.29015131 -0.67524533
v 0.19996368 4.29019908 -0.66832493
v 0.22616858 4.28844371 -0.66290079
v -0.25522733 4.2542553 -0.66440707
v -0.22868556 4.25879068 -0.66979612
v -0.20067723 4.26216638 -0.67528218
v -0.16646134 4.25871251 -0.683677
v 0.1662312 4.26114117 -0.68552658
v 0.20098121 4.26289262 -0.67776975
v 0.22817322 4.26139754 -0.6720049
v 0.25652423 4.25980132 -0.66524483
v -0.28508469 4.22454273 -0.66455361
v -0.25445742 4.22355984 -0.67390779
v -0.22796462 4.2270668 -0.6796788
v -0.20007372 4.22803512 -0.68594217
v 0.20055284 4.22915741 -0.68821372
v 0.22874301 4.2292332 -0.68174294
v 0.25557128 4.22757407 -0.67544055
v 0.28774715 4.22781994 -0.66605555
v -0.31876757 4.19376518 -0.66146686
v -0.28687442 4.19476348 -0.67162651
v -0.25614397 4.19594895 -0.68024912
v -0.22716304 4.19590959 -0.68776332
v 0.22822766 4.19636433 -0.69031582
v 0.25574874 4.19686194 -0.68324152
v 0.28870475 4.19724019 -0.67380202
v 0.31988629 4.19705863 -0.66383185
v -0.31993504 4.16742452 -0.66651723
v -0.28949136 4.16799932 -0.67613086
v -0.25640965 4.16761211 -0.68579542
v 0.25442495 4.16831593 -0.68942468
v 0.28961648 4.16848293 -0.67935196
v 0.3209994 4.16785068 -0.66963403
v 0.3469618 4.16630517 -0.66146847
v -0.34556153 4.13699117 -0.66272392
v -0.32100458 4.13726211 -0.67084668
v -0.29274227 4.13709961 -0.67996865
v -0.25937886 4.13725091 -0.6898112
v 0.28593887 4.13623887 -0.68554255
v 0.32175731 4.1381971 -0.67412578
v 0.34876407 4.13798976 -0.6653803
v -0.34799772 4.1037072 -0.66599153
v -0.32248943 4.10453782 -0.67444981
v -0.29044151 4.10400967 -0.68492866
v 0.32050186 4.10405688 -0.67888979
v 0.34879444 4.10438218 -0.66961715
v 0.37415692 4.10054445 -0.6612694
v -0.35027648 4.07339882 -0.66823534
v -0.32308196 4.07449758 -0.67737195
v -0.28754529 4.07510362 -0.68898829
v 0.31997574 4.07471542 -0.68215649
v 0.3486728 4.07493705 -0.6726618
v 0.37287538 4.07302603 -0.66436357
v -0.37461219 4.04545634 -0.66167063
v -0.34848896 4.04517363 -0.67109513
v -0.3205884 4.04625361 -0.68048196
v 0.32163525 4.0469346 -0.68391565
v 0.34991049 4.04613775 -0.67449268
v 0.37511282 4.04460065 -0.6656497
v -0.37345576 4.0130275 -0.66434599
v -0.34904219 4.01369799 -0.67312278
v -0.32113746 4.01379913 -0.68261481
v 0.32155666 4.01489186 -0.68624414
v 0.34950411 4.01405102 -0.67688576
v 0.37754361 4.01333402 -0.66693324
v -0.37539073 3.98097691 -0.66590005
v -0.34998327 3.98105074 -0.67516149
v -0.32200842 3.98061281 -0.68480398
v 0.32223905 3.98251122 -0.6884607
v 0.34941957 3.9812571 -0.67931316
v 0.37841587 3.98110216 -0.66891584
v -0.37767639 3.95261023 -0.66700489
v -0.34964473 3.95201273 -0.6774062
v -0.32168243 3.95135541 -0.68718879
v 0.3222096 3.9540941 -0.69072482
v 0.34862429 3.95383352 -0.68166757
v 0.37458032 3.95423629 -0.67228999
v 0.40330523 3.95470799 -0.66139849
v -0.37854486 3.92439148 -0.66852701
v -0.34979334 3.92440745 -0.67921901
v -0.32192272 3.92350637 -0.68906654
v 0.3477057 3.92583248 -0.68387299
v 0.37478241 3.92566269 -0.67410812
v 0.40211475 3.92337608 -0.66389636
v -0.40438269 3.88891337 -0.6608571
v -0.37517642 3.89190156 -0.67183791
v -0.34965076 3.89308507 -0.68112008
v -0.32168505 3.89269785 -0.69089034
v 0.34879188 3.8935195 -0.68536407
v 0.37855428 3.89123415 -0.67482246
v 0.40626866 3.88827384 -0.6646245
v -0.40332211 3.85938012 -0.66336071
v -0.3775496 3.86177025 -0.67284805
v -0.35023936 3.86161237 -0.6826387
v 0.35071204 3.86135712 -0.68650528
v 0.3825688 3.85973315 -0.67531573
v 0.41168443 3.8567713 -0.66480171
v -0.40585861 3.82856922 -0.66469994
v -0.37953038 3.8320759 -0.67407611
v -0.3497843 3.83286084 -0.68438706
v 0.35127962 3.83184377 -0.6880096
v 0.38327578 3.83118365 -0.67691672
v 0.41452164 3.8273441 -0.66587147
v -0.40580982 3.80085061 -0.66667953
v -0.37702909 3.80303845 -0.67687854
v -0.34840697 3.80358817 -0.68656888
v 0.3495252 3.80110053 -0.69039469
v 0.37987908 3.80144236 -0.68000949
v 0.41319366 3.79853122 -0.66826321
v -0.40775933 3.76925757 -0.66802092
v -0.37716042 3.77082353 -0.67884342
v -0.35051443 3.77061787 -0.68778958
v 0.37779533 3.76944893 -0.68259765
v 0.41257392 3.76840888 -0.67037078
v -0.41028857 3.73935433 -0.66868413
v -0.37887972 3.74052804 -0.67965358
v -0.35130071 3.73932323 -0.68888799
v 0.37808308 3.74071492 -0.68381072
v 0.41240521 3.73964769 -0.6719144
v -0.43640743 3.71238984 -0.66041875
v -0.40771793 3.71122468 -0.67095672
v -0.37827949 3.71029502 -0.68097263
v -0.35031781 3.70769923 -0.69016564
v 0.37769576 3.71127274 -0.6850799
v 0.40877098 3.71017356 -0.67457667
v 0.43691793 3.71005266 -0.66443488
v -0.41126009 3.67830146 -0.67113828
v -0.37778219 3.67533189 -0.68229491
v 0.37879391 3.67767916 -0.68583262
v 0.41010488 3.67896816 -0.67551725
v 0.43831165 3.6811808 -0.66555234
v -0.41563328 3.64481449 -0.67111475
v -0.38087171 3.64380358 -0.68241287
v 0.37734633 3.64456443 -0.68733743
v 0.41102497 3.64572258 -0.67659955
v 0.44190469 3.64817786 -0.66607881
v -0.44037992 3.61703536 -0.66402756
v -0.41293967 3.61774409 -0.67322729
v -0.38093944 3.61785322 -0.68331843
v 0.3766205 3.6172731 -0.68836292
v 0.41130169 3.61627003 -0.67767042
v 0.44373358 3.61665262 -0.66700672
v -0.43926939 3.58761208 -0.66579176
v -0.41259976 3.58878102 -0.67451706
v -0.38083851 3.58944899 -0.68428921
v 0.37623349 3.58981365 -0.68920404
v 0.40987218 3.58921083 -0.67907934
v 0.44167634 3.58924305 -0.66885189
v -0.44231012 3.555956 -0.66581277
v -0.41350099 3.55613532 -0.67520562
v -0.38012711 3.55742894 -0.68530355
v 0.38036776 3.55677597 -0.68863351
v 0.4144118 3.55711668 -0.6784644
v 0.44402606 3.55756736 -0.66904606
v -0.44391178 3.52426714 -0.66607117
v -0.41453719 3.52440401 -0.67554422
v -0.3801407 3.52511225 -0.68574541
v 0.38112398 3.5235189 -0.6888531
v 0.41432484 3.52418721 -0.67907955
v 0.44231916 3.52446691 -0.67033793
v 0.46710387 3.52435568 -0.66195095
v -0.4445574 3.4958117 -0.66643324
v -0.41627158 3.49636444 -0.67543075
v -0.38135699 3.49669548 -0.68557912
v 0.3815139 3.4960631 -0.6889394
v 0.41413768 3.49652008 -0.6794744
v 0.44177721 3.4954656 -0.67095616
v 0.4664477 3.49590346 -0.66270143
v -0.44417596 3.46780638 -0.66694984
v -0.4160496 3.46811795 -0.67575913
v -0.3815195 3.46880056 -0.68559628
v 0.38245449 3.46736761 -0.68875504
v 0.4152 3.46778257 -0.67939301
v 0.44267752 3.46514902 -0.67100744
v 0.46690893 3.46715026 -0.66294422
v -0.44348215 3.43514835 -0.66738686
v -0.41477566 3.43468219 -0.6762367
v -0.38076692 3.43571279 -0.68574247
v 0.38307097 3.43433203 -0.68860458
v 0.41636705 3.43471014 -0.67924213
v 0.44356207 3.43240672 -0.67100659
v 0.46709336 3.43472233 -0.6631898
v -0.44380363 3.40262229 -0.66732263
v -0.41532322 3.40233139 -0.67602762
v -0.3812604 3.40307661 -0.68545177
v 0.3831394 3.4023634 -0.68853873
v 0.41678306 3.40250924 -0.67921789
v 0.44381662 3.40172009 -0.6710737
v 0.46627084 3.40266579 -0.66367102
v -0.44383959 3.37468611 -0.66718246
v -0.41539572 3.37473682 -0.67583211
v -0.38095373 3.37490732 -0.68532401
v 0.38304228 3.3739862 -0.68838309
v 0.41681938 3.37376514 -0.67915485
v 0.44394992 3.37366672 -0.67101444
v 0.46635843 3.37396449 -0.6636084
v -0.44404049 3.34671589 -0.66687335
v -0.41546779 3.34680113 -0.67552937
v -0.38063019 3.34715004 -0.6851035
v 0.38239383 3.34252842 -0.68814605
v 0.41584521 3.34147898 -0.67914413
v 0.4437154 3.34123263 -0.67088079
v 0.46629591 3.34229104 -0.66344547
v -0.44436551 3.31357958 -0.66638729
v -0.41538636 3.31360451 -0.67511862
v -0.38087101 3.31514043 -0.68455139
v 0.37874082 3.31056701 -0.68841965
v 0.41220404 3.30882312 -0.67962837
v 0.44246395 3.3081207 -0.67083904
v 0.46670488 3.30895677 -0.66293168
v -0.44370749 3.28094004 -0.66616146
v -0.41345885 3.28068157 -0.67514811
v -0.38047903 3.28163 -0.68400482
v -0.34909648 3.28227359 -0.69129353
v 0.37666456 3.28095664 -0.68805499
v 0.41093808 3.28020245 -0.67934174
v 0.44217689 3.27999399 -0.67047662
v 0.46657775 3.28040621 -0.6626178
v -0.44258702 3.25299041 -0.6661057
v -0.41087462 3.2530393 -0.67534193
v -0.3783743 3.25279862 -0.6838075
v -0.3493967 3.25283841 -0.69009314
v 0.3771931 3.25243242 -0.68696625
v 0.41114115 3.25312826 -0.67858299
v 0.44170149 3.25393492 -0.6701046
v 0.46614447 3.25480056 -0.66238608
v -0.44145086 3.2202147 -0.66592463
v -0.41035067 3.2201642 -0.67474989
v -0.37787665 3.2196193 -0.68288463
v -0.34905018 3.2201747 -0.68875462
v 0.34889516 3.21944832 -0.69136148
v 0.3808757 3.21978062 -0.68497398
v 0.41327354 3.22337759 -0.67722037
v 0.44167333 3.22629539 -0.66950872
v 0.46682018 3.22694752 -0.66169241
v -0.43855597 3.18723649 -0.66612777
v -0.40957175 3.1869963 -0.67411051
v -0.37829504 3.18677537 -0.68163311
v -0.35005188 3.18647137 -0.68708246
v -0.32181397 3.18744046 -0.69174926
v 0.3486037 3.18684514 -0.68989463
v 0.38283971 3.18745945 -0.68331129
v 0.41604176 3.1907819 -0.67559094
v 0.44361544 3.19149904 -0.66813727
v -0.43830933 3.15915272 -0.66547956
v -0.41077498 3.15872459 -0.67290052
v -0.37962204 3.15949987 -0.68017242
v -0.3504799 3.15929309 -0.68559341
v -0.32210866 3.15926325 -0.6902857
v 0.34847128 3.15965761 -0.68859925
v 0.38307107 3.15982685 -0.68220287
v 0.41706637 3.16119276 -0.67447755
v 0.44462874 3.16065242 -0.66707431
v -0.43797861 3.13244593 -0.6646156
v -0.41003098 3.13139957 -0.67198431
v -0.37875696 3.13138262 -0.67897714
v -0.34958351 3.13154296 -0.68408264
v -0.32091044 3.13155206 -0.68882522
v 0.32063474 3.1323017 -0.69152693
v 0.34966281 3.13206747 -0.68681383
v 0.38193779 3.13186272 -0.68123916
v 0.41590047 3.13204708 -0.67380461
v 0.44463399 3.13193522 -0.66621652
v -0.43957084 3.10200558 -0.66284377
v -0.41255136 3.10061214 -0.66991232
v -0.38109173 3.09855479 -0.67655682
v -0.35041917 3.09827005 -0.6815391
v -0.32019814 3.0992077 -0.68664852
v 0.32067564 3.09915923 -0.6892144
v 0.34844616 3.09876178 -0.68478003
v 0.37776829 3.09864249 -0.6803004
v 0.41146662 3.09897865 -0.67344969
v 0.44222561 3.0996651 -0.66561811
v -0.41575502 3.06607853 -0.66723206
v -0.38302883 3.06514565 -0.67396411
v -0.35048533 3.06516849 -0.67897385
v -0.31989518 3.0666207 -0.68422638
v 0.31967832 3.06638128 -0.68684984
v 0.34854913 3.06571177 -0.68222752
v 0.37676326 3.06549238 -0.67840017
v 0.40937947 3.0655978 -0.67225931
v 0.43961248 3.06615517 -0.66477377
v -0.4141533 3.03774652 -0.66584548
v -0.38181839 3.03776417 -0.67222702
v -0.35002201 3.03743642 -0.67675995
v -0.32154993 3.0378137 -0.68154275
v -0.28602324 3.03987958 -0.68922771
v 0.3197478 3.03961908 -0.68461324
v 0.34924151 3.03830262 -0.67990743
v 0.37834631 3.03756377 -0.67619762
v 0.4105288 3.0376764 -0.67036847
v 0.43955967 3.03778463 -0.66322272
v -0.40670365 3.01025892 -0.66563492
v -0.37692965 3.0102924 -0.67112651
v -0.34859599 3.00992473 -0.67466381
v -0.32124589 3.00986063 -0.67907458
v -0.28733259 3.01162749 -0.68649239
v 0.28711007 3.01226226 -0.68877899
v 0.3222311 3.01102544 -0.68157308
v 0.35064791 3.01022775 -0.67732208
v 0.38222309 3.00938803 -0.67346201
v 0.41495628 3.01003043 -0.667604
v -0.40337885 2.97950546 -0.66413872
v -0.3753563 2.97781628 -0.6689433
v -0.34887138 2.97672131 -0.67172801
v -0.32116152 2.97623211 -0.67583253
v -0.2883673 2.97716933 -0.68297716
v -0.25399073 2.9810142 -0.6898014
v 0.25532929 2.97776732 -0.69105572
v 0.28913766 2.97759087 -0.68496047
v 0.32196114 2.97756776 -0.67827766
v 0.34981992 2.97752195 -0.67452602
v 0.38199109 2.97733128 -0.67105717
v 0.41393811 2.97835228 -0.66560403
v -0.40341198 2.94810098 -0.66173108
v -0.37430462 2.94594383 -0.66656766
v -0.34850136 2.94407638 -0.66883066
v -0.32110125 2.94358878 -0.67240431
v -0.28895831 2.94365379 -0.67927029
v -0.256295 2.94487919 -0.68595737
v -0.22853623 2.94688743 -0.68998758
v -0.20112943 2.94541308 -0.69243088
v 0.22772159 2.9453153 -0.69139965
v 0.2552004 2.94417325 -0.68778727
v 0.28883926 2.94441856 -0.68142226
v 0.32130347 2.9449065 -0.67491478
v 0.34959707 2.94485068 -0.67155765
v 0.3817185 2.94462162 -0.66851188
v 0.41307864 2.94492317 -0.66329935
v -0.37460757 2.91960415 -0.66424036
v -0.34789062 2.91696983 -0.66650651
v -0.32138193 2.91607387 -0.66939587
v -0.28971332 2.91571207 -0.67587596
v -0.2571052 2.91591538 -0.68276478
v -0.22916743 2.9167204 -0.68697606
v -0.19977028 2.91766161 -0.68984735
v 0.19981816 2.9185311 -0.69122517
v 0.22764778 2.91670215 -0.68865613
v 0.25537624 2.91606952 -0.68483557
v 0.28890258 2.91619182 -0.67817055
v 0.32130344 2.91640498 -0.67189437
v 0.34955658 2.91626789 -0.66903506
v 0.3815693 2.91735299 -0.66624468
v -0.37403763 2.89174873 -0.66197701
v -0.34643053 2.8874555 -0.66420856
v -0.32019905 2.88588631 -0.66638715
v -0.28979706 2.88439095 -0.67216272
v -0.2574938 2.88570342 -0.67935448
v -0.22938925 2.88773145 -0.68401217
v -0.20143911 2.88868685 -0.6868794
v -0.16615935 2.89022725 -0.68964267
v -0.13283116 2.89016281 -0.69167879
v 0.13452173 2.89038447 -0.69241232
v 0.16717697 2.89019899 -0.69062318
v 0.20052437 2.88926008 -0.68831935
v 0.22747804 2.88845146 -0.68583675
v 0.25550505 2.88615375 -0.68151368
v 0.28936776 2.88401228 -0.67431609
v 0.32139075 2.88356216 -0.66848001
v 0.34753762 2.88536208 -0.66665333
v 0.37695925 2.89094768 -0.66467598
v -0.31812832 2.85458733 -0.66339812
v -0.28701482 2.85307208 -0.66883094
v -0.2565442 2.85357501 -0.67578574
v -0.22866852 2.85547745 -0.68067129
v -0.20157761 2.85598189 -0.68356303
v -0.17048017 2.85596102 -0.68590568
v -0.13708011 2.85485316 -0.68787763
v -0.10507061 2.85632204 -0.68969072
v -0.07363304 2.85602423 -0.69093447
v -0.04154456 2.8576662 -0.69199204
v 0.04651467 2.85811684 -0.69203911
v 0.07862377 2.85609102 -0.69108773
v 0.1067337 2.85700324 -0.69023106
v 0.1347414 2.8561839 -0.68891593
v 0.16772782 2.85621742 -0.68714046
v 0.19990115 2.85627171 -0.68502967
v 0.22645252 2.85595391 -0.68251976
v 0.25466507 2.85357589 -0.67784007
v 0.288554 2.85140178 -0.67045652
v 0.32095058 2.85110264 -0.66509283
v 0.34626666 2.85464414 -0.66398539
v 0.37534814 2.86191268 -0.66202254
v -0.28410468 2.82471211 -0.66598284
v -0.2555368 2.82349092 -0.67226204
v -0.22890897 2.82331307 -0.67697283
v -0.20151742 2.82330169 -0.68009565
v -0.17122902 2.82317424 -0.68246715
v -0.13812385 2.82232096 -0.68447756
v -0.10646178 2.82276734 -0.68618537
v -0.07436388 2.82273322 -0.68748908
v -0.0423842 2.82292879 -0.6884006
v -0.01333666 2.82523046 -0.68902934
v 0.01322697 2.82530863 -0.68905568
v 0.04257032 2.82303092 -0.68849727
v 0.07521121 2.82272867 -0.68772836
v 0.10621388 2.82316485 -0.6867372
v 0.13470076 2.82317676 -0.68549338
v 0.16726586 2.82334158 -0.68375027
v 0.19915126 2.82350871 -0.68161181
v 0.22628059 2.82362506 -0.67885771
v 0.25414924 2.82365357 -0.67414049
v 0.28655213 2.82396374 -0.66724516
v -0.28230437 2.79882154 -0.66292544
v -0.25429531 2.79692051 -0.66894036
v -0.22898641 2.79504154 -0.67355069
v -0.20091884 2.79465597 -0.67692463
v -0.16826056 2.79466192 -0.67960301
v -0.13501247 2.79439781 -0.68170897
v -0.10570809 2.79445515 -0.68324376
v -0.07511707 2.7945682 -0.68449515
v -0.04328273 2.7943388 -0.6853715
v -0.01404903 2.79435435 -0.68578344
v 0.01324019 2.7943706 -0.6858149
v 0.04167165 2.79432195 -0.68550648
v 0.07445154 2.79451847 -0.68477064
v 0.10671478 2.79451665 -0.68367055
v 0.13502178 2.79452544 -0.6824116
v 0.16708955 2.7945481 -0.68064657
v 0.19902584 2.79463821 -0.6783774
v 0.22634179 2.79499072 -0.67534193
v 0.25338577 2.79610054 -0.67048615
v 0.28446747 2.79685754 -0.66386561
v -0.25534093 2.76401283 -0.66401145
v -0.22857196 2.7630001 -0.669509
v -0.20135766 2.76193301 -0.67301813
v -0.16800613 2.76177039 -0.67588647
v -0.13470176 2.76171047 -0.67808734
v -0.10705598 2.76168896 -0.67956673
v -0.07878564 2.76174927 -0.68076579
v -0.04645921 2.76174045 -0.68171716
v -0.01463567 2.76166101 -0.68220532
v 0.01371642 2.76171646 -0.68226514
v 0.04189721 2.76182275 -0.68196099
v 0.07465752 2.76178377 -0.68116589
v 0.10705355 2.7616331 -0.68000361
v 0.1351975 2.76148887 -0.6786957
v 0.16733971 2.76137312 -0.67682061
v 0.19966607 2.76152744 -0.67431
v 0.22707016 2.76245167 -0.67093536
v 0.25491097 2.7634857 -0.66543466
v -0.22718388 2.73128038 -0.66535859
v -0.20122132 2.72933322 -0.66893419
v -0.16845181 2.72865678 -0.67185374
v -0.13508608 2.72855703 -0.67414175
v -0.10719791 2.7286054 -0.6756909
v -0.07949249 2.72868539 -0.67691504
v -0.04682307 2.72872434 -0.67791699
v -0.01393547 2.72875999 -0.67845515
v 0.01420506 2.72885792 -0.67851357
v 0.04209194 2.72894996 -0.67818688
v 0.07478485 2.72890807 -0.67735493
v 0.10712562 2.72873667 -0.67614887
v 0.13537909 2.72847017 -0.67476054
v 0.16802366 2.72815577 -0.67269052
v 0.20041009 2.72867849 -0.66999988
v 0.2272994 2.72996935 -0.66635591
v -0.22596871 2.70496848 -0.66168716
v -0.20051849 2.70250241 -0.66540047
v -0.1681087 2.70123131 -0.6683535
v -0.13521318 2.70111191 -0.67068088
v -0.10717826 2.70096033 -0.67224971
v -0.07917205 2.70114161 -0.67353381
v -0.04623109 2.70122451 -0.67456987
v -0.01324514 2.7012754 -0.67510895
v 0.01458829 2.70137025 -0.67514986
v 0.0422992 2.70147962 -0.67480978
v 0.07492486 2.7014156 -0.6739501
v 0.10733914 2.70128941 -0.67271069
v 0.13584599 2.70085453 -0.67122528
v 0.16800568 2.70115384 -0.66921872
v 0.19930713 2.7030561 -0.66671385
v 0.22583954 2.70448768 -0.66283312
v -0.16761179 2.67435847 -0.66464761
v -0.13501289 2.67617955 -0.66738434
v -0.10727489 2.6751368 -0.66883269
v -0.07897668 2.67420584 -0.66997705
v -0.04587473 2.67381008 -0.67094138
v -0.01282671 2.67383543 -0.67146155
v 0.01489031 2.67395633 -0.67149832
v 0.04243591 2.67398842 -0.67114627
v 0.07509723 2.67406641 -0.67029058
v 0.10763698 2.67500213 -0.66918167
v 0.13513909 2.67563357 -0.66791907
v 0.16529762 2.67688716 -0.66614955
v 0.19827664 2.67689059 -0.66288825
v -0.13561522 2.648012 -0.66323477
v -0.10748052 2.64650369 -0.66470197
v -0.07889679 2.64331561 -0.66553307
v -0.04575979 2.64134175 -0.66624755
v -0.01271504 2.64092527 -0.66671483
v 0.01483044 2.64104169 -0.66679833
v 0.04230673 2.6411829 -0.66648907
v 0.07495846 2.64232904 -0.66575547
v 0.10702854 2.64559924 -0.66498356
v 0.1328001 2.64809266 -0.66409824
v 0.16209711 2.64842297 -0.66209651
v -0.01378561 4.2858248 -0.69300337
v 0.01207668 4.28460179 -0.69374951
v 0.04087053 4.28560415 -0.69255844
v -0.13200881 4.25166791 -0.69260712
v -0.10511647 4.25234919 -0.69665267
v -0.07466059 4.25852619 -0.69820974
v -0.04163331 4.26169328 -0.69974565
v -0.01196484 4.26104199 -0.70125544
v 0.0148771 4.26071165 -0.70160833
v 0.0448653 4.25891775 -0.7013278
v 0.07935844 4.25712861 -0.69953383
v 0.10590485 4.25615328 -0.6970747
v 0.13163517 4.25837713 -0.69265377
v -0.16664038 4.22504777 -0.6939656
v -0.13390799 4.22318677 -0.70080357
v -0.10667578 4.22450897 -0.70456837
v -0.0759603 4.22779276 -0.70705783
v -0.04266954 4.22849841 -0.70938177
v -0.01236822 4.22914704 -0.71052052
v 0.01525855 4.22965544 -0.71057165
v 0.04656117 4.22808191 -0.7101277
v 0.08011802 4.22597014 -0.70852923
v 0.10726281 4.22627275 -0.70566124
v 0.13324242 4.22800598 -0.70150698
v 0.16597042 4.22807855 -0.69564652
v -0.19967803 4.19567353 -0.69441103
v -0.16742401 4.19499842 -0.70146768
v -0.13535372 4.19668977 -0.70701874
v -0.10772946 4.19736866 -0.7111459
v -0.0785198 4.19698803 -0.71459612
v -0.04464566 4.19480719 -0.71770718
v -0.01318845 4.19477595 -0.71903064
v 0.01470823 4.19521766 -0.71905291
v 0.04609483 4.1956287 -0.71799093
v 0.08007134 4.19649728 -0.71564052
v 0.10741782 4.1971871 -0.71264294
v 0.13456111 4.19786711 -0.70871437
v 0.16698349 4.19650288 -0.70345995
v 0.20025584 4.196439 -0.69676138
v -0.22505815 4.16580728 -0.69444886
v -0.19915207 4.16569773 -0.70061997
v -0.16817197 4.16525461 -0.70717299
v -0.13520818 4.16596559 -0.71303212
v -0.10611923 4.16667572 -0.71737109
v -0.076421 4.1670125 -0.72084548
v 0.07913084 4.16545509 -0.72173122
v 0.10627363 4.16508524 -0.71901943
v 0.13455568 4.16621635 -0.71494895
v 0.16801788 4.16681287 -0.70918907
v 0.20039065 4.16798013 -0.70257337
v 0.22684601 4.1672197 -0.69670716
v -0.22826927 4.13716489 -0.69820862
v -0.20158463 4.13623775 -0.70470076
v -0.16867273 4.13356743 -0.7119894
v -0.13329574 4.1302615 -0.71893075
v 0.13260256 4.13275251 -0.72053559
v 0.16762639 4.13533275 -0.71428406
v 0.20108621 4.13850698 -0.70721417
v 0.22645149 4.138477 -0.70151615
v 0.2518777 4.13832823 -0.69500279
v -0.25638631 4.1043323 -0.69505532
v -0.22835947 4.1061601 -0.70238445
v -0.20195084 4.10620283 -0.70864411
v -0.16736176 4.10398431 -0.71615508
v 0.16527048 4.10450153 -0.71888221
v 0.20225981 4.10669078 -0.71130147
v 0.22888538 4.10575635 -0.70536109
v 0.25198676 4.10410171 -0.69962468
v 0.28064607 4.10079074 -0.69181146
v -0.25540173 4.07513402 -0.6986532
v -0.2282814 4.07675056 -0.70579727
v -0.20076382 4.07767335 -0.7122684
v -0.16538283 4.07664058 -0.71977937
v 0.20020711 4.07592975 -0.71537938
v 0.22920909 4.07467171 -0.70890692
v 0.25295589 4.07412086 -0.70278652
v 0.27923774 4.07299003 -0.69528641
v -0.28192871 4.04732434 -0.69312714
v -0.25372403 4.04773146 -0.70165428
v -0.22767907 4.0482435 -0.70864488
v -0.19794119 4.04825148 -0.71575497
v 0.20061947 4.04793249 -0.71802295
v 0.23015326 4.04729941 -0.7112488
v 0.25490913 4.04711014 -0.70463701
v 0.28258488 4.04710047 -0.69644029
v -0.28164038 4.01366114 -0.69561156
v -0.25436297 4.01457497 -0.70388878
v -0.22763493 4.01432799 -0.71126533
v -0.19613146 4.01298911 -0.71904367
v 0.20034955 4.01443012 -0.72076079
v 0.23006917 4.01443012 -0.71373903
v 0.25595552 4.01447116 -0.70671824
v 0.28543023 4.01510018 -0.69785684
v -0.28421859 3.98024493 -0.6972129
v -0.25465698 3.98142367 -0.70613854
v -0.22431639 3.98000172 -0.7145653
v 0.22808324 3.98189649 -0.71657718
v 0.257433 3.9815548 -0.70864488
v 0.28956635 3.98245686 -0.69897233
v -0.28701715 3.95093023 -0.69857734
v -0.25580744 3.95308094 -0.70796395
v -0.22513851 3.95319189 -0.71642518
v 0.22909001 3.9539851 -0.71837192
v 0.26076948 3.95285987 -0.70988057
v 0.29345236 3.95339069 -0.70007137
v -0.2896209 3.92156481 -0.69981437
v -0.25720006 3.92350174 -0.70964389
v -0.22733987 3.92457724 -0.71787389
v 0.22958888 3.92373864 -0.72030353
v 0.25911957 3.92248425 -0.71246376
v 0.29048196 3.92372996 -0.70310859
v 0.31826667 3.92523092 -0.69405449
v -0.29134326 3.89032929 -0.70095942
v -0.25877629 3.89121916 -0.71080967
v -0.22893911 3.89174493 -0.71896178
v 0.22733365 3.89074046 -0.72238195
v 0.25609728 3.8910072 -0.71485452
v 0.28808572 3.89335797 -0.70547071
v 0.31730342 3.89408926 -0.69612479
v -0.31784579 3.86069434 -0.69377795
v -0.28870831 3.8597431 -0.7031322
v -0.25764987 3.86024071 -0.71221873
v -0.22820936 3.86095043 -0.7199963
v 0.25563639 3.86078063 -0.71605309
v 0.28903537 3.86168508 -0.70658137
v 0.3198521 3.86110005 -0.69698077
v -0.31375874 3.83125033 -0.69644274
v -0.28430317 3.83105546 -0.70554027
v -0.25517119 3.83154158 -0.71376957
v -0.22823654 3.83202785 -0.72071071
v 0.25580925 3.83138916 -0.71685989
v 0.28960955 3.83076757 -0.70759838
v 0.32177139 3.83076673 -0.69783576
v -0.31484797 3.80115545 -0.69752986
v -0.28474221 3.80025381 -0.70658081
v -0.2554612 3.79982498 -0.71467541
v -0.22898245 3.79892096 -0.72136362
v 0.25497212 3.80002826 -0.71799794
v 0.2892235 3.80022299 -0.70885579
v 0.3221965 3.80114032 -0.69914521
v -0.32176091 3.76788885 -0.69705691
v -0.28983569 3.76693398 -0.70649479
v -0.25757029 3.76667214 -0.71527781
v -0.22861071 3.7651957 -0.72241165
v 0.25569195 3.76709116 -0.71888522
v 0.29002414 3.76910921 -0.70989094
v 0.32148416 3.76890733 -0.70095606
v 0.34640941 3.7677786 -0.69322724
v -0.32467433 3.73825012 -0.69736868
v -0.2919896 3.73794135 -0.70692992
v -0.25774938 3.73735212 -0.71612706
v 0.25670324 3.73787467 -0.71941225
v 0.29027098 3.73975416 -0.71072744
v 0.32072275 3.73838012 -0.70226089
v 0.34498859 3.73855412 -0.69482802
v -0.32589833 3.70973227 -0.69775268
v -0.29500429 3.71086324 -0.70662991
v -0.25992551 3.71159033 -0.71586481
v 0.25543035 3.70978242 -0.71998355
v 0.28881699 3.71085666 -0.7115086
v 0.32007069 3.7096639 -0.703005
v 0.34495356 3.71035554 -0.69558852
v -0.34575077 3.67170852 -0.69256474
v -0.32224326 3.67611838 -0.69951674
v -0.2923119 3.67885581 -0.70768139
v -0.25759649 3.68082552 -0.71646588
v 0.2560932 3.67707059 -0.71980494
v 0.28918396 3.67775607 -0.71165451
v 0.32045276 3.67682627 -0.7033623
v 0.34624775 3.67703347 -0.69592915
v -0.34518815 3.6423686 -0.69349706
v -0.32113413 3.64517243 -0.70037453
v -0.29066293 3.64622243 -0.70832371
v -0.2559789 3.64725408 -0.7167488
v 0.25665548 3.64598063 -0.71956411
v 0.28920641 3.64582625 -0.71183894
v 0.32085314 3.64411234 -0.70365958
v 0.34727789 3.64396987 -0.69632422
v -0.3455526 3.61693029 -0.69400714
v -0.32219699 3.61736738 -0.70052597
v -0.29172935 3.61714631 -0.70820898
v -0.2573667 3.61754642 -0.71629784
v 0.25640006 3.61775306 -0.71945701
v 0.29016108 3.61776496 -0.71175257
v 0.32232934 3.61688868 -0.70362246
v 0.34846984 3.61719268 -0.6965221
v -0.3462579 3.58872064 -0.69442511
v -0.3226089 3.58980609 -0.70077982
v -0.29063167 3.58912551 -0.70861371
v -0.25747298 3.58970956 -0.71625686
v -0.22761931 3.58885681 -0.72258845
v 0.25696463 3.58926084 -0.71922369
v 0.29055257 3.59002365 -0.71185463
v 0.32208572 3.58982276 -0.70408771
v 0.34788852 3.5897981 -0.69723069
v -0.34596847 3.55723435 -0.69499144
v -0.32238289 3.5596046 -0.70110372
v -0.29042684 3.55714876 -0.70875744
v -0.25790368 3.55646384 -0.71607943
v -0.22899154 3.55611207 -0.72200538
v 0.25822222 3.55579868 -0.71873042
v 0.29185421 3.55731603 -0.71167069
v 0.32307909 3.55753514 -0.70421842
v 0.34958926 3.55697798 -0.69729023
v -0.34482195 3.52458445 -0.69545263
v -0.32143278 3.52700765 -0.70137074
v -0.29253741 3.52433123 -0.70819427
v -0.26087776 3.52307361 -0.71515691
v -0.22979636 3.52296917 -0.72134701
v 0.25604497 3.52263232 -0.71867249
v 0.29050147 3.52341733 -0.71172673
v 0.32281606 3.52393701 -0.70432727
v 0.35001647 3.52345992 -0.69743579
v -0.3436846 3.49615514 -0.69568581
v -0.31918204 3.49721425 -0.70178149
v -0.29187996 3.49586192 -0.7081327
v -0.26129867 3.49583958 -0.71471436
v -0.2298569 3.49576799 -0.72081284
v 0.25580732 3.49681197 -0.71815204
v 0.29068042 3.49570243 -0.71128949
v 0.32318206 3.49558468 -0.70406655
v 0.35037651 3.49486208 -0.69734886
v -0.34364509 3.46852359 -0.6955439
v -0.31839758 3.46825826 -0.70170668
v -0.28984317 3.46769249 -0.70818852
v -0.25921979 3.46864582 -0.71455332
v -0.22816655 3.46942418 -0.72035298
v 0.22820828 3.469716 -0.72224452
v 0.25824362 3.46794802 -0.71692896
v 0.29175216 3.46574113 -0.71048928
v 0.3235926 3.46486547 -0.70363549
v 0.35082915 3.46410638 -0.69709957
v -0.34400639 3.43548367 -0.69518799
v -0.31883194 3.43511711 -0.70116627
v -0.28887117 3.43491111 -0.70768251
v -0.25766412 3.43549368 -0.7138144
v -0.2269661 3.43764748 -0.71941043
v 0.22958818 3.43611857 -0.72084982
v 0.2589465 3.43487321 -0.71572184
v 0.29057565 3.43273791 -0.70990698
v 0.32208505 3.43212184 -0.70349203
v 0.35037525 3.43137704 -0.69698707
v -0.34477284 3.40253067 -0.69469353
v -0.3202609 3.40239156 -0.70034658
v -0.29107897 3.4024525 -0.70632822
v -0.25905262 3.4020954 -0.71226118
v -0.22765337 3.40350628 -0.71798792
v -0.19629088 3.40410266 -0.7229805
v 0.2287677 3.40297491 -0.71974238
v 0.25940221 3.40268015 -0.71437925
v 0.29077851 3.40148312 -0.70887435
v 0.32189292 3.40169529 -0.70298671
v 0.35019768 3.40141945 -0.69677322
v -0.34464017 3.37465249 -0.69443919
v -0.3214339 3.37451141 -0.69960822
v -0.29401354 3.37485345 -0.70485255
v -0.26092725 3.37442918 -0.71078292
v -0.22798202 3.37481444 -0.7168173
v -0.19730789 3.37439535 -0.72162944
v 0.22923453 3.37531072 -0.71864328
v 0.26088263 3.37437917 -0.71296235
v 0.29210841 3.37346274 -0.70759117
v 0.32223306 3.3733831 -0.70228954
v 0.34997133 3.37367162 -0.69646928
v -0.34455636 3.3479291 -0.69407747
v -0.32157897 3.34700308 -0.69891938
v -0.29380284 3.34678607 -0.70388611
v -0.26013693 3.34542023 -0.70991854
v -0.22822663 3.34430621 -0.71568212
v -0.19753775 3.34407485 -0.72032244
v 0.19928733 3.34663008 -0.72211312
v 0.2300441 3.34262334 -0.71744982
v 0.25980016 3.34215192 -0.71202744
v 0.29106041 3.34246447 -0.70656127
v 0.32202818 3.34155877 -0.70137354
v 0.34976588 3.34191965 -0.69588474
v -0.34599246 3.31681048 -0.69304687
v -0.32083339 3.31480855 -0.69796324
v -0.2903004 3.31370398 -0.70325639
v -0.2566731 3.31245365 -0.70948943
v -0.22802116 3.3116652 -0.71456488
v -0.19950113 3.31154136 -0.71867564
v -0.16864051 3.3132332 -0.72247056
v 0.19909023 3.31320854 -0.72068003
v 0.22955261 3.30958481 -0.71639968
v 0.25899686 3.30923374 -0.711148
v 0.29117451 3.30990437 -0.70524768
v 0.32224784 3.30906128 -0.70010583
v 0.34772678 3.30990093 -0.69543462
v -0.32150846 3.28137965 -0.69636618
v -0.28961324 3.28090635 -0.70196781
v -0.2561558 3.28108392 -0.70843607
v -0.2281584 3.28133216 -0.71329129
v -0.19953273 3.28071561 -0.71719808
v -0.16727851 3.28066385 -0.72089066
v 0.16800999 3.28194598 -0.72235555
v 0.20060238 3.2818531 -0.71906664
v 0.22914543 3.28096077 -0.71534114
v 0.25785755 3.2810842 -0.7103924
v 0.29053658 3.28119599 -0.70412848
v 0.32144917 3.28047059 -0.69890698
v 0.34542049 3.28079883 -0.69479068
v -0.32024563 3.25390879 -0.69519191
v -0.2895606 3.25250751 -0.70065696
v -0.25680242 3.2524128 -0.70706119
v -0.22834495 3.25298775 -0.71185904
v -0.20019713 3.252859 -0.71562371
v -0.16818983 3.25258743 -0.71922887
v -0.13515535 3.25313303 -0.72224158
v 0.13923892 3.25280731 -0.72286661
v 0.16995438 3.25296954 -0.72046835
v 0.2004438 3.25325393 -0.71746986
v 0.22935252 3.2534116 -0.7139395
v 0.25757495 3.25326471 -0.70931614
v 0.29007813 3.2530262 -0.70298188
v 0.3210553 3.25274903 -0.69756005
v 0.34574145 3.25268206 -0.69348697
v -0.31952628 3.22236598 -0.69375168
v -0.29001165 3.22036418 -0.69912315
v -0.25809746 3.21972017 -0.70525875
v -0.22918865 3.22022213 -0.70990901
v -0.20162361 3.22064087 -0.71350017
v -0.17107091 3.22064745 -0.71687397
v -0.13841797 3.22046197 -0.71973804
v -0.10737091 3.22442605 -0.72209911
v 0.10945647 3.22118702 -0.72248688
v 0.13833797 3.21941932 -0.72059065
v 0.16818713 3.22004077 -0.71840148
v 0.19841285 3.22038996 -0.71558875
v 0.22844939 3.22047359 -0.7121891
v 0.25671907 3.21987273 -0.70789734
v 0.28938062 3.21971359 -0.70169323
v 0.32057415 3.21968627 -0.69602659
v -0.29077963 3.18666981 -0.69754892
v -0.25862842 3.18664487 -0.70351192
v -0.22948152 3.18701906 -0.70792599
v -0.20221134 3.18721225 -0.71130392
v -0.17279686 3.18747731 -0.71441421
v -0.13948949 3.18737147 -0.71720662
v -0.10842584 3.19012879 -0.71942234
v -0.07628332 3.19151753 -0.72098578
v -0.04496597 3.18931666 -0.72184834
v -0.01408722 3.19089384 -0.72249571
v 0.01589442 3.18893925 -0.72237719
v 0.04679843 3.18973022 -0.72205077
v 0.0794928 3.19043223 -0.72131087
v 0.10827127 3.18771498 -0.71995287
v 0.13706934 3.18612688 -0.71815484
v 0.16954426 3.18712644 -0.71588974
v 0.20032719 3.187424 -0.71317893
v 0.22856895 3.18724587 -0.71016055
v 0.25595027 3.18646422 -0.70629173
v 0.2879579 3.18679673 -0.70052156
v 0.31736881 3.18705016 -0.69505511
v -0.28832095 3.1593375 -0.69674835
v -0.25745258 3.15906236 -0.70224674
v -0.22930733 3.15920168 -0.70626665
v -0.20213944 3.15917303 -0.70945392
v -0.17285277 3.15936741 -0.71238096
v -0.13976348 3.15946176 -0.71503335
v -0.10950178 3.15972395 -0.7169347
v -0.07802132 3.15964851 -0.71831861
v -0.04555575 3.15987686 -0.71940777
v -0.01456224 3.16278128 -0.72017324
v 0.01483819 3.16152996 -0.7201067
v 0.04587504 3.15968052 -0.71956615
v 0.07904347 3.15970868 -0.71878954
v 0.10795548 3.15881726 -0.71763671
v 0.13691766 3.15865034 -0.71601667
v 0.17073178 3.15946043 -0.71372628
v 0.20111497 3.15967085 -0.71115788
v 0.22799456 3.15957846 -0.70841996
v 0.25587381 3.15898419 -0.70472485
v 0.28833662 3.15960046 -0.69917379
v 0.31743388 3.15988345 -0.6937114
v -0.28448931 3.13212203 -0.6959819
v -0.2559678 3.13112078 -0.70088181
v -0.22932986 3.13131586 -0.70449048
v -0.20169313 3.13153238 -0.70757744
v -0.17049733 3.131874 -0.7105194
v -0.13767365 3.13212462 -0.71301418
v -0.10884521 3.13117577 -0.71463423
v -0.07831795 3.13165853 -0.71597324
v -0.04573827 3.13185102 -0.71703361
v -0.01446862 3.13255513 -0.71760981
v 0.01464269 3.13208568 -0.71761107
v 0.04453055 3.13077854 -0.71714428
v 0.07741722 3.13057638 -0.71639324
v 0.10766539 3.13063109 -0.71531984
v 0.13763304 3.13134143 -0.71380067
v 0.17154395 3.13204127 -0.71159483
v 0.20138516 3.13222185 -0.70916932
v 0.22804151 3.13214073 -0.70655391
v 0.25650383 3.13170728 -0.70294588
v 0.28923709 3.13236755 -0.69750156
v -0.28149952 3.10102219 -0.69456822
v -0.25474081 3.09876346 -0.69904953
v -0.2297375 3.09821451 -0.70221886
v -0.20182008 3.0986364 -0.70518625
v -0.16823048 3.09864705 -0.70813529
v -0.13392847 3.09825703 -0.71052479
v -0.10487808 3.09803869 -0.71210197
v -0.0762156 3.10076008 -0.71347334
v -0.04565275 3.09930163 -0.71427664
v -0.01447278 3.09755894 -0.71462624
v 0.01484918 3.09793285 -0.71470245
v 0.04382173 3.09910361 -0.71446751
v 0.07657852 3.09895931 -0.71376088
v 0.10770281 3.09867282 -0.7126739
v 0.13854251 3.09829401 -0.7110989
v 0.17207625 3.09844321 -0.70898313
v 0.20122972 3.09892723 -0.70673491
v 0.22783759 3.09896142 -0.70422556
v 0.25578333 3.09886881 -0.7008982
v 0.28634409 3.09998711 -0.69594344
v -0.28149318 3.06916311 -0.69236595
v -0.25371453 3.06670587 -0.69705684
v -0.22962035 3.06495975 -0.69990382
v -0.20229249 3.06523146 -0.70265693
v -0.16871709 3.06515336 -0.7054808
v -0.13388438 3.0647459 -0.70779752
v -0.10337794 3.06569076 -0.70948061
v -0.075576 3.06920402 -0.71085352
v -0.04614335 3.06682684 -0.71151771
v -0.01472935 3.06467123 -0.71183334
v 0.01487373 3.0660861 -0.71200565
v 0.04364621 3.06849501 -0.71187691
v 0.07708247 3.06715543 -0.71107186
v 0.10810483 3.0660204 -0.70995223
v 0.13820058 3.06497054 -0.70841393
v 0.17135495 3.06487716 -0.70637943
v 0.20109945 3.06533527 -0.70415867
v 0.22779255 3.06522074 -0.70169918
v 0.25426705 3.06579351 -0.69878832
v 0.28218757 3.06792875 -0.69440017
v -0.25384859 3.03976282 -0.69497575
v -0.22856662 3.03792115 -0.69801283
v -0.20172455 3.0373773 -0.7005528
v -0.16889175 3.0377068 -0.70326249
v -0.13500778 3.03761322 -0.70548164
v -0.10530598 3.03812631 -0.70707786
v -0.07846974 3.03975875 -0.70826901
v -0.04758076 3.03769931 -0.70900905
v -0.01494101 3.03619015 -0.70942611
v 0.01440864 3.03668048 -0.70953279
v 0.04239424 3.03805823 -0.70932328
v 0.07543158 3.03814411 -0.70865532
v 0.10574946 3.03792913 -0.70768265
v 0.13432957 3.03727335 -0.7063229
v 0.16793845 3.03704815 -0.70430422
v 0.20067558 3.03715673 -0.70190862
v 0.2281183 3.03748826 -0.69951436
v 0.25372564 3.03923214 -0.69686491
v 0.28169267 3.04172209 -0.69242367
v -0.2525533 3.01411345 -0.6930489
v -0.22642406 3.01356933 -0.69631511
v -0.20072064 3.01050927 -0.69843059
v -0.16855593 3.01036637 -0.70097896
v -0.13621346 3.01066232 -0.70310972
v -0.10889918 3.0108111 -0.70455912
v -0.0823793 3.01120693 -0.7056618
v -0.04914734 3.01074441 -0.70663657
v -0.0151966 3.01089501 -0.70724731
v 0.01505149 3.01033751 -0.7072597
v 0.04463299 3.00947629 -0.70682233
v 0.07732751 3.01040973 -0.7062048
v 0.10635929 3.01051998 -0.70528719
v 0.13370587 3.01029864 -0.70403797
v 0.16709201 3.00998973 -0.7020525
v 0.20069294 3.010121 -0.69965837
v 0.22797782 3.010606 -0.69731545
v 0.25534901 3.01145273 -0.69419122
v -0.22600623 2.9839659 -0.69370216
v -0.20024637 2.97986571 -0.69574248
v -0.16751852 2.97840481 -0.69815727
v -0.1357612 2.97794048 -0.70015528
v -0.10881006 2.97784906 -0.70157205
v -0.08089696 2.97774722 -0.70272362
v -0.04783905 2.97724834 -0.70370336
v -0.01534804 2.97734676 -0.70427585
v 0.01510861 2.97739922 -0.70432615
v 0.04700118 2.97712667 -0.70389123
v 0.07989545 2.97787288 -0.70320036
v 0.10754529 2.97752068 -0.70223777
v 0.13410503 2.97727188 -0.70099486
v 0.16685245 2.97770939 -0.69912721
v 0.20034689 2.97885017 -0.69687822
v 0.22725578 2.97851605 -0.69453312
v -0.1649864 2.94652767 -0.69528108
v -0.13386791 2.94551339 -0.69713984
v -0.10664789 2.9447758 -0.69847122
v -0.07614612 2.94438634 -0.69971504
v -0.04409073 2.94424708 -0.70071068
v -0.01463409 2.94443607 -0.70121236
v 0.01471554 2.94468439 -0.70124486
v 0.04748934 2.94459199 -0.70078528
v 0.08034227 2.9443055 -0.69995523
v 0.10754942 2.94384684 -0.69897226
v 0.13419562 2.9438965 -0.6977725
v 0.16642549 2.94610745 -0.69615155
v 0.20063746 2.94714499 -0.69388771
v -0.16142172 2.92046327 -0.69296562
v -0.13089899 2.91918846 -0.69471798
v -0.10435474 2.91851923 -0.69597994
v -0.07415351 2.91686546 -0.69705964
v -0.04319799 2.91592519 -0.6979175
v -0.0146891 2.91624219 -0.69839347
v 0.0142566 2.91668565 -0.69844166
v 0.04745729 2.91679962 -0.69800653
v 0.0799352 2.91699127 -0.69723812
v 0.1068426 2.91774196 -0.69639461
v 0.13347406 2.91762442 -0.69521867
v 0.16509986 2.91951421 -0.69366258
v -0.10232641 2.89216387 -0.69343192
v -0.07225392 2.89021089 -0.69446343
v -0.04223326 2.88851944 -0.69516151
v -0.01354569 2.8904909 -0.69577344
v 0.01439658 2.8909598 -0.69581477
v 0.04733007 2.88928474 -0.69521012
v 0.07954726 2.89014004 -0.69453663
v 0.10665307 2.89208321 -0.69380793
v -0.01140992 2.86358833 -0.69301276
v 0.01539298 2.86387104 -0.69303223
v -0.04255088 4.16445972 -0.72407456
v -0.01331857 4.16277089 -0.72560424
v 0.0129155 4.16215869 -0.72576052
v 0.04415258 4.16295428 -0.7245111
v -0.10375863 4.13008036 -0.72345297
v -0.07422161 4.1350775 -0.72619656
v -0.04205467 4.13837922 -0.7283575
v -0.01406538 4.13882528 -0.72947881
v 0.01302712 4.13763883 -0.72971389
v 0.04517649 4.13573229 -0.72890261
v 0.07829338 4.13518621 -0.72674285
v 0.10389446 4.13206745 -0.72457876
v -0.13173057 4.10062347 -0.72313328
v -0.10433203 4.10137143 -0.727257
v -0.07572609 4.10498332 -0.73011792
v -0.04381221 4.10686435 -0.73248508
v -0.0146959 4.10725017 -0.73375096
v 0.01315698 4.10702546 -0.73391179
v 0.04630051 4.10641353 -0.73289443
v 0.0793706 4.10692025 -0.73055809
v 0.10534673 4.10494283 -0.72812768
v 0.13185565 4.10371925 -0.72462926
v -0.13299325 4.07470645 -0.72595504
v -0.10708603 4.07546128 -0.7298897
v -0.07873631 4.07544559 -0.73327899
v -0.04561971 4.07476782 -0.73607287
v -0.0141684 4.07503259 -0.73751275
v 0.01401167 4.07588548 -0.7375987
v 0.04691115 4.07748759 -0.73633232
v 0.08038898 4.07924674 -0.73379593
v 0.10789645 4.07922279 -0.73088633
v 0.13222058 4.07733881 -0.72781688
v 0.16081305 4.07528084 -0.72322462
v -0.1612637 4.04744903 -0.72353773
v -0.13299677 4.04703855 -0.72876013
v -0.10792234 4.04754947 -0.73249306
v -0.07901117 4.04673175 -0.73598062
v -0.04536562 4.04649779 -0.73870032
v -0.0132082 4.04724589 -0.74007576
v 0.01509995 4.04766981 -0.74020654
v 0.04750151 4.04884548 -0.73905
v 0.08053215 4.04978439 -0.73673929
v 0.10828333 4.05000125 -0.73379943
v 0.13342113 4.04922037 -0.73046689
v 0.16143783 4.04745393 -0.72588471
v -0.16209482 4.01290562 -0.72623256
v -0.13458766 4.0133245 -0.73115965
v -0.10776652 4.01347174 -0.73510034
v -0.07725614 4.01360945 -0.73856709
v -0.04432878 4.015102 -0.74099926
v -0.01319475 4.01624082 -0.74219523
v 0.01524792 4.01549987 -0.74239599
v 0.04752162 4.01528006 -0.74143684
v 0.08017807 4.01553685 -0.7393491
v 0.10779233 4.01520231 -0.73661825
v 0.13531508 4.01475457 -0.73293954
v 0.16547908 4.01443222 -0.72782977
v -0.18965261 3.97733644 -0.72320542
v -0.16134373 3.97844332 -0.72898981
v -0.13489084 3.97949725 -0.73345277
v -0.10756237 3.97965345 -0.73728412
v -0.07582503 3.98036723 -0.74066289
v -0.04290439 3.98214782 -0.74299692
v -0.01268428 3.98345096 -0.74409119
v 0.01512201 3.98227922 -0.74426484
v 0.04712531 3.98146934 -0.74338841
v 0.07988986 3.98153505 -0.7414056
v 0.1086291 3.98071004 -0.73872106
v 0.13933178 3.98018062 -0.73471817
v 0.17027549 3.98128848 -0.72949009
v 0.19793644 3.98171339 -0.72381903
v -0.19094446 3.95091229 -0.724871
v -0.1644824 3.95110296 -0.73023658
v -0.13594506 3.95119949 -0.73505047
v -0.10797716 3.95154902 -0.73887558
v -0.0771787 3.95255531 -0.74205381
v -0.04415836 3.95414313 -0.74435835
v -0.01286555 3.95543591 -0.7455123
v 0.01483123 3.95336729 -0.74573175
v 0.04666525 3.95236534 -0.74490184
v 0.0793226 3.9529826 -0.74299937
v 0.10816732 3.95196706 -0.7404676
v 0.1392279 3.95091454 -0.736653
v 0.17079657 3.95157592 -0.73150708
v 0.1977053 3.95316752 -0.72594656
v -0.19531585 3.92260164 -0.72569117
v -0.16715225 3.92230296 -0.73140468
v -0.13644069 3.92176613 -0.73659458
v -0.10787309 3.92163136 -0.74044897
v -0.07889969 3.92254813 -0.74339184
v -0.04570664 3.92505692 -0.74560259
v -0.01325305 3.92615161 -0.74683366
v 0.01418142 3.92242821 -0.74711896
v 0.04602231 3.92214606 -0.74628491
v 0.07857484 3.92575319 -0.74438265
v 0.10716714 3.9261002 -0.74195189
v 0.13683925 3.92540491 -0.73849116
v 0.16985062 3.92440745 -0.7333117
v 0.20053008 3.92398731 -0.72717918
v -0.19723809 3.89044739 -0.72654287
v -0.16629473 3.8911606 -0.73276708
v -0.13545996 3.89107333 -0.73791643
v -0.10704762 3.89079454 -0.7416689
v -0.07879396 3.8910603 -0.74449319
v -0.04498777 3.89272531 -0.74669644
v -0.01262468 3.89302077 -0.74791287
v 0.01444535 3.88982874 -0.74809807
v 0.04597916 3.89072197 -0.74722809
v 0.07823761 3.89650923 -0.74536989
v 0.10657404 3.89827945 -0.74300098
v 0.13444489 3.89833409 -0.73980139
v 0.16820789 3.89618113 -0.73461667
v 0.20151385 3.89212403 -0.72828395
v -0.19678358 3.86160004 -0.72726912
v -0.1643024 3.86314681 -0.73371671
v -0.13412957 3.86383243 -0.7387184
v -0.10680959 3.86403613 -0.74226409
v -0.07859595 3.86337292 -0.74503017
v -0.04458323 3.8622631 -0.74726998
v -0.01299856 3.86182251 -0.7484647
v 0.01322046 3.86070863 -0.74863421
v 0.04265779 3.86042802 -0.74791161
v 0.0754669 3.8628889 -0.746154
v 0.10613795 3.86371167 -0.74366538
v 0.13423212 3.86396104 -0.74043104
v 0.16780147 3.86305547 -0.73527532
v 0.20120421 3.85990295 -0.72911092
v 0.2253945 3.85984985 -0.7237417
v -0.19964896 3.83206904 -0.72724383
v -0.16717946 3.83305473 -0.73364869
v -0.1351896 3.83542329 -0.73892594
v -0.10587404 3.83642903 -0.74270896
v -0.07574594 3.83519088 -0.74561254
v -0.04209749 3.83280411 -0.74785739
v -0.01196191 3.83289979 -0.74895348
v 0.01358765 3.83333072 -0.74904924
v 0.04146735 3.83285272 -0.74836887
v 0.07445656 3.83316429 -0.74665476
v 0.106493 3.83309928 -0.74405974
v 0.13527874 3.83210966 -0.74071627
v 0.16800612 3.8328006 -0.73566996
v 0.20026047 3.83251832 -0.72977812
v 0.22441027 3.83268951 -0.72455354
v -0.20084214 3.79782263 -0.72772652
v -0.16856857 3.79926531 -0.73402933
v -0.13714598 3.80422322 -0.73909441
v -0.10792358 3.80569448 -0.74287427
v -0.07796084 3.80376889 -0.7458633
v -0.04413819 3.80183546 -0.74821449
v -0.01294778 3.80269886 -0.74939954
v 0.01341814 3.80213036 -0.74954692
v 0.04115957 3.80070855 -0.7488744
v 0.07418259 3.80108498 -0.74716057
v 0.10669617 3.80196001 -0.74449585
v 0.1367148 3.80092878 -0.74096227
v 0.16934511 3.80362376 -0.73593201
v 0.19990195 3.80463985 -0.73041015
v 0.22388116 3.80330939 -0.72536931
v -0.19835642 3.76513826 -0.72901734
v -0.16429833 3.76634656 -0.73547894
v -0.134861 3.77064449 -0.74007737
v -0.10879212 3.7713105 -0.74334694
v -0.08020658 3.76991026 -0.74617221
v -0.04523003 3.7696686 -0.74865488
v -0.01327266 3.77079061 -0.74994219
v 0.01257519 3.76946168 -0.75010008
v 0.0406257 3.76741856 -0.74938988
v 0.0747937 3.76758233 -0.74762372
v 0.10788636 3.76869061 -0.74493469
v 0.1379785 3.76817086 -0.74138311
v 0.17002742 3.77143546 -0.73648671
v 0.19982028 3.77168342 -0.73121065
v 0.22516653 3.76949474 -0.7260227
v -0.22597499 3.73530465 -0.72382576
v -0.19701935 3.73669788 -0.73000563
v -0.16433836 3.73676358 -0.73604107
v -0.13548645 3.73939748 -0.74049618
v -0.10964864 3.73936498 -0.74369732
v -0.08056107 3.73831232 -0.74656181
v -0.04530433 3.73832801 -0.74908097
v -0.01319507 3.73901825 -0.7503603
v 0.01265718 3.73910721 -0.7504943
v 0.04089583 3.73873974 -0.74975188
v 0.07530281 3.73843294 -0.74796723
v 0.10826258 3.73814224 -0.74531091
v 0.13753785 3.7376903 -0.74189838
v 0.16798279 3.74014768 -0.73737434
v 0.19848657 3.74017612 -0.73207068
v 0.22704399 3.73908844 -0.72630485
v -0.22426724 3.71099325 -0.7243778
v -0.19681489 3.71069933 -0.73021703
v -0.16668376 3.70799693 -0.73568971
v -0.13724817 3.71109103 -0.74024962
v -0.11011452 3.71274764 -0.74364821
v -0.08020876 3.71156147 -0.74659193
v -0.04559291 3.71016838 -0.74905533
v -0.01348756 3.7102656 -0.75033985
v 0.01284583 3.71141521 -0.75046958
v 0.04215617 3.71230677 -0.74963973
v 0.07682397 3.71159229 -0.74777138
v 0.10863128 3.71002254 -0.74518231
v 0.1364988 3.70923592 -0.74196856
v 0.16509546 3.71099717 -0.7378204
v 0.19690031 3.71135903 -0.73238435
v 0.22723119 3.71102295 -0.72641342
v -0.22226474 3.68198395 -0.7246472
v -0.19794006 3.6798649 -0.72968349
v -0.16922031 3.67582614 -0.73475298
v -0.13799067 3.67856119 -0.73954859
v -0.10925701 3.68254909 -0.74319466
v -0.07918615 3.68312586 -0.74617487
v -0.04571187 3.68072269 -0.74849524
v -0.01364097 3.68060473 -0.74975706
v 0.01384657 3.68137805 -0.74983117
v 0.04578134 3.68141938 -0.74881752
v 0.08104102 3.67987401 -0.74682813
v 0.11029282 3.67898833 -0.74442118
v 0.13665288 3.67930312 -0.74139775
v 0.16462724 3.68025632 -0.73736649
v 0.19764949 3.67892221 -0.73178545
v 0.22800353 3.67808809 -0.72598684
v -0.22205117 3.64836768 -0.7243371
v -0.19933788 3.64719048 -0.72887207
v -0.17031029 3.64534503 -0.73384882
v -0.13720463 3.64534334 -0.73877793
v -0.10748572 3.64846533 -0.7424923
v -0.07795147 3.65119967 -0.74542614
v -0.04573169 3.64898353 -0.74758092
v -0.01398591 3.64844768 -0.74879693
v 0.0132574 3.64765671 -0.7488522
v 0.04533728 3.6465623 -0.74780794
v 0.0808211 3.64553247 -0.74581063
v 0.11094513 3.64638172 -0.74336824
v 0.14029121 3.6479722 -0.74007506
v 0.16989405 3.64824762 -0.73584256
v 0.20135223 3.64598791 -0.73056636
v 0.22823789 3.64590638 -0.7255585
v -0.224272 3.61709195 -0.72350326
v -0.19984949 3.61643492 -0.72824108
v -0.16985696 3.61750495 -0.73323009
v -0.13601696 3.61592736 -0.73805603
v -0.10625254 3.61597443 -0.74162491
v -0.07755834 3.61825277 -0.74440038
v -0.04603661 3.61798981 -0.74649821
v -0.01402298 3.61787199 -0.7477035
v 0.01338911 3.6157846 -0.74774161
v 0.04436168 3.61448019 -0.74679177
v 0.07794931 3.61565011 -0.74503626
v 0.1075454 3.61704194 -0.74273502
v 0.13863953 3.61814406 -0.73938391
v 0.17018331 3.61829704 -0.73507064
v 0.20009673 3.61714043 -0.73024974
v 0.22497807 3.61742328 -0.72579372
v -0.20071607 3.58715986 -0.7276024
v -0.16879579 3.58868352 -0.7327273
v -0.13522741 3.58769334 -0.73735879
v -0.10583957 3.58630263 -0.74075374
v -0.07777732 3.58549555 -0.74330239
v -0.04643841 3.58559922 -0.74534636
v -0.01414531 3.5858951 -0.7465588
v 0.01377893 3.58456491 -0.74662653
v 0.04585462 3.58452344 -0.74566738
v 0.08099539 3.58810914 -0.74388525
v 0.11037921 3.589644 -0.74162183
v 0.13988766 3.58991942 -0.73845019
v 0.1715109 3.58943246 -0.73421957
v 0.20021541 3.58933607 -0.72975479
v 0.22399003 3.58924109 -0.72562176
v -0.19926824 3.55487084 -0.72728929
v -0.16596051 3.55630582 -0.73241734
v -0.13460161 3.55615297 -0.73658827
v -0.10606988 3.55539437 -0.7397768
v -0.07835235 3.55311421 -0.74216764
v -0.04694342 3.55215246 -0.74413189
v -0.01422897 3.55198855 -0.74532871
v 0.01385691 3.55162263 -0.74545087
v 0.04614749 3.5524475 -0.74453059
v 0.08203907 3.55628718 -0.74273305
v 0.11083257 3.5578439 -0.74056448
v 0.13851103 3.55778646 -0.73768822
v 0.17055478 3.55612411 -0.73356218
v 0.20053234 3.55604958 -0.72908823
v 0.22468808 3.55601162 -0.72501865
v -0.19743391 3.5229221 -0.72691692
v -0.16420766 3.52356149 -0.73182552
v -0.13446488 3.52320509 -0.73559375
v -0.10568433 3.52366039 -0.73871027
v -0.0780307 3.52350027 -0.74107414
v -0.04721839 3.52341789 -0.74296575
v -0.01432442 3.52341565 -0.74414485
v 0.01402534 3.52272548 -0.7442607
v 0.04602095 3.52264486 -0.74334652
v 0.08113394 3.52402085 -0.74157791
v 0.10906669 3.5246325 -0.73952814
v 0.13586324 3.52448246 -0.73689613
v 0.16840246 3.52321209 -0.73293204
v 0.20004877 3.52343463 -0.72841494
v 0.22386934 3.52398037 -0.7245492
v -0.19661795 3.49621027 -0.72637791
v -0.16474152 3.49549152 -0.73092219
v -0.13487452 3.49494305 -0.73458522
v -0.10506623 3.49531752 -0.73768829
v -0.07691172 3.49618526 -0.74000971
v -0.0470312 3.49670417 -0.74179142
v -0.0144956 3.49692467 -0.74292806
v 0.01398289 3.49572673 -0.74303089
v 0.04490174 3.49526555 -0.74216378
v 0.07869476 3.49577801 -0.74050515
v 0.10719287 3.49693217 -0.73849348
v 0.13499005 3.49649865 -0.73585755
v 0.16790789 3.49584056 -0.73205037
v 0.2000429 3.49712704 -0.7276426
v 0.22468083 3.49886896 -0.7237424
v -0.19409611 3.47047236 -0.72590713
v -0.16435518 3.46778397 -0.72998175
v -0.13496142 3.46661923 -0.73345326
v -0.10437652 3.46599715 -0.73645259
v -0.07432064 3.46667849 -0.73878865
v -0.04465956 3.46753741 -0.74050543
v -0.01420738 3.46794956 -0.74152097
v 0.01307206 3.46536322 -0.74153883
v 0.04206036 3.46340297 -0.74070282
v 0.07496172 3.46442215 -0.73921166
v 0.10564126 3.4680063 -0.73725806
v 0.13509404 3.46821917 -0.73461134
v 0.16837439 3.46780127 -0.73093515
v 0.20077594 3.46901189 -0.72660262
v -0.19349204 3.43942443 -0.72477909
v -0.16437836 3.43550783 -0.72859986
v -0.13513606 3.43397619 -0.73190831
v -0.10487909 3.43387231 -0.73474464
v -0.07330375 3.43484869 -0.7370524
v -0.04223676 3.43501491 -0.73871629
v -0.01327218 3.43508349 -0.73957514
v 0.01385016 3.43209446 -0.73947658
v 0.04335581 3.42990914 -0.73865157
v 0.07646555 3.43095984 -0.737272
v 0.10755125 3.43448928 -0.73541163
v 0.13621619 3.43481857 -0.73294668
v 0.16828122 3.43499985 -0.72959481
v 0.1995078 3.43684972 -0.72561349
v -0.16560369 3.402105 -0.72697086
v -0.13550503 3.40205708 -0.73031005
v -0.10580346 3.40287369 -0.73298745
v -0.07424463 3.40346818 -0.73512044
v -0.04226991 3.40356694 -0.73672935
v -0.01346872 3.40386751 -0.73753811
v 0.01392322 3.40140985 -0.73744621
v 0.04423051 3.40104288 -0.7367788
v 0.07811713 3.40174089 -0.73545156
v 0.10920132 3.40239324 -0.73353613
v 0.13715049 3.40179805 -0.73119944
v 0.16759526 3.40184267 -0.7282186
v 0.19696057 3.40415421 -0.72471661
v -0.16505072 3.37461929 -0.72580535
v -0.13565629 3.37515696 -0.72895598
v -0.10629159 3.37514205 -0.73139921
v -0.07458884 3.3736808 -0.73330644
v -0.04276834 3.37502093 -0.73489847
v -0.01379331 3.37679662 -0.73574533
v 0.01348822 3.37374587 -0.73561715
v 0.04336538 3.37376247 -0.73505327
v 0.07775673 3.37523388 -0.73387817
v 0.10897568 3.37411236 -0.73198739
v 0.13698552 3.3736504 -0.72976222
v 0.16683812 3.37519255 -0.72706654
v 0.1969629 3.37795589 -0.72368482
v -0.16486298 3.34623418 -0.72450801
v -0.13580894 3.34741888 -0.72751393
v -0.10704423 3.3457629 -0.72968139
v -0.07564263 3.3419754 -0.73131558
v -0.04370048 3.34406 -0.73285983
v -0.01384004 3.34740907 -0.73376777
v 0.014042 3.34412178 -0.7336239
v 0.04375507 3.34320402 -0.73305386
v 0.07795406 3.34581313 -0.73206928
v 0.10894406 3.3445415 -0.7303317
v 0.13682117 3.34420051 -0.72825846
v 0.16602167 3.34572487 -0.72573327
v -0.13739627 3.31453193 -0.72556411
v -0.10797545 3.31260446 -0.72768386
v -0.07634033 3.30941369 -0.72923421
v -0.04376951 3.31052218 -0.7306315
v -0.01381788 3.31291883 -0.73142989
v 0.01440408 3.31109362 -0.7313728
v 0.04483444 3.31076874 -0.73088871
v 0.07829919 3.31289886 -0.73002882
v 0.1082147 3.31227181 -0.72852589
v 0.13580954 3.31268627 -0.72666615
v 0.16420815 3.31364486 -0.72433815
v -0.1335521 3.28180077 -0.72406455
v -0.10519909 3.28192153 -0.7260737
v -0.07517076 3.28186045 -0.7275507
v -0.04379716 3.2812334 -0.72866578
v -0.01394564 3.28131717 -0.7292513
v 0.01449183 3.2809937 -0.729292
v 0.04482064 3.28154328 -0.72892138
v 0.07785497 3.28103446 -0.72801595
v 0.10800798 3.28132803 -0.72668437
v 0.13761408 3.28211682 -0.72479934
v -0.10609408 3.25489162 -0.72432106
v -0.07481731 3.25602287 -0.7258838
v -0.04425831 3.25320847 -0.72675133
v -0.01427906 3.25196395 -0.72720712
v 0.01429083 3.25131321 -0.72722176
v 0.0439311 3.25333742 -0.72701064
v 0.0773089 3.25227544 -0.72612217
v 0.10876064 3.25230998 -0.72477181
v -0.07423391 3.22810322 -0.72394519
v -0.04387248 3.2259268 -0.72481888
v -0.01410917 3.22510964 -0.72526312
v 0.01513933 3.22214281 -0.72507077
v 0.04555182 3.22418117 -0.72484305
v 0.07898552 3.22406839 -0.72400228
f 1 139 9 10
f 2 1 10 11
f 3 2 11 12
f 4 3 12 13
f 14 140 4 13
f 5 145 15 16
f 6 5 16 17
f 7 6 17 18
f 8 7 18 19
f 20 146 8 19
f 9 151 21 22
f 10 9 22 23
f 11 10 23 24
f 12 11 24 25
f 13 12 25 26
f 14 13 26 27
f 16 15 28 29
f 17 16 29 30
f 18 17 30 31
f 19 18 31 32
f 20 19 32 33
f 34 156 20 33
f 22 21 35 36
f 23 22 36 37
f 24 23 37 38
f 25 24 38 39
f 26 25 39 40
f 27 26 40 41
f 29 28 42 43
f 30 29 43 44
f 31 30 44 45
f 32 31 45 46
f 33 32 46 47
f 34 33 47 48
f 35 169 49 50
f 36 35 50 51
f 37 36 51 52
f 38 37 52 53
f 39 38 53 54
f 40 39 54 55
f 55 179 41 40
f 42 182 56 43
f 44 43 56 57
f 45 44 57 58
f 46 45 58 59
f 47 46 59 60
f 48 47 60 61
f 62 174 48 61
f 50 49 63 64
f 51 50 64 65
f 52 51 65 66
f 53 52 66 67
f 54 53 67 68
f 55 54 68 69
f 57 56 70 71
f 58 57 71 72
f 59 58 72 73
f 60 59 73 74
f 61 60 74 75
f 62 61 75 76
f 64 197 77 65
f 66 65 77 78
f 67 66 78 79
f 79 198 68 67
f 71 201 80 72
f 73 72 80 81
f 74 73 81 82
f 82 202 75 74
f 83 262 91 92
f 84 83 92 93
f 85 84 93 94
f 86 85 94 95
f 96 263 86 95
f 87 268 97 98
f 88 87 98 99
f 89 88 99 100
f 90 89 100 101
f 102 269 90 101
f 91 273 103 104
f 92 91 104 105
f 93 92 105 106
f 94 93 106 107
f 95 94 107 108
f 96 95 108 109
f 110 274 96 109
f 97 277 111 112
f 98 97 112 113
f 99 98 113 114
f 100 99 114 115
f 101 100 115 116
f 102 101 116 117
f 118 278 102 117
f 103 282 119 120
f 104 103 120 121
f 105 104 121 122
f 106 105 122 123
f 107 106 123 124
f 108 107 124 125
f 109 108 125 126
f 110 109 126 127
f 112 111 128 129
f 113 112 129 130
f 114 113 130 131
f 115 114 131 132
f 116 115 132 133
f 117 116 133 134
f 118 117 134 135
f 136 285 118 135
f 119 289 137 138
f 120 119 138 139
f 121 120 139 1
f 1 2 122 121
f 2 3 123 122
f 3 4 124 123
f 140 125 124 4
f 126 125 140 141
f 127 126 141 142
f 129 128 143 144
f 130 129 144 145
f 131 130 145 5
f 5 6 132 131
f 6 7 133 132
f 7 8 134 133
f 146 135 134 8
f 136 135 146 147
f 148 292 136 147
f 137 296 149 150
f 138 137 150 151
f 139 138 151 9
f 152 141 140 14
f 142 141 152 153
f 144 143 154 155
f 145 144 155 15
f 156 147 146 20
f 148 147 156 157
f 158 299 148 157
f 150 149 159 160
f 151 150 160 21
f 14 27 161 152
f 153 152 161 162
f 155 154 163 164
f 28 15 155 164
f 165 157 156 34
f 158 157 165 166
f 159 308 167 168
f 160 159 168 169
f 35 21 160 169
f 27 41 170 161
f 162 161 170 171
f 164 163 172 173
f 42 28 164 173
f 34 48 174 165
f 166 165 174 175
f 176 311 166 175
f 168 167 177 178
f 169 168 178 49
f 179 180 170 41
f 180 322 171 170
f 172 323 181 173
f 173 181 182 42
f 183 175 174 62
f 176 175 183 184
f 177 321 185 186
f 178 177 186 187
f 63 49 178 187
f 55 69 188 179
f 188 330 180 179
f 181 331 189 182
f 70 56 182 189
f 62 76 190 183
f 184 183 190 191
f 192 324 184 191
f 186 185 193 194
f 187 186 194 195
f 187 195 196 63
f 64 63 196 197
f 69 68 198 199
f 69 199 188
f 70 189 200
f 71 70 200 201
f 76 75 202 203
f 203 204 190 76
f 191 190 204 205
f 192 191 205 206
f 194 344 207 195
f 196 195 207 208
f 197 196 208 209
f 197 209 210 77
f 78 77 210 211
f 79 78 211 212
f 79 212 346 198
f 80 201 347 213
f 81 80 213 214
f 82 81 214 215
f 215 216 202 82
f 203 202 216 217
f 204 203 217 218
f 218 349 205 204
f 208 207 219 220
f 209 208 220 221
f 210 209 221 222
f 222 355 211 210
f 214 356 223 215
f 216 215 223 224
f 217 216 224 225
f 218 217 225 226
f 227 360 220 219
f 225 363 228 226
f 229 377 234 235
f 230 229 235 236
f 237 378 230 236
f 231 383 240 241
f 232 231 241 242
f 243 384 232 242
f 233 388 246 247
f 234 233 247 248
f 235 234 248 249
f 236 235 249 250
f 237 236 250 251
f 238 237 251 252
f 240 239 253 254
f 241 240 254 255
f 242 241 255 256
f 243 242 256 257
f 244 243 257 258
f 259 391 244 258
f 246 245 261 262
f 247 246 262 83
f 83 84 248 247
f 84 85 249 248
f 85 86 250 249
f 263 251 250 86
f 252 251 263 264
f 265 394 252 264
f 253 397 266 267
f 254 253 267 268
f 255 254 268 87
f 87 88 256 255
f 88 89 257 256
f 89 90 258 257
f 269 259 258 90
f 260 259 269 270
f 261 401 272 273
f 262 261 273 91
f 274 264 263 96
f 265 264 274 275
f 267 266 276 277
f 268 267 277 97
f 278 270 269 102
f 279 404 270 278
f 272 271 281 282
f 273 272 282 103
f 283 275 274 110
f 277 276 284 111
f 285 279 278 118
f 280 279 285 286
f 281 412 288 289
f 282 281 289 119
f 110 127 290 283
f 128 111 284 291
f 292 286 285 136
f 293 415 286 292
f 288 287 295 296
f 289 288 296 137
f 127 142 297 290
f 143 128 291 298
f 299 293 292 148
f 294 293 299 300
f 295 422 301 302
f 296 295 302 149
f 142 153 303 297
f 154 143 298 304
f 305 300 299 158
f 306 425 300 305
f 302 301 307 308
f 159 149 302 308
f 153 162 309 303
f 163 154 304 310
f 158 166 311 305
f 306 305 311 312
f 307 431 313 314
f 308 307 314 167
f 162 171 315 309
f 316 172 163 310
f 317 312 311 176
f 318 434 312 317
f 313 435 319 320
f 314 313 320 321
f 177 167 314 321
f 171 322 315
f 323 172 316
f 176 184 324 317
f 318 317 324 325
f 326 438 318 325
f 320 319 327 328
f 321 320 328 185
f 180 330 322
f 181 323 331
f 333 325 324 192
f 326 325 333 334
f 328 327 335 336
f 193 185 328 336
f 199 337 329 188
f 330 188 329
f 189 331 332
f 189 332 338 200
f 192 206 339 333
f 334 333 339 340
f 336 335 341 342
f 336 342 343 193
f 194 193 343 344
f 337 199 198 346
f 201 200 338 347
f 206 205 349 350
f 350 351 339 206
f 340 339 351 352
f 353 219 207 344
f 345 212 211 355
f 346 212 345 457
f 213 347 458 348
f 214 213 348 356
f 218 226 358 349
f 219 353 359 227
f 221 220 360 361
f 354 222 221 361
f 355 222 354
f 223 356 357
f 224 223 357 362
f 225 224 362 363
f 358 226 228 364
f 360 227 359 479
f 228 363 482 364
f 365 494 376 377
f 366 365 377 229
f 229 230 367 366
f 378 368 367 230
f 369 368 378 379
f 380 495 369 379
f 370 498 381 382
f 371 370 382 383
f 372 371 383 231
f 231 232 373 372
f 384 374 373 232
f 385 499 374 384
f 375 501 387 388
f 376 375 388 233
f 233 234 377 376
f 237 238 379 378
f 389 380 379 238
f 382 381 390 239
f 239 240 383 382
f 243 244 385 384
f 391 386 385 244
f 392 504 386 391
f 245 387 506 393
f 245 246 388 387
f 238 252 394 389
f 395 507 389 394
f 390 508 396 397
f 253 239 390 397
f 259 260 392 391
f 260 398 509 392
f 393 512 400 401
f 261 245 393 401
f 402 395 394 265
f 396 395 402 403
f 397 396 403 266
f 260 270 404 398
f 405 513 398 404
f 400 399 407 271
f 271 272 401 400
f 265 275 408 402
f 403 402 408 409
f 276 266 403 409
f 279 280 405 404
f 410 406 405 280
f 407 517 411 412
f 281 271 407 412
f 275 283 413 408
f 409 408 413 414
f 284 276 409 414
f 280 286 415 410
f 416 518 410 415
f 287 411 519 417
f 287 288 412 411
f 283 290 418 413
f 414 413 418 419
f 291 284 414 419
f 293 294 416 415
f 294 420 520 416
f 417 521 421 422
f 295 287 417 422
f 290 297 423 418
f 419 418 423 424
f 298 291 419 424
f 294 300 425 420
f 426 522 420 425
f 422 421 427 301
f 297 303 428 423
f 424 423 428 429
f 304 298 424 429
f 430 426 425 306
f 307 301 427 431
f 303 309 432 428
f 433 310 304 429
f 306 312 434 430
f 313 431 529 435
f 315 436 432 309
f 310 433 437 316
f 318 438 532 434
f 319 435 439
f 436 315 322 440
f 316 437 441 323
f 438 326 442
f 327 319 439 443
f 330 445 440 322
f 323 441 446 331
f 442 326 334 448
f 335 327 443 449
f 337 451 444 329
f 444 445 330 329
f 446 447 332 331
f 332 447 452 338
f 334 340 454 448
f 341 335 449 455
f 457 450 346
f 450 451 337 346
f 338 452 453 347
f 347 453 458
f 340 352 460 454
f 455 461 462 341
f 342 341 462 463
f 343 342 463 464
f 344 343 464 465
f 344 465 456 353
f 353 456 466
f 355 469 457 345
f 348 458 470 356
f 473 459 358
f 349 358 459 474
f 350 349 474 475
f 351 350 475 476
f 352 351 476 477
f 477 478 460 352
f 359 353 466 479
f 361 480 468 354
f 468 469 355 354
f 470 471 357 356
f 357 471 481 362
f 482 473 358 364
f 479 480 361 360
f 481 482 363 362
f 365 483 588 494
f 365 366 484 483
f 366 367 485 484
f 367 368 486 485
f 368 369 487 486
f 369 495 590 487
f 370 488 593 498
f 370 371 489 488
f 371 372 490 489
f 372 373 491 490
f 373 374 492 491
f 374 499 595 492
f 375 493 597 501
f 375 376 494 493
f 502 496 495 380
f 497 496 502 503
f 498 497 503 381
f 385 386 500 499
f 386 504 598 500
f 387 501 600 506
f 380 389 507 502
f 503 502 507 508
f 390 381 503 508
f 392 509 601 504
f 505 603 511 512
f 506 505 512 393
f 395 396 508 507
f 513 510 509 398
f 514 604 510 513
f 399 511 515
f 399 400 512 511
f 405 406 514 513
f 514 406 516
f 407 399 515 517
f 516 406 410 518
f 411 517 612 519
f 416 520 613 518
f 417 519 616 521
f 420 522 617 520
f 421 521 523
f 522 426 524
f 427 421 523 525
f 524 426 430 528
f 431 427 525 529
f 432 530 526 428
f 526 527 429 428
f 429 527 531 433
f 430 434 532 528
f 435 529 533
f 436 534 530 432
f 433 531 535 437
f 532 438 536
f 435 533 537 439
f 534 436 440 538
f 437 535 539 441
f 536 438 442 540
f 541 443 439 537
f 445 543 538 440
f 441 539 544 446
f 448 546 540 442
f 443 541 547 449
f 451 550 542 444
f 542 543 445 444
f 544 545 447 446
f 447 545 551 452
f 546 448 454 554
f 455 449 547 555
f 560 548 457 469
f 548 549 450 457
f 549 550 451 450
f 551 552 453 452
f 453 552 553 458
f 458 553 561 470
f 554 454 460 566
f 461 455 555 567
f 465 570 556 456
f 456 556 557 466
f 557 558 467 466
f 558 559 468 467
f 559 560 469 468
f 561 562 471 470
f 562 563 472 471
f 563 564 473 472
f 564 565 459 473
f 459 565 571 474
f 460 478 574 566
f 461 567 679 575
f 462 461 575 576
f 568 463 462 576
f 568 569 464 463
f 569 570 465 464
f 466 467 480 479
f 468 480 467
f 481 471 472
f 472 473 482 481
f 571 572 475 474
f 572 573 476 475
f 477 476 573 577
f 478 477 577 578
f 478 578 684 574
f 483 579 685 588
f 483 484 580 579
f 484 485 581 580
f 485 486 582 581
f 486 487 589 582
f 487 590 589
f 593 488 594
f 594 488 489 583
f 489 490 584 583
f 490 491 585 584
f 491 492 586 585
f 492 595 700 586
f 493 587 701 597
f 493 494 588 587
f 495 496 591 590
f 496 497 592 591
f 497 498 593 592
f 499 500 596 595
f 500 598 704 596
f 501 597 705 600
f 504 601 706 598
f 505 599 603
f 505 506 600 599
f 509 510 602 601
f 510 604 602
f 511 603 709 605
f 514 606 712 604
f 605 714 607 608
f 515 511 605 608
f 514 516 609 606
f 610 715 606 609
f 607 717 611 612
f 608 607 612 517
f 517 515 608
f 516 518 609
f 613 610 609 518
f 614 718 610 613
f 611 719 615 616
f 612 611 616 519
f 617 614 613 520
f 618 720 614 617
f 616 615 619 521
f 620 618 617 522
f 619 724 621 622
f 523 521 619 622
f 522 524 623 620
f 624 725 620 623
f 622 621 625 525
f 525 523 622
f 524 528 623
f 628 624 623 528
f 529 525 625 629
f 530 630 626 526
f 626 627 527 526
f 527 627 631 531
f 528 532 632 628
f 629 734 633 634
f 533 529 629 634
f 530 534 636 630
f 637 535 531 631
f 532 536 639 632
f 640 737 632 639
f 634 633 641 642
f 537 533 634 642
f 643 635 538 543
f 636 534 538 635
f 539 535 637 638
f 539 638 644 544
f 536 540 645 639
f 640 639 645 646
f 642 641 647 541
f 541 537 642
f 649 643 543 542
f 544 644 650 545
f 540 546 645
f 652 646 645 546
f 547 541 647 653
f 659 648 550 549
f 648 649 542 550
f 545 650 651 551
f 551 651 660 552
f 546 554 666 652
f 555 547 653 667
f 669 654 557 556
f 654 655 558 557
f 655 656 559 558
f 656 657 560 559
f 657 658 548 560
f 658 659 549 548
f 660 661 553 552
f 553 661 662 561
f 662 663 562 561
f 663 664 563 562
f 664 665 564 563
f 564 665 670 565
f 554 566 672 666
f 555 667 673 567
f 675 668 570 569
f 668 669 556 570
f 565 670 671 571
f 571 671 676 572
f 672 566 574 678
f 679 567 673
f 576 681 674 568
f 674 675 569 568
f 676 677 573 572
f 573 677 682 577
f 574 684 678
f 575 679 792 680
f 680 681 576 575
f 682 683 578 577
f 684 578 683 793
f 685 579 686
f 687 686 579 580
f 688 687 580 581
f 689 688 581 582
f 582 589 690 689
f 695 594 583 696
f 697 696 583 584
f 698 697 584 585
f 699 698 585 586
f 586 700 699
f 701 587 702
f 702 587 588 685
f 589 590 691 690
f 590 591 692 691
f 591 592 693 692
f 592 593 694 693
f 593 594 695 694
f 595 596 703 700
f 596 704 703
f 597 701 813 705
f 598 706 816 704
f 707 599 600 705
f 601 602 708 706
f 709 603 710
f 710 603 599 707
f 604 711 708 602
f 604 712 711
f 605 709 824 714
f 606 715 825 712
f 714 713 717 607
f 718 716 715 610
f 611 717 830 719
f 614 720 831 718
f 615 719 833 721
f 618 722 834 720
f 721 835 723 724
f 619 615 721 724
f 618 620 725 722
f 726 836 722 725
f 724 723 727 621
f 728 726 725 624
f 625 621 727 729
f 624 628 732 728
f 729 841 733 734
f 629 625 729 734
f 630 735 730 626
f 730 731 627 626
f 627 731 736 631
f 628 632 737 732
f 738 844 732 737
f 734 733 739 633
f 740 735 630 636
f 736 741 637 631
f 742 738 737 640
f 641 633 739 743
f 643 745 740 635
f 740 636 635
f 637 741 638
f 638 741 746 644
f 640 646 748 742
f 743 855 749 750
f 647 641 743 750
f 754 744 649 648
f 744 745 643 649
f 644 746 747 650
f 650 747 755 651
f 646 652 759 748
f 760 862 748 759
f 750 749 761 762
f 653 647 750 762
f 764 751 657 656
f 751 752 658 657
f 752 753 659 658
f 753 754 648 659
f 651 755 756 660
f 756 757 661 660
f 757 758 662 661
f 662 758 765 663
f 652 666 767 759
f 760 759 767 768
f 762 761 769 770
f 667 653 762 770
f 654 669 771 772
f 763 655 654 772
f 763 764 656 655
f 765 766 664 663
f 665 664 766 773
f 670 665 773 774
f 666 672 775 767
f 768 767 775 776
f 770 769 777 778
f 673 667 770 778
f 668 675 782 783
f 771 669 668 783
f 671 670 774 784
f 676 671 784 785
f 672 678 789 775
f 776 775 789 790
f 777 890 791 778
f 679 673 778 791
f 792 892 779 680
f 779 780 681 680
f 780 781 674 681
f 781 782 675 674
f 785 786 677 676
f 677 786 787 682
f 787 788 683 682
f 683 788 899 793
f 678 684 794 789
f 794 901 790 789
f 679 791 792
f 794 684 793
f 801 702 685 802
f 803 802 685 686
f 804 803 686 687
f 805 804 687 688
f 806 805 688 689
f 806 689 690 795
f 690 691 796 795
f 691 692 797 796
f 692 693 798 797
f 693 694 799 798
f 694 695 800 799
f 695 696 807 800
f 808 807 696 697
f 809 808 697 698
f 810 809 698 699
f 811 810 699 700
f 700 703 812 811
f 813 701 814
f 814 701 702 801
f 703 704 815 812
f 704 816 815
f 705 813 817 707
f 706 708 818 816
f 707 817 820 710
f 708 711 821 818
f 709 819 934 824
f 709 710 820 819
f 711 712 822 821
f 712 825 936 822
f 713 823 937 827
f 713 714 824 823
f 715 716 826 825
f 716 828 940 826
f 827 829 830
f 717 713 827 830
f 716 718 831 828
f 832 828 831
f 830 829 833 719
f 834 832 831 720
f 721 833 947 835
f 722 836 948 834
f 723 835 837
f 836 726 838
f 727 723 837 839
f 838 726 728 840
f 729 727 839 841
f 728 732 844 840
f 733 841 955 845
f 735 846 842 730
f 842 843 731 730
f 731 843 847 736
f 738 848 958 844
f 739 733 845 849
f 740 851 846 735
f 736 847 852 741
f 738 742 854 848
f 743 739 849 855
f 858 850 745 744
f 850 851 740 745
f 741 852 853 746
f 746 853 859 747
f 742 748 862 854
f 749 855 974 863
f 864 856 753 752
f 856 857 754 753
f 857 858 744 754
f 747 859 860 755
f 860 861 756 755
f 756 861 865 757
f 760 866 977 862
f 761 749 863 867
f 751 764 874 868
f 864 752 751 868
f 758 757 865 869
f 765 758 869 875
f 760 768 870 866
f 867 984 871 872
f 769 761 867 872
f 763 772 883 873
f 764 763 873 874
f 766 765 875 876
f 773 766 876 884
f 768 776 877 870
f 878 987 870 877
f 872 871 879 880
f 777 769 872 880
f 771 783 881 882
f 772 771 882 883
f 774 773 884 885
f 784 774 885 886
f 776 790 887 877
f 878 877 887 888
f 879 1004 889 880
f 880 889 890 777
f 780 779 892 893
f 781 780 893 894
f 782 781 894 895
f 881 783 782 895
f 785 784 886 896
f 786 785 896 897
f 787 786 897 898
f 788 787 898 899
f 901 902 887 790
f 902 1013 888 887
f 889 1017 903 890
f 890 903 904 791
f 891 792 791 904
f 892 792 891
f 793 899 900
f 794 793 900 905
f 905 906 901 794
f 906 1028 902 901
f 909 806 795 910
f 911 910 795 796
f 912 911 796 797
f 913 912 797 798
f 914 913 798 799
f 915 914 799 800
f 800 807 916 915
f 919 814 801 920
f 921 920 801 802
f 922 921 802 803
f 922 803 804 907
f 804 805 908 907
f 805 806 909 908
f 807 808 917 916
f 808 809 918 917
f 809 810 923 918
f 924 923 810 811
f 925 924 811 812
f 812 815 926 925
f 927 817 813 928
f 928 813 814 919
f 815 816 929 926
f 816 818 930 929
f 817 927 931 820
f 818 821 932 930
f 934 819 935
f 935 819 820 931
f 821 822 933 932
f 822 936 1060 933
f 937 823 938
f 938 823 824 934
f 825 826 939 936
f 826 940 939
f 827 937 941
f 940 828 942
f 943 829 944
f 944 829 827 941
f 832 945 942 828
f 832 946 945
f 833 829 943 947
f 832 834 948 946
f 835 947 949
f 948 836 950
f 837 835 949 951
f 950 836 838 952
f 839 837 951 953
f 838 840 954 952
f 841 839 953 955
f 954 840 844 958
f 845 955 959
f 846 961 956 842
f 956 957 843 842
f 843 957 962 847
f 958 848 964
f 849 845 959 965
f 968 960 851 850
f 960 961 846 851
f 847 962 963 852
f 852 963 969 853
f 964 848 854 972
f 965 1095 973 974
f 855 849 965 974
f 975 966 857 856
f 966 967 858 857
f 967 968 850 858
f 853 969 970 859
f 970 971 860 859
f 860 971 976 861
f 854 862 977 972
f 978 1098 972 977
f 974 973 979 863
f 864 980 975 856
f 861 976 981 865
f 982 978 977 866
f 979 1103 983 984
f 867 863 979 984
f 864 868 985 980
f 986 869 865 981
f 866 870 987 982
f 988 1106 982 987
f 984 983 989 871
f 868 874 990 985
f 869 986 991 875
f 992 988 987 878
f 989 1111 993 994
f 879 871 989 994
f 873 883 995 996
f 874 873 996 997
f 874 997 990
f 875 991 998
f 876 875 998 999
f 884 876 999 1000
f 878 888 1001 992
f 1002 1114 992 1001
f 993 1122 1003 994
f 994 1003 1004 879
f 881 895 1006 1007
f 882 881 1007 1008
f 995 883 882 1008
f 885 884 1000 1009
f 886 885 1009 1010
f 896 886 1010 1011
f 1013 1014 1001 888
f 1014 1129 1002 1001
f 1004 1003 1015 1016
f 1004 1016 1017 889
f 891 904 1019 1020
f 892 891 1020 1021
f 893 892 1021 1022
f 1005 894 893 1022
f 1005 1006 895 894
f 1011 1012 897 896
f 898 897 1012 1023
f 899 898 1023 1024
f 900 899 1024 1025
f 905 900 1025 1026
f 1028 1029 1013 902
f 1014 1013 1029 1030
f 903 1017 1018
f 1018 1019 904 903
f 1026 1027 906 905
f 1028 906 1027
f 1041 922 907 1042
f 1043 1042 907 908
f 1043 908 909 1031
f 909 910 1032 1031
f 910 911 1033 1032
f 911 912 1034 1033
f 912 913 1035 1034
f 913 914 1036 1035
f 914 915 1037 1036
f 915 916 1038 1037
f 916 917 1044 1038
f 1045 1044 917 918
f 918 923 1046 1045
f 1050 928 919 1051
f 1051 919 920 1039
f 920 921 1040 1039
f 921 922 1041 1040
f 923 924 1047 1046
f 924 925 1048 1047
f 925 926 1052 1048
f 926 929 1053 1052
f 927 1049 1055 931
f 927 928 1050 1049
f 929 930 1054 1053
f 930 932 1056 1054
f 931 1055 1058 935
f 932 933 1059 1056
f 933 1060 1059
f 934 1057 1062 938
f 934 935 1058 1057
f 936 939 1063 1060
f 937 1061 1065
f 937 938 1062 1061
f 939 940 1064 1063
f 940 1066 1064
f 1065 1067 1068
f 941 937 1065 1068
f 940 942 1069 1066
f 1070 1066 1069
f 943 1067 1071
f 943 944 1068 1067
f 944 941 1068
f 942 945 1069
f 945 946 1070 1069
f 1070 946 1072
f 947 943 1071 1073
f 1072 946 948 1074
f 949 947 1073 1075
f 948 950 1076 1074
f 951 949 1075 1077
f 950 952 1078 1076
f 953 951 1077 1079
f 952 954 1082 1078
f 955 953 1079 1083
f 1084 1080 956 961
f 1080 1081 957 956
f 957 1081 1085 962
f 954 958 1086 1082
f 959 955 1083 1087
f 1090 1084 961 960
f 962 1085 1091 963
f 958 964 1094 1086
f 965 959 1087 1095
f 1096 1088 967 966
f 1088 1089 968 967
f 1089 1090 960 968
f 963 1091 1092 969
f 1092 1093 970 969
f 970 1093 1097 971
f 964 972 1098 1094
f 973 1095 1099
f 975 1100 1096 966
f 971 1097 1101 976
f 978 1102 1098
f 979 973 1099 1103
f 975 980 1104 1100
f 1105 981 976 1101
f 978 982 1106 1102
f 983 1103 1223 1107
f 980 985 1108 1104
f 1109 986 981 1105
f 988 1110 1226 1106
f 989 983 1107 1111
f 990 1112 1108 985
f 986 1109 1113 991
f 988 992 1114 1110
f 993 1111 1231 1115
f 997 1117 1112 990
f 991 1113 1118 998
f 1002 1120 1234 1114
f 1115 1121 1122 993
f 995 1008 1124 1125
f 1116 996 995 1125
f 1116 1117 997 996
f 1118 1119 999 998
f 1000 999 1119 1126
f 1009 1000 1126 1127
f 1129 1130 1120 1002
f 1121 1250 1131 1122
f 1015 1003 1122 1131
f 1005 1022 1134 1135
f 1006 1005 1135 1136
f 1123 1007 1006 1136
f 1123 1124 1008 1007
f 1127 1128 1010 1009
f 1011 1010 1128 1137
f 1012 1011 1137 1138
f 1023 1012 1138 1139
f 1014 1030 1142 1129
f 1142 1259 1130 1129
f 1015 1131 1132
f 1016 1015 1132 1143
f 1017 1016 1143 1144
f 1018 1017 1144 1145
f 1019 1018 1145 1146
f 1020 1019 1146 1147
f 1133 1021 1020 1147
f 1133 1134 1022 1021
f 1139 1140 1024 1023
f 1025 1024 1140 1148
f 1026 1025 1148 1149
f 1027 1026 1149 1150
f 1028 1027 1150 1151
f 1029 1028 1151 1152
f 1141 1030 1029 1152
f 1142 1030 1141
f 1154 1043 1031 1155
f 1156 1155 1031 1032
f 1157 1156 1032 1033
f 1158 1157 1033 1034
f 1159 1158 1034 1035
f 1160 1159 1035 1036
f 1161 1160 1036 1037
f 1162 1161 1037 1038
f 1038 1044 1163 1162
f 1165 1051 1039 1166
f 1167 1166 1039 1040
f 1168 1167 1040 1041
f 1168 1041 1042 1153
f 1042 1043 1154 1153
f 1044 1045 1164 1163
f 1045 1046 1169 1164
f 1170 1169 1046 1047
f 1171 1170 1047 1048
f 1048 1052 1172 1171
f 1173 1055 1049 1174
f 1175 1174 1049 1050
f 1175 1050 1051 1165
f 1052 1053 1176 1172
f 1177 1176 1053 1054
f 1054 1056 1178 1177
f 1055 1173 1179 1058
f 1056 1059 1180 1178
f 1181 1062 1057 1182
f 1182 1057 1058 1179
f 1059 1060 1183 1180
f 1060 1063 1184 1183
f 1185 1061 1062 1181
f 1063 1064 1186 1184
f 1187 1065 1061 1185
f 1066 1188 1186 1064
f 1189 1067 1065 1187
f 1070 1190 1188 1066
f 1071 1067 1189 1191
f 1190 1070 1072 1192
f 1073 1071 1191 1193
f 1072 1074 1194 1192
f 1075 1073 1193 1195
f 1194 1074 1076 1196
f 1077 1075 1195 1197
f 1076 1078 1198 1196
f 1079 1077 1197 1199
f 1078 1082 1202 1198
f 1083 1079 1199 1203
f 1084 1205 1200 1080
f 1200 1201 1081 1080
f 1081 1201 1206 1085
f 1082 1086 1208 1202
f 1087 1083 1203 1209
f 1211 1204 1090 1089
f 1204 1205 1084 1090
f 1085 1206 1207 1091
f 1091 1207 1212 1092
f 1208 1086 1094 1214
f 1095 1087 1209 1215
f 1096 1216 1210 1088
f 1210 1211 1089 1088
f 1212 1213 1093 1092
f 1093 1213 1217 1097
f 1094 1098 1218 1214
f 1219 1099 1095 1215
f 1096 1100 1220 1216
f 1221 1101 1097 1217
f 1102 1222 1218 1098
f 1103 1099 1219 1223
f 1100 1104 1224 1220
f 1225 1105 1101 1221
f 1222 1102 1106 1226
f 1107 1223 1227
f 1104 1108 1228 1224
f 1229 1109 1105 1225
f 1226 1110 1230
f 1111 1107 1227 1231
f 1108 1112 1232 1228
f 1109 1229 1233 1113
f 1230 1110 1114 1234
f 1115 1231 1361 1235
f 1112 1117 1237 1232
f 1113 1233 1238 1118
f 1120 1240 1364 1234
f 1121 1115 1235 1241
f 1116 1125 1243 1244
f 1236 1117 1116 1244
f 1237 1117 1236
f 1118 1238 1239
f 1119 1118 1239 1245
f 1126 1119 1245 1246
f 1120 1130 1248 1240
f 1241 1249 1250 1121
f 1123 1136 1253 1254
f 1242 1124 1123 1254
f 1242 1243 1125 1124
f 1246 1247 1127 1126
f 1128 1127 1247 1255
f 1137 1128 1255 1256
f 1259 1260 1248 1130
f 1249 1387 1261 1250
f 1250 1261 1262 1131
f 1132 1131 1262 1263
f 1143 1132 1263 1264
f 1133 1147 1268 1269
f 1251 1134 1133 1269
f 1251 1252 1135 1134
f 1252 1253 1136 1135
f 1256 1257 1138 1137
f 1257 1258 1139 1138
f 1140 1139 1258 1270
f 1148 1140 1270 1271
f 1141 1152 1275 1276
f 1142 1141 1276 1277
f 1277 1278 1259 1142
f 1278 1408 1260 1259
f 1264 1265 1144 1143
f 1265 1266 1145 1144
f 1266 1267 1146 1145
f 1267 1268 1147 1146
f 1271 1272 1149 1148
f 1272 1273 1150 1149
f 1273 1274 1151 1150
f 1274 1275 1152 1151
f 1280 1168 1153 1281
f 1282 1281 1153 1154
f 1283 1282 1154 1155
f 1284 1283 1155 1156
f 1285 1284 1156 1157
f 1286 1285 1157 1158
f 1287 1286 1158 1159
f 1288 1287 1159 1160
f 1289 1288 1160 1161
f 1290 1289 1161 1162
f 1291 1290 1162 1163
f 1292 1291 1163 1164
f 1164 1169 1293 1292
f 1295 1175 1165 1296
f 1297 1296 1165 1166
f 1297 1166 1167 1279
f 1167 1168 1280 1279
f 1169 1170 1294 1293
f 1170 1171 1298 1294
f 1299 1298 1171 1172
f 1172 1176 1300 1299
f 1302 1301 1173 1174
f 1302 1174 1175 1295
f 1176 1177 1303 1300
f 1304 1303 1177 1178
f 1305 1182 1179 1306
f 1306 1179 1173 1301
f 1180 1307 1304 1178
f 1180 1183 1308 1307
f 1309 1185 1181 1310
f 1310 1181 1182 1305
f 1183 1184 1311 1308
f 1184 1186 1312 1311
f 1185 1309 1313 1187
f 1186 1188 1314 1312
f 1187 1313 1315 1189
f 1188 1190 1316 1314
f 1189 1315 1317 1191
f 1190 1192 1318 1316
f 1191 1317 1319
f 1318 1192 1320
f 1193 1191 1319 1321
f 1320 1192 1194 1322
f 1195 1193 1321 1323
f 1194 1196 1324 1322
f 1325 1197 1195 1323
f 1198 1326 1324 1196
f 1197 1325 1327 1199
f 1326 1198 1202 1332
f 1203 1199 1327 1333
f 1336 1328 1205 1204
f 1328 1329 1200 1205
f 1329 1330 1201 1200
f 1201 1330 1331 1206
f 1206 1331 1337 1207
f 1332 1202 1208 1340
f 1209 1203 1333 1341
f 1342 1334 1210
f 1334 1335 1211 1210
f 1335 1336 1204 1211
f 1207 1337 1338 1212
f 1338 1339 1213 1212
f 1213 1339 1343
f 1208 1214 1344 1340
f 1215 1209 1341 1345
f 1216 1346 1342 1210
f 1343 1347 1217 1213
f 1344 1214 1218 1348
f 1219 1215 1345 1349
f 1346 1216 1220 1350
f 1217 1347 1351 1221
f 1218 1222 1352 1348
f 1353 1223 1219 1349
f 1224 1354 1350 1220
f 1221 1351 1355 1225
f 1226 1356 1352 1222
f 1227 1223 1353 1357
f 1354 1224 1228 1358
f 1225 1355 1359 1229
f 1356 1226 1230 1360
f 1231 1227 1357 1361
f 1232 1362 1358 1228
f 1229 1359 1363 1233
f 1230 1234 1364 1360
f 1235 1361 1365
f 1237 1366 1362 1232
f 1233 1363 1367 1238
f 1364 1240 1368
f 1241 1235 1365 1369
f 1236 1244 1371 1372
f 1366 1237 1236 1372
f 1239 1238 1367 1373
f 1245 1239 1373 1374
f 1368 1240 1248 1376
f 1249 1241 1369 1377
f 1242 1254 1380 1381
f 1370 1243 1242 1381
f 1370 1371 1244 1243
f 1374 1375 1246 1245
f 1247 1246 1375 1382
f 1255 1247 1382 1383
f 1248 1260 1386 1376
f 1249 1377 1387
f 1251 1269 1396 1397
f 1378 1252 1251 1397
f 1378 1379 1253 1252
f 1379 1380 1254 1253
f 1383 1384 1256 1255
f 1384 1385 1257 1256
f 1258 1257 1385 1398
f 1270 1258 1398 1399
f 1260 1408 1386
f 1261 1387 1388
f 1388 1389 1262 1261
f 1389 1390 1263 1262
f 1390 1391 1264 1263
f 1391 1392 1265 1264
f 1392 1393 1266 1265
f 1393 1394 1267 1266
f 1394 1395 1268 1267
f 1395 1396 1269 1268
f 1399 1400 1271 1270
f 1400 1401 1272 1271
f 1401 1402 1273 1272
f 1402 1403 1274 1273
f 1403 1404 1275 1274
f 1404 1405 1276 1275
f 1405 1406 1277 1276
f 1406 1407 1278 1277
f 1408 1278 1407
f 1419 1297 1279 1420
f 1421 1420 1279 1280
f 1422 1421 1280 1281
f 1422 1281 1282 1409
f 1282 1283 1410 1409
f 1283 1284 1411 1410
f 1284 1285 1412 1411
f 1285 1286 1413 1412
f 1286 1287 1414 1413
f 1287 1288 1415 1414
f 1288 1289 1416 1415
f 1289 1290 1417 1416
f 1290 1291 1423 1417
f 1424 1423 1291 1292
f 1425 1424 1292 1293
f 1426 1425 1293 1294
f 1294 1298 1427 1426
f 1430 1302 1295 1431
f 1431 1295 1296 1418
f 1296 1297 1419 1418
f 1298 1299 1428 1427
f 1299 1300 1432 1428
f 1300 1303 1433 1432
f 1301 1429 1435 1306
f 1301 1302 1430 1429
f 1303 1304 1434 1433
f 1304 1307 1436 1434
f 1437 1310 1305 1438
f 1438 1305 1306 1435
f 1307 1308 1439 1436
f 1308 1311 1440 1439
f 1441 1309 1310 1437
f 1311 1312 1442 1440
f 1443 1313 1309 1441
f 1314 1444 1442 1312
f 1445 1315 1313 1443
f 1316 1446 1444 1314
f 1447 1317 1315 1445
f 1318 1448 1446 1316
f 1319 1317 1447 1449
f 1448 1318 1320 1450
f 1321 1319 1449 1451
f 1320 1322 1452 1450
f 1323 1321 1451 1453
f 1452 1322 1324 1454
f 1325 1323 1453 1455
f 1324 1326 1456 1454
f 1327 1325 1455 1457
f 1456 1326 1332 1459
f 1333 1327 1457 1460
f 1328 1336 1463 1464
f 1329 1328 1464 1465
f 1330 1329 1465 1466
f 1331 1330 1466 1467
f 1331 1467 1458 1337
f 1337 1458 1468 1338
f 1332 1340 1470 1459
f 1333 1460 1471 1341
f 1342 1472 1461 1334
f 1461 1462 1335 1334
f 1462 1463 1336 1335
f 1468 1469 1339 1338
f 1339 1469 1473 1343
f 1470 1340 1344 1474
f 1475 1345 1341 1471
f 1472 1342 1346 1476
f 1343 1473 1477 1347
f 1348 1478 1474 1344
f 1349 1345 1475 1479
f 1476 1346 1350 1480
f 1347 1477 1481 1351
f 1478 1348 1352 1482
f 1353 1349 1479 1483
f 1354 1484 1480 1350
f 1351 1481 1485 1355
f 1352 1356 1486 1482
f 1487 1357 1353 1483
f 1484 1354 1358 1488
f 1355 1485 1489 1359
f 1360 1490 1486 1356
f 1491 1361 1357 1487
f 1362 1492 1488 1358
f 1359 1489 1493 1363
f 1364 1494 1490 1360
f 1361 1491 1495 1365
f 1366 1496 1492 1362
f 1363 1493 1497 1367
f 1494 1364 1368 1498
f 1499 1369 1365 1495
f 1372 1502 1496 1366
f 1367 1497 1503 1373
f 1376 1506 1498 1368
f 1369 1499 1507 1377
f 1381 1511 1500 1370
f 1500 1501 1371 1370
f 1501 1502 1372 1371
f 1503 1504 1374 1373
f 1504 1505 1375 1374
f 1375 1505 1512 1382
f 1506 1376 1386 1516
f 1377 1507 1517 1387
f 1397 1525 1508 1378
f 1508 1509 1379 1378
f 1509 1510 1380 1379
f 1510 1511 1381 1380
f 1512 1513 1383 1382
f 1513 1514 1384 1383
f 1514 1515 1385 1384
f 1385 1515 1526 1398
f 1408 1534 1516 1386
f 1517 1518 1388 1387
f 1518 1519 1389 1388
f 1390 1389 1519 1535
f 1391 1390 1535 1536
f 1520 1392 1391 1536
f 1520 1521 1393 1392
f 1521 1522 1394 1393
f 1522 1523 1395 1394
f 1523 1524 1396 1395
f 1524 1525 1397 1396
f 1526 1527 1399 1398
f 1527 1528 1400 1399
f 1528 1529 1401 1400
f 1529 1530 1402 1401
f 1530 1531 1403 1402
f 1404 1403 1531 1537
f 1405 1404 1537 1538
f 1532 1406 1405 1538
f 1532 1533 1407 1406
f 1533 1534 1408 1407
f 1539 1708 1543 1544
f 1540 1539 1544 1545
f 1546 1709 1540 1545
f 1541 1710 1547 1548
f 1542 1541 1548 1549
f 1550 1711 1542 1549
f 1543 1551 1544
f 1545 1544 1551 1552
f 1546 1545 1552 1553
f 1548 1547 1554 1555
f 1549 1548 1555 1556
f 1556 1550 1549
f 1552 1551 1557 1558
f 1553 1552 1558 1559
f 1555 1554 1560 1561
f 1556 1555 1561 1562
f 1563 1422 1409 1564
f 1565 1564 1409 1410
f 1566 1565 1410 1411
f 1567 1566 1411 1412
f 1568 1567 1412 1413
f 1569 1568 1413 1414
f 1570 1569 1414 1415
f 1571 1570 1415 1416
f 1572 1571 1416 1417
f 1417 1423 1573 1572
f 1575 1431 1418 1576
f 1577 1576 1418 1419
f 1578 1577 1419 1420
f 1579 1578 1420 1421
f 1579 1421 1422 1563
f 1423 1424 1574 1573
f 1424 1425 1580 1574
f 1581 1580 1425 1426
f 1582 1581 1426 1427
f 1583 1582 1427 1428
f 1428 1432 1584 1583
f 1586 1585 1429 1430
f 1586 1430 1431 1575
f 1432 1433 1587 1584
f 1588 1587 1433 1434
f 1434 1436 1589 1588
f 1590 1438 1435 1591
f 1591 1435 1429 1585
f 1436 1439 1592 1589
f 1593 1437 1438 1590
f 1439 1440 1594 1592
f 1440 1442 1595 1594
f 1596 1441 1437 1593
f 1595 1442 1597
f 1598 1443 1441 1596
f 1444 1599 1597 1442
f 1600 1445 1443 1598
f 1446 1601 1599 1444
f 1602 1447 1445 1600
f 1448 1603 1601 1446
f 1604 1449 1447 1602
f 1450 1605 1603 1448
f 1449 1604 1606 1451
f 1605 1450 1452 1607
f 1608 1453 1451 1606
f 1454 1609 1607 1452
f 1453 1608 1610 1455
f 1609 1454 1456 1611
f 1612 1457 1455 1610
f 1459 1613 1611 1456
f 1457 1612 1614 1460
f 1458 1467 1622 1468
f 1613 1459 1470 1625
f 1471 1460 1614 1626
f 1472 1627 1615 1461
f 1615 1616 1462 1461
f 1616 1617 1463 1462
f 1617 1618 1464 1463
f 1618 1619 1465 1464
f 1619 1620 1466 1465
f 1620 1621 1467 1466
f 1622 1467 1621
f 1468 1622 1623
f 1623 1624 1469 1468
f 1469 1624 1628 1473
f 1625 1470 1474 1629
f 1475 1471 1626 1630
f 1627 1472 1476 1631
f 1473 1628 1632 1477
f 1474 1478 1633 1629
f 1634 1479 1475 1630
f 1631 1476 1480 1635
f 1477 1632 1636 1481
f 1482 1637 1633 1478
f 1479 1634 1638 1483
f 1484 1639 1635 1480
f 1481 1636 1640 1485
f 1637 1482 1486 1641
f 1642 1487 1483 1638
f 1639 1484 1488 1643
f 1485 1640 1644 1489
f 1490 1645 1641 1486
f 1487 1642 1646 1491
f 1492 1647 1643 1488
f 1489 1644 1648 1493
f 1649 1645 1490 1494
f 1491 1646 1650 1495
f 1496 1651 1647 1492
f 1493 1648 1652 1497
f 1653 1649 1494 1498
f 1495 1650 1654 1499
f 1502 1656 1651 1496
f 1497 1652 1657 1503
f 1659 1653 1498 1506
f 1507 1499 1654 1660
f 1500 1511 1666 1667
f 1655 1501 1500 1667
f 1655 1656 1502 1501
f 1657 1658 1504 1503
f 1505 1504 1658 1668
f 1512 1505 1668 1669
f 1675 1659 1506 1516
f 1660 1676 1517 1507
f 1683 1661 1524 1523
f 1661 1662 1525 1524
f 1662 1663 1508 1525
f 1663 1664 1509 1508
f 1664 1665 1510 1509
f 1665 1666 1511 1510
f 1669 1670 1513 1512
f 1670 1671 1514 1513
f 1671 1672 1515 1514
f 1515 1672 1673 1526
f 1673 1674 1527 1526
f 1527 1674 1684 1528
f 1691 1675 1516 1534
f 1517 1676 1518
f 1676 1677 1519 1518
f 1519 1677 1678 1535
f 1678 1679 1536 1535
f 1679 1680 1520 1536
f 1680 1681 1521 1520
f 1681 1682 1522 1521
f 1682 1683 1523 1522
f 1684 1685 1529 1528
f 1685 1686 1530 1529
f 1686 1687 1531 1530
f 1531 1687 1688 1537
f 1688 1689 1538 1537
f 1689 1690 1532 1538
f 1690 1691 1533 1532
f 1691 1534 1533
f 1693 1692 1696 1697
f 1698 1871 1693 1697
f 1694 1872 1699 1700
f 1695 1694 1700 1701
f 1697 1696 1702 1703
f 1698 1697 1703 1704
f 1700 1699 1705 1706
f 1701 1700 1706 1707
f 1703 1702 1708 1539
f 1539 1540 1704 1703
f 1540 1709 1704
f 1541 1705 1710
f 1541 1542 1706 1705
f 1711 1707 1706 1542
f 1543 1708 1712
f 1709 1546 1713 1887
f 1547 1710 1888 1714
f 1711 1550 1715
f 1543 1712 1716 1551
f 1713 1546 1553 1717
f 1547 1714 1718 1554
f 1556 1719 1715 1550
f 1551 1716 1720 1557
f 1717 1553 1559 1722
f 1554 1718 1723 1560
f 1719 1556 1562 1725
f 1720 1721 1558 1557
f 1721 1722 1559 1558
f 1723 1724 1561 1560
f 1724 1725 1562 1561
f 1727 1579 1563 1728
f 1729 1728 1563 1564
f 1730 1729 1564 1565
f 1731 1730 1565 1566
f 1732 1731 1566 1567
f 1733 1732 1567 1568
f 1734 1733 1568 1569
f 1735 1734 1569 1570
f 1736 1735 1570 1571
f 1737 1736 1571 1572
f 1738 1737 1572 1573
f 1739 1738 1573 1574
f 1574 1580 1740 1739
f 1742 1586 1575 1743
f 1744 1743 1575 1576
f 1745 1744 1576 1577
f 1745 1577 1578 1726
f 1578 1579 1727 1726
f 1580 1581 1741 1740
f 1581 1582 1746 1741
f 1747 1746 1582 1583
f 1748 1747 1583 1584
f 1584 1587 1749 1748
f 1750 1591 1585 1751
f 1751 1585 1586 1742
f 1587 1588 1752 1749
f 1753 1752 1588 1589
f 1754 1590 1591 1750
f 1592 1755 1753 1589
f 1592 1594 1756 1755
f 1757 1596 1593 1758
f 1758 1593 1590 1754
f 1594 1595 1759 1756
f 1596 1757 1760 1598
f 1759 1595 1597 1761
f 1598 1760 1762 1600
f 1597 1599 1763 1761
f 1600 1762 1764
f 1599 1601 1765 1763
f 1766 1602 1600 1764
f 1601 1603 1767 1765
f 1768 1604 1602 1766
f 1603 1605 1769 1767
f 1604 1768 1770 1606
f 1769 1605 1607 1771
f 1772 1608 1606 1770
f 1607 1609 1773 1771
f 1608 1772 1774 1610
f 1773 1609 1611 1775
f 1776 1612 1610 1774
f 1613 1777 1775 1611
f 1612 1776 1778 1614
f 1777 1613 1625 1786
f 1614 1778 1787 1626
f 1615 1627 1788
f 1779 1616 1615 1788
f 1779 1780 1617 1616
f 1618 1617 1780 1789
f 1781 1619 1618 1789
f 1781 1782 1620 1619
f 1782 1783 1621 1620
f 1783 1784 1622 1621
f 1784 1785 1623 1622
f 1624 1623 1785 1790
f 1628 1624 1790
f 1791 1786 1625 1629
f 1626 1787 1792 1630
f 1627 1631 1793 1788
f 1794 1632 1628 1790
f 1795 1791 1629 1633
f 1630 1792 1796 1634
f 1797 1793 1631 1635
f 1794 1798 1636 1632
f 1799 1795 1633 1637
f 1634 1796 1800 1638
f 1639 1801 1797 1635
f 1798 1802 1640 1636
f 1803 1799 1637 1641
f 1638 1800 1804 1642
f 1801 1639 1643 1805
f 1640 1802 1806 1644
f 1807 1803 1641 1645
f 1646 1642 1804 1808
f 1647 1809 1805 1643
f 1644 1806 1810 1648
f 1811 1807 1645 1649
f 1646 1808 1812 1650
f 1651 1813 1809 1647
f 1648 1810 1814 1652
f 1815 1811 1649 1653
f 1654 1650 1812 1816
f 1656 1820 1813 1651
f 1652 1814 1821 1657
f 1825 1815 1653 1659
f 1660 1654 1816 1826
f 1839 1818 1667 1666
f 1818 1819 1655 1667
f 1819 1820 1656 1655
f 1821 1822 1658 1657
f 1658 1822 1823 1668
f 1668 1823 1840 1669
f 1853 1825 1659 1675
f 1826 1676 1660
f 1826 1827 1677 1676
f 1827 1828 1678 1677
f 1828 1829 1679 1678
f 1829 1830 1680 1679
f 1830 1831 1681 1680
f 1831 1832 1682 1681
f 1832 1833 1683 1682
f 1833 1834 1661 1683
f 1834 1835 1662 1661
f 1835 1836 1663 1662
f 1836 1837 1664 1663
f 1837 1838 1665 1664
f 1838 1839 1666 1665
f 1840 1841 1670 1669
f 1841 1842 1671 1670
f 1842 1843 1672 1671
f 1843 1844 1673 1672
f 1844 1845 1674 1673
f 1674 1845 1846 1684
f 1846 1847 1685 1684
f 1847 1848 1686 1685
f 1848 1849 1687 1686
f 1849 1850 1688 1687
f 1850 1851 1689 1688
f 1851 1852 1690 1689
f 1852 1853 1691 1690
f 1691 1853 1675
f 1855 1854 1858 1859
f 1860 2038 1855 1859
f 1856 2039 1861 1862
f 1857 1856 1862 1863
f 1859 1858 1864 1865
f 1860 1859 1865 1866
f 1862 1861 1867 1868
f 1863 1862 1868 1869
f 1865 1864 1870 1692
f 1692 1693 1866 1865
f 1693 1871 1866
f 1694 1867 1872
f 1694 1695 1868 1867
f 1873 1869 1868 1695
f 1696 1692 1870 1874
f 1871 1698 1875
f 1699 1872 1876
f 1695 1701 1877 1873
f 1702 1696 1874 1878
f 1875 1698 1704 1879
f 1699 1876 1880 1705
f 1701 1707 1881 1877
f 1708 1702 1878 1882
f 1883 1879 1704 1709
f 1705 1880 1884 1710
f 1707 1711 1885 1881
f 1886 1712 1708 1882
f 1887 1883 1709
f 1888 1710 1884
f 1711 1715 1889 1885
f 1712 1886 1890 1716
f 1891 1887 1713 1717
f 1888 1892 1718 1714
f 1719 1893 1889 1715
f 1890 1720 1716
f 1890 1891 1721 1720
f 1717 1722 1721 1891
f 1724 1723 1718 1892
f 1892 1893 1725 1724
f 1725 1893 1719
f 1894 1745 1726 1895
f 1896 1895 1726 1727
f 1897 1896 1727 1728
f 1898 1897 1728 1729
f 1899 1898 1729 1730
f 1900 1899 1730 1731
f 1901 1900 1731 1732
f 1902 1901 1732 1733
f 1903 1902 1733 1734
f 1904 1903 1734 1735
f 1905 1904 1735 1736
f 1906 1905 1736 1737
f 1907 1906 1737 1738
f 1908 1907 1738 1739
f 1909 1908 1739 1740
f 1910 1909 1740 1741
f 1741 1746 1911 1910
f 1914 1913 1742 1743
f 1915 1914 1743 1744
f 1915 1744 1745 1894
f 1746 1747 1912 1911
f 1747 1748 1916 1912
f 1917 1916 1748 1749
f 1749 1752 1918 1917
f 1920 1919 1750 1751
f 1920 1751 1742 1913
f 1752 1753 1921 1918
f 1922 1758 1754 1923
f 1923 1754 1750 1919
f 1755 1924 1921 1753
f 1925 1924 1755 1756
f 1926 1757 1758 1922
f 1759 1927 1925 1756
f 1928 1760 1757 1926
f 1761 1929 1927 1759
f 1761 1763 1930 1929
f 1931 1762 1760 1928
f 1930 1763 1932
f 1764 1762 1931 1933
f 1765 1934 1932 1763
f 1766 1764 1933 1935
f 1767 1936 1934 1765
f 1768 1766 1935 1937
f 1936 1767 1769 1938
f 1770 1768 1937 1939
f 1769 1771 1940 1938
f 1772 1770 1939 1941
f 1940 1771 1773 1942
f 1774 1772 1941 1943
f 1773 1775 1944 1942
f 1776 1774 1943 1945
f 1775 1777 1946 1944
f 1778 1776 1945 1947
f 1777 1786 1948 1946
f 1949 1787 1778 1947
f 1779 1788 1951 1952
f 1780 1779 1952 1953
f 1789 1780 1953 1954
f 1781 1789 1954 1955
f 1782 1781 1955 1956
f 1783 1782 1956 1957
f 1784 1783 1957 1958
f 1785 1784 1958 1959
f 1790 1785 1959 1960
f 1786 1791 1962 1948
f 1963 1792 1787 1949
f 1964 1950 1793
f 1950 1951 1788 1793
f 1790 1960 1961 1794
f 1794 1961 1965
f 1791 1795 1966 1962
f 1792 1963 1967 1796
f 1797 1968 1964 1793
f 1965 1969 1798 1794
f 1966 1795 1799 1970
f 1796 1967 1971 1800
f 1968 1797 1801 1972
f 1798 1969 1973 1802
f 1974 1970 1799 1803
f 1804 1800 1971 1975
f 1976 1972 1801 1805
f 1973 1977 1806 1802
f 1978 1974 1803 1807
f 1808 1804 1975 1979
f 1809 1980 1976 1805
f 1977 1981 1810 1806
f 1982 1978 1807 1811
f 1808 1979 1983 1812
f 1813 1986 1980 1809
f 1810 1981 1987 1814
f 1990 1982 1811 1815
f 1817 1816 1812 1983
f 1817 1983 1984 1991
f 1820 1998 1986 1813
f 1814 1987 1999 1821
f 2006 1990 1824
f 1815 1825 1824 1990
f 1816 1817 1827 1826
f 1828 1827 1817 1991
f 1991 1992 1829 1828
f 1992 1993 1830 1829
f 1830 1993 2007 1831
f 2008 1995 2009 1833
f 1839 2014 1996 1818
f 1996 1997 1819 1818
f 1997 1998 1820 1819
f 1999 2000 1822 1821
f 2000 2001 1823 1822
f 1823 2001 2015 1840
f 2020 2002 2021 1846
f 2022 2004 1849 1848
f 2004 2005 1850 1849
f 2005 2006 1851 1850
f 1824 1852 1851 2006
f 1824 1825 1853 1852
f 2007 2008 1832 1831
f 2008 1833 1832
f 1833 2009 1834
f 2009 2010 1835 1834
f 2010 2011 1836 1835
f 2011 2012 1837 1836
f 2012 2013 1838 1837
f 2013 2014 1839 1838
f 2015 2016 1841 1840
f 2016 2017 1842 1841
f 2017 2018 1843 1842
f 2018 2019 1844 1843
f 2019 2020 1845 1844
f 2020 1846 1845
f 1846 2021 1847
f 2021 2022 1848 1847
f 2023 2286 2025 2026
f 2027 2287 2023 2026
f 2024 2296 2028 2029
f 2030 2297 2024 2029
f 2026 2025 2031 2032
f 2027 2026 2032 2033
f 2029 2028 2034 2035
f 2030 2029 2035 2036
f 1854 2031 2037
f 1854 1855 2032 2031
f 2038 2033 2032 1855
f 2035 2034 2039 1856
f 1856 1857 2036 2035
f 2036 1857 2040
f 1858 1854 2037 2041
f 2038 1860 2042
f 1861 2039 2043
f 2040 1857 1863 2044
f 1864 1858 2041 2045
f 2042 1860 1866 2046
f 1861 2043 2047 1867
f 1863 1869 2048 2044
f 1870 1864 2045 2049
f 1871 2050 2046 1866
f 2051 1872 1867 2047
f 1869 1873 2052 2048
f 2053 1874 1870 2049
f 2050 1871 1875 2054
f 1872 2051 2055 1876
f 1873 1877 2056 2052
f 1874 2053 2057 1878
f 2054 1875 1879 2058
f 1876 2055 2059 1880
f 2056 1877 1881 2060
f 1878 2057 2061 1882
f 2058 1879 1883 2062
f 1880 2059 2063 1884
f 2060 1881 1885 2064
f 1882 2061 2065 1886
f 2066 2062 1883 1887
f 1884 2063 2067 1888
f 1889 2068 2064 1885
f 2069 1890 1886 2065
f 2070 2066 1887 1891
f 2067 2071 1892 1888
f 1889 1893 2072 2068
f 2069 2073 2074 1890
f 2074 2070 1891 1890
f 1892 2071 2075 1893
f 2075 2076 2072 1893
f 2077 2377 2074 2073
f 2075 2380 2078 2076
f 2079 1915 1894 2080
f 2081 2080 1894 1895
f 2082 2081 1895 1896
f 2083 2082 1896 1897
f 2084 2083 1897 1898
f 2085 2084 1898 1899
f 2086 2085 1899 1900
f 2087 2086 1900 1901
f 2088 2087 1901 1902
f 2089 2088 1902 1903
f 2090 2089 1903 1904
f 2091 2090 1904 1905
f 2092 2091 1905 1906
f 2093 2092 1906 1907
f 2094 2093 1907 1908
f 2095 2094 1908 1909
f 2096 2095 1909 1910
f 2097 2096 1910 1911
f 2098 2097 1911 1912
f 2099 1920 1913 2100
f 2101 2100 1913 1914
f 2101 1914 1915 2079
f 1916 2102 2098 1912
f 2103 2102 1916 1917
f 2104 2103 1917 1918
f 2105 1923 1919 2106
f 2106 1919 1920 2099
f 1921 2107 2104 1918
f 1921 1924 2108 2107
f 2109 1926 1922 2110
f 2110 1922 1923 2105
f 1924 1925 2111 2108
f 1925 1927 2112 2111
f 1926 2109 2113 1928
f 1927 1929 2114 2112
f 1928 2113 2115 1931
f 1929 1930 2116 2114
f 1931 2115 2117
f 2116 1930 1932 2118
f 2119 1933 1931 2117
f 1932 1934 2120 2118
f 2121 1935 2122
f 2122 1935 1933 2119
f 1934 1936 2123 2120
f 1937 1935 2121 2124
f 1936 1938 2125 2123
f 1939 1937 2124 2126
f 2125 1938 1940 2127
f 1941 1939 2126 2128
f 1940 1942 2129 2127
f 1943 1941 2128 2130
f 2129 1942 1944 2131
f 1945 1943 2130 2132
f 1944 1946 2133 2131
f 1947 1945 2132 2134
f 2133 1946 1948 2135
f 2136 1949 1947 2134
f 2135 1948 1962 2149
f 1963 1949 2136 2150
f 1964 2151 2137 1950
f 2137 2138 1951 1950
f 2138 2139 1952 1951
f 2139 2140 1953 1952
f 2140 2141 1954 1953
f 2141 2142 1955 1954
f 2142 2143 1956 1955
f 2143 2144 1957 1956
f 2144 2145 1958 1957
f 2145 2146 1959 1958
f 2146 2147 1960 1959
f 2147 2148 1961 1960
f 1961 2148 2152 1965
f 1962 1966 2153 2149
f 1963 2150 2154 1967
f 2151 1964 1968 2155
f 1965 2152 2156 1969
f 2153 1966 1970 2157
f 1967 2154 2158 1971
f 2155 1968 1972 2159
f 1969 2156 2160 1973
f 2157 1970 1974 2161
f 2158 2162 1975 1971
f 1976 2163 2159 1972
f 1973 2160 2164 1977
f 2161 1974 1978 2165
f 1979 1975 2162 2166
f 2167 2163 1976 1980
f 2164 2168 1981 1977
f 2169 2165 1978 1982
f 1983 1979 1984
f 1985 1984 1979 2166
f 1985 2166 2481 2170
f 2172 2167 1980 1986
f 2168 2173 1987 1981
f 2175 2490 2169 1988
f 1982 1989 1988 2169
f 1982 1990 2006 1989
f 1984 1985 1992 1991
f 1993 1992 1985 2170
f 2170 2171 1994 1993
f 1994 2171 2496 2176
f 2185 2172 1986 1998
f 2173 2186 1999 1987
f 2195 2511 2174 2003
f 2174 2175 2004 2003
f 1988 2005 2004 2175
f 1988 1989 2006 2005
f 2198 2197 2007
f 2198 2007 1993 1994
f 2008 2198 1994 2176
f 2176 2177 1995 2008
f 1995 2177 2178 2009
f 2178 2179 2010 2009
f 2179 2180 2011 2010
f 2180 2181 2012 2011
f 2181 2182 2013 2012
f 2182 2183 2014 2013
f 2183 2184 1996 2014
f 2184 2185 1997 1996
f 2185 1998 1997
f 1999 2186 2000
f 2186 2187 2001 2000
f 2001 2187 2188 2015
f 2188 2189 2016 2015
f 2189 2190 2017 2016
f 2190 2191 2018 2017
f 2191 2192 2019 2018
f 2192 2193 2020 2019
f 2193 2194 2002 2020
f 2002 2194 2195 2021
f 2021 2195 2003 2199
f 2003 2004 2022 2199
f 2022 2200 2199
f 2197 2196 2202 2203
f 2197 2203 2204 2007
f 2204 2198 2008 2007
f 2021 2199 2205 2022
f 2205 2206 2200 2022
f 2201 2200 2206 2207
f 2202 2525 2208 2209
f 2203 2202 2209 2210
f 2204 2203 2210 2211
f 2206 2205 2212 2213
f 2207 2206 2213 2214
f 2215 2530 2207 2214
f 2209 2208 2216 2217
f 2210 2209 2217 2218
f 2211 2210 2218 2219
f 2213 2212 2220 2221
f 2214 2213 2221 2222
f 2215 2214 2222 2223
f 2216 2539 2224 2225
f 2217 2216 2225 2226
f 2218 2217 2226 2227
f 2219 2218 2227 2228
f 2229 2540 2219 2228
f 2220 2543 2230 2231
f 2221 2220 2231 2232
f 2222 2221 2232 2233
f 2223 2222 2233 2234
f 2235 2544 2223 2234
f 2225 2224 2236 2237
f 2226 2225 2237 2238
f 2227 2226 2238 2239
f 2228 2227 2239 2240
f 2229 2228 2240 2241
f 2231 2230 2242 2243
f 2232 2231 2243 2244
f 2233 2232 2244 2245
f 2234 2233 2245 2246
f 2235 2234 2246 2247
f 2237 2236 2248 2249
f 2238 2237 2249 2250
f 2239 2238 2250 2251
f 2240 2239 2251 2252
f 2241 2240 2252 2253
f 2243 2242 2254 2255
f 2244 2243 2255 2256
f 2245 2244 2256 2257
f 2246 2245 2257 2258
f 2247 2246 2258 2259
f 2249 2248 2260 2261
f 2250 2249 2261 2262
f 2251 2250 2262 2263
f 2252 2251 2263 2264
f 2253 2252 2264 2265
f 2255 2254 2266 2267
f 2256 2255 2267 2268
f 2257 2256 2268 2269
f 2258 2257 2269 2270
f 2259 2258 2270 2271
f 2260 2563 2272 2273
f 2261 2260 2273 2274
f 2262 2261 2274 2275
f 2263 2262 2275 2276
f 2264 2263 2276 2277
f 2265 2264 2277 2278
f 2267 2266 2279 2280
f 2268 2267 2280 2281
f 2269 2268 2281 2282
f 2270 2269 2282 2283
f 2271 2270 2283 2284
f 2285 2568 2271 2284
f 2273 2272 2286 2023
f 2287 2274 2273 2023
f 2275 2274 2287 2288
f 2276 2275 2288 2289
f 2277 2276 2289 2290
f 2278 2277 2290 2291
f 2280 2279 2292 2293
f 2281 2280 2293 2294
f 2282 2281 2294 2295
f 2283 2282 2295 2296
f 2284 2283 2296 2024
f 2297 2285 2284 2024
f 2025 2286 2576 2298
f 2299 2288 2287 2027
f 2289 2288 2299 2300
f 2290 2289 2300 2301
f 2291 2290 2301 2302
f 2293 2292 2303 2304
f 2294 2293 2304 2305
f 2295 2294 2305 2306
f 2296 2295 2306 2028
f 2030 2307 2581 2297
f 2031 2025 2298 2308
f 2027 2033 2309 2299
f 2300 2299 2309 2310
f 2301 2300 2310 2311
f 2302 2301 2311 2312
f 2304 2303 2313 2314
f 2305 2304 2314 2315
f 2306 2305 2315 2316
f 2034 2028 2306 2316
f 2030 2036 2317 2307
f 2037 2031 2308 2318
f 2033 2038 2319 2309
f 2310 2309 2319 2320
f 2311 2310 2320 2321
f 2321 2595 2312 2311
f 2313 2598 2322 2314
f 2315 2314 2322 2323
f 2316 2315 2323 2324
f 2039 2034 2316 2324
f 2036 2040 2325 2317
f 2041 2037 2318 2326
f 2038 2042 2327 2319
f 2320 2319 2327 2328
f 2321 2320 2328 2329
f 2323 2322 2330 2331
f 2324 2323 2331 2332
f 2043 2039 2324 2332
f 2040 2044 2333 2325
f 2041 2326 2334 2045
f 2042 2046 2335 2327
f 2328 2327 2335 2336
f 2329 2328 2336 2337
f 2331 2330 2338 2339
f 2332 2331 2339 2340
f 2047 2043 2332 2340
f 2333 2044 2048 2341
f 2045 2334 2342 2049
f 2046 2050 2335
f 2343 2336 2335 2050
f 2337 2336 2343 2344
f 2339 2338 2345 2346
f 2340 2339 2346 2051
f 2051 2047 2340
f 2341 2048 2052 2347
f 2348 2053 2049 2342
f 2050 2054 2349 2343
f 2349 2615 2344 2343
f 2345 2616 2350 2346
f 2055 2051 2346 2350
f 2052 2056 2351 2347
f 2352 2057 2053 2348
f 2054 2058 2353 2349
f 2059 2055 2350 2354
f 2056 2060 2355 2351
f 2061 2057 2352 2356
f 2058 2062 2357 2353
f 2063 2059 2354 2358
f 2355 2060 2064 2359
f 2356 2360 2361 2061
f 2065 2061 2361
f 2062 2066 2362 2357
f 2363 2067 2063 2358
f 2064 2068 2364
f 2364 2365 2359 2064
f 2361 2360 2366 2367
f 2069 2065 2361 2367
f 2066 2070 2368 2362
f 2369 2071 2067 2363
f 2068 2072 2370 2364
f 2365 2364 2370 2371
f 2366 2636 2372 2367
f 2073 2069 2367 2372
f 2070 2074 2373 2368
f 2075 2071 2369 2374
f 2072 2076 2375 2370
f 2375 2639 2371 2370
f 2077 2073 2372 2376
f 2377 2378 2373 2074
f 2374 2379 2380 2075
f 2076 2078 2381 2375
f 2376 2382 2383 2077
f 2383 2384 2377 2077
f 2384 2645 2378 2377
f 2379 2646 2385 2380
f 2380 2385 2386 2078
f 2386 2387 2381 2078
f 2400 2101 2079 2401
f 2402 2401 2079 2080
f 2403 2402 2080 2081
f 2404 2403 2081 2082
f 2404 2082 2083 2388
f 2083 2084 2389 2388
f 2084 2085 2390 2389
f 2085 2086 2391 2390
f 2086 2087 2392 2391
f 2087 2088 2393 2392
f 2088 2089 2394 2393
f 2089 2090 2395 2394
f 2090 2091 2396 2395
f 2091 2092 2397 2396
f 2092 2093 2398 2397
f 2093 2094 2399 2398
f 2094 2095 2405 2399
f 2406 2405 2095 2096
f 2407 2406 2096 2097
f 2408 2407 2097 2098
f 2098 2102 2409 2408
f 2410 2106 2099 2411
f 2412 2411 2099 2100
f 2412 2100 2101 2400
f 2102 2103 2413 2409
f 2414 2413 2103 2104
f 2104 2107 2415 2414
f 2416 2105 2106 2410
f 2107 2108 2417 2415
f 2419 2418 2109 2110
f 2419 2110 2105 2416
f 2111 2420 2417 2108
f 2421 2420 2111 2112
f 2422 2113 2109 2418
f 2114 2423 2421 2112
f 2424 2115 2113 2422
f 2116 2425 2423 2114
f 2117 2115 2424 2426
f 2118 2427 2425 2116
f 2119 2117 2426 2428
f 2120 2429 2427 2118
f 2430 2121 2122 2428
f 2122 2119 2428
f 2123 2431 2429 2120
f 2121 2430 2432 2124
f 2431 2123 2125 2433
f 2126 2124 2432 2434
f 2125 2127 2435 2433
f 2128 2126 2434 2436
f 2435 2127 2129 2437
f 2438 2130 2128 2436
f 2129 2131 2439 2437
f 2130 2438 2440 2132
f 2439 2131 2133 2441
f 2134 2132 2440 2442
f 2133 2135 2443 2441
f 2136 2134 2442 2444
f 2135 2149 2446 2443
f 2150 2136 2444 2447
f 2448 2714 2445 2151
f 2137 2151 2445 2449
f 2138 2137 2449 2450
f 2139 2138 2450 2451
f 2140 2139 2451 2452
f 2141 2140 2452 2453
f 2142 2141 2453 2454
f 2143 2142 2454 2455
f 2144 2143 2455 2456
f 2145 2144 2456 2457
f 2146 2145 2457 2458
f 2147 2146 2458 2459
f 2148 2147 2459 2460
f 2152 2148 2460
f 2149 2153 2462 2446
f 2154 2150 2447 2463
f 2464 2448 2151 2155
f 2156 2152 2460 2461
f 2156 2461 2465
f 2153 2157 2466 2462
f 2158 2154 2463 2467
f 2468 2464 2155 2159
f 2160 2156 2465 2469
f 2157 2161 2470 2466
f 2467 2471 2472 2158
f 2162 2158 2472
f 2473 2468 2159 2163
f 2469 2474 2164 2160
f 2161 2165 2475 2470
f 2471 2743 2476 2472
f 2166 2162 2472 2476
f 2477 2473 2163 2167
f 2474 2478 2168 2164
f 2165 2169 2479 2475
f 2476 2480 2481 2166
f 2172 2485 2477 2167
f 2478 2486 2173 2168
f 2490 2491 2479 2169
f 2480 2751 2492 2493
f 2481 2480 2493 2494
f 2481 2494 2495 2170
f 2171 2170 2495 2496
f 2497 2770 2482 2177
f 2482 2483 2178 2177
f 2178 2483 2498 2179
f 2503 2484 2185 2184
f 2484 2485 2172 2185
f 2173 2486 2487 2186
f 2186 2487 2504 2187
f 2509 2488 2193 2192
f 2488 2489 2194 2193
f 2194 2489 2510 2195
f 2175 2174 2511 2512
f 2512 2513 2490 2175
f 2491 2490 2513 2514
f 2515 2768 2491 2514
f 2493 2492 2516 2517
f 2494 2493 2517 2196
f 2196 2197 2495 2494
f 2197 2198 2496 2495
f 2496 2198 2518 2176
f 2518 2519 2770 2497
f 2518 2497 2177 2176
f 2498 2499 2180 2179
f 2499 2500 2181 2180
f 2500 2501 2182 2181
f 2501 2502 2183 2182
f 2502 2503 2184 2183
f 2504 2505 2188 2187
f 2505 2506 2189 2188
f 2506 2507 2190 2189
f 2507 2508 2191 2190
f 2508 2509 2192 2191
f 2195 2510 2520 2521
f 2521 2199 2511 2195
f 2199 2200 2512 2511
f 2200 2201 2513 2512
f 2522 2514 2513 2201
f 2515 2514 2522 2523
f 2517 2516 2524 2525
f 2202 2196 2517 2525
f 2198 2204 2526 2518
f 2519 2518 2526 2527
f 2521 2520 2528 2529
f 2205 2199 2521 2529
f 2201 2207 2530 2522
f 2523 2522 2530 2531
f 2525 2524 2532 2208
f 2204 2211 2533 2526
f 2527 2526 2533 2534
f 2529 2528 2535 2536
f 2212 2205 2529 2536
f 2537 2531 2530 2215
f 2532 2782 2538 2539
f 2216 2208 2532 2539
f 2211 2219 2540 2533
f 2534 2533 2540 2541
f 2536 2535 2542 2543
f 2220 2212 2536 2543
f 2215 2223 2544 2537
f 2545 2785 2537 2544
f 2539 2538 2546 2224
f 2547 2541 2540 2229
f 2543 2542 2548 2230
f 2549 2545 2544 2235
f 2236 2224 2546 2550
f 2229 2241 2551 2547
f 2552 2792 2547 2551
f 2548 2793 2553 2554
f 2242 2230 2548 2554
f 2235 2247 2555 2549
f 2248 2236 2550 2556
f 2241 2253 2557 2551
f 2552 2551 2557 2558
f 2554 2553 2559 2560
f 2254 2242 2554 2560
f 2247 2259 2561 2555
f 2556 2799 2562 2563
f 2260 2248 2556 2563
f 2253 2265 2564 2557
f 2558 2557 2564 2565
f 2560 2559 2566 2567
f 2266 2254 2560 2567
f 2259 2271 2568 2561
f 2569 2802 2561 2568
f 2563 2562 2570 2272
f 2265 2278 2571 2564
f 2565 2564 2571 2572
f 2567 2566 2573 2574
f 2279 2266 2567 2574
f 2575 2569 2568 2285
f 2286 2272 2570 2576
f 2278 2291 2577 2571
f 2572 2571 2577 2578
f 2574 2573 2579 2580
f 2292 2279 2574 2580
f 2285 2297 2581 2575
f 2298 2576 2582
f 2291 2302 2583 2577
f 2578 2577 2583 2584
f 2580 2579 2585 2586
f 2303 2292 2580 2586
f 2581 2307 2587
f 2308 2298 2582 2588
f 2302 2312 2589 2583
f 2584 2583 2589 2590
f 2586 2585 2591 2592
f 2313 2303 2586 2592
f 2587 2307 2317 2593
f 2318 2308 2588 2594
f 2595 2596 2589 2312
f 2596 2824 2590 2589
f 2591 2825 2597 2592
f 2592 2597 2598 2313
f 2317 2325 2599 2593
f 2326 2318 2594 2600
f 2321 2329 2601 2595
f 2596 2595 2601 2602
f 2598 2597 2603 2604
f 2330 2322 2598 2604
f 2325 2333 2605 2599
f 2606 2334 2326 2600
f 2329 2337 2607 2601
f 2607 2832 2602 2601
f 2603 2833 2608 2604
f 2338 2330 2604 2608
f 2333 2341 2609 2605
f 2334 2606 2610 2342
f 2337 2344 2611 2607
f 2345 2338 2608 2612
f 2609 2341 2347 2613
f 2348 2342 2610 2614
f 2344 2615 2840 2611
f 2345 2612 2841 2616
f 2613 2347 2351 2617
f 2614 2618 2619 2348
f 2352 2348 2619 2356
f 2349 2353 2620 2615
f 2354 2350 2616 2621
f 2351 2355 2359 2622
f 2622 2623 2617 2351
f 2619 2618 2624 2356
f 2353 2357 2625 2620
f 2626 2358 2354 2621
f 2627 2623 2622 2359
f 2360 2356 2624 2628
f 2357 2362 2629 2625
f 2630 2363 2358 2626
f 2359 2365 2631 2627
f 2632 2366 2360 2628
f 2362 2368 2633 2629
f 2369 2363 2630 2634
f 2365 2371 2635 2631
f 2636 2366 2632
f 2368 2373 2637 2633
f 2638 2374 2369 2634
f 2371 2639 2635
f 2376 2372 2636 2640
f 2637 2373 2378 2641
f 2374 2638 2642 2379
f 2375 2381 2643 2639
f 2382 2376 2640 2644
f 2378 2645 2641
f 2646 2379 2642
f 2381 2387 2647 2643
f 2382 2644 2648
f 2383 2382 2648 2649
f 2384 2383 2649 2650
f 2384 2650 2645
f 2385 2646 2651
f 2386 2385 2651 2652
f 2387 2386 2652 2653
f 2387 2653 2647
f 2654 2404 2388 2655
f 2656 2655 2388 2389
f 2657 2656 2389 2390
f 2658 2657 2390 2391
f 2659 2658 2391 2392
f 2660 2659 2392 2393
f 2661 2660 2393 2394
f 2662 2661 2394 2395
f 2663 2662 2395 2396
f 2664 2663 2396 2397
f 2665 2664 2397 2398
f 2666 2665 2398 2399
f 2399 2405 2667 2666
f 2669 2668 2400 2401
f 2670 2669 2401 2402
f 2671 2670 2402 2403
f 2671 2403 2404 2654
f 2405 2406 2672 2667
f 2673 2672 2406 2407
f 2674 2673 2407 2408
f 2675 2674 2408 2409
f 2677 2676 2410 2411
f 2678 2677 2411 2412
f 2678 2412 2400 2668
f 2413 2679 2675 2409
f 2680 2679 2413 2414
f 2681 2680 2414 2415
f 2682 2419 2416 2683
f 2683 2416 2410 2676
f 2417 2684 2681 2415
f 2417 2420 2685 2684
f 2686 2418 2419 2682
f 2420 2421 2687 2685
f 2688 2422 2418 2686
f 2423 2689 2687 2421
f 2690 2424 2422 2688
f 2425 2691 2689 2423
f 2425 2427 2692 2691
f 2693 2426 2424 2690
f 2427 2429 2694 2692
f 2695 2428 2426 2693
f 2694 2429 2696
f 2697 2430 2428 2695
f 2431 2698 2696 2429
f 2432 2430 2697 2699
f 2433 2700 2698 2431
f 2434 2432 2699 2701
f 2700 2433 2435 2702
f 2436 2434 2701 2703
f 2437 2704 2702 2435
f 2438 2436 2703 2705
f 2704 2437 2439 2706
f 2440 2438 2705 2707
f 2439 2441 2708 2706
f 2442 2440 2707 2709
f 2708 2441 2443 2710
f 2442 2709 2711 2444
f 2710 2443 2446 2712
f 2447 2444 2711 2713
f 2449 2445 2714 2715
f 2712 2446 2462 2728
f 2463 2447 2713 2729
f 2448 2464 2731 2714
f 2715 2716 2450 2449
f 2716 2717 2451 2450
f 2717 2718 2452 2451
f 2718 2719 2453 2452
f 2719 2720 2454 2453
f 2720 2721 2455 2454
f 2721 2722 2456 2455
f 2722 2723 2457 2456
f 2723 2724 2458 2457
f 2724 2725 2459 2458
f 2725 2726 2460 2459
f 2726 2727 2461 2460
f 2461 2727 2732 2465
f 2462 2466 2734 2728
f 2467 2463 2729 2735
f 2736 2731 2464 2468
f 2732 2737 2469 2465
f 2466 2470 2738 2734
f 2471 2467 2735 2739
f 2740 2736 2468 2473
f 2737 2741 2474 2469
f 2470 2475 2742 2738
f 2471 2739 2972 2743
f 2477 2746 2740 2473
f 2741 2747 2478 2474
f 2475 2479 2750 2742
f 2480 2476 2743 2751
f 2752 2744 2753 2483
f 2759 2746 2477 2485
f 2747 2760 2486 2478
f 2766 2749 2767 2488
f 2479 2491 2768 2750
f 2492 2751 2988 2769
f 2770 2752 2483 2482
f 2753 2498 2483
f 2753 2754 2499 2498
f 2754 2755 2500 2499
f 2755 2756 2501 2500
f 2756 2757 2502 2501
f 2757 2758 2503 2502
f 2758 2759 2484 2503
f 2759 2485 2484
f 2486 2760 2487
f 2487 2760 2761 2504
f 2761 2762 2505 2504
f 2762 2763 2506 2505
f 2763 2764 2507 2506
f 2764 2765 2508 2507
f 2765 2766 2509 2508
f 2509 2766 2488
f 2488 2767 2771 2489
f 2510 2489 2771 2520
f 2515 2772 2995 2768
f 2516 2492 2769 2773
f 2770 2519 2774
f 2520 2771 2775
f 2515 2523 2776 2772
f 2524 2516 2773 2777
f 2774 2519 2527 2778
f 2528 2520 2775 2779
f 2523 2531 2780 2776
f 2777 3004 2781 2782
f 2532 2524 2777 2782
f 2527 2534 2783 2778
f 2535 2528 2779 2784
f 2531 2537 2785 2780
f 2786 3007 2780 2785
f 2782 2781 2787 2538
f 2534 2541 2788 2783
f 2542 2535 2784 2789
f 2790 2786 2785 2545
f 2546 2538 2787 2791
f 2541 2547 2792 2788
f 2548 2542 2789 2793
f 2545 2549 2794 2790
f 2550 2546 2791 2795
f 2792 2552 2796
f 2553 2793 2797
f 2549 2555 2798 2794
f 2556 2550 2795 2799
f 2796 2552 2558 2800
f 2559 2553 2797 2801
f 2555 2561 2802 2798
f 2562 2799 2803
f 2558 2565 2804 2800
f 2566 2559 2801 2805
f 2802 2569 2806
f 2570 2562 2803 2807
f 2565 2572 2808 2804
f 2573 2566 2805 2809
f 2806 2569 2575 2810
f 2576 2570 2807 2811
f 2572 2578 2812 2808
f 2579 2573 2809 2813
f 2575 2581 2814 2810
f 2582 2576 2811 2815
f 2578 2584 2816 2812
f 2585 2579 2813 2817
f 2581 2587 2818 2814
f 2588 2582 2815 2819
f 2584 2590 2820 2816
f 2821 2591 2585 2817
f 2587 2593 2822 2818
f 2588 2819 2823 2594
f 2590 2824 2820
f 2825 2591 2821
f 2822 2593 2599 2826
f 2594 2823 2827 2600
f 2596 2602 2828 2824
f 2603 2597 2825 2829
f 2826 2599 2605 2830
f 2831 2606 2600 2827
f 2602 2832 3059 2828
f 2603 2829 3060 2833
f 2605 2609 2834 2830
f 2610 2606 2831 2835
f 2607 2611 2836 2832
f 2612 2608 2833 2837
f 2609 2613 2838 2834
f 2614 2610 2835 2839
f 2611 2840 3067 2836
f 2612 2837 3068 2841
f 2613 2617 2842 2838
f 2614 2839 2843 2618
f 2615 2620 2844 2840
f 2845 2621 2616 2841
f 2842 2617 2623 2846
f 2618 2843 2847 2624
f 2620 2625 2848 2844
f 2849 2626 2621 2845
f 2846 2623 2627 2850
f 2624 2847 2851 2628
f 2625 2629 2852 2848
f 2853 2630 2626 2849
f 2850 2627 2631 2854
f 2855 2632 2628 2851
f 2852 2629 2633 2856
f 2630 2853 2857 2634
f 2631 2635 2858 2854
f 2636 2632 2855 2859
f 2633 2637 2860 2856
f 2861 2638 2634 2857
f 2635 2639 2862 2858
f 2640 2636 2859 2863
f 2637 2641 2864 2860
f 2865 2642 2638 2861
f 2639 2643 2866 2862
f 2867 2644 2640 2863
f 2864 2641 2645 2868
f 2642 2865 2869 2646
f 2643 2647 2870 2866
f 2644 2867 2871 2648
f 2650 2872 2868 2645
f 2646 2869 2873 2651
f 2653 2874 2870 2647
f 2649 2648 2871 2875
f 2872 2650 2649 2875
f 2652 2651 2873 2876
f 2874 2653 2652 2876
f 2877 2671 2654 2878
f 2879 2878 2654 2655
f 2880 2879 2655 2656
f 2881 2880 2656 2657
f 2882 2881 2657 2658
f 2883 2882 2658 2659
f 2884 2883 2659 2660
f 2885 2884 2660 2661
f 2886 2885 2661 2662
f 2887 2886 2662 2663
f 2888 2887 2663 2664
f 2889 2888 2664 2665
f 2890 2889 2665 2666
f 2891 2890 2666 2667
f 2667 2672 2892 2891
f 2894 2893 2668 2669
f 2895 2894 2669 2670
f 2895 2670 2671 2877
f 2672 2673 2896 2892
f 2897 2896 2673 2674
f 2898 2897 2674 2675
f 2675 2679 2899 2898
f 2901 2900 2676 2677
f 2902 2901 2677 2678
f 2902 2678 2668 2893
f 2679 2680 2903 2899
f 2904 2903 2680 2681
f 2906 2905 2682 2683
f 2906 2683 2676 2900
f 2684 2907 2904 2681
f 2908 2907 2684 2685
f 2909 2686 2682 2905
f 2687 2910 2908 2685
f 2911 2688 2686 2909
f 2689 2912 2910 2687
f 2689 2691 2913 2912
f 2914 2693 2690 2915
f 2915 2690 2688 2911
f 2691 2692 2916 2913
f 2693 2914 2917 2695
f 2694 2918 2916 2692
f 2695 2917 2919
f 2918 2694 2696 2920
f 2921 2697 2695 2919
f 2698 2922 2920 2696
f 2698 2700 2923 2922
f 2924 2699 2697 2921
f 2923 2700 2925
f 2699 2924 2926 2701
f 2925 2700 2702 2927
f 2928 2703 2701 2926
f 2702 2704 2929 2927
f 2705 2703 2928 2930
f 2706 2931 2929 2704
f 2707 2705 2930 2932
f 2931 2706 2708 2933
f 2707 2932 2934 2709
f 2933 2708 2710 2935
f 2711 2709 2934 2936
f 2710 2712 2937 2935
f 2713 2711 2936 2938
f 2712 2728 2957 2937
f 2713 2938 2958 2729
f 2959 2939 2730
f 2939 2940 2731 2730
f 2940 2941 2714 2731
f 2941 2942 2715 2714
f 2942 2943 2716 2715
f 2943 2944 2717 2716
f 2944 2945 2718 2717
f 2945 2946 2719 2718
f 2946 2947 2720 2719
f 2947 2948 2721 2720
f 2948 2949 2722 2721
f 2949 2950 2723 2722
f 2950 2951 2724 2723
f 2951 2952 2725 2724
f 2952 2953 2726 2725
f 2953 2954 2727 2726
f 2727 2954 2955 2732
f 2955 2956 2733 2732
f 2733 2956 2960
f 2957 2728 2734 2961
f 2729 2958 2962 2735
f 2963 2959 2730 2736
f 2731 2736 2730
f 2737 2732 2733
f 2737 2733 2960 2964
f 2961 2734 2738 2965
f 2735 2962 2966 2739
f 2968 2963 2736 2740
f 2964 2969 2741 2737
f 2965 2738 2742 2971
f 2972 2739 2966
f 2973 2967 2974 2744
f 2979 3209 2968 2745
f 2740 2746 2745 2968
f 2748 2747 2741 2969
f 2748 2969 3210 2980
f 2985 2970 2986 2749
f 2742 2750 2987 2971
f 2751 2743 2972 2988
f 2752 2989 2973 2744
f 2753 2744 2989
f 2974 2975 2754 2753
f 2754 2975 2990 2755
f 2991 2978 2757 2756
f 2978 2979 2758 2757
f 2745 2759 2758 2979
f 2746 2759 2745
f 2760 2747 2748
f 2761 2760 2748 2980
f 2980 2981 2762 2761
f 2762 2981 2992 2763
f 2993 2984 2765 2764
f 2984 2985 2766 2765
f 2749 2766 2994
f 2767 2749 2986 2994
f 2750 2768 2995 2987
f 2769 2988 2996
f 2752 2770 2997 2989
f 2990 2991 2756 2755
f 2992 2993 2764 2763
f 2771 2767 2994 2998
f 2995 2772 2999
f 2773 2769 2996 3000
f 2770 2774 3001 2997
f 2775 2771 2998 3002
f 2999 2772 2776 3003
f 2777 2773 3000 3004
f 2774 2778 3005 3001
f 2779 2775 3002 3006
f 2776 2780 3007 3003
f 2781 3004 3008
f 3005 2778 2783 3009
f 2779 3006 3010 2784
f 3007 2786 3011
f 2781 3008 3012 2787
f 3009 2783 2788 3013
f 2789 2784 3010 3014
f 3011 2786 2790 3015
f 2787 3012 3016 2791
f 2788 2792 3017 3013
f 2793 2789 3014 3018
f 3015 2790 2794 3019
f 2795 2791 3016 3020
f 2792 2796 3021 3017
f 2797 2793 3018 3022
f 3019 2794 2798 3023
f 2799 2795 3020 3024
f 2796 2800 3025 3021
f 2801 2797 3022 3026
f 2798 2802 3027 3023
f 2803 2799 3024 3028
f 3025 2800 2804 3029
f 2805 2801 3026 3030
f 2802 2806 3031 3027
f 2807 2803 3028 3032
f 2804 2808 3033 3029
f 2809 2805 3030 3034
f 2806 2810 3035 3031
f 2807 3032 3036 2811
f 2808 2812 3037 3033
f 2813 2809 3034 3038
f 3035 2810 2814 3039
f 2811 3036 3040 2815
f 2812 2816 3041 3037
f 3042 2817 2813 3038
f 3039 2814 2818 3043
f 2819 2815 3040 3044
f 2816 2820 3045
f 2816 3045 3046 3041
f 2817 3042 3047 3048
f 2821 2817 3048
f 3043 2818 2822 3049
f 2823 2819 3044 3050
f 2820 2824 3051 3045
f 3051 3279 3046 3045
f 3047 3280 3052 3048
f 2825 2821 3048 3052
f 2822 2826 3053 3049
f 2827 2823 3050 3054
f 2824 2828 3055 3051
f 2829 2825 3052 3056
f 2826 2830 3057 3053
f 2831 2827 3054 3058
f 2828 3059 3287 3055
f 2829 3056 3288 3060
f 2830 2834 3061 3057
f 2835 2831 3058 3062
f 2832 2836 3063 3059
f 2837 2833 3060 3064
f 2834 2838 3065 3061
f 2839 2835 3062 3066
f 2836 3067 3295 3063
f 2837 3064 3296 3068
f 2838 2842 3069 3065
f 2843 2839 3066 3070
f 2840 2844 3071 3067
f 2841 3068 3072 2845
f 2842 2846 3073 3069
f 2847 2843 3070 3074
f 2844 2848 3075 3071
f 2849 2845 3072 3076
f 2846 2850 3077 3073
f 2851 2847 3074 3078
f 2848 2852 3079 3075
f 2849 3076 3080 2853
f 2850 2854 3081 3077
f 3082 2855 2851 3078
f 2852 2856 3083 3079
f 3084 2857 2853 3080
f 2854 2858 3085 3081
f 2855 3082 3086 2859
f 3083 2856 2860 3087
f 2857 3084 3088 2861
f 3085 2858 2862 3089
f 2859 3086 3090 2863
f 2864 3091 3087 2860
f 2861 3088 3092 2865
f 3089 2862 2866 3093
f 3094 2867 2863 3090
f 3091 2864 2868 3095
f 2865 3092 3096 2869
f 2866 2870 3097 3093
f 2867 3094 3098 2871
f 2872 3099 3095 2868
f 2869 3096 3100 2873
f 2870 2874 3101 3097
f 2871 3098 3102 2875
f 2875 3103 3099 2872
f 2873 3100 3104 2876
f 2874 2876 3105 3101
f 2875 3102 3103
f 3105 2876 3104
f 3107 3106 2877 2878
f 3108 3107 2878 2879
f 3109 3108 2879 2880
f 3110 3109 2880 2881
f 3111 3110 2881 2882
f 3112 3111 2882 2883
f 3113 3112 2883 2884
f 3114 3113 2884 2885
f 3115 3114 2885 2886
f 3116 3115 2886 2887
f 3117 3116 2887 2888
f 3118 3117 2888 2889
f 3119 3118 2889 2890
f 3120 3119 2890 2891
f 3121 3120 2891 2892
f 3123 3122 2893 2894
f 3124 3123 2894 2895
f 3124 2895 2877 3106
f 2896 3125 3121 2892
f 3126 3125 2896 2897
f 3127 3126 2897 2898
f 3128 3127 2898 2899
f 3130 3129 2900 2901
f 3131 3130 2901 2902
f 3131 2902 2893 3122
f 2903 3132 3128 2899
f 3133 3132 2903 2904
f 3135 3134 2905 2906
f 3135 2906 2900 3129
f 2907 3136 3133 2904
f 3137 3136 2907 2908
f 3138 2909 2905 3134
f 2910 3139 3137 2908
f 3140 2915 2911 3141
f 3141 2911 2909 3138
f 2912 3142 3139 2910
f 3143 3142 2912 2913
f 3144 2914 2915 3140
f 2916 3145 3143 2913
f 3146 2917 2914 3144
f 2918 3147 3145 2916
f 2919 2917 3146 3148
f 3147 2918 2920 3149
f 2921 2919 3148 3150
f 2920 2922 3149
f 2922 2923 3151 3149
f 2924 2921 3150 3152
f 3151 2923 2925 3153
f 2926 2924 3152 3154
f 2927 3155 3153 2925
f 2928 2926 3154 3156
f 3155 2927 2929 3157
f 3158 2930 2928 3156
f 2931 3159 3157 2929
f 2930 3158 3160 2932
f 3159 2931 2933 3161
f 2934 2932 3160 3162
f 2933 2935 3163 3161
f 2936 2934 3162 3164
f 3163 2935 2937 3165
f 2936 3164 3166 2938
f 3165 2937 2957 3187
f 2958 2938 3166 3188
f 3189 3167 2959
f 3167 3168 2939 2959
f 3168 3169 2940 2939
f 3169 3170 2941 2940
f 3170 3171 2942 2941
f 3171 3172 2943 2942
f 3172 3173 2944 2943
f 3173 3174 2945 2944
f 3174 3175 2946 2945
f 3175 3176 2947 2946
f 3176 3177 2948 2947
f 3177 3178 2949 2948
f 3178 3179 2950 2949
f 3179 3180 2951 2950
f 3180 3181 2952 2951
f 3181 3182 2953 2952
f 3182 3183 2954 2953
f 3183 3184 2955 2954
f 3184 3185 2956 2955
f 2956 3185 3186 2960
f 2960 3186 3190
f 2957 2961 3191 3187
f 2962 2958 3188 3192
f 3196 3189 2959 2963
f 2964 2960 3190 3197
f 2961 2965 3201 3191
f 2966 2962 3192 3202
f 3209 3196 2963 2968
f 3197 3210 2969 2964
f 2965 2971 3217 3201
f 2972 2966 3202 3218
f 2973 3219 3203 2967
f 2967 3203 3204 2974
f 3204 3205 2975 2974
f 3205 3206 2976 2975
f 3206 3207 2977 2976
f 3207 3208 2978 2977
f 3208 3209 2979 2978
f 3210 3211 2981 2980
f 3211 3212 2982 2981
f 3212 3213 2983 2982
f 3213 3214 2984 2983
f 3214 3215 2985 2984
f 3215 3216 2970 2985
f 2970 3216 3220 2986
f 2971 2987 3221 3217
f 2988 2972 3218 3222
f 2989 3223 3219 2973
f 2990 2975 2976
f 2976 2977 2991 2990
f 2978 2991 2977
f 2992 2981 2982
f 2982 2983 2993 2992
f 2984 2993 2983
f 3224 2994 2986 3220
f 2987 2995 3225 3221
f 2996 2988 3222 3226
f 3223 2989 2997 3227
f 2994 3224 3228 2998
f 2995 2999 3229 3225
f 3000 2996 3226 3230
f 3227 2997 3001 3231
f 3002 2998 3228 3232
f 2999 3003 3233 3229
f 3004 3000 3230 3234
f 3001 3005 3235 3231
f 3006 3002 3232 3236
f 3003 3007 3237 3233
f 3008 3004 3234 3238
f 3005 3009 3239 3235
f 3010 3006 3236 3240
f 3007 3011 3241 3237
f 3012 3008 3238 3242
f 3009 3013 3243 3239
f 3014 3010 3240 3244
f 3011 3015 3245 3241
f 3016 3012 3242 3246
f 3243 3013 3017 3247
f 3018 3014 3244 3248
f 3015 3019 3249 3245
f 3020 3016 3246 3250
f 3017 3021 3251 3247
f 3022 3018 3248 3252
f 3019 3023 3253 3249
f 3024 3020 3250 3254
f 3021 3025 3255 3251
f 3026 3022 3252 3256
f 3023 3027 3257 3253
f 3028 3024 3254 3258
f 3025 3029 3259 3255
f 3030 3026 3256 3260
f 3027 3031 3261 3257
f 3032 3028 3258 3262
f 3259 3029 3033 3263
f 3034 3030 3260 3264
f 3031 3035 3265 3261
f 3036 3032 3262 3266
f 3033 3037 3267 3263
f 3038 3034 3264 3268
f 3035 3039 3269 3265
f 3040 3036 3266 3270
f 3037 3041 3271 3267
f 3038 3268 3272 3042
f 3039 3043 3273 3269
f 3044 3040 3270 3274
f 3041 3046 3275 3271
f 3047 3042 3272 3276
f 3043 3049 3277 3273
f 3044 3274 3278 3050
f 3046 3279 3275
f 3280 3047 3276
f 3277 3049 3053 3281
f 3054 3050 3278 3282
f 3051 3055 3283 3279
f 3056 3052 3280 3284
f 3281 3053 3057 3285
f 3058 3054 3282 3286
f 3055 3287 3507 3283
f 3056 3284 3508 3288
f 3057 3061 3289 3285
f 3062 3058 3286 3290
f 3059 3063 3291 3287
f 3064 3060 3288 3292
f 3061 3065 3293 3289
f 3294 3066 3062 3290
f 3063 3295 3291
f 3064 3292 3296
f 3065 3069 3297 3293
f 3066 3294 3298 3070
f 3067 3071 3299 3295
f 3068 3296 3300 3072
f 3297 3069 3073 3301
f 3070 3298 3302 3074
f 3071 3075 3303 3299
f 3304 3076 3072 3300
f 3301 3073 3077 3305
f 3074 3302 3306 3078
f 3079 3307 3303 3075
f 3076 3304 3308 3080
f 3305 3077 3081 3309
f 3310 3082 3078 3306
f 3083 3311 3307 3079
f 3080 3308 3312 3084
f 3081 3085 3313 3309
f 3086 3082 3310 3314
f 3311 3083 3087 3315
f 3084 3312 3316 3088
f 3085 3089 3317 3313
f 3318 3090 3086 3314
f 3091 3319 3315 3087
f 3088 3316 3320 3092
f 3089 3093 3321 3317
f 3090 3318 3322 3094
f 3319 3091 3095 3323
f 3092 3320 3324 3096
f 3321 3093 3097 3325
f 3326 3098 3094 3322
f 3099 3327 3323 3095
f 3096 3324 3328 3100
f 3097 3101 3329 3325
f 3098 3326 3330 3102
f 3103 3332 3327 3099
f 3100 3328 3333 3104
f 3101 3105 3335 3329
f 3102 3330 3331
f 3331 3332 3103 3102
f 3333 3334 3105 3104
f 3335 3105 3334
f 3343 3342 3106 3107
f 3344 3343 3107 3108
f 3345 3344 3108 3109
f 3346 3345 3109 3110
f 3346 3110 3111 3336
f 3111 3112 3337 3336
f 3112 3113 3338 3337
f 3113 3114 3339 3338
f 3114 3115 3340 3339
f 3115 3116 3341 3340
f 3116 3117 3347 3341
f 3348 3347 3117 3118
f 3349 3348 3118 3119
f 3350 3349 3119 3120
f 3351 3350 3120 3121
f 3353 3352 3122 3123
f 3354 3353 3123 3124
f 3354 3124 3106 3342
f 3125 3355 3351 3121
f 3356 3355 3125 3126
f 3357 3356 3126 3127
f 3128 3360 3357 3127
f 3358 3365 3129 3130
f 3359 3358 3130 3131
f 3359 3131 3122 3352
f 3132 3361 3360 3128
f 3362 3361 3132 3133
f 3364 3363 3134 3135
f 3365 3364 3135 3129
f 3136 3366 3362 3133
f 3367 3366 3136 3137
f 3368 3138 3134 3363
f 3139 3369 3367 3137
f 3371 3370 3140 3141
f 3371 3141 3138 3368
f 3142 3372 3369 3139
f 3373 3372 3142 3143
f 3374 3144 3140 3370
f 3145 3375 3373 3143
f 3376 3146 3144 3374
f 3147 3377 3375 3145
f 3378 3148 3146 3376
f 3149 3379 3377 3147
f 3380 3150 3148 3378
f 3151 3381 3379 3149
f 3150 3380 3382 3152
f 3381 3151 3153 3383
f 3384 3154 3152 3382
f 3155 3385 3383 3153
f 3154 3384 3386 3156
f 3385 3155 3157 3387
f 3388 3158 3156 3386
f 3157 3159 3389 3387
f 3160 3158 3388 3390
f 3161 3391 3389 3159
f 3162 3160 3390 3392
f 3391 3161 3163 3393
f 3162 3392 3394 3164
f 3393 3163 3165 3395
f 3166 3164 3394 3396
f 3187 3417 3395 3165
f 3188 3166 3396 3418
f 3189 3422 3397 3167
f 3397 3398 3168 3167
f 3398 3399 3169 3168
f 3399 3400 3170 3169
f 3400 3401 3171 3170
f 3401 3402 3172 3171
f 3402 3403 3173 3172
f 3403 3404 3174 3173
f 3404 3405 3175 3174
f 3405 3406 3176 3175
f 3406 3407 3177 3176
f 3407 3408 3178 3177
f 3408 3409 3179 3178
f 3409 3410 3180 3179
f 3410 3411 3181 3180
f 3411 3412 3182 3181
f 3412 3413 3183 3182
f 3413 3414 3184 3183
f 3414 3415 3185 3184
f 3415 3416 3186 3185
f 3186 3416 3423 3190
f 3417 3187 3191 3427
f 3188 3418 3428 3192
f 3430 3419 3193
f 3419 3420 3194 3193
f 3420 3421 3195 3194
f 3421 3422 3196 3195
f 3196 3422 3189
f 3423 3197 3190
f 3423 3424 3198 3197
f 3424 3425 3199 3198
f 3425 3426 3200 3199
f 3200 3426 3431
f 3427 3191 3201 3433
f 3192 3428 3434 3202
f 3435 3429 3205 3204
f 3429 3430 3206 3205
f 3193 3207 3206 3430
f 3193 3194 3208 3207
f 3194 3195 3209 3208
f 3196 3209 3195
f 3210 3197 3198
f 3198 3199 3211 3210
f 3199 3200 3212 3211
f 3213 3212 3200 3431
f 3431 3432 3214 3213
f 3214 3432 3436 3215
f 3433 3201 3217 3437
f 3202 3434 3438 3218
f 3203 3219 3223 3439
f 3435 3204 3203 3439
f 3216 3215 3436 3440
f 3220 3216 3440 3224
f 3437 3217 3221 3441
f 3218 3438 3442 3222
f 3439 3223 3443
f 3224 3440 3444
f 3441 3221 3225 3445
f 3226 3222 3442 3446
f 3443 3223 3227 3447
f 3224 3444 3448 3228
f 3445 3225 3229 3449
f 3230 3226 3446 3450
f 3231 3451 3447 3227
f 3452 3232 3228 3448
f 3229 3233 3453 3449
f 3230 3450 3454 3234
f 3451 3231 3235 3455
f 3232 3452 3456 3236
f 3453 3233 3237 3457
f 3234 3454 3458 3238
f 3455 3235 3239 3459
f 3236 3456 3460 3240
f 3457 3237 3241 3461
f 3242 3238 3458 3462
f 3459 3239 3243 3463
f 3244 3240 3460 3464
f 3461 3241 3245 3465
f 3246 3242 3462 3466
f 3243 3247 3467 3463
f 3248 3244 3464 3468
f 3245 3249 3469 3465
f 3250 3246 3466 3470
f 3467 3247 3251 3471
f 3252 3248 3468 3472
f 3249 3253 3473 3469
f 3250 3470 3474 3254
f 3251 3255 3475 3471
f 3256 3252 3472 3476
f 3473 3253 3257 3477
f 3254 3474 3478 3258
f 3255 3259 3479 3475
f 3260 3256 3476 3480
f 3477 3257 3261 3481
f 3258 3478 3482 3262
f 3259 3263 3483 3479
f 3264 3260 3480 3484
f 3481 3261 3265 3485
f 3266 3262 3482 3486
f 3483 3263 3267 3487
f 3264 3484 3488 3268
f 3485 3265 3269 3489
f 3270 3266 3486 3490
f 3267 3271 3491 3487
f 3492 3272 3268 3488
f 3269 3273 3493 3489
f 3274 3270 3490 3494
f 3271 3275 3495 3491
f 3276 3272 3492 3496
f 3273 3277 3497 3493
f 3278 3274 3494 3498
f 3275 3279 3499 3495
f 3280 3276 3496 3500
f 3277 3281 3501 3497
f 3282 3278 3498 3502
f 3279 3283 3503 3499
f 3504 3284 3280 3500
f 3281 3285 3505 3501
f 3282 3502 3506 3286
f 3283 3507 3503
f 3508 3284 3504
f 3505 3285 3289 3509
f 3286 3506 3510 3290
f 3287 3291 3511 3507
f 3512 3292 3288 3508
f 3509 3289 3293 3513
f 3514 3294 3290 3510
f 3295 3515 3511 3291
f 3292 3512 3516 3296
f 3293 3297 3517 3513
f 3298 3294 3514 3518
f 3295 3299 3519 3515
f 3520 3300 3296 3516
f 3297 3301 3521 3517
f 3302 3298 3518 3522
f 3299 3303 3524 3519
f 3300 3520 3525 3304
f 3301 3305 3527 3521
f 3306 3302 3522 3528
f 3307 3529 3523 3303
f 3524 3303 3523
f 3304 3525 3526
f 3304 3526 3530 3308
f 3305 3309 3531 3527
f 3532 3310 3306 3528
f 3307 3311 3533 3529
f 3534 3312 3308 3530
f 3309 3313 3535 3531
f 3310 3532 3536 3314
f 3311 3315 3537 3533
f 3538 3316 3312 3534
f 3535 3313 3317 3539
f 3540 3318 3314 3536
f 3319 3541 3537 3315
f 3316 3538 3542 3320
f 3317 3321 3543 3539
f 3544 3322 3318 3540
f 3541 3319 3323 3545
f 3320 3542 3546 3324
f 3321 3325 3547 3543
f 3322 3544 3548 3326
f 3327 3549 3545 3323
f 3324 3546 3550 3328
f 3547 3325 3329 3551
f 3326 3548 3552 3330
f 3332 3554 3549 3327
f 3328 3550 3555 3333
f 3335 3557 3551 3329
f 3552 3553 3331 3330
f 3553 3554 3332 3331
f 3555 3556 3334 3333
f 3556 3557 3335 3334
f 3558 3346 3336 3559
f 3560 3559 3336 3337
f 3561 3560 3337 3338
f 3562 3561 3338 3339
f 3563 3562 3339 3340
f 3564 3563 3340 3341
f 3341 3347 3565 3564
f 3567 3566 3342 3343
f 3568 3567 3343 3344
f 3569 3568 3344 3345
f 3569 3345 3346 3558
f 3347 3348 3570 3565
f 3571 3570 3348 3349
f 3572 3571 3349 3350
f 3573 3572 3350 3351
f 3574 3359 3352 3575
f 3576 3575 3352 3353
f 3577 3576 3353 3354
f 3577 3354 3342 3566
f 3355 3578 3573 3351
f 3579 3578 3355 3356
f 3580 3579 3356 3357
f 3357 3360 3581 3580
f 3582 3365 3358 3583
f 3583 3358 3359 3574
f 3360 3361 3584 3581
f 3585 3584 3361 3362
f 3587 3586 3363 3364
f 3587 3364 3365 3582
f 3366 3588 3585 3362
f 3589 3588 3366 3367
f 3590 3368 3363 3586
f 3369 3591 3589 3367
f 3369 3372 3592 3591
f 3594 3593 3370 3371
f 3594 3371 3368 3590
f 3372 3373 3595 3592
f 3596 3374 3370 3593
f 3375 3597 3595 3373
f 3598 3376 3374 3596
f 3377 3599 3597 3375
f 3600 3378 3376 3598
f 3379 3601 3599 3377
f 3378 3600 3602 3380
f 3381 3603 3601 3379
f 3380 3602 3604 3382
f 3603 3381 3383 3605
f 3606 3384 3382 3604
f 3383 3385 3607 3605
f 3384 3606 3608 3386
f 3387 3609 3607 3385
f 3610 3388 3386 3608
f 3609 3387 3389 3611
f 3612 3390 3388 3610
f 3391 3613 3611 3389
f 3390 3612 3614 3392
f 3613 3391 3393 3615
f 3392 3614 3616 3394
f 3615 3393 3395 3617
f 3618 3396 3394 3616
f 3395 3417 3621 3617
f 3396 3618 3622 3418
f 3397 3422 3626 3627
f 3398 3397 3627 3628
f 3619 3399 3398 3628
f 3400 3399 3619 3629
f 3401 3400 3629 3630
f 3402 3401 3630 3631
f 3403 3402 3631 3632
f 3404 3403 3632 3633
f 3405 3404 3633 3634
f 3406 3405 3634 3635
f 3407 3406 3635 3636
f 3408 3407 3636 3637
f 3409 3408 3637 3638
f 3410 3409 3638 3639
f 3411 3410 3639 3640
f 3412 3411 3640 3641
f 3620 3413 3412 3641
f 3414 3413 3620 3642
f 3415 3414 3642 3643
f 3416 3415 3643 3644
f 3423 3416 3644 3645
f 3621 3417 3427 3649
f 3418 3622 3650 3428
f 3430 3652 3623 3419
f 3623 3624 3420 3419
f 3624 3625 3421 3420
f 3625 3626 3422 3421
f 3645 3646 3424 3423
f 3646 3647 3425 3424
f 3647 3648 3426 3425
f 3426 3648 3653 3431
f 3649 3427 3433 3655
f 3428 3650 3656 3434
f 3435 3657 3651 3429
f 3651 3652 3430 3429
f 3653 3654 3432 3431
f 3432 3654 3658 3436
f 3655 3433 3437 3659
f 3434 3656 3660 3438
f 3439 3661 3657 3435
f 3436 3658 3662 3440
f 3437 3441 3663 3659
f 3442 3438 3660 3664
f 3661 3439 3443 3665
f 3440 3662 3666 3444
f 3441 3445 3667 3663
f 3446 3442 3664 3668
f 3665 3443 3447 3669
f 3448 3444 3666 3670
f 3445 3449 3671 3667
f 3446 3668 3672 3450
f 3447 3451 3673 3669
f 3452 3448 3670 3674
f 3671 3449 3453 3675
f 3450 3672 3676 3454
f 3673 3451 3455 3677
f 3452 3674 3678 3456
f 3675 3453 3457 3679
f 3458 3454 3676 3680
f 3677 3455 3459 3681
f 3460 3456 3678 3682
f 3679 3457 3461 3683
f 3462 3458 3680 3684
f 3459 3463 3685 3681
f 3464 3460 3682 3686
f 3461 3465 3687 3683
f 3462 3684 3688 3466
f 3685 3463 3467 3689
f 3468 3464 3686 3690
f 3687 3465 3469 3691
f 3466 3688 3692 3470
f 3467 3471 3693 3689
f 3472 3468 3690 3694
f 3691 3469 3473 3695
f 3470 3692 3696 3474
f 3693 3471 3475 3697
f 3472 3694 3698 3476
f 3695 3473 3477 3699
f 3478 3474 3696 3700
f 3697 3475 3479 3701
f 3476 3698 3702 3480
f 3699 3477 3481 3703
f 3482 3478 3700 3704
f 3701 3479 3483 3705
f 3480 3702 3706 3484
f 3481 3485 3707 3703
f 3486 3482 3704 3708
f 3705 3483 3487 3709
f 3484 3706 3710 3488
f 3485 3489 3711 3707
f 3486 3708 3712 3490
f 3709 3487 3491 3713
f 3488 3710 3714 3492
f 3711 3489 3493 3715
f 3490 3712 3716 3494
f 3713 3491 3495 3717
f 3492 3714 3718 3496
f 3715 3493 3497 3719
f 3494 3716 3720 3498
f 3717 3495 3499 3721
f 3496 3718 3722 3500
f 3719 3497 3501 3723
f 3498 3720 3724 3502
f 3499 3503 3725 3721
f 3726 3504 3500 3722
f 3723 3501 3505 3727
f 3502 3724 3728 3506
f 3503 3507 3729 3725
f 3730 3508 3504 3726
f 3727 3505 3509 3731
f 3506 3728 3732 3510
f 3507 3511 3733 3729
f 3734 3512 3508 3730
f 3731 3509 3513 3735
f 3510 3732 3736 3514
f 3511 3515 3737 3733
f 3512 3734 3738 3516
f 3735 3513 3517 3739
f 3514 3736 3740 3518
f 3515 3519 3741 3737
f 3742 3520 3516 3738
f 3739 3517 3521 3743
f 3518 3740 3744 3522
f 3524 3745 3741 3519
f 3520 3742 3746 3525
f 3743 3521 3527 3747
f 3522 3744 3748 3528
f 3523 3529 3749
f 3745 3524 3523 3749
f 3526 3525 3746 3750
f 3530 3526 3750
f 3747 3527 3531 3751
f 3752 3532 3528 3748
f 3529 3533 3753 3749
f 3754 3534 3530 3750
f 3531 3535 3755 3751
f 3756 3536 3532 3752
f 3537 3757 3753 3533
f 3534 3754 3758 3538
f 3535 3539 3759 3755
f 3536 3756 3760 3540
f 3541 3761 3757 3537
f 3538 3758 3762 3542
f 3759 3539 3543 3763
f 3764 3544 3540 3760
f 3761 3541 3545 3765
f 3542 3762 3766 3546
f 3543 3547 3767 3763
f 3768 3548 3544 3764
f 3549 3769 3765 3545
f 3546 3766 3770 3550
f 3547 3551 3771 3767
f 3548 3768 3772 3552
f 3554 3774 3769 3549
f 3550 3770 3775 3555
f 3557 3777 3771 3551
f 3772 3773 3553 3552
f 3773 3774 3554 3553
f 3775 3776 3556 3555
f 3776 3777 3557 3556
f 3779 3778 3558 3559
f 3780 3779 3559 3560
f 3781 3780 3560 3561
f 3782 3781 3561 3562
f 3783 3782 3562 3563
f 3784 3783 3563 3564
f 3785 3784 3564 3565
f 3786 3577 3566 3787
f 3788 3787 3566 3567
f 3789 3788 3567 3568
f 3790 3789 3568 3569
f 3790 3569 3558 3778
f 3570 3791 3785 3565
f 3792 3791 3570 3571
f 3793 3792 3571 3572
f 3794 3793 3572 3573
f 3573 3578 3795 3794
f 3798 3797 3574 3575
f 3799 3798 3575 3576
f 3799 3576 3577 3786
f 3578 3579 3796 3795
f 3579 3580 3800 3796
f 3801 3800 3580 3581
f 3581 3584 3802 3801
f 3803 3587 3582 3804
f 3805 3804 3582 3583
f 3805 3583 3574 3797
f 3584 3585 3806 3802
f 3585 3588 3807 3806
f 3808 3586 3587 3803
f 3588 3589 3809 3807
f 3589 3591 3810 3809
f 3811 3594 3590 3812
f 3812 3590 3586 3808
f 3591 3592 3813 3810
f 3814 3593 3594 3811
f 3595 3815 3813 3592
f 3816 3596 3593 3814
f 3597 3817 3815 3595
f 3818 3598 3596 3816
f 3599 3819 3817 3597
f 3820 3600 3598 3818
f 3601 3821 3819 3599
f 3602 3600 3820 3822
f 3603 3823 3821 3601
f 3604 3602 3822 3824
f 3605 3825 3823 3603
f 3826 3606 3604 3824
f 3825 3605 3607 3827
f 3608 3606 3826 3828
f 3609 3829 3827 3607
f 3610 3608 3828 3830
f 3829 3609 3611 3831
f 3832 3612 3610 3830
f 3613 3833 3831 3611
f 3612 3832 3834 3614
f 3833 3613 3615 3835
f 3616 3614 3834 3836
f 3617 3837 3835 3615
f 3618 3616 3836 3838
f 3837 3617 3621 3839
f 3618 3838 3840 3622
f 3619 3628 3846 3629
f 3620 3641 3860 3642
f 3839 3621 3649 3867
f 3622 3840 3868 3650
f 3623 3652 3870 3871
f 3841 3624 3623 3871
f 3841 3842 3625 3624
f 3842 3843 3626 3625
f 3843 3844 3627 3626
f 3844 3845 3628 3627
f 3846 3628 3845
f 3629 3846 3847
f 3847 3848 3630 3629
f 3848 3849 3631 3630
f 3849 3850 3632 3631
f 3850 3851 3633 3632
f 3851 3852 3634 3633
f 3852 3853 3635 3634
f 3853 3854 3636 3635
f 3854 3855 3637 3636
f 3855 3856 3638 3637
f 3856 3857 3639 3638
f 3857 3858 3640 3639
f 3858 3859 3641 3640
f 3860 3641 3859
f 3642 3860 3861
f 3861 3862 3643 3642
f 3862 3863 3644 3643
f 3863 3864 3645 3644
f 3864 3865 3646 3645
f 3865 3866 3647 3646
f 3648 3647 3866 3872
f 3653 3648 3872 3873
f 3867 3649 3655 3875
f 3656 3650 3868 3876
f 3657 3877 3869 3651
f 3869 3870 3652 3651
f 3873 3874 3654 3653
f 3654 3874 3878 3658
f 3655 3659 3879 3875
f 3660 3656 3876 3880
f 3661 3881 3877 3657
f 3658 3878 3882 3662
f 3879 3659 3663 3883
f 3664 3660 3880 3884
f 3881 3661 3665 3885
f 3662 3882 3886 3666
f 3883 3663 3667 3887
f 3664 3884 3888 3668
f 3669 3889 3885 3665
f 3890 3670 3666 3886
f 3887 3667 3671 3891
f 3668 3888 3892 3672
f 3889 3669 3673 3893
f 3670 3890 3894 3674
f 3891 3671 3675 3895
f 3676 3672 3892 3896
f 3893 3673 3677 3897
f 3678 3674 3894 3898
f 3895 3675 3679 3899
f 3680 3676 3896 3900
f 3677 3681 3901 3897
f 3682 3678 3898 3902
f 3679 3683 3903 3899
f 3680 3900 3904 3684
f 3901 3681 3685 3905
f 3682 3902 3906 3686
f 3903 3683 3687 3907
f 3684 3904 3908 3688
f 3689 3909 3905 3685
f 3910 3690 3686 3906
f 3907 3687 3691 3911
f 3692 3688 3908 3912
f 3909 3689 3693 3913
f 3690 3910 3914 3694
f 3911 3691 3695 3915
f 3696 3692 3912 3916
f 3913 3693 3697 3917
f 3694 3914 3918 3698
f 3695 3699 3919 3915
f 3700 3696 3916 3920
f 3917 3697 3701 3921
f 3702 3698 3918 3922
f 3699 3703 3923 3919
f 3700 3920 3924 3704
f 3701 3705 3925 3921
f 3706 3702 3922 3926
f 3923 3703 3707 3927
f 3704 3924 3928 3708
f 3705 3709 3929 3925
f 3710 3706 3926 3930
f 3927 3707 3711 3931
f 3708 3928 3932 3712
f 3709 3713 3933 3929
f 3714 3710 3930 3934
f 3931 3711 3715 3935
f 3712 3932 3936 3716
f 3713 3717 3937 3933
f 3718 3714 3934 3938
f 3935 3715 3719 3939
f 3716 3936 3940 3720
f 3717 3721 3941 3937
f 3942 3722 3718 3938
f 3939 3719 3723 3943
f 3720 3940 3944 3724
f 3941 3721 3725 3945
f 3722 3942 3946 3726
f 3943 3723 3727 3947
f 3724 3944 3948 3728
f 3725 3729 3949 3945
f 3950 3730 3726 3946
f 3947 3727 3731 3951
f 3728 3948 3952 3732
f 3729 3733 3953 3949
f 3954 3734 3730 3950
f 3951 3731 3735 3955
f 3732 3952 3956 3736
f 3737 3957 3953 3733
f 3734 3954 3958 3738
f 3955 3735 3739 3959
f 3736 3956 3960 3740
f 3741 3961 3957 3737
f 3738 3958 3962 3742
f 3959 3739 3743 3963
f 3740 3960 3964 3744
f 3745 3965 3961 3741
f 3742 3962 3966 3746
f 3963 3743 3747 3967
f 3744 3964 3968 3748
f 3749 3969 3965 3745
f 3746 3966 3970 3750
f 3967 3747 3751 3971
f 3748 3968 3972 3752
f 3753 3973 3969 3749
f 3750 3970 3974 3754
f 3971 3751 3755 3975
f 3752 3972 3976 3756
f 3757 3977 3973 3753
f 3754 3974 3978 3758
f 3759 3979 3975 3755
f 3756 3976 3980 3760
f 3761 3981 3977 3757
f 3758 3978 3982 3762
f 3979 3759 3763 3983
f 3760 3980 3984 3764
f 3981 3761 3765 3985
f 3762 3982 3986 3766
f 3983 3763 3767 3987
f 3764 3984 3988 3768
f 3769 3989 3985 3765
f 3766 3986 3990 3770
f 3771 3991 3987 3767
f 3768 3988 3992 3772
f 3774 3994 3989 3769
f 3770 3990 3995 3775
f 3777 3997 3991 3771
f 3992 3993 3773 3772
f 3993 3994 3774 3773
f 3995 3996 3776 3775
f 3996 3997 3777 3776
f 3999 3790 3778 4000
f 4001 4000 3778 3779
f 4002 4001 3779 3780
f 4003 4002 3780 3781
f 4004 4003 3781 3782
f 4005 4004 3782 3783
f 4006 4005 3783 3784
f 4007 4006 3784 3785
f 3785 3791 4008 4007
f 4009 3799 3786 4010
f 4011 4010 3786 3787
f 4012 4011 3787 3788
f 4012 3788 3789 3998
f 3789 3790 3999 3998
f 3791 3792 4013 4008
f 4014 4013 3792 3793
f 4015 4014 3793 3794
f 4016 4015 3794 3795
f 4017 4016 3795 3796
f 4018 3805 3797 4019
f 4020 4019 3797 3798
f 4020 3798 3799 4009
f 3800 4021 4017 3796
f 4022 4021 3800 3801
f 4023 4022 3801 3802
f 4025 4024 3803 3804
f 4025 3804 3805 4018
f 3806 4026 4023 3802
f 4027 4026 3806 3807
f 4028 3812 3808 4029
f 4029 3808 3803 4024
f 3809 4030 4027 3807
f 4031 4030 3809 3810
f 4032 3811 3812 4028
f 3813 4033 4031 3810
f 4034 3814 3811 4032
f 3815 4035 4033 3813
f 4036 3816 3814 4034
f 3817 4037 4035 3815
f 3817 3819 4038 4037
f 4039 3818 3816 4036
f 4038 3819 4040
f 4041 3820 3818 4039
f 3821 4042 4040 3819
f 4043 3822 3820 4041
f 3823 4044 4042 3821
f 3824 3822 4043 4045
f 3825 4046 4044 3823
f 3826 3824 4045 4047
f 4046 3825 3827 4048
f 4049 3828 3826 4047
f 3829 4050 4048 3827
f 3828 4049 4051 3830
f 4050 3829 3831 4052
f 4053 3832 3830 4051
f 3831 3833 4054 4052
f 3832 4053 4055 3834
f 4054 3833 3835 4056
f 4057 3836 3834 4055
f 3837 4058 4056 3835
f 3836 4057 4059 3838
f 4058 3837 3839 4060
f 3838 4059 4061 3840
f 4060 3839 3867 4088
f 3868 3840 4061 4089
f 3871 4091 4062 3841
f 4062 4063 3842 3841
f 4063 4064 3843 3842
f 4064 4065 3844 3843
f 4065 4066 3845 3844
f 4066 4067 3846 3845
f 4067 4068 3847 3846
f 4068 4069 3848 3847
f 4069 4070 3849 3848
f 4070 4071 3850 3849
f 4071 4072 3851 3850
f 4072 4073 3852 3851
f 4073 4074 3853 3852
f 4074 4075 3854 3853
f 4075 4076 3855 3854
f 4076 4077 3856 3855
f 4077 4078 3857 3856
f 4078 4079 3858 3857
f 4079 4080 3859 3858
f 4080 4081 3860 3859
f 4081 4082 3861 3860
f 4082 4083 3862 3861
f 4083 4084 3863 3862
f 4084 4085 3864 3863
f 4085 4086 3865 3864
f 4086 4087 3866 3865
f 3866 4087 4092 3872
f 3867 3875 4094 4088
f 3876 3868 4089 4095
f 3869 3877 4096 4097
f 4090 3870 3869 4097
f 4090 4091 3871 3870
f 4092 4093 3873 3872
f 3874 3873 4093 4098
f 3878 3874 4098 4099
f 4094 3875 3879 4100
f 3876 4095 4101 3880
f 3881 4102 4096 3877
f 3878 4099 4103 3882
f 4100 3879 3883 4104
f 3880 4101 4105 3884
f 4102 3881 3885 4106
f 3882 4103 4107 3886
f 4104 3883 3887 4108
f 3884 4105 4109 3888
f 3889 4110 4106 3885
f 4111 3890 3886 4107
f 4108 3887 3891 4112
f 3892 3888 4109 4113
f 4110 3889 3893 4114
f 3890 4111 4115 3894
f 4112 3891 3895 4116
f 3896 3892 4113 4117
f 3897 4118 4114 3893
f 4119 3898 3894 4115
f 3895 3899 4120 4116
f 3896 4117 4121 3900
f 4118 3897 3901 4122
f 3898 4119 4123 3902
f 4120 3899 3903 4124
f 3900 4121 4125 3904
f 4122 3901 3905 4126
f 3906 3902 4123 4127
f 4124 3903 3907 4128
f 3908 3904 4125 4129
f 3905 3909 4130 4126
f 3910 3906 4127 4131
f 4128 3907 3911 4132
f 3912 3908 4129 4133
f 4130 3909 3913 4134
f 3910 4131 4135 3914
f 3911 3915 4136 4132
f 3912 4133 4137 3916
f 4134 3913 3917 4138
f 3918 3914 4135 4139
f 4136 3915 3919 4140
f 3916 4137 4141 3920
f 3917 3921 4142 4138
f 3922 3918 4139 4143
f 4140 3919 3923 4144
f 3920 4141 4145 3924
f 4142 3921 3925 4146
f 3922 4143 4147 3926
f 4144 3923 3927 4148
f 3924 4145 4149 3928
f 4146 3925 3929 4150
f 3926 4147 4151 3930
f 4148 3927 3931 4152
f 3928 4149 4153 3932
f 4150 3929 3933 4154
f 3930 4151 4155 3934
f 4152 3931 3935 4156
f 3932 4153 4157 3936
f 4154 3933 3937 4158
f 3934 4155 4159 3938
f 4156 3935 3939 4160
f 3936 4157 4161 3940
f 3937 3941 4162 4158
f 4163 3942 3938 4159
f 4160 3939 3943 4164
f 3944 3940 4161 4165
f 3941 3945 4166 4162
f 4167 3946 3942 4163
f 4164 3943 3947 4168
f 3948 3944 4165 4169
f 4166 3945 3949 4170
f 3946 4167 4171 3950
f 3947 3951 4172 4168
f 3952 3948 4169 4173
f 3953 4174 4170 3949
f 3950 4171 4175 3954
f 3951 3955 4176 4172
f 4177 3956 3952 4173
f 3957 4178 4174 3953
f 3954 4175 4179 3958
f 3955 3959 4180 4176
f 3956 4177 4181 3960
f 3957 3961 4182 4178
f 4183 3962 3958 4179
f 4180 3959 3963 4184
f 3960 4181 4185 3964
f 3961 3965 4187 4182
f 3962 4183 4188 3966
f 4184 3963 3967 4190
f 3964 4185 4191 3968
f 3969 4192 4186 3965
f 4187 3965 4186
f 3966 4188 4189
f 3966 4189 4193 3970
f 4190 3967 3971 4194
f 3968 4191 4195 3972
f 3973 4196 4192 3969
f 3970 4193 4197 3974
f 4194 3971 3975 4198
f 3972 4195 4199 3976
f 3977 4200 4196 3973
f 3974 4197 4201 3978
f 3979 4202 4198 3975
f 3976 4199 4203 3980
f 3981 4204 4200 3977
f 3978 4201 4205 3982
f 4202 3979 3983 4206
f 3980 4203 4207 3984
f 4208 4204 3981 3985
f 4205 4209 3986 3982
f 4206 3983 3987 4210
f 3984 4207 4211 3988
f 3989 4213 4208 3985
f 4209 4214 3990 3986
f 3991 4216 4210 3987
f 3988 4211 4217 3992
f 4218 4212 3994 3993
f 4212 4213 3989 3994
f 3990 4214 4215 3995
f 3995 4215 4219 3996
f 3997 4220 4216 3991
f 4217 4218 3993 3992
f 4219 4220 3997 3996
f 4221 4012 3998 4222
f 4223 4222 3998 3999
f 4224 4223 3999 4000
f 4225 4224 4000 4001
f 4226 4225 4001 4002
f 4227 4226 4002 4003
f 4228 4227 4003 4004
f 4229 4228 4004 4005
f 4230 4229 4005 4006
f 4231 4230 4006 4007
f 4232 4231 4007 4008
f 4008 4013 4233 4232
f 4236 4235 4009 4010
f 4237 4236 4010 4011
f 4237 4011 4012 4221
f 4013 4014 4234 4233
f 4014 4015 4238 4234
f 4239 4238 4015 4016
f 4240 4239 4016 4017
f 4017 4021 4241 4240
f 4243 4242 4018 4019
f 4244 4243 4019 4020
f 4244 4020 4009 4235
f 4021 4022 4245 4241
f 4246 4245 4022 4023
f 4248 4247 4024 4025
f 4248 4025 4018 4242
f 4026 4249 4246 4023
f 4250 4249 4026 4027
f 4252 4251 4028 4029
f 4252 4029 4024 4247
f 4030 4253 4250 4027
f 4254 4253 4030 4031
f 4255 4032 4028 4251
f 4033 4256 4254 4031
f 4257 4034 4032 4255
f 4035 4258 4256 4033
f 4259 4036 4034 4257
f 4037 4260 4258 4035
f 4261 4260 4037 4038
f 4262 4039 4036 4259
f 4261 4038 4040 4263
f 4264 4041 4039 4262
f 4042 4265 4263 4040
f 4266 4043 4041 4264
f 4044 4267 4265 4042
f 4268 4045 4043 4266
f 4046 4269 4267 4044
f 4045 4268 4270 4047
f 4269 4046 4048 4271
f 4272 4049 4047 4270
f 4050 4273 4271 4048
f 4049 4272 4274 4051
f 4052 4275 4273 4050
f 4276 4053 4051 4274
f 4275 4052 4054 4277
f 4053 4276 4278 4055
f 4277 4054 4056 4279
f 4280 4057 4055 4278
f 4058 4281 4279 4056
f 4057 4280 4282 4059
f 4281 4058 4060 4283
f 4059 4282 4284 4061
f 4088 4311 4283 4060
f 4312 4089 4061 4284
f 4091 4314 4285 4062
f 4285 4286 4063 4062
f 4286 4287 4064 4063
f 4287 4288 4065 4064
f 4288 4289 4066 4065
f 4289 4290 4067 4066
f 4290 4291 4068 4067
f 4291 4292 4069 4068
f 4292 4293 4070 4069
f 4293 4294 4071 4070
f 4294 4295 4072 4071
f 4295 4296 4073 4072
f 4296 4297 4074 4073
f 4297 4298 4075 4074
f 4298 4299 4076 4075
f 4299 4300 4077 4076
f 4300 4301 4078 4077
f 4301 4302 4079 4078
f 4302 4303 4080 4079
f 4303 4304 4081 4080
f 4304 4305 4082 4081
f 4305 4306 4083 4082
f 4306 4307 4084 4083
f 4307 4308 4085 4084
f 4308 4309 4086 4085
f 4309 4310 4087 4086
f 4087 4310 4315 4092
f 4311 4088 4094 4317
f 4089 4312 4318 4095
f 4097 4320 4313 4090
f 4313 4314 4091 4090
f 4315 4316 4093 4092
f 4093 4316 4321 4098
f 4317 4094 4100 4323
f 4095 4318 4324 4101
f 4102 4325 4319 4096
f 4319 4320 4097 4096
f 4321 4322 4099 4098
f 4099 4322 4326 4103
f 4323 4100 4104 4327
f 4101 4324 4328 4105
f 4325 4102 4106 4329
f 4103 4326 4330 4107
f 4327 4104 4108 4331
f 4105 4328 4332 4109
f 4333 4329 4106 4110
f 4107 4330 4334 4111
f 4331 4108 4112 4335
f 4336 4113 4109 4332
f 4337 4333 4110 4114
f 4111 4334 4338 4115
f 4116 4339 4335 4112
f 4113 4336 4340 4117
f 4118 4341 4337 4114
f 4342 4119 4115 4338
f 4339 4116 4120 4343
f 4117 4340 4344 4121
f 4341 4118 4122 4345
f 4119 4342 4346 4123
f 4343 4120 4124 4347
f 4121 4344 4348 4125
f 4126 4349 4345 4122
f 4350 4127 4123 4346
f 4347 4124 4128 4351
f 4352 4129 4125 4348
f 4349 4126 4130 4353
f 4127 4350 4354 4131
f 4132 4355 4351 4128
f 4129 4352 4356 4133
f 4353 4130 4134 4357
f 4131 4354 4358 4135
f 4355 4132 4136 4359
f 4133 4356 4360 4137
f 4138 4361 4357 4134
f 4362 4139 4135 4358
f 4359 4136 4140 4363
f 4137 4360 4364 4141
f 4361 4138 4142 4365
f 4139 4362 4366 4143
f 4363 4140 4144 4367
f 4141 4364 4368 4145
f 4365 4142 4146 4369
f 4143 4366 4370 4147
f 4367 4144 4148 4371
f 4145 4368 4372 4149
f 4369 4146 4150 4373
f 4147 4370 4374 4151
f 4371 4148 4152 4375
f 4149 4372 4376 4153
f 4373 4150 4154 4377
f 4151 4374 4378 4155
f 4375 4152 4156 4379
f 4153 4376 4380 4157
f 4377 4154 4158 4381
f 4155 4378 4382 4159
f 4379 4156 4160 4383
f 4157 4380 4384 4161
f 4381 4158 4162 4385
f 4159 4382 4386 4163
f 4383 4160 4164 4387
f 4161 4384 4388 4165
f 4166 4389 4385 4162
f 4163 4386 4390 4167
f 4391 4387 4164 4168
f 4165 4388 4392 4169
f 4389 4166 4170 4393
f 4167 4390 4394 4171
f 4395 4391 4168 4172
f 4392 4396 4173 4169
f 4174 4397 4393 4170
f 4171 4394 4398 4175
f 4399 4395 4172 4176
f 4396 4400 4177 4173
f 4178 4401 4397 4174
f 4175 4398 4402 4179
f 4180 4403 4399 4176
f 4177 4400 4404 4181
f 4401 4178 4182 4405
f 4179 4402 4406 4183
f 4403 4180 4184 4407
f 4181 4404 4408 4185
f 4187 4409 4405 4182
f 4183 4406 4410 4188
f 4407 4184 4190 4411
f 4185 4408 4412 4191
f 4186 4192 4413 4414
f 4409 4187 4186 4414
f 4189 4188 4410 4415
f 4193 4189 4415 4416
f 4411 4190 4194 4417
f 4191 4412 4418 4195
f 4196 4419 4413 4192
f 4193 4416 4420 4197
f 4417 4194 4198 4421
f 4195 4418 4422 4199
f 4200 4423 4419 4196
f 4197 4420 4424 4201
f 4202 4425 4421 4198
f 4199 4422 4426 4203
f 4204 4427 4423 4200
f 4201 4424 4428 4205
f 4425 4202 4206 4429
f 4426 4430 4207 4203
f 4208 4432 4427 4204
f 4205 4428 4433 4209
f 4435 4429 4206 4210
f 4430 4436 4211 4207
f 4438 4431 4212 4218
f 4431 4432 4213 4212
f 4213 4432 4208
f 4433 4214 4209
f 4433 4434 4215 4214
f 4215 4434 4439 4219
f 4216 4441 4435 4210
f 4211 4436 4437 4217
f 4437 4438 4218 4217
f 4439 4440 4220 4219
f 4440 4441 4216 4220
f 4442 4237 4221 4443
f 4444 4443 4221 4222
f 4445 4444 4222 4223
f 4446 4445 4223 4224
f 4447 4446 4224 4225
f 4448 4447 4225 4226
f 4449 4448 4226 4227
f 4450 4449 4227 4228
f 4451 4450 4228 4229
f 4452 4451 4229 4230
f 4453 4452 4230 4231
f 4454 4453 4231 4232
f 4455 4454 4232 4233
f 4456 4455 4233 4234
f 4234 4238 4457 4456
f 4458 4244 4235 4459
f 4460 4459 4235 4236
f 4460 4236 4237 4442
f 4238 4239 4461 4457
f 4462 4461 4239 4240
f 4463 4462 4240 4241
f 4465 4464 4242 4243
f 4465 4243 4244 4458
f 4245 4466 4463 4241
f 4467 4466 4245 4246
f 4246 4249 4468 4467
f 4470 4469 4247 4248
f 4470 4248 4242 4464
f 4249 4250 4471 4468
f 4473 4472 4251 4252
f 4473 4252 4247 4469
f 4253 4474 4471 4250
f 4475 4474 4253 4254
f 4476 4255 4251 4472
f 4256 4477 4475 4254
f 4478 4257 4255 4476
f 4258 4479 4477 4256
f 4258 4260 4480 4479
f 4481 4259 4257 4478
f 4260 4261 4482 4480
f 4483 4262 4259 4481
f 4482 4261 4263 4484
f 4485 4264 4262 4483
f 4265 4486 4484 4263
f 4487 4266 4264 4485
f 4267 4488 4486 4265
f 4489 4268 4266 4487
f 4269 4490 4488 4267
f 4268 4489 4491 4270
f 4490 4269 4271 4492
f 4493 4272 4270 4491
f 4273 4494 4492 4271
f 4272 4493 4495 4274
f 4275 4496 4494 4273
f 4497 4276 4274 4495
f 4496 4275 4277 4498
f 4276 4497 4499 4278
f 4498 4277 4279 4500
f 4501 4280 4278 4499
f 4279 4281 4502 4500
f 4280 4501 4503 4282
f 4502 4281 4283 4504
f 4282 4503 4505 4284
f 4311 4530 4504 4283
f 4531 4312 4284 4505
f 4285 4314 4533 4534
f 4506 4286 4285 4534
f 4506 4507 4287 4286
f 4507 4508 4288 4287
f 4508 4509 4289 4288
f 4509 4510 4290 4289
f 4510 4511 4291 4290
f 4511 4512 4292 4291
f 4512 4513 4293 4292
f 4513 4514 4294 4293
f 4514 4515 4295 4294
f 4515 4516 4296 4295
f 4516 4517 4297 4296
f 4517 4518 4298 4297
f 4518 4519 4299 4298
f 4519 4520 4300 4299
f 4520 4521 4301 4300
f 4521 4522 4302 4301
f 4522 4523 4303 4302
f 4523 4524 4304 4303
f 4524 4525 4305 4304
f 4525 4526 4306 4305
f 4526 4527 4307 4306
f 4527 4528 4308 4307
f 4528 4529 4309 4308
f 4310 4309 4529 4535
f 4315 4310 4535 4536
f 4530 4311 4317 4538
f 4312 4531 4539 4318
f 4320 4541 4532 4313
f 4532 4533 4314 4313
f 4536 4537 4316 4315
f 4316 4537 4542 4321
f 4538 4317 4323 4544
f 4318 4539 4545 4324
f 4325 4546 4540 4319
f 4540 4541 4320 4319
f 4542 4543 4322 4321
f 4322 4543 4547 4326
f 4544 4323 4327 4548
f 4324 4545 4549 4328
f 4550 4546 4325 4329
f 4547 4551 4330 4326
f 4548 4327 4331 4552
f 4328 4549 4553 4332
f 4554 4550 4329 4333
f 4330 4551 4555 4334
f 4552 4331 4335 4556
f 4557 4336 4332 4553
f 4337 4558 4554 4333
f 4559 4338 4334 4555
f 4339 4560 4556 4335
f 4336 4557 4561 4340
f 4562 4558 4337 4341
f 4338 4559 4563 4342
f 4560 4339 4343 4564
f 4340 4561 4565 4344
f 4566 4562 4341 4345
f 4342 4563 4567 4346
f 4564 4343 4347 4568
f 4344 4565 4569 4348
f 4349 4570 4566 4345
f 4571 4350 4346 4567
f 4568 4347 4351 4572
f 4348 4569 4573 4352
f 4570 4349 4353 4574
f 4350 4571 4575 4354
f 4576 4572 4351 4355
f 4352 4573 4577 4356
f 4574 4353 4357 4578
f 4354 4575 4579 4358
f 4580 4576 4355 4359
f 4356 4577 4581 4360
f 4361 4582 4578 4357
f 4583 4362 4358 4579
f 4580 4359 4363 4584
f 4360 4581 4585 4364
f 4582 4361 4365 4586
f 4362 4583 4587 4366
f 4584 4363 4367 4588
f 4364 4585 4589 4368
f 4586 4365 4369 4590
f 4366 4587 4591 4370
f 4588 4367 4371 4592
f 4368 4589 4593 4372
f 4590 4369 4373 4594
f 4370 4591 4595 4374
f 4592 4371 4375 4596
f 4372 4593 4597 4376
f 4594 4373 4377 4598
f 4374 4595 4599 4378
f 4596 4375 4379 4600
f 4376 4597 4601 4380
f 4598 4377 4381 4602
f 4378 4599 4603 4382
f 4600 4379 4383 4604
f 4380 4601 4605 4384
f 4602 4381 4385 4606
f 4382 4603 4607 4386
f 4604 4383 4387 4608
f 4384 4605 4609 4388
f 4389 4610 4606 4385
f 4386 4607 4611 4390
f 4608 4387 4391 4612
f 4388 4609 4613 4392
f 4610 4389 4393 4614
f 4390 4611 4615 4394
f 4616 4612 4391 4395
f 4613 4617 4396 4392
f 4397 4618 4614 4393
f 4394 4615 4619 4398
f 4399 4620 4616 4395
f 4396 4617 4621 4400
f 4401 4622 4618 4397
f 4398 4619 4623 4402
f 4620 4399 4403 4624
f 4400 4621 4625 4404
f 4622 4401 4405 4626
f 4402 4623 4627 4406
f 4624 4403 4407 4628
f 4404 4625 4629 4408
f 4409 4631 4626 4405
f 4406 4627 4632 4410
f 4628 4407 4411 4634
f 4408 4629 4635 4412
f 4636 4630 4414 4413
f 4630 4631 4409 4414
f 4410 4632 4633 4415
f 4415 4633 4637 4416
f 4634 4411 4417 4638
f 4412 4635 4639 4418
f 4419 4641 4636 4413
f 4416 4637 4642 4420
f 4638 4417 4421 4644
f 4418 4639 4645 4422
f 4646 4640 4423 4427
f 4640 4641 4419 4423
f 4420 4642 4643 4424
f 4424 4643 4647 4428
f 4425 4648 4644 4421
f 4422 4645 4649 4426
f 4650 4646 4427 4432
f 4428 4647 4651 4433
f 4648 4425 4429 4652
f 4426 4649 4653 4430
f 4656 4650 4432 4431
f 4433 4651 4657 4434
f 4435 4660 4652 4429
f 4653 4436 4430
f 4653 4654 4437 4436
f 4654 4655 4438 4437
f 4655 4656 4431 4438
f 4434 4657 4658 4439
f 4658 4659 4440 4439
f 4659 4660 4441 4440
f 4441 4660 4435
f 4666 4665 4442 4443
f 4667 4666 4443 4444
f 4668 4667 4444 4445
f 4669 4668 4445 4446
f 4670 4669 4446 4447
f 4670 4447 4448 4661
f 4448 4449 4662 4661
f 4449 4450 4663 4662
f 4450 4451 4664 4663
f 4451 4452 4671 4664
f 4672 4671 4452 4453
f 4673 4672 4453 4454
f 4674 4673 4454 4455
f 4675 4674 4455 4456
f 4676 4675 4456 4457
f 4678 4677 4458 4459
f 4679 4678 4459 4460
f 4679 4460 4442 4665
f 4461 4680 4676 4457
f 4681 4680 4461 4462
f 4682 4681 4462 4463
f 4683 4470 4464 4684
f 4685 4684 4464 4465
f 4685 4465 4458 4677
f 4466 4686 4682 4463
f 4687 4686 4466 4467
f 4688 4687 4467 4468
f 4689 4469 4470 4683
f 4471 4690 4688 4468
f 4692 4691 4472 4473
f 4692 4473 4469 4689
f 4474 4693 4690 4471
f 4694 4693 4474 4475
f 4695 4476 4472 4691
f 4477 4696 4694 4475
f 4697 4478 4476 4695
f 4479 4698 4696 4477
f 4699 4698 4479 4480
f 4700 4481 4478 4697
f 4482 4701 4699 4480
f 4702 4483 4481 4700
f 4701 4482 4484 4703
f 4704 4485 4483 4702
f 4486 4705 4703 4484
f 4706 4487 4485 4704
f 4488 4707 4705 4486
f 4708 4489 4487 4706
f 4490 4709 4707 4488
f 4489 4708 4710 4491
f 4709 4490 4492 4711
f 4712 4493 4491 4710
f 4492 4494 4713 4711
f 4493 4712 4714 4495
f 4496 4715 4713 4494
f 4716 4497 4495 4714
f 4715 4496 4498 4717
f 4497 4716 4718 4499
f 4500 4719 4717 4498
f 4720 4501 4499 4718
f 4719 4500 4502 4721
f 4501 4720 4722 4503
f 4721 4502 4504 4723
f 4505 4503 4722 4724
f 4530 4749 4723 4504
f 4531 4505 4724 4750
f 4534 4753 4725 4506
f 4725 4726 4507 4506
f 4726 4727 4508 4507
f 4727 4728 4509 4508
f 4728 4729 4510 4509
f 4729 4730 4511 4510
f 4730 4731 4512 4511
f 4731 4732 4513 4512
f 4732 4733 4514 4513
f 4733 4734 4515 4514
f 4734 4735 4516 4515
f 4735 4736 4517 4516
f 4736 4737 4518 4517
f 4737 4738 4519 4518
f 4738 4739 4520 4519
f 4739 4740 4521 4520
f 4740 4741 4522 4521
f 4741 4742 4523 4522
f 4742 4743 4524 4523
f 4743 4744 4525 4524
f 4744 4745 4526 4525
f 4745 4746 4527 4526
f 4746 4747 4528 4527
f 4747 4748 4529 4528
f 4529 4748 4754 4535
f 4749 4530 4538 4757
f 4531 4750 4758 4539
f 4541 4759 4751 4532
f 4751 4752 4533 4532
f 4752 4753 4534 4533
f 4754 4755 4536 4535
f 4755 4756 4537 4536
f 4537 4756 4760 4542
f 4757 4538 4544 4761
f 4539 4758 4762 4545
f 4540 4546 4763 4764
f 4759 4541 4540 4764
f 4543 4542 4760 4765
f 4547 4543 4765 4769
f 4761 4544 4548 4766
f 4545 4762 4767 4549
f 4550 4768 4763 4546
f 4551 4547 4769 4555
f 4766 4548 4552 4770
f 4549 4767 4771 4553
f 4554 4772 4768 4550
f 4555 4769 4986 4773
f 4770 4552 4556 4774
f 4775 4557 4553 4771
f 4558 4776 4772 4554
f 4777 4559 4555 4773
f 4556 4560 4778 4774
f 4557 4775 4779 4561
f 4776 4558 4562 4780
f 4559 4777 4781 4563
f 4778 4560 4564 4782
f 4561 4779 4783 4565
f 4566 4784 4780 4562
f 4785 4567 4563 4781
f 4782 4564 4568 4786
f 4565 4783 4787 4569
f 4788 4784 4566 4570
f 4567 4785 4789 4571
f 4786 4568 4572 4790
f 4569 4787 4791 4573
f 4792 4788 4570 4574
f 4571 4789 4793 4575
f 4790 4572 4576 4794
f 4573 4791 4795 4577
f 4792 4574 4578 4796
f 4575 4793 4797 4579
f 4798 4794 4576 4580
f 4577 4795 4799 4581
f 4800 4796 4578 4582
f 4579 4797 4801 4583
f 4802 4798 4580 4584
f 4581 4799 4803 4585
f 4804 4800 4582 4586
f 4583 4801 4805 4587
f 4802 4584 4588 4806
f 4585 4803 4807 4589
f 4804 4586 4590 4808
f 4587 4805 4809 4591
f 4806 4588 4592 4810
f 4589 4807 4811 4593
f 4808 4590 4594 4812
f 4591 4809 4813 4595
f 4810 4592 4596 4814
f 4593 4811 4815 4597
f 4812 4594 4598 4816
f 4595 4813 4817 4599
f 4814 4596 4600 4818
f 4597 4815 4819 4601
f 4816 4598 4602 4820
f 4599 4817 4821 4603
f 4818 4600 4604 4822
f 4601 4819 4823 4605
f 4820 4602 4606 4824
f 4603 4821 4825 4607
f 4822 4604 4608 4826
f 4605 4823 4827 4609
f 4610 4828 4824 4606
f 4607 4825 4829 4611
f 4826 4608 4612 4830
f 4609 4827 4831 4613
f 4828 4610 4614 4832
f 4611 4829 4833 4615
f 4830 4612 4616 4834
f 4613 4831 4835 4617
f 4618 4836 4832 4614
f 4615 4833 4837 4619
f 4834 4616 4620 4838
f 4617 4835 4839 4621
f 4622 4840 4836 4618
f 4619 4837 4841 4623
f 4838 4620 4624 4842
f 4621 4839 4843 4625
f 4840 4622 4626 4844
f 4623 4841 4845 4627
f 4842 4624 4628 4846
f 4625 4843 4847 4629
f 4631 4849 4844 4626
f 4627 4845 4850 4632
f 4846 4628 4634 4852
f 4629 4847 4853 4635
f 4636 4855 4848 4630
f 4848 4849 4631 4630
f 4850 4851 4633 4632
f 4633 4851 4856 4637
f 4852 4634 4638 4858
f 4853 4859 4639 4635
f 4861 4854 4641 4640
f 4854 4855 4636 4641
f 4637 4856 4857 4642
f 4642 4857 4862 4643
f 4864 4858 4638 4644
f 4859 4865 4645 4639
f 4867 4860 4646 4650
f 4860 4861 4640 4646
f 4643 4862 4863 4647
f 4647 4863 4868 4651
f 4648 4870 4864 4644
f 4865 4871 4649 4645
f 4874 4867 4650 4656
f 4651 4868 4875 4657
f 4878 4870 4648 4652
f 4871 4653 4649
f 4871 4872 4654 4653
f 4872 4873 4655 4654
f 4873 4874 4656 4655
f 4875 4876 4658 4657
f 4876 4877 4659 4658
f 4877 4878 4660 4659
f 4660 4878 4652
f 4879 4670 4661 4880
f 4881 4880 4661 4662
f 4882 4881 4662 4663
f 4883 4882 4663 4664
f 4664 4671 4884 4883
f 4886 4885 4665 4666
f 4887 4886 4666 4667
f 4888 4887 4667 4668
f 4889 4888 4668 4669
f 4889 4669 4670 4879
f 4671 4672 4890 4884
f 4891 4890 4672 4673
f 4892 4891 4673 4674
f 4893 4892 4674 4675
f 4894 4893 4675 4676
f 4896 4895 4677 4678
f 4897 4896 4678 4679
f 4897 4679 4665 4885
f 4680 4898 4894 4676
f 4899 4898 4680 4681
f 4900 4899 4681 4682
f 4902 4901 4683 4684
f 4903 4902 4684 4685
f 4903 4685 4677 4895
f 4686 4904 4900 4682
f 4905 4904 4686 4687
f 4906 4905 4687 4688
f 4907 4689 4683 4901
f 4690 4908 4906 4688
f 4690 4693 4909 4908
f 4911 4910 4691 4692
f 4911 4692 4689 4907
f 4693 4694 4912 4909
f 4913 4695 4691 4910
f 4696 4914 4912 4694
f 4915 4697 4695 4913
f 4698 4916 4914 4696
f 4917 4916 4698 4699
f 4918 4700 4697 4915
f 4701 4919 4917 4699
f 4920 4702 4700 4918
f 4919 4701 4703 4921
f 4922 4704 4702 4920
f 4705 4923 4921 4703
f 4924 4706 4704 4922
f 4707 4925 4923 4705
f 4926 4708 4706 4924
f 4709 4927 4925 4707
f 4708 4926 4928 4710
f 4929 4927 4709 4711
f 4930 4712 4710 4928
f 4931 4929 4711 4713
f 4712 4930 4932 4714
f 4715 4933 4931 4713
f 4934 4716 4714 4932
f 4933 4715 4717 4935
f 4716 4934 4936 4718
f 4937 4935 4717 4719
f 4938 4720 4718 4936
f 4939 4937 4719 4721
f 4720 4938 4940 4722
f 4939 4721 4723 4941
f 4942 4724 4722 4940
f 4749 4967 4941 4723
f 4724 4942 4968 4750
f 4753 4971 4943 4725
f 4943 4944 4726 4725
f 4944 4945 4727 4726
f 4945 4946 4728 4727
f 4946 4947 4729 4728
f 4947 4948 4730 4729
f 4948 4949 4731 4730
f 4949 4950 4732 4731
f 4950 4951 4733 4732
f 4951 4952 4734 4733
f 4952 4953 4735 4734
f 4953 4954 4736 4735
f 4954 4955 4737 4736
f 4955 4956 4738 4737
f 4956 4957 4739 4738
f 4957 4958 4740 4739
f 4958 4959 4741 4740
f 4959 4960 4742 4741
f 4960 4961 4743 4742
f 4961 4962 4744 4743
f 4962 4963 4745 4744
f 4963 4964 4746 4745
f 4964 4965 4747 4746
f 4965 4966 4748 4747
f 4748 4966 4972 4754
f 4967 4749 4757 4975
f 4750 4968 4976 4758
f 4759 4977 4969 4751
f 4969 4970 4752 4751
f 4970 4971 4753 4752
f 4972 4973 4755 4754
f 4973 4974 4756 4755
f 4756 4974 4978 4760
f 4975 4757 4761 4979
f 4758 4976 4980 4762
f 4764 4981 4977 4759
f 4760 4978 4982 4765
f 4979 4761 4766 4983
f 4762 4980 4984 4767
f 4763 4768 4985
f 4981 4764 4763 4985
f 4765 4982 4986 4769
f 4983 4766 4770 4987
f 4767 4984 4988 4771
f 4768 4772 4989 4985
f 4773 4986 4990 4994
f 4774 4991 4987 4770
f 4992 4775 4771 4988
f 4993 4989 4772 4776
f 4773 4994 4998 4777
f 4991 4774 4778 4995
f 4775 4992 4996 4779
f 4997 4993 4776 4780
f 4777 4998 4781
f 4995 4778 4782 4999
f 4779 4996 5000 4783
f 5001 4997 4780 4784
f 4781 4998 5002 4785
f 4999 4782 4786 5003
f 4783 5000 5004 4787
f 5005 5001 4784 4788
f 4785 5002 5006 4789
f 5003 4786 4790 5007
f 4787 5004 5008 4791
f 5009 5005 4788 4792
f 4789 5006 5010 4793
f 5007 4790 4794 5011
f 4791 5008 5012 4795
f 5013 5009 4792 4796
f 4793 5010 5014 4797
f 5011 4794 4798 5015
f 4795 5012 5016 4799
f 5013 4796 4800 5017
f 4797 5014 5018 4801
f 5019 5015 4798 4802
f 4803 4799 5016 5020
f 5021 5017 4800 4804
f 4801 5018 5022 4805
f 5023 5019 4802 4806
f 4803 5020 5024 4807
f 5025 5021 4804 4808
f 4809 4805 5022 5026
f 5027 5023 4806 4810
f 5024 5028 4811 4807
f 5029 5025 4808 4812
f 4813 4809 5026 5030
f 5031 5027 4810 4814
f 4811 5028 5032 4815
f 5033 5029 4812 4816
f 4817 4813 5030 5034
f 5035 5031 4814 4818
f 4815 5032 5036 4819
f 5037 5033 4816 4820
f 4821 4817 5034 5038
f 5035 4818 4822 5039
f 4819 5036 5040 4823
f 5041 5037 4820 4824
f 4825 4821 5038 5042
f 5039 4822 4826 5043
f 4823 5040 5044 4827
f 4828 5045 5041 4824
f 5042 5046 4829 4825
f 5043 4826 4830 5047
f 4827 5044 5048 4831
f 5045 4828 4832 5049
f 4829 5046 5050 4833
f 5047 4830 4834 5051
f 5048 5052 4835 4831
f 4836 5053 5049 4832
f 4833 5050 5054 4837
f 5055 5051 4834 4838
f 4839 4835 5052 5056
f 4840 5057 5053 4836
f 4837 5054 5058 4841
f 5059 5055 4838 4842
f 4843 4839 5056 5060
f 5061 5057 4840 4844
f 5058 5062 4845 4841
f 5063 5059 4842 4846
f 4847 4843 5060 5064
f 5066 5061 4844 4849
f 5062 5067 4850 4845
f 5069 5063 4846 4852
f 4853 4847 5064 5070
f 5072 5065 4855 4854
f 5065 5066 4848 4855
f 5066 4849 4848
f 4850 5067 4851
f 4851 5067 5068 4856
f 4856 5068 5073 4857
f 5075 5069 4852 4858
f 5070 5076 4859 4853
f 5081 5071 4861 4860
f 5071 5072 4854 4861
f 4857 5073 5074 4862
f 4862 5074 5082 4863
f 5087 5075 4858 4864
f 4866 4865 4859 5076
f 4866 5076 5077 5088
f 5090 5080 4867 4874
f 5080 5081 4860 4867
f 4863 5082 5083 4868
f 4868 5083 5091 4875
f 5093 5086 5087 4869
f 4864 4870 4869 5087
f 4871 4865 4866
f 4872 4871 4866 5088
f 5088 5089 4873 4872
f 5089 5090 4874 4873
f 5091 5092 4876 4875
f 5092 5093 4877 4876
f 4869 4878 4877 5093
f 4870 4878 4869
f 5095 5094 4879 4880
f 5096 5095 4880 4881
f 5097 5096 4881 4882
f 5098 5097 4882 4883
f 5099 5098 4883 4884
f 5101 5100 4885 4886
f 5102 5101 4886 4887
f 5103 5102 4887 4888
f 5104 5103 4888 4889
f 5104 4889 4879 5094
f 4890 5105 5099 4884
f 5106 5105 4890 4891
f 5107 5106 4891 4892
f 5108 5107 4892 4893
f 5109 5108 4893 4894
f 4894 4898 5110 5109
f 5112 5111 4895 4896
f 5113 5112 4896 4897
f 5113 4897 4885 5100
f 4898 4899 5114 5110
f 5115 5114 4899 4900
f 5117 5116 4901 4902
f 5118 5117 4902 4903
f 5118 4903 4895 5111
f 4904 5119 5115 4900
f 5120 5119 4904 4905
f 4906 5122 5120 4905
f 5121 4907 4901 5116
f 4908 5123 5122 4906
f 5124 5123 4908 4909
f 5126 5125 4910 4911
f 5126 4911 4907 5121
f 4912 5127 5124 4909
f 5128 4913 4910 5125
f 4914 5129 5127 4912
f 5130 4915 4913 5128
f 4916 5131 5129 4914
f 5132 5131 4916 4917
f 5133 4918 4915 5130
f 4919 5134 5132 4917
f 5135 4920 4918 5133
f 5134 4919 4921 5136
f 5137 4922 4920 5135
f 4923 5138 5136 4921
f 5139 4924 4922 5137
f 4925 5140 5138 4923
f 5141 4926 4924 5139
f 4927 5142 5140 4925
f 4926 5141 5143 4928
f 5142 4927 4929 5144
f 5145 4930 4928 5143
f 4931 5146 5144 4929
f 4930 5145 5147 4932
f 4933 5148 5146 4931
f 5149 4934 4932 5147
f 5148 4933 4935 5150
f 4934 5149 5151 4936
f 5150 4935 4937 5152
f 5153 4938 4936 5151
f 4939 5154 5152 4937
f 4938 5153 5155 4940
f 5154 4939 4941 5156
f 4940 5155 5157 4942
f 4967 5180 5156 4941
f 4942 5157 5181 4968
f 4943 4971 5183 5184
f 5158 4944 4943 5184
f 5158 5159 4945 4944
f 5159 5160 4946 4945
f 5160 5161 4947 4946
f 5161 5162 4948 4947
f 5162 5163 4949 4948
f 5163 5164 4950 4949
f 5164 5165 4951 4950
f 5165 5166 4952 4951
f 5166 5167 4953 4952
f 5167 5168 4954 4953
f 5168 5169 4955 4954
f 5169 5170 4956 4955
f 5170 5171 4957 4956
f 5171 5172 4958 4957
f 5172 5173 4959 4958
f 5173 5174 4960 4959
f 5174 5175 4961 4960
f 5175 5176 4962 4961
f 5176 5177 4963 4962
f 5177 5178 4964 4963
f 5178 5179 4965 4964
f 4966 4965 5179 5185
f 4972 4966 5185 5186
f 5180 4967 4975 5188
f 4968 5181 5189 4976
f 4969 4977 5190 5191
f 5182 4970 4969 5191
f 5182 5183 4971 4970
f 5186 5187 4973 4972
f 4974 4973 5187 5192
f 4978 4974 5192 5193
f 5188 4975 4979 5194
f 4976 5189 5195 4980
f 4981 5196 5190 4977
f 4978 5193 5197 4982
f 5194 4979 4983 5198
f 4980 5195 5199 4984
f 4985 5200 5196 4981
f 4982 5197 5201 4986
f 5198 4983 4987 5202
f 4984 5199 5203 4988
f 4989 5204 5200 4985
f 4986 5201 5205 4990
f 5206 5202 4987 4991
f 5207 4992 4988 5203
f 5208 5204 4989 4993
f 4990 5205 5209 4994
f 5210 5206 4991 4995
f 4992 5207 5211 4996
f 5212 5208 4993 4997
f 4994 5209 5213 4998
f 5210 4995 4999 5214
f 4996 5211 5215 5000
f 5216 5212 4997 5001
f 4998 5213 5217 5002
f 5214 4999 5003 5218
f 5000 5215 5219 5004
f 5220 5216 5001 5005
f 5002 5217 5221 5006
f 5218 5003 5007 5222
f 5004 5219 5223 5008
f 5224 5220 5005 5009
f 5006 5221 5225 5010
f 5222 5007 5011 5226
f 5008 5223 5227 5012
f 5228 5224 5009 5013
f 5010 5225 5229 5014
f 5226 5011 5015 5230
f 5012 5227 5231 5016
f 5232 5228 5013 5017
f 5014 5229 5233 5018
f 5230 5015 5019 5234
f 5016 5231 5235 5020
f 5232 5017 5021 5236
f 5018 5233 5237 5022
f 5234 5019 5023 5238
f 5020 5235 5239 5024
f 5236 5021 5025 5240
f 5022 5237 5241 5026
f 5242 5238 5023 5027
f 5239 5243 5028 5024
f 5240 5025 5029 5244
f 5026 5241 5245 5030
f 5031 5246 5242 5027
f 5028 5243 5247 5032
f 5244 5029 5033 5248
f 5030 5245 5249 5034
f 5250 5246 5031 5035
f 5036 5032 5247 5251
f 5248 5033 5037 5252
f 5034 5249 5253 5038
f 5254 5250 5035 5039
f 5040 5036 5251 5255
f 5252 5037 5041 5256
f 5038 5253 5257 5042
f 5258 5254 5039 5043
f 5044 5040 5255 5259
f 5256 5041 5045 5260
f 5042 5257 5261 5046
f 5262 5258 5043 5047
f 5048 5044 5259 5263
f 5264 5260 5045 5049
f 5261 5265 5050 5046
f 5266 5262 5047 5051
f 5263 5267 5052 5048
f 5053 5268 5264 5049
f 5265 5269 5054 5050
f 5055 5270 5266 5051
f 5052 5267 5271 5056
f 5057 5273 5268 5053
f 5054 5269 5274 5058
f 5270 5055 5059 5276
f 5271 5277 5060 5056
f 5278 5272 5061 5066
f 5272 5273 5057 5061
f 5058 5274 5275 5062
f 5062 5275 5279 5067
f 5280 5276 5059 5063
f 5064 5060 5277 5281
f 5283 5278 5066 5065
f 5067 5279 5284 5068
f 5286 5280 5063 5069
f 5070 5064 5281 5287
f 5293 5282 5072 5071
f 5282 5283 5065 5072
f 5068 5284 5285 5073
f 5073 5285 5294 5074
f 5300 5286 5069 5075
f 5287 5076 5070
f 5287 5288 5077 5076
f 5288 5289 5078 5077
f 5289 5290 5079 5078
f 5290 5291 5080 5079
f 5291 5292 5081 5080
f 5292 5293 5071 5081
f 5074 5294 5295 5082
f 5295 5296 5083 5082
f 5296 5297 5084 5083
f 5297 5298 5085 5084
f 5298 5299 5086 5085
f 5299 5300 5087 5086
f 5087 5300 5075
f 5077 5078 5089 5088
f 5078 5079 5090 5089
f 5080 5090 5079
f 5091 5083 5084
f 5084 5085 5092 5091
f 5085 5086 5093 5092
f 5301 5310 5094 5095
f 5302 5301 5095 5096
f 5303 5302 5096 5097
f 5304 5303 5097 5098
f 5099 5311 5304 5098
f 5306 5305 5100 5101
f 5307 5306 5101 5102
f 5308 5307 5102 5103
f 5309 5308 5103 5104
f 5310 5309 5104 5094
f 5105 5312 5311 5099
f 5313 5312 5105 5106
f 5314 5313 5106 5107
f 5315 5314 5107 5108
f 5316 5315 5108 5109
f 5110 5320 5316 5109
f 5318 5317 5111 5112
f 5319 5318 5112 5113
f 5319 5113 5100 5305
f 5114 5321 5320 5110
f 5322 5321 5114 5115
f 5324 5323 5116 5117
f 5325 5324 5117 5118
f 5325 5118 5111 5317
f 5119 5326 5322 5115
f 5327 5326 5119 5120
f 5120 5122 5328 5327
f 5329 5121 5116 5323
f 5122 5123 5330 5328
f 5331 5330 5123 5124
f 5333 5332 5125 5126
f 5333 5126 5121 5329
f 5127 5334 5331 5124
f 5335 5128 5125 5332
f 5129 5336 5334 5127
f 5337 5130 5128 5335
f 5131 5338 5336 5129
f 5132 5340 5338 5131
f 5339 5133 5130 5337
f 5134 5341 5340 5132
f 5342 5135 5133 5339
f 5341 5134 5136 5343
f 5344 5137 5135 5342
f 5138 5345 5343 5136
f 5346 5139 5137 5344
f 5140 5347 5345 5138
f 5348 5141 5139 5346
f 5142 5349 5347 5140
f 5141 5348 5350 5143
f 5349 5142 5144 5351
f 5352 5145 5143 5350
f 5146 5353 5351 5144
f 5145 5352 5354 5147
f 5148 5355 5353 5146
f 5356 5149 5147 5354
f 5355 5148 5150 5357
f 5149 5356 5358 5151
f 5357 5150 5152 5359
f 5360 5153 5151 5358
f 5154 5361 5359 5152
f 5153 5360 5362 5155
f 5361 5154 5156 5363
f 5155 5362 5364 5157
f 5180 5385 5363 5156
f 5386 5181 5157 5364
f 5158 5184 5389 5390
f 5365 5159 5158 5390
f 5365 5366 5160 5159
f 5366 5367 5161 5160
f 5367 5368 5162 5161
f 5368 5369 5163 5162
f 5369 5370 5164 5163
f 5370 5371 5165 5164
f 5371 5372 5166 5165
f 5372 5373 5167 5166
f 5373 5374 5168 5167
f 5374 5375 5169 5168
f 5375 5376 5170 5169
f 5376 5377 5171 5170
f 5377 5378 5172 5171
f 5378 5379 5173 5172
f 5379 5380 5174 5173
f 5380 5381 5175 5174
f 5381 5382 5176 5175
f 5382 5383 5177 5176
f 5383 5384 5178 5177
f 5179 5178 5384 5391
f 5185 5179 5391 5392
f 5385 5180 5188 5395
f 5181 5386 5396 5189
f 5191 5398 5387 5182
f 5387 5388 5183 5182
f 5388 5389 5184 5183
f 5392 5393 5186 5185
f 5393 5394 5187 5186
f 5187 5394 5399 5192
f 5395 5188 5194 5400
f 5189 5396 5401 5195
f 5196 5402 5397 5190
f 5397 5398 5191 5190
f 5193 5192 5399 5403
f 5197 5193 5403 5407
f 5400 5194 5198 5404
f 5195 5401 5405 5199
f 5200 5406 5402 5196
f 5201 5197 5407 5411
f 5404 5198 5202 5408
f 5199 5405 5409 5203
f 5200 5204 5410 5406
f 5205 5201 5411
f 5408 5202 5206 5412
f 5203 5409 5413 5207
f 5204 5208 5414 5410
f 5415 5209 5205 5411
f 5210 5416 5412 5206
f 5211 5207 5413 5417
f 5418 5414 5208 5212
f 5209 5415 5419 5213
f 5416 5210 5214 5420
f 5215 5211 5417 5421
f 5422 5418 5212 5216
f 5213 5419 5423 5217
f 5420 5214 5218 5424
f 5219 5215 5421 5425
f 5426 5422 5216 5220
f 5221 5217 5423 5427
f 5424 5218 5222 5428
f 5223 5219 5425 5429
f 5430 5426 5220 5224
f 5221 5427 5431 5225
f 5432 5428 5222 5226
f 5227 5223 5429 5433
f 5435 5430 5224 5228
f 5225 5431 5436 5229
f 5438 5432 5226 5230
f 5231 5227 5433 5439
f 5440 5435 5228 5232
f 5229 5436 5441 5233
f 5442 5438 5230 5234
f 5235 5231 5439 5443
f 5444 5440 5232 5236
f 5237 5233 5441 5445
f 5446 5442 5234 5238
f 5239 5235 5443 5447
f 5448 5444 5236 5240
f 5237 5445 5449 5241
f 5450 5446 5238 5242
f 5243 5239 5447 5451
f 5448 5240 5244 5452
f 5241 5449 5453 5245
f 5454 5450 5242 5246
f 5247 5243 5451 5455
f 5452 5244 5248 5456
f 5245 5453 5457 5249
f 5458 5454 5246 5250
f 5251 5247 5455 5459
f 5456 5248 5252 5460
f 5249 5457 5461 5253
f 5462 5458 5250 5254
f 5255 5251 5459 5463
f 5464 5460 5252 5256
f 5461 5465 5257 5253
f 5466 5462 5254 5258
f 5259 5255 5463 5467
f 5468 5464 5256 5260
f 5261 5257 5465 5469
f 5470 5466 5258 5262
f 5263 5259 5467 5471
f 5264 5472 5468 5260
f 5469 5473 5265 5261
f 5474 5470 5262 5266
f 5267 5263 5471 5475
f 5476 5472 5264 5268
f 5473 5477 5269 5265
f 5478 5474 5266 5270
f 5271 5267 5475 5479
f 5482 5476 5268 5273
f 5477 5483 5274 5269
f 5486 5478 5270 5276
f 5479 5487 5277 5271
f 5489 5481 5278 5283
f 5481 5482 5272 5278
f 5482 5273 5272
f 5274 5483 5275
f 5275 5483 5484 5279
f 5279 5484 5490 5284
f 5492 5486 5276 5280
f 5281 5277 5487 5493
f 5499 5489 5283 5282
f 5284 5490 5500 5285
f 5506 5492 5280 5286
f 5288 5287 5281 5493
f 5493 5494 5289 5288
f 5494 5495 5290 5289
f 5495 5496 5291 5290
f 5496 5497 5292 5291
f 5497 5498 5293 5292
f 5498 5499 5282 5293
f 5285 5500 5501 5294
f 5501 5502 5295 5294
f 5502 5503 5296 5295
f 5503 5504 5297 5296
f 5504 5505 5298 5297
f 5505 5506 5299 5298
f 5286 5300 5299 5506
f 5508 5507 5301 5302
f 5509 5508 5302 5303
f 5510 5509 5303 5304
f 5512 5511 5305 5306
f 5513 5512 5306 5307
f 5514 5513 5307 5308
f 5515 5514 5308 5309
f 5516 5515 5309 5310
f 5516 5310 5301 5507
f 5311 5517 5510 5304
f 5518 5517 5311 5312
f 5519 5518 5312 5313
f 5520 5519 5313 5314
f 5521 5520 5314 5315
f 5522 5521 5315 5316
f 5524 5523 5317 5318
f 5525 5524 5318 5319
f 5525 5319 5305 5511
f 5320 5526 5522 5316
f 5527 5526 5320 5321
f 5528 5527 5321 5322
f 5530 5529 5323 5324
f 5531 5530 5324 5325
f 5531 5325 5317 5523
f 5326 5532 5528 5322
f 5533 5532 5326 5327
f 5534 5533 5327 5328
f 5535 5329 5323 5529
f 5330 5536 5534 5328
f 5537 5536 5330 5331
f 5539 5538 5332 5333
f 5539 5333 5329 5535
f 5334 5540 5537 5331
f 5541 5335 5332 5538
f 5336 5542 5540 5334
f 5543 5337 5335 5541
f 5338 5544 5542 5336
f 5545 5339 5337 5543
f 5340 5546 5544 5338
f 5547 5546 5340 5341
f 5548 5342 5339 5545
f 5547 5341 5343 5549
f 5550 5344 5342 5548
f 5345 5551 5549 5343
f 5552 5346 5344 5550
f 5347 5553 5551 5345
f 5346 5552 5554 5348
f 5349 5555 5553 5347
f 5348 5554 5556 5350
f 5555 5349 5351 5557
f 5558 5352 5350 5556
f 5353 5559 5557 5351
f 5352 5558 5560 5354
f 5561 5559 5353 5355
f 5562 5356 5354 5560
f 5563 5561 5355 5357
f 5356 5562 5564 5358
f 5563 5357 5359 5565
f 5566 5360 5358 5564
f 5361 5567 5565 5359
f 5360 5566 5568 5362
f 5567 5361 5363 5569
f 5362 5568 5570 5364
f 5589 5569 5363 5385
f 5590 5386 5364 5570
f 5365 5390 5593 5594
f 5571 5366 5365 5594
f 5571 5572 5367 5366
f 5572 5573 5368 5367
f 5573 5574 5369 5368
f 5574 5575 5370 5369
f 5575 5576 5371 5370
f 5576 5577 5372 5371
f 5577 5578 5373 5372
f 5578 5579 5374 5373
f 5579 5580 5375 5374
f 5580 5581 5376 5375
f 5581 5582 5377 5376
f 5582 5583 5378 5377
f 5583 5584 5379 5378
f 5584 5585 5380 5379
f 5585 5586 5381 5380
f 5586 5587 5382 5381
f 5587 5588 5383 5382
f 5384 5383 5588 5595
f 5391 5384 5595 5596
f 5599 5589 5385 5395
f 5386 5590 5600 5396
f 5387 5398 5601 5602
f 5591 5388 5387 5602
f 5591 5592 5389 5388
f 5592 5593 5390 5389
f 5596 5597 5392 5391
f 5597 5598 5393 5392
f 5394 5393 5598 5603
f 5399 5394 5603 5604
f 5599 5395 5400 5605
f 5396 5600 5606 5401
f 5397 5402 5611 5607
f 5601 5398 5397 5607
f 5399 5604 5608 5403
f 5605 5400 5404 5609
f 5401 5606 5610 5405
f 5402 5406 5611
f 5403 5608 5612 5407
f 5609 5404 5408 5613
f 5405 5610 5614 5409
f 5406 5410 5615 5611
f 5616 5411 5407 5612
f 5613 5408 5412 5617
f 5409 5614 5618 5413
f 5410 5414 5619 5615
f 5411 5616 5620 5415
f 5621 5617 5412 5416
f 5413 5618 5622 5417
f 5414 5418 5623 5619
f 5624 5419 5415 5620
f 5625 5621 5416 5420
f 5417 5622 5626 5421
f 5627 5623 5418 5422
f 5419 5624 5628 5423
f 5629 5625 5420 5424
f 5421 5626 5630 5425
f 5631 5627 5422 5426
f 5427 5423 5628 5632
f 5633 5629 5424 5428
f 5425 5630 5634 5429
f 5635 5631 5426 5430
f 5427 5632 5636 5431
f 5432 5637 5633 5428
f 5429 5634 5638 5433
f 5639 5635 5430 5434
f 5430 5435 5434
f 5436 5431 5437
f 5437 5431 5636 5640
f 5637 5432 5438 5641
f 5433 5638 5642 5439
f 5643 5845 5639 5434
f 5434 5435 5440 5643
f 5441 5436 5437 5644
f 5644 5437 5640 5846
f 5641 5438 5442 5645
f 5439 5642 5646 5443
f 5647 5643 5440 5444
f 5445 5441 5644 5648
f 5645 5442 5446 5649
f 5443 5646 5650 5447
f 5652 5647 5444 5448
f 5445 5648 5653 5449
f 5649 5446 5450 5655
f 5447 5650 5656 5451
f 5657 5652 5448 5452
f 5453 5449 5653 5658
f 5655 5450 5454 5659
f 5451 5656 5660 5455
f 5661 5657 5452 5456
f 5457 5453 5658 5662
f 5659 5454 5458 5663
f 5455 5660 5664 5459
f 5666 5661 5456 5460
f 5461 5457 5662 5667
f 5663 5458 5462 5669
f 5664 5670 5463 5459
f 5464 5672 5666 5460
f 5667 5673 5465 5461
f 5675 5669 5462 5466
f 5467 5463 5670 5676
f 5677 5672 5464 5468
f 5673 5678 5469 5465
f 5679 5675 5466 5470
f 5471 5467 5676 5680
f 5682 5677 5468 5472
f 5473 5469 5678 5683
f 5685 5679 5470 5474
f 5475 5471 5680 5686
f 5688 5682 5472 5476
f 5683 5689 5477 5473
f 5691 5685 5474 5478
f 5480 5479 5475 5686
f 5480 5686 5692
f 5696 5687 5481 5489
f 5687 5688 5482 5481
f 5482 5688 5476
f 5689 5483 5477
f 5689 5690 5484 5483
f 5484 5690 5697 5490
f 5701 5691 5485
f 5478 5486 5485 5691
f 5487 5479 5480
f 5488 5487 5480 5692
f 5488 5692 5912 5702
f 5706 5696 5489 5499
f 5490 5697 5707 5500
f 5711 5915 5701 5491
f 5485 5492 5491 5701
f 5486 5492 5485
f 5487 5488 5494 5493
f 5495 5494 5488 5702
f 5702 5703 5496 5495
f 5703 5704 5497 5496
f 5704 5705 5498 5497
f 5705 5706 5499 5498
f 5707 5708 5501 5500
f 5708 5709 5502 5501
f 5709 5710 5503 5502
f 5710 5711 5504 5503
f 5491 5505 5504 5711
f 5491 5492 5506 5505
f 5712 5728 5512 5513
f 5713 5712 5513 5514
f 5714 5713 5514 5515
f 5715 5714 5515 5516
f 5716 5715 5516 5507
f 5717 5716 5507 5508
f 5718 5717 5508 5509
f 5719 5718 5509 5510
f 5517 5720 5719 5510
f 5721 5720 5517 5518
f 5722 5721 5518 5519
f 5723 5722 5519 5520
f 5724 5723 5520 5521
f 5522 5729 5724 5521
f 5725 5735 5523 5524
f 5726 5725 5524 5525
f 5727 5726 5525 5511
f 5728 5727 5511 5512
f 5526 5730 5729 5522
f 5731 5730 5526 5527
f 5732 5731 5527 5528
f 5733 5739 5529 5530
f 5734 5733 5530 5531
f 5735 5734 5531 5523
f 5532 5736 5732 5528
f 5737 5736 5532 5533
f 5534 5740 5737 5533
f 5739 5738 5535 5529
f 5536 5741 5740 5534
f 5742 5741 5536 5537
f 5744 5743 5538 5539
f 5744 5539 5535 5738
f 5540 5745 5742 5537
f 5746 5541 5538 5743
f 5542 5747 5745 5540
f 5748 5543 5541 5746
f 5544 5749 5747 5542
f 5750 5545 5543 5748
f 5546 5751 5749 5544
f 5547 5753 5751 5546
f 5752 5548 5545 5750
f 5753 5547 5549
f 5754 5550 5548 5752
f 5551 5755 5753 5549
f 5756 5552 5550 5754
f 5553 5757 5755 5551
f 5552 5756 5758 5554
f 5759 5757 5553 5555
f 5760 5556 5554 5758
f 5761 5759 5555 5557
f 5556 5760 5762 5558
f 5559 5763 5761 5557
f 5558 5762 5764 5560
f 5763 5559 5561 5765
f 5766 5562 5560 5764
f 5563 5767 5765 5561
f 5562 5766 5768 5564
f 5767 5563 5565 5769
f 5564 5768 5770 5566
f 5567 5771 5769 5565
f 5566 5770 5772 5568
f 5771 5567 5569 5773
f 5568 5772 5774 5570
f 5773 5569 5589 5787
f 5570 5774 5788 5590
f 5571 5594 5791 5792
f 5572 5571 5792 5793
f 5573 5572 5793 5794
f 5775 5574 5573 5794
f 5775 5776 5575 5574
f 5776 5777 5576 5575
f 5777 5778 5577 5576
f 5778 5779 5578 5577
f 5779 5780 5579 5578
f 5780 5781 5580 5579
f 5781 5782 5581 5580
f 5782 5783 5582 5581
f 5783 5784 5583 5582
f 5784 5785 5584 5583
f 5785 5786 5585 5584
f 5586 5585 5786 5795
f 5587 5586 5795 5796
f 5588 5587 5796 5797
f 5595 5588 5797 5798
f 5599 5801 5787 5589
f 5590 5788 5802 5600
f 5591 5602 5803 5804
f 5789 5592 5591 5804
f 5789 5790 5593 5592
f 5790 5791 5594 5593
f 5798 5799 5596 5595
f 5799 5800 5597 5596
f 5598 5597 5800 5805
f 5603 5598 5805 5806
f 5801 5599 5605 5807
f 5600 5802 5808 5606
f 5601 5607 5813 5809
f 5803 5602 5601 5809
f 5604 5603 5806 5810
f 5608 5604 5810 5814
f 5807 5605 5609 5811
f 5606 5808 5812 5610
f 5607 5611 5817 5813
f 5612 5608 5814
f 5811 5609 5613 5815
f 5610 5812 5816 5614
f 5611 5615 5817
f 5818 5616 5612 5814
f 5815 5613 5617 5819
f 5614 5816 5820 5618
f 5615 5619 5821 5817
f 5822 5620 5616 5818
f 5819 5617 5621 5823
f 5618 5820 5824 5622
f 5619 5623 5825 5821
f 5620 5822 5826 5624
f 5823 5621 5625 5827
f 5622 5824 5828 5626
f 5623 5627 5829 5825
f 5830 5628 5624 5826
f 5827 5625 5629 5831
f 5626 5828 5832 5630
f 5829 5627 5631 5833
f 5628 5830 5834 5632
f 5831 5629 5633 5835
f 5630 5832 5836 5634
f 5837 5833 5631 5635
f 5632 5834 5838 5636
f 5835 5633 5637 5839
f 5634 5836 5840 5638
f 5841 5837 5635 5639
f 5640 5636 5838 5842
f 5839 5637 5641 5843
f 5638 5840 5844 5642
f 5845 5841 5639
f 5846 5640 5842
f 5843 5641 5645 5847
f 5642 5844 5848 5646
f 5851 5845 5643 5647
f 5644 5846 5852 5648
f 5847 5645 5649 5855
f 5646 5848 5856 5650
f 5857 5851 5651 5862
f 5851 5647 5652 5651
f 5852 5654 5653 5648
f 5654 5852 5858 5863
f 5855 5649 5655 5859
f 5650 5856 5860 5656
f 5651 5652 5657 5862
f 5658 5653 5654 5863
f 5859 5655 5659 5865
f 5656 5860 5866 5660
f 5868 5862 5657 5661
f 5662 5658 5863 5869
f 5865 5659 5663 5871
f 5866 5872 5664 5660
f 5873 5867 5868 5665
f 5661 5666 5665 5868
f 5668 5667 5662 5869
f 5668 5869 5870 5874
f 5875 5871 5663 5669
f 5872 5876 5670 5664
f 5878 5873 5665 5671
f 5665 5666 5672 5671
f 5667 5668 5674 5673
f 5674 5668 5874 5879
f 5675 5881 5875 5669
f 5670 5876 5882 5676
f 5885 5878 5671 5677
f 5672 5677 5671
f 5678 5673 5674
f 5678 5674 5879 5886
f 5881 5675 5679 5889
f 5676 5882 5890 5680
f 5893 5884 5885 5681
f 5677 5682 5681 5885
f 5684 5683 5678 5886
f 5684 5886 5887 5894
f 5889 5679 5685 5897
f 5680 5890 5898 5686
f 5902 5893 5687 5696
f 5681 5688 5687 5893
f 5682 5688 5681
f 5689 5683 5684
f 5690 5689 5684 5894
f 5690 5894 5903 5697
f 5897 5685 5691 5907
f 5686 5898 5908 5692
f 5909 6090 5899 5693
f 5899 5900 5694 5693
f 5900 5901 5695 5694
f 5901 5902 5696 5695
f 5903 5904 5698 5697
f 5904 5905 5699 5698
f 5905 5906 5700 5699
f 5700 5906 6093 5910
f 5701 5911 5907 5691
f 5912 5692 5908
f 5913 6096 5909 5703
f 5693 5704 5703 5909
f 5693 5694 5705 5704
f 5694 5695 5706 5705
f 5696 5706 5695
f 5707 5697 5698
f 5698 5699 5708 5707
f 5699 5700 5709 5708
f 5709 5700 5910 5914
f 5701 5915 5911
f 5702 5912 5913 5703
f 5709 5914 5710
f 5711 5710 5914 5916
f 5916 5917 5915 5711
f 5919 5918 5712 5713
f 5920 5919 5713 5714
f 5921 5920 5714 5715
f 5922 5921 5715 5716
f 5923 5922 5716 5717
f 5924 5923 5717 5718
f 5925 5924 5718 5719
f 5926 5925 5719 5720
f 5927 5926 5720 5721
f 5928 5927 5721 5722
f 5929 5928 5722 5723
f 5724 5934 5929 5723
f 5931 5930 5725 5726
f 5932 5931 5726 5727
f 5933 5932 5727 5728
f 5933 5728 5712 5918
f 5729 5935 5934 5724
f 5936 5935 5729 5730
f 5937 5936 5730 5731
f 5732 5941 5937 5731
f 5939 5938 5733 5734
f 5940 5939 5734 5735
f 5940 5735 5725 5930
f 5736 5942 5941 5732
f 5943 5942 5736 5737
f 5945 5944 5738 5739
f 5945 5739 5733 5938
f 5740 5946 5943 5737
f 5947 5946 5740 5741
f 5742 5950 5947 5741
f 5949 5948 5743 5744
f 5949 5744 5738 5944
f 5745 5951 5950 5742
f 5952 5746 5743 5948
f 5747 5953 5951 5745
f 5954 5748 5746 5952
f 5749 5955 5953 5747
f 5956 5750 5748 5954
f 5751 5957 5955 5749
f 5958 5752 5750 5956
f 5753 5959 5957 5751
f 5960 5754 5752 5958
f 5755 5961 5959 5753
f 5962 5756 5754 5960
f 5757 5963 5961 5755
f 5756 5962 5964 5758
f 5963 5757 5759 5965
f 5966 5760 5758 5964
f 5761 5967 5965 5759
f 5760 5966 5968 5762
f 5969 5967 5761 5763
f 5970 5764 5762 5968
f 5971 5969 5763 5765
f 5972 5766 5764 5970
f 5767 5973 5971 5765
f 5766 5972 5974 5768
f 5973 5767 5769 5975
f 5768 5974 5976 5770
f 5771 5977 5975 5769
f 5978 5772 5770 5976
f 5977 5771 5773 5979
f 5772 5978 5980 5774
f 5979 5773 5787 5989
f 5774 5980 5990 5788
f 5775 5794 5994 5995
f 5776 5775 5995 5996
f 5981 5777 5776 5996
f 5981 5982 5778 5777
f 5982 5983 5779 5778
f 5983 5984 5780 5779
f 5984 5985 5781 5780
f 5985 5986 5782 5781
f 5986 5987 5783 5782
f 5987 5988 5784 5783
f 5785 5784 5988 5997
f 5786 5785 5997 5998
f 5795 5786 5998 5999
f 6003 5989 5787 5801
f 6004 5802 5788 5990
f 5789 5804 6005 6006
f 5790 5789 6006 6007
f 5991 5791 5790 6007
f 5991 5992 5792 5791
f 5992 5993 5793 5792
f 5993 5994 5794 5793
f 5999 6000 5796 5795
f 6000 6001 5797 5796
f 6001 6002 5798 5797
f 5799 5798 6002 6008
f 5800 5799 6008 6009
f 5805 5800 6009 6010
f 6011 6003 5801 5807
f 5802 6004 6012 5808
f 5803 5809 6017 6013
f 6005 5804 5803 6013
f 5806 5805 6010 6014
f 5810 5806 6014 6018
f 6011 5807 5811 6015
f 5808 6012 6016 5812
f 5809 5813 6021 6017
f 5814 5810 6018 6022
f 6015 5811 5815 6019
f 5812 6016 6020 5816
f 5813 5817 6025 6021
f 5818 5814 6022
f 6019 5815 5819 6023
f 5816 6020 6024 5820
f 5817 5821 6025
f 6026 5822 5818 6022
f 6023 5819 5823 6027
f 5820 6024 6028 5824
f 5821 5825 6029 6025
f 6030 5826 5822 6026
f 6027 5823 5827 6031
f 5824 6028 6032 5828
f 5825 5829 6033 6029
f 5826 6030 6034 5830
f 6031 5827 5831 6035
f 5828 6032 6036 5832
f 5829 5833 6037 6033
f 5834 5830 6034 6038
f 6035 5831 5835 6039
f 5832 6036 6040 5836
f 5833 5837 6041 6037
f 6042 5838 5834 6038
f 6039 5835 5839 6043
f 5836 6040 6044 5840
f 6041 5837 5841 6045
f 5838 6042 6046 5842
f 6043 5839 5843 6047
f 5840 6044 6048 5844
f 6049 6045 5841 5845
f 5842 6046 6050 5846
f 6047 5843 5847 6051
f 5844 6048 6052 5848
f 6053 6049 5849 6057
f 5845 5850 5849 6049
f 5845 5851 5857 5850
f 5852 5846 5853 5858
f 5854 5853 5846 6050
f 5854 6050 6054 6058
f 6051 5847 5855 6055
f 5848 6052 6056 5856
f 5849 5850 5857 6057
f 5858 5853 5854 6058
f 6055 5855 5859 6059
f 5856 6056 6060 5860
f 6061 6057 5857 5861
f 5857 5862 5861
f 5863 5858 5864
f 5864 5858 6058 6062
f 6059 5859 5865 6063
f 5860 6060 6064 5866
f 6065 6061 5861 5867
f 5861 5862 5868 5867
f 5863 5864 5870 5869
f 5870 5864 6062 6066
f 6063 5865 5871 6067
f 6068 5872 5866 6064
f 6069 6065 5867 5873
f 5874 5870 6066 6070
f 5871 5875 6071 6067
f 5876 5872 6068 6072
f 6073 6069 5877
f 5873 5878 5877 6069
f 5880 5879 5874 6070
f 5880 6070 6074
f 5875 5881 6075 6071
f 6076 5882 5876 6072
f 6077 6301 6073 5883
f 5877 5884 5883 6073
f 5877 5878 5885 5884
f 5879 5880 5887 5886
f 5888 5887 5880 6074
f 5888 6074 6302 6078
f 5881 5889 6079 6075
f 5882 6076 6080 5890
f 6081 6305 6077 5891
f 5883 5892 5891 6077
f 5883 5884 5893 5892
f 5887 5888 5895 5894
f 5896 5895 5888 6078
f 5896 6078 6307 6082
f 5889 5897 6083 6079
f 5890 6080 6084 5898
f 6085 6081 5891 5901
f 5891 5892 5902 5901
f 5893 5902 5892
f 5903 5894 5895
f 5895 5896 5904 5903
f 5904 5896 6082 6086
f 6083 5897 5907 6087
f 5898 6084 6088 6089
f 5908 5898 6089
f 5900 5899 6090 6091
f 6091 6085 5901 5900
f 5904 6086 6092 5905
f 5906 5905 6092 6093
f 5907 5911 6094 6087
f 6088 6317 6095 6089
f 5912 5908 6089 6095
f 6096 6097 6090 5909
f 6091 6090 6097 6098
f 6093 6092 6099 6100
f 5914 5910 6093 6100
f 5911 5915 6101 6094
f 6095 6102 6103 5912
f 5913 5912 6103 6104
f 6104 6105 6096 5913
f 6097 6096 6105 6106
f 6106 6322 6098 6097
f 6099 6325 6107 6100
f 6100 6107 6108 5914
f 5916 5914 6108
f 5915 5917 6109 6101
f 6103 6102 6110 6111
f 6104 6103 6111 6112
f 6105 6104 6112 6113
f 6106 6105 6113 6114
f 6108 6107 6115 6116
f 6108 6116 6117 5916
f 5917 5916 6117 6118
f 6118 6119 6109 5917
f 6110 6334 6120 6111
f 6112 6111 6120 6121
f 6113 6112 6121 6122
f 6122 6335 6114 6113
f 6116 6115 6123 6124
f 6117 6116 6124 6125
f 6118 6117 6125 6126
f 6126 6338 6119 6118
f 6121 6120 6127 6128
f 6122 6121 6128 6129
f 6123 6344 6130 6124
f 6125 6124 6130 6131
f 6126 6125 6131 6132
f 6128 6127 6133 6134
f 6129 6128 6134 6135
f 6131 6130 6136 6137
f 6132 6131 6137 6138
f 6133 6353 6139 6134
f 6139 6354 6135 6134
f 6137 6136 6140 6141
f 6141 6359 6138 6137
f 6143 6142 5918 5919
f 6144 6143 5919 5920
f 6145 6144 5920 5921
f 6146 6145 5921 5922
f 6147 6146 5922 5923
f 6148 6147 5923 5924
f 6149 6148 5924 5925
f 6150 6149 5925 5926
f 6151 6150 5926 5927
f 6152 6151 5927 5928
f 6153 6152 5928 5929
f 6155 6154 5930 5931
f 6156 6155 5931 5932
f 6157 6156 5932 5933
f 6157 5933 5918 6142
f 5934 6158 6153 5929
f 6159 6158 5934 5935
f 6160 6159 5935 5936
f 6161 6160 5936 5937
f 6163 6162 5938 5939
f 6164 6163 5939 5940
f 6164 5940 5930 6154
f 5941 6165 6161 5937
f 6166 6165 5941 5942
f 6167 6166 5942 5943
f 6169 6168 5944 5945
f 6169 5945 5938 6162
f 5946 6170 6167 5943
f 6171 6170 5946 5947
f 6173 6172 5948 5949
f 6173 5949 5944 6168
f 5950 6174 6171 5947
f 6175 6174 5950 5951
f 6176 5952 5948 6172
f 5953 6177 6175 5951
f 6178 5954 5952 6176
f 5955 6179 6177 5953
f 6180 5956 5954 6178
f 5957 6181 6179 5955
f 6182 5958 5956 6180
f 5959 6183 6181 5957
f 5958 6182 6184 5960
f 5961 6185 6183 5959
f 5960 6184 6186 5962
f 5963 6187 6185 5961
f 5962 6186 6188 5964
f 6187 5963 5965 6189
f 6190 5966 5964 6188
f 5967 6191 6189 5965
f 5966 6190 6192 5968
f 6191 5967 5969 6193
f 6194 5970 5968 6192
f 5971 6195 6193 5969
f 5970 6194 6196 5972
f 6197 6195 5971 5973
f 5972 6196 6198 5974
f 6199 6197 5973 5975
f 5974 6198 6200 5976
f 6201 6199 5975 5977
f 6202 5978 5976 6200
f 6203 6201 5977 5979
f 5978 6202 6204 5980
f 6203 5979 5989 6211
f 5980 6204 6212 5990
f 5981 5996 6216 6217
f 6205 5982 5981 6217
f 6205 6206 5983 5982
f 6206 6207 5984 5983
f 6207 6208 5985 5984
f 6208 6209 5986 5985
f 6209 6210 5987 5986
f 5988 5987 6210 6218
f 5997 5988 6218 6219
f 6211 5989 6003 6223
f 5990 6212 6224 6004
f 5991 6007 6226 6227
f 5992 5991 6227 6228
f 6213 5993 5992 6228
f 6213 6214 5994 5993
f 6214 6215 5995 5994
f 6215 6216 5996 5995
f 6219 6220 5998 5997
f 6220 6221 5999 5998
f 6221 6222 6000 5999
f 6001 6000 6222 6229
f 6002 6001 6229 6230
f 6008 6002 6230 6231
f 6011 6233 6223 6003
f 6004 6224 6234 6012
f 6005 6013 6235 6236
f 6225 6006 6005 6236
f 6225 6226 6007 6006
f 6231 6232 6009 6008
f 6010 6009 6232 6237
f 6014 6010 6237 6241
f 6233 6011 6015 6238
f 6012 6234 6239 6016
f 6017 6240 6235 6013
f 6018 6014 6241 6245
f 6238 6015 6019 6242
f 6016 6239 6243 6020
f 6017 6021 6244 6240
f 6022 6018 6245 6249
f 6242 6019 6023 6246
f 6020 6243 6247 6024
f 6021 6025 6248 6244
f 6026 6022 6249
f 6246 6023 6027 6250
f 6024 6247 6251 6028
f 6025 6029 6252 6248
f 6253 6030 6026 6249
f 6250 6027 6031 6254
f 6028 6251 6255 6032
f 6029 6033 6256 6252
f 6257 6034 6030 6253
f 6254 6031 6035 6258
f 6032 6255 6259 6036
f 6033 6037 6260 6256
f 6038 6034 6257 6261
f 6258 6035 6039 6262
f 6036 6259 6263 6040
f 6037 6041 6264
f 6264 6265 6260 6037
f 6038 6261 6266 6042
f 6262 6039 6043 6267
f 6040 6263 6268 6044
f 6041 6045 6269 6264
f 6269 6589 6265 6264
f 6046 6042 6266 6270
f 6267 6043 6047 6271
f 6044 6268 6272 6048
f 6045 6049 6273 6269
f 6050 6046 6270 6274
f 6271 6047 6051 6275
f 6048 6272 6276 6052
f 6049 6053 6277 6273
f 6050 6274 6278 6054
f 6275 6051 6055 6279
f 6052 6276 6280 6056
f 6053 6057 6281 6277
f 6058 6054 6278 6282
f 6279 6055 6059 6283
f 6056 6280 6284 6060
f 6281 6057 6061 6285
f 6058 6282 6286 6062
f 6283 6059 6063 6287
f 6060 6284 6288 6064
f 6289 6285 6061 6065
f 6062 6286 6290 6066
f 6287 6063 6067 6291
f 6064 6288 6292 6068
f 6293 6289 6065 6069
f 6290 6294 6070 6066
f 6291 6067 6071 6295
f 6068 6292 6296 6072
f 6073 6297 6293 6069
f 6294 6298 6074 6070
f 6295 6071 6075 6299
f 6300 6076 6072 6296
f 6073 6301 6297
f 6302 6074 6298
f 6299 6075 6079 6303
f 6080 6076 6300 6304
f 6077 6305 6629 6301
f 6302 6306 6307 6078
f 6079 6083 6308 6303
f 6084 6080 6304 6309
f 6081 6085 6310 6305
f 6306 6636 6311 6307
f 6086 6082 6307 6311
f 6083 6087 6312 6308
f 6088 6084 6309 6313
f 6085 6091 6314 6310
f 6092 6086 6311 6315
f 6087 6094 6316 6312
f 6317 6088 6313
f 6091 6098 6318 6314
f 6099 6092 6315 6319
f 6094 6101 6320 6316
f 6102 6095 6317 6321
f 6322 6323 6318 6098
f 6319 6324 6325 6099
f 6101 6109 6326 6320
f 6110 6102 6321 6327
f 6106 6114 6328 6322
f 6323 6322 6328 6329
f 6325 6324 6330 6331
f 6115 6107 6325 6331
f 6109 6119 6332 6326
f 6327 6333 6334 6110
f 6335 6336 6328 6114
f 6336 6655 6329 6328
f 6330 6656 6337 6331
f 6123 6115 6331 6337
f 6119 6338 6332
f 6334 6333 6339 6340
f 6127 6120 6334 6340
f 6122 6129 6341 6335
f 6336 6335 6341 6342
f 6337 6343 6344 6123
f 6126 6132 6345 6338
f 6339 6662 6346 6340
f 6133 6127 6340 6346
f 6129 6135 6347 6341
f 6342 6341 6347 6348
f 6344 6343 6349 6350
f 6136 6130 6344 6350
f 6132 6138 6351 6345
f 6346 6352 6353 6133
f 6354 6355 6347 6135
f 6348 6347 6355 6356
f 6350 6349 6357 6358
f 6140 6136 6350 6358
f 6359 6360 6351 6138
f 6353 6352 6361 6362
f 6353 6362 6363 6139
f 6363 6364 6354 6139
f 6355 6354 6364 6365
f 6356 6355 6365 6366
f 6358 6357 6367 6368
f 6358 6368 6369 6140
f 6141 6140 6369 6370
f 6370 6371 6359 6141
f 6360 6359 6371 6372
f 6362 6361 6373 6374
f 6363 6362 6374 6375
f 6364 6363 6375 6376
f 6365 6364 6376 6377
f 6366 6365 6377 6378
f 6368 6367 6379 6380
f 6369 6368 6380 6381
f 6370 6369 6381 6382
f 6371 6370 6382 6383
f 6383 6678 6372 6371
f 6373 6679 6384 6374
f 6375 6374 6384 6385
f 6376 6375 6385 6386
f 6377 6376 6386 6387
f 6378 6377 6387 6388
f 6380 6379 6389 6390
f 6381 6380 6390 6391
f 6382 6381 6391 6392
f 6383 6382 6392 6393
f 6385 6384 6394 6395
f 6386 6385 6395 6396
f 6387 6386 6396 6397
f 6388 6387 6397 6398
f 6390 6389 6399 6400
f 6391 6390 6400 6401
f 6392 6391 6401 6402
f 6393 6392 6402 6403
f 6395 6394 6404 6405
f 6396 6395 6405 6406
f 6397 6396 6406 6407
f 6398 6397 6407 6408
f 6400 6399 6409 6410
f 6401 6400 6410 6411
f 6402 6401 6411 6412
f 6403 6402 6412 6413
f 6404 6697 6414 6405
f 6406 6405 6414 6415
f 6407 6406 6415 6416
f 6408 6407 6416 6417
f 6410 6409 6418 6419
f 6411 6410 6419 6420
f 6412 6411 6420 6421
f 6413 6412 6421 6422
f 6415 6414 6423 6424
f 6416 6415 6424 6425
f 6417 6416 6425 6426
f 6419 6418 6427 6428
f 6420 6419 6428 6429
f 6421 6420 6429 6430
f 6430 6709 6422 6421
f 6424 6423 6431 6432
f 6425 6424 6432 6433
f 6426 6425 6433 6434
f 6428 6427 6435 6436
f 6429 6428 6436 6437
f 6430 6429 6437 6438
f 6432 6431 6439 6440
f 6433 6432 6440 6441
f 6434 6433 6441 6442
f 6436 6435 6443 6444
f 6437 6436 6444 6445
f 6438 6437 6445 6446
f 6439 6724 6447 6440
f 6441 6440 6447 6448
f 6442 6441 6448 6449
f 6444 6443 6450 6451
f 6445 6444 6451 6452
f 6452 6731 6446 6445
f 6448 6447 6453 6454
f 6449 6448 6454 6455
f 6451 6450 6456 6457
f 6452 6451 6457 6458
f 6456 6749 6459 6457
f 6459 6750 6458 6457
f 6460 6474 6143 6144
f 6461 6460 6144 6145
f 6462 6461 6145 6146
f 6463 6462 6146 6147
f 6464 6463 6147 6148
f 6465 6464 6148 6149
f 6466 6465 6149 6150
f 6467 6466 6150 6151
f 6468 6467 6151 6152
f 6153 6475 6468 6152
f 6470 6469 6154 6155
f 6471 6470 6155 6156
f 6472 6471 6156 6157
f 6473 6472 6157 6142
f 6474 6473 6142 6143
f 6158 6476 6475 6153
f 6477 6476 6158 6159
f 6478 6477 6159 6160
f 6479 6478 6160 6161
f 6480 6487 6162 6163
f 6481 6480 6163 6164
f 6481 6164 6154 6469
f 6165 6482 6479 6161
f 6483 6482 6165 6166
f 6484 6483 6166 6167
f 6486 6485 6168 6169
f 6487 6486 6169 6162
f 6170 6488 6484 6167
f 6489 6488 6170 6171
f 6490 6493 6172 6173
f 6490 6173 6168 6485
f 6174 6491 6489 6171
f 6492 6491 6174 6175
f 6172 6493 6496 6176
f 6177 6494 6492 6175
f 6496 6495 6178 6176
f 6179 6497 6494 6177
f 6498 6180 6178 6495
f 6181 6499 6497 6179
f 6500 6182 6180 6498
f 6183 6501 6499 6181
f 6182 6500 6502 6184
f 6503 6501 6183 6185
f 6504 6186 6184 6502
f 6505 6503 6185 6187
f 6506 6188 6186 6504
f 6507 6505 6187 6189
f 6188 6506 6508 6190
f 6191 6509 6507 6189
f 6190 6508 6510 6192
f 6509 6191 6193 6511
f 6512 6194 6192 6510
f 6195 6513 6511 6193
f 6194 6512 6514 6196
f 6513 6195 6197 6515
f 6516 6198 6196 6514
f 6199 6517 6515 6197
f 6198 6516 6518 6200
f 6517 6199 6201 6519
f 6520 6202 6200 6518
f 6203 6521 6519 6201
f 6202 6520 6522 6204
f 6521 6203 6211 6526
f 6204 6522 6527 6212
f 6205 6217 6530 6531
f 6206 6205 6531 6532
f 6523 6207 6206 6532
f 6523 6524 6208 6207
f 6524 6525 6209 6208
f 6210 6209 6525 6533
f 6218 6210 6533 6534
f 6526 6211 6223 6537
f 6212 6527 6538 6224
f 6213 6228 6549 6539
f 6214 6213 6539 6540
f 6528 6215 6214 6540
f 6528 6529 6216 6215
f 6529 6530 6217 6216
f 6534 6535 6219 6218
f 6535 6536 6220 6219
f 6221 6220 6536 6541
f 6222 6221 6541 6542
f 6229 6222 6542 6543
f 6544 6537 6223 6233
f 6224 6538 6545 6234
f 6225 6236 6546
f 6226 6225 6546 6547
f 6227 6226 6547 6548
f 6228 6227 6548 6549
f 6230 6229 6543 6550
f 6231 6230 6550 6551
f 6232 6231 6551 6552
f 6237 6232 6552 6558
f 6553 6544 6233 6238
f 6234 6545 6554 6239
f 6235 6240 6555
f 6236 6235 6555 6556
f 6556 6557 6546 6236
f 6557 6904 6547 6546
f 6241 6237 6558 6562
f 6559 6553 6238 6242
f 6239 6554 6560 6243
f 6240 6244 6561 6555
f 6561 6910 6556 6555
f 6245 6241 6562
f 6559 6242 6246 6563
f 6243 6560 6564 6247
f 6244 6248 6565 6561
f 6562 6566 6567 6245
f 6249 6245 6567
f 6563 6246 6250 6568
f 6247 6564 6569 6251
f 6248 6252 6570
f 6570 6571 6565 6248
f 6566 6922 6572 6567
f 6567 6572 6573 6249
f 6253 6249 6573
f 6568 6250 6254 6574
f 6251 6569 6575 6255
f 6252 6256 6576 6570
f 6576 6925 6571 6570
f 6572 6928 6577 6573
f 6257 6253 6573 6577
f 6574 6254 6258 6578
f 6255 6575 6579 6259
f 6256 6260 6580 6576
f 6261 6257 6577 6581
f 6578 6258 6262 6582
f 6259 6579 6583 6263
f 6260 6265 6584 6580
f 6581 6585 6586 6261
f 6266 6261 6586
f 6582 6262 6267 6587
f 6263 6583 6588 6268
f 6265 6589 6939 6584
f 6585 6941 6590 6586
f 6270 6266 6586 6590
f 6587 6267 6271 6591
f 6268 6588 6592 6272
f 6269 6273 6593 6589
f 6274 6270 6590 6594
f 6591 6271 6275 6595
f 6272 6592 6596 6276
f 6273 6277 6597
f 6597 6598 6593 6273
f 6594 6599 6600 6274
f 6278 6274 6600
f 6595 6275 6279 6601
f 6276 6596 6602 6280
f 6277 6281 6603 6597
f 6603 6952 6598 6597
f 6599 6954 6604 6600
f 6282 6278 6600 6604
f 6601 6279 6283 6605
f 6280 6602 6606 6284
f 6281 6285 6607 6603
f 6286 6282 6604 6608
f 6605 6283 6287 6609
f 6284 6606 6610 6288
f 6285 6289 6611
f 6611 6612 6607 6285
f 6290 6286 6608 6613
f 6609 6287 6291 6614
f 6288 6610 6615 6292
f 6289 6293 6616 6611
f 6616 6965 6612 6611
f 6613 6617 6618 6290
f 6294 6290 6618
f 6614 6291 6295 6619
f 6292 6615 6620 6296
f 6293 6297 6621 6616
f 6617 6973 6622 6618
f 6298 6294 6618 6622
f 6619 6295 6299 6623
f 6296 6620 6624 6300
f 6297 6301 6625 6621
f 6302 6298 6622 6626
f 6623 6299 6303 6627
f 6300 6624 6628 6304
f 6629 6630 6625 6301
f 6306 6302 6626 6631
f 6627 6303 6308 6632
f 6304 6628 6633 6309
f 6305 6310 6634 6629
f 6634 6984 6630 6629
f 6631 6635 6636 6306
f 6632 6308 6312 6637
f 6309 6633 6638 6313
f 6310 6314 6639 6634
f 6635 6991 6640 6636
f 6315 6311 6636 6640
f 6637 6312 6316 6641
f 6313 6638 6642 6317
f 6314 6318 6643 6639
f 6319 6315 6640 6644
f 6641 6316 6320 6645
f 6317 6642 6646 6321
f 6318 6323 6647 6643
f 6324 6319 6644 6648
f 6645 6320 6326 6649
f 6321 6646 6650 6327
f 6323 6329 6651 6647
f 6330 6324 6648 6652
f 6326 6332 6653 6649
f 6327 6650 6654 6333
f 6329 6655 7006 6651
f 6330 6652 7009 6656
f 6332 6338 6657 6653
f 6333 6654 6658 6339
f 6336 6342 6659 6655
f 6343 6337 6656 6660
f 6338 6345 6661 6657
f 6662 6339 6658
f 6342 6348 6663 6659
f 6349 6343 6660 6664
f 6345 6351 6665 6661
f 6352 6346 6662 6666
f 6348 6356 6667 6663
f 6357 6349 6664 6668
f 6351 6360 6669 6665
f 6361 6352 6666 6670
f 6356 6366 6671 6667
f 6367 6357 6668 6672
f 6360 6372 6673 6669
f 6674 6373 6361 6670
f 6366 6378 6675 6671
f 6672 7033 6676 6677
f 6379 6367 6672 6677
f 6372 6678 6673
f 6679 6373 6674
f 6378 6388 6680 6675
f 6677 6676 6681 6682
f 6389 6379 6677 6682
f 6383 6393 6683 6678
f 6394 6384 6679 6684
f 6388 6398 6685 6680
f 6686 7041 6680 6685
f 6682 6681 6687 6688
f 6399 6389 6682 6688
f 6393 6403 6689 6683
f 6404 6394 6684 6690
f 6398 6408 6691 6685
f 6686 6685 6691 6692
f 6688 6687 6693 6694
f 6409 6399 6688 6694
f 6403 6413 6695 6689
f 6690 6696 6697 6404
f 6408 6417 6698 6691
f 6692 6691 6698 6699
f 6694 6693 6700 6701
f 6418 6409 6694 6701
f 6413 6422 6702 6695
f 6697 6696 6703 6704
f 6423 6414 6697 6704
f 6417 6426 6705 6698
f 6699 6698 6705 6706
f 6701 6700 6707 6708
f 6427 6418 6701 6708
f 6709 6710 6702 6422
f 6703 7066 6711 6704
f 6431 6423 6704 6711
f 6426 6434 6712 6705
f 6706 6705 6712 6713
f 6708 6707 6714 6715
f 6435 6427 6708 6715
f 6430 6438 6716 6709
f 6716 7071 6710 6709
f 6439 6431 6711 6717
f 6434 6442 6718 6712
f 6713 6712 6718 6719
f 6715 6714 6720 6721
f 6443 6435 6715 6721
f 6438 6446 6722 6716
f 6717 6723 6724 6439
f 6442 6449 6725 6718
f 6719 6718 6725 6726
f 6727 7073 6719 6726
f 6720 7076 6728 6729
f 6721 6720 6729 6730
f 6450 6443 6721 6730
f 6731 6732 6722 6446
f 6723 7082 6733 6724
f 6453 6447 6724 6733
f 6449 6455 6734 6725
f 6726 6725 6734 6735
f 6735 7083 6727 6726
f 6729 6728 6736 6737
f 6730 6729 6737 6738
f 6456 6450 6730 6738
f 6452 6458 6739 6731
f 6739 7088 6732 6731
f 6733 6740 6741 6453
f 6454 6453 6741 6742
f 6455 6454 6742 6743
f 6743 6744 6734 6455
f 6735 6734 6744 6745
f 6737 6736 6746 6747
f 6738 6737 6747 6748
f 6738 6748 6749 6456
f 6750 6751 6739 6458
f 6740 7098 6752 6741
f 6742 6741 6752 6753
f 6743 6742 6753 6754
f 6744 6743 6754 6755
f 6745 6744 6755 6756
f 6747 6746 6757 6758
f 6748 6747 6758 6759
f 6749 6748 6759 6760
f 6749 6760 6761 6459
f 6761 6762 6750 6459
f 6751 6750 6762 6763
f 6752 7098 6764 6765
f 6753 6752 6765 6766
f 6754 6753 6766 6767
f 6755 6754 6767 6768
f 6756 6755 6768 6769
f 6758 6757 6770 6771
f 6759 6758 6771 6772
f 6760 6759 6772 6773
f 6761 6760 6773 6774
f 6762 6761 6774 6775
f 6763 6762 6775 6776
f 6764 7118 6777 6765
f 6766 6765 6777 6778
f 6767 6766 6778 6779
f 6768 6767 6779 6780
f 6769 6768 6780 6781
f 6770 7124 6782 6771
f 6772 6771 6782 6783
f 6773 6772 6783 6784
f 6774 6773 6784 6785
f 6775 6774 6785 6786
f 6786 7125 6776 6775
f 6777 7135 6787 6778
f 6779 6778 6787 6788
f 6780 6779 6788 6789
f 6781 6780 6789 6790
f 6783 6782 6791 6792
f 6784 6783 6792 6793
f 6785 6784 6793 6794
f 6794 7142 6786 6785
f 6788 6787 6795 6796
f 6789 6788 6796 6797
f 6790 6789 6797 6798
f 6792 6791 6799 6800
f 6793 6792 6800 6801
f 6801 7165 6794 6793
f 6795 7184 6806 6796
f 6797 6796 6806 6807
f 6807 7185 6798 6797
f 6799 7192 6808 6800
f 6808 7193 6801 6800
f 6802 7204 6813 6803
f 6813 7206 6804 6803
f 6810 7230 6814 6811
f 6814 7232 6812 6811
f 6815 6835 6469 6470
f 6816 6815 6470 6471
f 6817 6816 6471 6472
f 6818 6817 6472 6473
f 6819 6818 6473 6474
f 6820 6819 6474 6460
f 6821 6820 6460 6461
f 6822 6821 6461 6462
f 6823 6822 6462 6463
f 6824 6823 6463 6464
f 6825 6824 6464 6465
f 6826 6825 6465 6466
f 6827 6826 6466 6467
f 6828 6827 6467 6468
f 6475 6829 6828 6468
f 6830 6829 6475 6476
f 6831 6830 6476 6477
f 6832 6831 6477 6478
f 6479 6836 6832 6478
f 6834 6833 6480 6481
f 6835 6834 6481 6469
f 6482 6837 6836 6479
f 6838 6837 6482 6483
f 6484 6841 6838 6483
f 6839 6844 6485 6486
f 6840 6839 6486 6487
f 6840 6487 6480 6833
f 6488 6842 6841 6484
f 6489 6845 6842 6488
f 6844 6843 6490 6485
f 6491 6846 6845 6489
f 6492 6848 6846 6491
f 6847 6493 6490 6843
f 6494 6850 6848 6492
f 6849 6851 6495 6496
f 6849 6496 6493 6847
f 6497 6852 6850 6494
f 6495 6851 6854 6498
f 6499 6853 6852 6497
f 6498 6854 6856 6500
f 6855 6853 6499 6501
f 6500 6856 6502
f 6857 6855 6501 6503
f 6858 6504 6502 6856
f 6505 6859 6857 6503
f 6860 6506 6504 6858
f 6507 6861 6859 6505
f 6506 6860 6862 6508
f 6863 6861 6507 6509
f 6864 6510 6508 6862
f 6865 6863 6509 6511
f 6866 6512 6510 6864
f 6513 6867 6865 6511
f 6512 6866 6868 6514
f 6867 6513 6515 6869
f 6514 6868 6870 6516
f 6517 6871 6869 6515
f 6516 6870 6872 6518
f 6871 6517 6519 6873
f 6518 6872 6874 6520
f 6875 6873 6519 6521
f 6522 6520 6874 6876
f 6877 6875 6521 6526
f 6522 6876 6878 6527
f 6523 6532 6881 6882
f 6524 6523 6882 6883
f 6525 6524 6883 6884
f 6533 6525 6884 6885
f 6877 6526 6537 6887
f 6527 6878 6888 6538
f 6528 6540 6889 6890
f 6529 6528 6890 6891
f 6879 6530 6529 6891
f 6879 6880 6531 6530
f 6880 6881 6532 6531
f 6885 6886 6534 6533
f 6535 6534 6886 6892
f 6536 6535 6892 6893
f 6541 6536 6893 6894
f 6887 6537 6544 6895
f 6538 6888 6896 6545
f 6539 6549 6897 6898
f 6889 6540 6539 6898
f 6542 6541 6894 6899
f 6543 6542 6899 6900
f 6550 6543 6900 6901
f 6895 6544 6553 6902
f 6545 6896 6903 6554
f 6548 6547 6904 6905
f 6897 6549 6548 6905
f 6551 6550 6901 6906
f 6552 6551 6906 6907
f 6558 6552 6907
f 6908 6902 6553 6559
f 6560 6554 6903 6909
f 6557 6556 6910 6911
f 6557 6911 7354 6904
f 6906 7358 6912 6907
f 6907 6912 6913 6558
f 6562 6558 6913
f 6914 6908 6559 6563
f 6564 6560 6909 6915
f 6561 6565 6916
f 6916 6917 6910 6561
f 6917 7361 6911 6910
f 6912 7364 6918 6913
f 6566 6562 6913 6918
f 6919 6914 6563 6568
f 6564 6915 6920 6569
f 6565 6571 6921 6916
f 6921 7367 6917 6916
f 6566 6918 7370 6922
f 6919 6568 6574 6923
f 6569 6920 6924 6575
f 6925 6926 6921 6571
f 6922 6927 6928 6572
f 6923 6574 6578 6929
f 6575 6924 6930 6579
f 6576 6580 6931 6925
f 6931 7377 6926 6925
f 6927 7379 6932 6928
f 6581 6577 6928 6932
f 6929 6578 6582 6933
f 6579 6930 6934 6583
f 6580 6584 6935 6931
f 6585 6581 6932 6936
f 6933 6582 6587 6937
f 6583 6934 6938 6588
f 6939 6940 6935 6584
f 6585 6936 7387 6941
f 6937 6587 6591 6942
f 6588 6938 6943 6592
f 6589 6593 6944 6939
f 6944 7390 6940 6939
f 6594 6590 6941 6945
f 6942 6591 6595 6946
f 6592 6943 6947 6596
f 6593 6598 6948 6944
f 6599 6594 6945 6949
f 6946 6595 6601 6950
f 6596 6947 6951 6602
f 6598 6952 7398 6948
f 6949 6953 6954 6599
f 6950 6601 6605 6955
f 6602 6951 6956 6606
f 6603 6607 6957 6952
f 6953 7404 6958 6954
f 6608 6604 6954 6958
f 6955 6605 6609 6959
f 6606 6956 6960 6610
f 6607 6612 6961 6957
f 6613 6608 6958 6962
f 6959 6609 6614 6963
f 6610 6960 6964 6615
f 6965 6966 6961 6612
f 6617 6613 6962 6967
f 6963 6614 6619 6968
f 6615 6964 6969 6620
f 6616 6621 6970 6965
f 6966 6965 6970 6971
f 6967 6972 6973 6617
f 6968 6619 6623 6974
f 6620 6969 6975 6624
f 6621 6625 6976 6970
f 6976 7419 6971 6970
f 6972 7420 6977 6973
f 6626 6622 6973 6977
f 6974 6623 6627 6978
f 6624 6975 6979 6628
f 6625 6630 6980 6976
f 6631 6626 6977 6981
f 6978 6627 6632 6982
f 6628 6979 6983 6633
f 6984 6985 6980 6630
f 6635 6631 6981 6986
f 6982 6632 6637 6987
f 6633 6983 6988 6638
f 6634 6639 6989 6984
f 6985 6984 6989 6990
f 6635 6986 7433 6991
f 6987 6637 6641 6992
f 6638 6988 6993 6642
f 6639 6643 6994 6989
f 6994 7436 6990 6989
f 6644 6640 6991 6995
f 6992 6641 6645 6996
f 6642 6993 6997 6646
f 6643 6647 6998 6994
f 6648 6644 6995 6999
f 6996 6645 6649 7000
f 6646 6997 7001 6650
f 6647 6651 7002 6998
f 6652 6648 6999 7003
f 7000 6649 6653 7004
f 6650 7001 7005 6654
f 7006 7007 7002 6651
f 7003 7008 7009 6652
f 7004 6653 6657 7010
f 6654 7005 7011 6658
f 6655 6659 7012 7006
f 7007 7006 7012 7013
f 7009 7008 7014 7015
f 6660 6656 7009 7015
f 7010 6657 6661 7016
f 6658 7011 7017 6662
f 6659 6663 7018 7012
f 7013 7012 7018 7019
f 7015 7014 7020 7021
f 6664 6660 7015 7021
f 7016 6661 6665 7022
f 6662 7017 7023 6666
f 6663 6667 7024 7018
f 7019 7018 7024 7025
f 7021 7020 7026 7027
f 6668 6664 7021 7027
f 7022 6665 6669 7028
f 6666 7023 7029 6670
f 6667 6671 7030 7024
f 7025 7024 7030 7031
f 7027 7026 7032 7033
f 6672 6668 7027 7033
f 6669 6673 7034 7028
f 7035 6674 6670 7029
f 6671 6675 7036 7030
f 7031 7030 7036 7037
f 7033 7032 7038 6676
f 6673 6678 7039 7034
f 6679 6674 7035 7040
f 6675 6680 7041 7036
f 7037 7036 7041 7042
f 6681 6676 7038 7043
f 6678 6683 7044 7039
f 7045 6684 6679 7040
f 7046 7042 7041 6686
f 6687 6681 7043 7047
f 6683 6689 7048 7044
f 6684 7045 7049 6690
f 6686 6692 7050 7046
f 7047 7480 7051 7052
f 6693 6687 7047 7052
f 6689 6695 7053 7048
f 6690 7049 7054 6696
f 6692 6699 7055 7050
f 7056 7483 7050 7055
f 7052 7051 7057 7058
f 6700 6693 7052 7058
f 7053 6695 6702 7059
f 6696 7054 7060 6703
f 6699 6706 7061 7055
f 7056 7055 7061 7062
f 7058 7057 7063 7064
f 6707 6700 7058 7064
f 7059 6702 6710 7065
f 7066 6703 7060
f 6706 6713 7067 7061
f 7062 7061 7067 7068
f 7064 7063 7069 7070
f 6714 6707 7064 7070
f 6710 7071 7065
f 6717 6711 7066 7072
f 6713 6719 7073 7067
f 7068 7067 7073 7074
f 7070 7069 7075 7076
f 6720 6714 7070 7076
f 6716 6722 7077 7071
f 7078 6723 6717 7072
f 7079 7074 7073 6727
f 7076 7075 7080 6728
f 6722 6732 7081 7077
f 7082 6723 7078
f 7083 7084 7079 6727
f 7085 7505 7079 7084
f 7080 7508 7086 7087
f 6736 6728 7080 7087
f 6732 7088 7513 7081
f 6740 6733 7082 7089
f 6735 6745 7090 7083
f 7084 7083 7090 7091
f 7085 7084 7091 7092
f 7087 7086 7093 7094
f 6746 6736 7087 7094
f 6739 6751 7095 7088
f 7089 7514 7096 7097
f 7089 7097 7098 6740
f 6745 6756 7099 7090
f 7091 7090 7099 7100
f 7092 7091 7100 7101
f 7094 7093 7102 7103
f 6757 6746 7094 7103
f 6751 6763 7104 7095
f 7105 7517 7095 7104
f 7097 7096 7106 7107
f 7098 7097 7107 6764
f 6756 6769 7108 7099
f 7100 7099 7108 7109
f 7101 7100 7109 7110
f 7103 7102 7111 7112
f 6770 6757 7103 7112
f 6763 6776 7113 7104
f 7105 7104 7113 7114
f 7106 7523 7115 7116
f 7107 7106 7116 7117
f 7107 7117 7118 6764
f 6769 6781 7119 7108
f 7109 7108 7119 7120
f 7110 7109 7120 7121
f 7112 7111 7122 7123
f 7112 7123 7124 6770
f 7125 7126 7113 6776
f 7114 7113 7126 7127
f 7128 7528 7114 7127
f 7115 7529 7130 7131
f 7116 7115 7131 7132
f 7117 7116 7132 7133
f 7118 7117 7133 7134
f 7118 7134 7135 6777
f 6781 6790 7136 7119
f 7120 7119 7136 7137
f 7121 7120 7137 7138
f 7123 7122 7139 7140
f 7124 7123 7140 7141
f 6791 6782 7124 7141
f 7142 7143 7125 6786
f 7126 7125 7143 7144
f 7127 7126 7144 7145
f 7128 7127 7145 7146
f 7147 7534 7128 7146
f 7129 7535 7151 7152
f 7130 7129 7152 7153
f 7131 7130 7153 7154
f 7132 7131 7154 7155
f 7133 7132 7155 7156
f 7134 7133 7156 7157
f 7135 7134 7157 7158
f 6795 6787 7135 7158
f 6790 6798 7159 7136
f 7137 7136 7159 7160
f 7138 7137 7160 7161
f 7140 7139 7162 7163
f 7141 7140 7163 7164
f 6799 6791 7141 7164
f 7165 7166 7142 6794
f 7143 7142 7166 7167
f 7144 7143 7167 7168
f 7145 7144 7168 7169
f 7146 7145 7169 7170
f 7147 7146 7170 7171
f 7148 7147 7171 7172
f 7173 7542 7148 7172
f 7176 6802 7177
f 7177 6802 6803 7149
f 6803 6804 7150 7149
f 6804 6805 7151 7150
f 7178 7152 7151 6805
f 7153 7152 7178 7179
f 7154 7153 7179 7180
f 7155 7154 7180 7181
f 7156 7155 7181 7182
f 7182 7554 7157 7156
f 7157 7554 7183 7158
f 7158 7183 7184 6795
f 7185 7186 7159 6798
f 7160 7159 7186 7187
f 7161 7160 7187 7188
f 7163 7162 7189 7190
f 7164 7163 7190 7191
f 7164 7191 7192 6799
f 7193 7194 7165 6801
f 7166 7165 7194 7195
f 7195 7559 7167 7166
f 7167 7559 7196 7168
f 7169 7168 7196 7197
f 7170 7169 7197 7198
f 7171 7170 7198 7199
f 7172 7171 7199 7200
f 7173 7172 7200 6809
f 6809 6810 7174 7173
f 6810 6811 7175 7174
f 6811 6812 7201 7175
f 6812 7202 7201
f 7176 7203 7204 6802
f 6805 6804 7206 7207
f 7207 7208 7178 6805
f 7179 7178 7208 7209
f 7180 7179 7209 7210
f 7210 7570 7181 7180
f 7184 7183 7211 7212
f 7184 7212 7213 6806
f 6807 6806 7213 7214
f 7214 7215 7185 6807
f 7186 7185 7215 7216
f 7187 7186 7216 7217
f 7188 7187 7217 7218
f 7190 7189 7219 7220
f 7191 7190 7220 7221
f 7192 7191 7221 7222
f 7192 7222 7223 6808
f 7223 7224 7193 6808
f 7194 7193 7224 7225
f 7225 7577 7195 7194
f 7197 7579 7226 7198
f 7199 7198 7226 7227
f 7200 7199 7227 7228
f 7200 7228 7229 6809
f 6810 6809 7229 7230
f 7232 7233 7202 6812
f 6813 7204 7205 7206
f 7211 7587 7234 7212
f 7213 7212 7234 7235
f 7214 7213 7235 7236
f 7215 7214 7236 7237
f 7216 7215 7237 7238
f 7217 7216 7238 7239
f 7218 7217 7239 7240
f 7220 7219 7241 7242
f 7221 7220 7242 7243
f 7222 7221 7243 7244
f 7223 7222 7244 7245
f 7224 7223 7245 7246
f 7225 7224 7246 7247
f 6814 7230 7231 7232
f 7234 7594 7248 7235
f 7236 7235 7248 7249
f 7237 7236 7249 7250
f 7238 7237 7250 7251
f 7239 7238 7251 7252
f 7252 7595 7240 7239
f 7241 7601 7253 7242
f 7243 7242 7253 7254
f 7244 7243 7254 7255
f 7245 7244 7255 7256
f 7246 7245 7256 7257
f 7257 7602 7247 7246
f 7248 7604 7258 7249
f 7250 7249 7258 7259
f 7251 7250 7259 7260
f 7252 7251 7260 7261
f 7253 7612 7262 7254
f 7255 7254 7262 7263
f 7263 7613 7256 7255
f 7264 7281 6817 6818
f 7265 7264 6818 6819
f 7266 7265 6819 6820
f 7267 7266 6820 6821
f 7268 7267 6821 6822
f 7269 7268 6822 6823
f 7270 7269 6823 6824
f 7271 7270 6824 6825
f 7272 7271 6825 6826
f 7273 7272 6826 6827
f 7274 7273 6827 6828
f 7275 7274 6828 6829
f 7276 7275 6829 6830
f 6831 7282 7276 6830
f 7277 7287 6833 6834
f 7278 7277 6834 6835
f 7279 7278 6835 6815
f 7280 7279 6815 6816
f 7281 7280 6816 6817
f 7283 7282 6831 6832
f 6836 7284 7283 6832
f 7285 7284 6836 6837
f 6838 7288 7285 6837
f 7286 7292 6839 6840
f 7287 7286 6840 6833
f 6841 7289 7288 6838
f 7290 7289 6841 6842
f 7291 7295 6843 6844
f 7292 7291 6844 6839
f 6845 7293 7290 6842
f 6846 7296 7293 6845
f 7295 7294 6847 6843
f 6848 7297 7296 6846
f 7298 6849 6847 7294
f 6850 7299 7297 6848
f 7300 6851 6849 7298
f 6852 7301 7299 6850
f 6853 7303 7301 6852
f 7302 6854 6851 7300
f 7303 6853 6855
f 7304 6856 6854 7302
f 6857 7305 7303 6855
f 7306 6858 6856 7304
f 6859 7307 7305 6857
f 6858 7306 7308 6860
f 7309 7307 6859 6861
f 6860 7308 7310 6862
f 7311 7309 6861 6863
f 7312 6864 6862 7310
f 6865 7313 7311 6863
f 6864 7312 7314 6866
f 7315 7313 6865 6867
f 6866 7314 7316 6868
f 7317 7315 6867 6869
f 6868 7316 7318 6870
f 7319 7317 6869 6871
f 7320 6872 6870 7318
f 7321 7319 6871 6873
f 6872 7320 7322 6874
f 7321 6873 6875 7323
f 6874 7322 7324 6876
f 7325 7323 6875 6877
f 6876 7324 7326 6878
f 7331 7325 6877 6887
f 6878 7326 7332 6888
f 6879 6891 7334 7335
f 6880 6879 7335 7336
f 7327 6881 6880 7336
f 7327 7328 6882 6881
f 7328 7329 6883 6882
f 7329 7330 6884 6883
f 6885 6884 7330 7337
f 6886 6885 7337 7338
f 6892 6886 7338 7339
f 7331 6887 6895 7340
f 6888 7332 7341 6896
f 6889 6898 7348 7342
f 7333 6890 6889 7342
f 7333 7334 6891 6890
f 6893 6892 7339 7343
f 6894 6893 7343 7344
f 6899 6894 7344 7349
f 7340 6895 6902 7345
f 6896 7341 7346 6903
f 6897 6905 7347
f 6898 6897 7347 7348
f 6900 6899 7349 7350
f 6901 6900 7350 7351
f 6906 6901 7351
f 7345 6902 6908 7352
f 6903 7346 7353 6909
f 6905 6904 7354 7355
f 7355 7356 7347 6905
f 7356 7788 7348 7347
f 7350 7790 7357 7351
f 7351 7357 7358 6906
f 7352 6908 6914 7359
f 6909 7353 7360 6915
f 7361 7362 7354 6911
f 7362 7793 7355 7354
f 7357 7796 7363 7358
f 7358 7363 7364 6912
f 7365 7359 6914 6919
f 6915 7360 7366 6920
f 7367 7368 7361 6917
f 7368 7799 7362 7361
f 7363 7801 7369 7364
f 7364 7369 7370 6918
f 7371 7365 6919 6923
f 6924 6920 7366 7372
f 6921 6926 7373 7367
f 7373 7804 7368 7367
f 7369 7807 7374 7370
f 6927 6922 7370 7374
f 7375 7371 6923 6929
f 6930 6924 7372 7376
f 7377 7378 7373 6926
f 6927 7374 7812 7379
f 7380 7375 6929 6933
f 6930 7376 7381 6934
f 6931 6935 7382 7377
f 7382 7815 7378 7377
f 6936 6932 7379 7383
f 7380 6933 6937 7384
f 6934 7381 7385 6938
f 6935 6940 7386 7382
f 6936 7383 7822 7387
f 7384 6937 6942 7388
f 6938 7385 7389 6943
f 6940 7390 7825 7386
f 6945 6941 7387 7391
f 7388 6942 6946 7392
f 6943 7389 7393 6947
f 6944 6948 7394 7390
f 6949 6945 7391 7395
f 7392 6946 6950 7396
f 6947 7393 7397 6951
f 6948 7398 7836 7394
f 6953 6949 7395 7399
f 7396 6950 6955 7400
f 6951 7397 7401 6956
f 6952 6957 7402 7398
f 7399 7403 7404 6953
f 7400 6955 6959 7405
f 6956 7401 7406 6960
f 6957 6961 7407 7402
f 7403 7847 7408 7404
f 6962 6958 7404 7408
f 7405 6959 6963 7409
f 6960 7406 7410 6964
f 6961 6966 7411 7407
f 6967 6962 7408 7412
f 7409 6963 6968 7413
f 6964 7410 7414 6969
f 6966 6971 7415 7411
f 6972 6967 7412 7416
f 7413 6968 6974 7417
f 6969 7414 7418 6975
f 6971 7419 7415
f 6972 7416 7860 7420
f 7417 6974 6978 7421
f 6975 7418 7422 6979
f 6976 6980 7423 7419
f 6981 6977 7420 7424
f 7421 6978 6982 7425
f 6979 7422 7426 6983
f 6980 6985 7427 7423
f 6986 6981 7424 7428
f 7425 6982 6987 7429
f 6983 7426 7430 6988
f 6985 6990 7431 7427
f 7428 7432 7433 6986
f 7429 6987 6992 7434
f 6988 7430 7435 6993
f 6990 7436 7431
f 7433 7432 7437 7438
f 6995 6991 7433 7438
f 7434 6992 6996 7439
f 6993 7435 7440 6997
f 6994 6998 7441 7436
f 7437 7881 7442 7438
f 6999 6995 7438 7442
f 7439 6996 7000 7443
f 6997 7440 7444 7001
f 6998 7002 7445 7441
f 7003 6999 7442 7446
f 7443 7000 7004 7447
f 7001 7444 7448 7005
f 7002 7007 7449 7445
f 7008 7003 7446 7450
f 7447 7004 7010 7451
f 7005 7448 7452 7011
f 7007 7013 7453 7449
f 7014 7008 7450 7454
f 7451 7010 7016 7455
f 7011 7452 7456 7017
f 7013 7019 7457 7453
f 7020 7014 7454 7458
f 7455 7016 7022 7459
f 7017 7456 7460 7023
f 7019 7025 7461 7457
f 7026 7020 7458 7462
f 7459 7022 7028 7463
f 7023 7460 7464 7029
f 7025 7031 7465 7461
f 7032 7026 7462 7466
f 7463 7028 7034 7467
f 7029 7464 7468 7035
f 7031 7037 7469 7465
f 7038 7032 7466 7470
f 7467 7034 7039 7471
f 7035 7468 7472 7040
f 7037 7042 7473 7469
f 7043 7038 7470 7474
f 7471 7039 7044 7475
f 7476 7045 7040 7472
f 7042 7046 7477 7473
f 7478 7912 7473 7477
f 7474 7915 7479 7480
f 7047 7043 7474 7480
f 7475 7044 7048 7481
f 7049 7045 7476 7482
f 7046 7050 7483 7477
f 7478 7477 7483 7484
f 7480 7479 7485 7051
f 7048 7053 7486 7481
f 7487 7054 7049 7482
f 7488 7484 7483 7056
f 7057 7051 7485 7489
f 7053 7059 7490 7486
f 7054 7487 7491 7060
f 7056 7062 7492 7488
f 7063 7057 7489 7493
f 7490 7059 7065 7494
f 7060 7491 7495 7066
f 7062 7068 7496 7492
f 7069 7063 7493 7497
f 7494 7065 7071 7498
f 7066 7495 7499 7072
f 7068 7074 7500 7496
f 7497 7939 7501 7502
f 7075 7069 7497 7502
f 7498 7071 7077 7503
f 7504 7078 7072 7499
f 7074 7079 7505 7500
f 7506 7942 7500 7505
f 7502 7501 7507 7508
f 7080 7075 7502 7508
f 7503 7077 7081 7509
f 7082 7078 7504 7510
f 7511 7506 7505 7085
f 7508 7507 7512 7086
f 7081 7513 7509
f 7089 7082 7510 7514
f 7085 7092 7515 7511
f 7093 7086 7512 7516
f 7088 7095 7517 7513
f 7096 7514 7956 7518
f 7092 7101 7519 7515
f 7516 7960 7520 7521
f 7102 7093 7516 7521
f 7105 7522 7961 7517
f 7106 7096 7518 7523
f 7101 7110 7524 7519
f 7525 7963 7519 7524
f 7521 7520 7526 7527
f 7111 7102 7521 7527
f 7105 7114 7528 7522
f 7115 7523 7967 7529
f 7110 7121 7530 7524
f 7525 7524 7530 7531
f 7527 7526 7532 7533
f 7122 7111 7527 7533
f 7128 7534 7972 7528
f 7535 7129 7536
f 7536 7129 7130 7529
f 7121 7138 7537 7530
f 7531 7530 7537 7538
f 7533 7532 7539 7540
f 7139 7122 7533 7540
f 7147 7148 7541 7534
f 7148 7542 7541
f 7544 7543 7149 7150
f 7544 7150 7151 7535
f 7138 7161 7545 7537
f 7538 7537 7545 7546
f 7540 7539 7547 7548
f 7162 7139 7540 7548
f 7173 7174 7549 7542
f 7550 7549 7174 7175
f 7552 7551 7176 7177
f 7552 7177 7149 7543
f 7161 7188 7555 7545
f 7546 7545 7555 7556
f 7548 7547 7557 7558
f 7189 7162 7548 7558
f 7201 7561 7550 7175
f 7562 7561 7201 7202
f 7551 7563 7203 7176
f 7182 7181 7570 7571
f 7182 7571 8010 7554
f 7572 7211 7183 7554
f 7188 7218 7573 7555
f 7556 7555 7573 7574
f 7558 7557 7575 7576
f 7219 7189 7558 7576
f 7195 7577 8017 7559
f 7196 7559 8017 7578
f 7197 7196 7578 7579
f 7586 7562 7202 7233
f 7203 7563 7204
f 7563 7564 7205 7204
f 7564 7565 7206 7205
f 7565 7566 7207 7206
f 7566 7567 7208 7207
f 7567 7568 7209 7208
f 7568 7569 7210 7209
f 7570 7210 7569
f 7587 7211 7572
f 7218 7240 7588 7573
f 7574 7573 7588 7589
f 7575 8016 7590 7591
f 7576 7575 7591 7592
f 7241 7219 7576 7592
f 7225 7247 7593 7577
f 7226 7579 7580
f 7580 7581 7227 7226
f 7581 7582 7228 7227
f 7582 7583 7229 7228
f 7583 7584 7230 7229
f 7584 7585 7231 7230
f 7585 7586 7232 7231
f 7586 7233 7232
f 7234 7587 8032 7594
f 7595 7596 7588 7240
f 7589 7588 7596 7597
f 7591 7590 7598 7599
f 7592 7591 7599 7600
f 7592 7600 7601 7241
f 7247 7602 8038 7593
f 7594 7603 7604 7248
f 7252 7261 7605 7595
f 7596 7595 7605 7606
f 7597 7596 7606 7607
f 7608 8033 7597 7607
f 7598 8044 7609 7599
f 7600 7599 7609 7610
f 7601 7600 7610 7611
f 7601 7611 7612 7253
f 7257 7256 7613 7614
f 7257 7614 8045 7602
f 7603 8046 7615 7604
f 7604 7615 7616 7258
f 7259 7258 7616 7617
f 7260 7259 7617 7618
f 7261 7260 7618 7619
f 7619 7620 7605 7261
f 7606 7605 7620 7621
f 7607 7606 7621 7622
f 7622 8047 7608 7607
f 7610 7609 7623 7624
f 7611 7610 7624 7625
f 7612 7611 7625 7626
f 7612 7626 7627 7262
f 7263 7262 7627 7628
f 7628 7629 7613 7263
f 7614 7613 7629 7630
f 7615 8055 7631 7616
f 7617 7616 7631 7632
f 7618 7617 7632 7633
f 7619 7618 7633 7634
f 7620 7619 7634 7635
f 7621 7620 7635 7636
f 7622 7621 7636 7637
f 7623 8062 7638 7624
f 7625 7624 7638 7639
f 7626 7625 7639 7640
f 7627 7626 7640 7641
f 7628 7627 7641 7642
f 7629 7628 7642 7643
f 7643 8063 7630 7629
f 7632 7631 7644 7645
f 7633 7632 7645 7646
f 7634 7633 7646 7647
f 7635 7634 7647 7648
f 7636 7635 7648 7649
f 7649 8065 7637 7636
f 7638 8073 7650 7639
f 7640 7639 7650 7651
f 7641 7640 7651 7652
f 7642 7641 7652 7653
f 7643 7642 7653 7654
f 7644 8076 7655 7645
f 7646 7645 7655 7656
f 7647 7646 7656 7657
f 7648 7647 7657 7658
f 7658 8077 7649 7648
f 7651 7650 7659 7660
f 7652 7651 7660 7661
f 7653 7652 7661 7662
f 7662 8087 7654 7653
f 7663 8091 7656 7655
f 7660 8104 7664 7661
f 7664 8105 7662 7661
f 7666 7665 7673 7674
f 7667 7666 7674 7675
f 7668 7667 7675 7676
f 7677 8178 7668 7676
f 7670 7669 7678 7679
f 7671 7670 7679 7680
f 7672 7671 7680 7681
f 7682 8182 7672 7681
f 7674 7673 7683 7684
f 7675 7674 7684 7685
f 7676 7675 7685 7686
f 7677 7676 7686 7687
f 7679 7678 7688 7689
f 7680 7679 7689 7690
f 7681 7680 7690 7691
f 7682 7681 7691 7692
f 7684 7683 7693 7694
f 7685 7684 7694 7695
f 7686 7685 7695 7696
f 7696 8229 7687 7686
f 7689 7688 7697 7698
f 7690 7689 7698 7699
f 7691 7690 7699 7700
f 7700 8233 7692 7691
f 7697 8245 7701 7698
f 7699 7698 7701 7702
f 7702 8246 7700 7699
f 7703 7724 7277 7278
f 7704 7703 7278 7279
f 7705 7704 7279 7280
f 7706 7705 7280 7281
f 7707 7706 7281 7264
f 7708 7707 7264 7265
f 7709 7708 7265 7266
f 7710 7709 7266 7267
f 7711 7710 7267 7268
f 7712 7711 7268 7269
f 7713 7712 7269 7270
f 7714 7713 7270 7271
f 7715 7714 7271 7272
f 7716 7715 7272 7273
f 7717 7716 7273 7274
f 7718 7717 7274 7275
f 7719 7718 7275 7276
f 7282 7720 7719 7276
f 7721 7720 7282 7283
f 7722 7721 7283 7284
f 7285 7725 7722 7284
f 7723 7730 7286 7287
f 7724 7723 7287 7277
f 7288 7726 7725 7285
f 7727 7726 7288 7289
f 7290 7731 7727 7289
f 7729 7728 7291 7292
f 7730 7729 7292 7286
f 7293 7732 7731 7290
f 7733 7735 7294 7295
f 7733 7295 7291 7728
f 7296 7734 7732 7293
f 7297 7736 7734 7296
f 7294 7735 7739 7298
f 7299 7737 7736 7297
f 7739 7738 7300 7298
f 7301 7740 7737 7299
f 7300 7738 7741 7302
f 7303 7742 7740 7301
f 7302 7741 7743 7304
f 7744 7742 7303 7305
f 7304 7743 7745 7306
f 7746 7744 7305 7307
f 7306 7745 7747 7308
f 7748 7746 7307 7309
f 7749 7310 7308 7747
f 7311 7750 7748 7309
f 7310 7749 7751 7312
f 7752 7750 7311 7313
f 7312 7751 7753 7314
f 7754 7752 7313 7315
f 7314 7753 7755 7316
f 7317 7756 7754 7315
f 7316 7755 7757 7318
f 7756 7317 7319 7758
f 7318 7757 7759 7320
f 7321 7760 7758 7319
f 7320 7759 7761 7322
f 7760 7321 7323 7762
f 7322 7761 7763 7324
f 7762 7323 7325 7764
f 7324 7763 7765 7326
f 7766 7764 7325 7331
f 7326 7765 7767 7332
f 7327 7336 7769 7770
f 7328 7327 7770 7771
f 7329 7328 7771 7772
f 7330 7329 7772 7773
f 7337 7330 7773 7774
f 7775 7766 7331 7340
f 7332 7767 7776 7341
f 7333 7342 7784 7777
f 7334 7333 7777 7778
f 7768 7335 7334 7778
f 7768 7769 7336 7335
f 7338 7337 7774 7779
f 7339 7338 7779 7780
f 7343 7339 7780 7781
f 7775 7340 7345 7782
f 7341 7776 7783 7346
f 7342 7348 7788 7784
f 7344 7343 7781 7785
f 7349 7344 7785 7789
f 7782 7345 7352 7786
f 7346 7783 7787 7353
f 7350 7349 7789 7790
f 7786 7352 7359 7791
f 7353 7787 7792 7360
f 7356 7355 7793 7794
f 7356 7794 8353 7788
f 7789 8356 7795 7790
f 7790 7795 7796 7357
f 7791 7359 7365 7797
f 7360 7792 7798 7366
f 7362 7799 8359 7793
f 7795 8363 7800 7796
f 7796 7800 7801 7363
f 7797 7365 7371 7802
f 7366 7798 7803 7372
f 7804 7805 7799 7368
f 7800 8368 7806 7801
f 7801 7806 7807 7369
f 7802 7371 7375 7808
f 7372 7803 7809 7376
f 7373 7378 7810 7804
f 7810 8371 7805 7804
f 7806 8373 7811 7807
f 7807 7811 7812 7374
f 7813 7808 7375 7380
f 7376 7809 7814 7381
f 7815 7816 7810 7378
f 7811 8378 7817 7812
f 7383 7379 7812 7817
f 7818 7813 7380 7384
f 7385 7381 7814 7819
f 7382 7386 7820 7815
f 7820 8381 7816 7815
f 7817 7821 7822 7383
f 7823 7818 7384 7388
f 7389 7385 7819 7824
f 7825 7826 7820 7386
f 7822 7821 7827 7828
f 7391 7387 7822 7828
f 7829 7823 7388 7392
f 7393 7389 7824 7830
f 7390 7394 7831 7825
f 7831 8391 7826 7825
f 7828 7827 7832 7833
f 7395 7391 7828 7833
f 7834 7829 7392 7396
f 7397 7393 7830 7835
f 7836 7837 7831 7394
f 7832 8397 7838 7833
f 7399 7395 7833 7838
f 7839 7834 7396 7400
f 7397 7835 7840 7401
f 7398 7402 7841 7836
f 7837 7836 7841 7842
f 7403 7399 7838 7843
f 7839 7400 7405 7844
f 7401 7840 7845 7406
f 7402 7407 7846 7841
f 7846 8404 7842 7841
f 7403 7843 8407 7847
f 7844 7405 7409 7848
f 7406 7845 7849 7410
f 7407 7411 7850 7846
f 7412 7408 7847 7851
f 7848 7409 7413 7852
f 7410 7849 7853 7414
f 7411 7415 7854
f 7854 7855 7850 7411
f 7416 7412 7851 7856
f 7852 7413 7417 7857
f 7414 7853 7858 7418
f 7415 7419 7859 7854
f 7859 8418 7855 7854
f 7416 7856 8420 7860
f 7857 7417 7421 7861
f 7418 7858 7862 7422
f 7419 7423 7863 7859
f 7424 7420 7860 7864
f 7861 7421 7425 7865
f 7422 7862 7866 7426
f 7423 7427 7867 7863
f 7428 7424 7864 7868
f 7865 7425 7429 7869
f 7426 7866 7870 7430
f 7427 7431 7871
f 7871 7872 7867 7427
f 7432 7428 7868 7873
f 7869 7429 7434 7874
f 7430 7870 7875 7435
f 7431 7436 7876 7871
f 7876 8436 7872 7871
f 7877 7437 7432 7873
f 7874 7434 7439 7878
f 7435 7875 7879 7440
f 7436 7441 7880 7876
f 7881 7437 7877
f 7878 7439 7443 7882
f 7440 7879 7883 7444
f 7441 7445 7884 7880
f 7446 7442 7881 7885
f 7882 7443 7447 7886
f 7444 7883 7887 7448
f 7445 7449 7888 7884
f 7450 7446 7885 7889
f 7886 7447 7451 7890
f 7448 7887 7891 7452
f 7449 7453 7892 7888
f 7454 7450 7889 7893
f 7890 7451 7455 7894
f 7452 7891 7895 7456
f 7453 7457 7896 7892
f 7458 7454 7893 7897
f 7894 7455 7459 7898
f 7456 7895 7899 7460
f 7457 7461 7900 7896
f 7462 7458 7897 7901
f 7898 7459 7463 7902
f 7460 7899 7903 7464
f 7461 7465 7904 7900
f 7466 7462 7901 7905
f 7902 7463 7467 7906
f 7464 7903 7907 7468
f 7465 7469 7908 7904
f 7470 7466 7905 7909
f 7906 7467 7471 7910
f 7468 7907 7911 7472
f 7469 7473 7912 7908
f 7913 8474 7908 7912
f 7909 8477 7914 7915
f 7474 7470 7909 7915
f 7910 7471 7475 7916
f 7472 7911 7917 7476
f 7918 7913 7912 7478
f 7915 7914 7919 7479
f 7916 7475 7481 7920
f 7476 7917 7921 7482
f 7478 7484 7922 7918
f 7485 7479 7919 7923
f 7920 7481 7486 7924
f 7925 7487 7482 7921
f 7484 7488 7926 7922
f 7489 7485 7923 7927
f 7486 7490 7928 7924
f 7929 7491 7487 7925
f 7488 7492 7930 7926
f 7931 8493 7926 7930
f 7927 8495 7932 7933
f 7493 7489 7927 7933
f 7490 7494 7934 7928
f 7491 7929 7935 7495
f 7492 7496 7936 7930
f 7931 7930 7936 7937
f 7933 7932 7938 7939
f 7497 7493 7933 7939
f 7934 7494 7498 7940
f 7495 7935 7941 7499
f 7496 7500 7942 7936
f 7937 7936 7942 7943
f 7939 7938 7944 7501
f 7940 7498 7503 7945
f 7499 7941 7946 7504
f 7947 7943 7942 7506
f 7507 7501 7944 7948
f 7945 7503 7509 7949
f 7510 7504 7946 7950
f 7506 7511 7951 7947
f 7952 8512 7947 7951
f 7948 8515 7953 7954
f 7512 7507 7948 7954
f 7949 7509 7513 7955
f 7514 7510 7950 7956
f 7511 7515 7957 7951
f 7952 7951 7957 7958
f 7954 7953 7959 7960
f 7516 7512 7954 7960
f 7513 7517 7961 7955
f 7518 7956 7962
f 7515 7519 7963 7957
f 7958 7957 7963 7964
f 7960 7959 7965 7520
f 7961 7522 7966
f 7523 7518 7962 7967
f 7968 7964 7963 7525
f 7969 8528 7964 7968
f 7965 8531 7970 7971
f 7526 7520 7965 7971
f 7966 7522 7528 7972
f 7529 7967 7973
f 7525 7531 7974 7968
f 7969 7968 7974 7975
f 7971 7970 7976 7977
f 7532 7526 7971 7977
f 7972 7534 7978
f 7980 7979 7535 7536
f 7980 7536 7529 7973
f 7531 7538 7981 7974
f 7975 7974 7981 7982
f 7977 7976 7983 7984
f 7539 7532 7977 7984
f 7541 7985 7978 7534
f 7986 7985 7541 7542
f 7987 7543 7544
f 7987 7544 7535 7979
f 7538 7546 7989 7981
f 7982 7981 7989 7990
f 7984 7983 7991 7992
f 7547 7539 7984 7992
f 7549 7994 7986 7542
f 7550 7994 7549
f 7552 7543 7553
f 7553 7543 7987 7995
f 7546 7556 7996 7989
f 7990 7989 7996 7997
f 7998 8550 7990 7997
f 7991 8555 7999 8000
f 7992 7991 8000 8001
f 7557 7547 7992 8001
f 8002 7994 7550 7560
f 7550 7561 7560
f 7563 7551 7552
f 7552 7553 7564 7563
f 7564 7553 7995 8003
f 7572 7554 8010
f 7556 7574 8011 7996
f 7997 7996 8011 8012
f 7998 7997 8012 8013
f 8000 7999 8014 8015
f 8001 8000 8015 8016
f 7575 7557 8001 8016
f 8024 8002 7560 7585
f 7560 7561 7586 7585
f 7562 7586 7561
f 7564 8003 7565
f 8003 8004 7566 7565
f 8004 8005 7567 7566
f 8005 8006 7568 7567
f 8006 8007 7569 7568
f 8007 8008 7570 7569
f 8008 8009 7571 7570
f 8010 7571 8009
f 8025 7587 7572 8010
f 7574 7589 8026 8011
f 8012 8011 8026 8027
f 8013 8012 8027 8028
f 8015 8014 8029 8030
f 8016 8015 8030 7590
f 7577 7593 8031 8017
f 7578 8017 8018
f 8018 8019 7579 7578
f 8019 8020 7580 7579
f 8020 8021 7581 7580
f 8021 8022 7582 7581
f 8022 8023 7583 7582
f 8023 8024 7584 7583
f 8024 7585 7584
f 8032 7587 8025
f 7589 7597 8033 8026
f 8027 8026 8033 8034
f 8028 8027 8034 8035
f 8030 8029 8036 8037
f 7598 7590 8030 8037
f 7593 8038 8031
f 8039 7603 7594 8032
f 8040 8034 8033 7608
f 8035 8034 8040 8041
f 8037 8036 8042 8043
f 8037 8043 8044 7598
f 7602 8045 8606 8038
f 8046 7603 8039
f 8047 8048 8040 7608
f 8041 8040 8048 8049
f 8043 8042 8050 8051
f 8044 8043 8051 8052
f 7623 7609 8044 8052
f 7614 7630 8053 8045
f 8046 8054 8055 7615
f 7622 7637 8056 8047
f 8048 8047 8056 8057
f 8049 8048 8057 8058
f 8051 8050 8059 8060
f 8052 8051 8060 8061
f 8052 8061 8062 7623
f 7630 8063 8628 8053
f 8054 8629 8064 8055
f 7644 7631 8055 8064
f 8065 8066 8056 7637
f 8057 8056 8066 8067
f 8058 8057 8067 8068
f 8060 8059 8069 8070
f 8061 8060 8070 8071
f 8062 8061 8071 8072
f 8062 8072 8073 7638
f 7643 7654 8074 8063
f 8064 8075 8076 7644
f 8077 8078 8065 7649
f 8066 8065 8078 8079
f 8067 8066 8079 8080
f 8068 8067 8080 8081
f 8070 8069 8082 8083
f 8071 8070 8083 8084
f 8072 8071 8084 8085
f 8073 8072 8085 8086
f 7659 7650 8073 8086
f 8087 8088 8074 7654
f 8076 8075 8089 8090
f 7663 7655 8076 8090
f 7657 7656 8091 8092
f 7658 7657 8092 8093
f 8093 8094 8077 7658
f 8078 8077 8094 8095
f 8079 8078 8095 8096
f 8080 8079 8096 8097
f 8081 8080 8097 8098
f 8082 8674 8099 8083
f 8084 8083 8099 8100
f 8085 8084 8100 8101
f 8086 8085 8101 8102
f 8086 8102 8103 7659
f 7660 7659 8103 8104
f 8105 8106 8087 7662
f 8088 8087 8106 8107
f 8090 8089 8108 8109
f 8090 8109 8110 7663
f 8110 8111 8091 7663
f 8092 8091 8111 8112
f 8093 8092 8112 8113
f 8094 8093 8113 8114
f 8095 8094 8114 8115
f 8096 8095 8115 8116
f 8097 8096 8116 8117
f 8117 8677 8098 8097
f 8100 8099 8125 8126
f 8101 8100 8126 8127
f 8102 8101 8127 8128
f 8103 8102 8128 8129
f 8104 8103 8129 8130
f 8104 8130 8131 7664
f 8131 8132 8105 7664
f 8106 8105 8132 8133
f 8107 8106 8133 8134
f 8109 8108 8135 8136
f 8110 8109 8136 8137
f 8111 8110 8137 8138
f 8112 8111 8138 8139
f 8113 8112 8139 8140
f 8114 8113 8140 8141
f 8115 8114 8141 8142
f 8116 8115 8142 8143
f 8117 8116 8143 8144
f 8118 8681 8145 8146
f 8119 8118 8146 8147
f 8120 8119 8147 8148
f 8121 8120 8148 8149
f 8122 8121 8149 8150
f 8151 8682 8122 8150
f 8123 8685 8153 8154
f 8124 8123 8154 8155
f 8156 8686 8124 8155
f 8125 8705 8158 8126
f 8127 8126 8158 8159
f 8128 8127 8159 8160
f 8129 8128 8160 8161
f 8130 8129 8161 8162
f 8131 8130 8162 8163
f 8132 8131 8163 8164
f 8133 8132 8164 8165
f 8134 8133 8165 8166
f 8136 8135 8167 8168
f 8137 8136 8168 8169
f 8138 8137 8169 8170
f 8139 8138 8170 8171
f 8140 8139 8171 8172
f 8141 8140 8172 8173
f 8142 8141 8173 8174
f 8143 8142 8174 8175
f 8175 8708 8144 8143
f 8145 8697 8176 8177
f 8146 8145 8177 7665
f 7665 7666 8147 8146
f 7666 7667 8148 8147
f 7667 7668 8149 8148
f 8178 8150 8149 7668
f 8151 8150 8178 8179
f 7669 8152 8700 8181
f 7669 7670 8153 8152
f 7670 7671 8154 8153
f 7671 7672 8155 8154
f 8182 8156 8155 7672
f 8157 8156 8182 8183
f 8184 8701 8157 8183
f 8158 8717 8185 8159
f 8160 8159 8185 8186
f 8161 8160 8186 8187
f 8162 8161 8187 8188
f 8163 8162 8188 8189
f 8164 8163 8189 8190
f 8165 8164 8190 8191
f 8166 8165 8191 8192
f 8168 8167 8193 8194
f 8169 8168 8194 8195
f 8170 8169 8195 8196
f 8171 8170 8196 8197
f 8172 8171 8197 8198
f 8173 8172 8198 8199
f 8199 8721 8174 8173
f 8177 8176 8200 8201
f 7673 7665 8177 8201
f 8202 8179 8178 7677
f 8181 8180 8203 8204
f 7678 7669 8181 8204
f 8205 8183 8182 7682
f 8184 8183 8205 8206
f 8185 8733 8207 8186
f 8187 8186 8207 8208
f 8188 8187 8208 8209
f 8189 8188 8209 8210
f 8190 8189 8210 8211
f 8191 8190 8211 8212
f 8212 8734 8192 8191
f 8193 8739 8213 8194
f 8195 8194 8213 8214
f 8196 8195 8214 8215
f 8197 8196 8215 8216
f 8216 8740 8198 8197
f 8200 8747 8217 8201
f 7683 7673 8201 8217
f 7677 7687 8218 8202
f 8204 8203 8219 8220
f 7688 7678 8204 8220
f 7682 7692 8221 8205
f 8206 8205 8221 8222
f 8208 8755 8223 8209
f 8210 8209 8223 8224
f 8211 8210 8224 8225
f 8212 8211 8225 8226
f 8217 8747 8227 8228
f 7693 7683 8217 8228
f 8229 8230 8218 7687
f 8220 8219 8231 8232
f 7697 7688 8220 8232
f 8233 8234 8221 7692
f 8222 8221 8234 8235
f 8227 8789 8236 8228
f 8228 8236 8237 7693
f 7694 7693 8237 8238
f 7695 7694 8238 8239
f 7696 7695 8239 8240
f 8240 8241 8229 7696
f 8230 8229 8241 8242
f 8232 8231 8243 8244
f 8232 8244 8245 7697
f 8246 8247 8233 7700
f 8234 8233 8247 8248
f 8248 8791 8235 8234
f 8236 8804 8249 8237
f 8238 8237 8249 8250
f 8239 8238 8250 8251
f 8240 8239 8251 8252
f 8252 8805 8241 8240
f 8243 8808 8253 8244
f 8245 8244 8253 8254
f 8245 8254 8255 7701
f 7702 7701 8255 8256
f 8256 8257 8246 7702
f 8247 8246 8257 8258
f 8258 8809 8248 8247
f 8253 8823 8259 8254
f 8255 8254 8259 8260
f 8256 8255 8260 8261
f 8257 8256 8261 8262
f 8262 8824 8258 8257
f 8259 8833 8263 8260
f 8261 8260 8263 8264
f 8264 8834 8262 8261
f 8265 8280 7707 7708
f 8266 8265 7708 7709
f 8267 8266 7709 7710
f 8268 8267 7710 7711
f 8269 8268 7711 7712
f 8270 8269 7712 7713
f 8271 8270 7713 7714
f 8272 8271 7714 7715
f 8273 8272 7715 7716
f 8274 8273 7716 7717
f 7718 8281 8274 7717
f 8275 8288 7723 7724
f 8276 8275 7724 7703
f 8277 8276 7703 7704
f 8278 8277 7704 7705
f 8279 8278 7705 7706
f 8280 8279 7706 7707
f 8282 8281 7718 7719
f 8283 8282 7719 7720
f 8284 8283 7720 7721
f 8285 8284 7721 7722
f 7725 8286 8285 7722
f 7726 8289 8286 7725
f 8287 8292 7729 7730
f 8288 8287 7730 7723
f 8290 8289 7726 7727
f 7731 8293 8290 7727
f 7728 8291 8296 7733
f 8292 8291 7728 7729
f 8294 8293 7731 7732
f 7734 8297 8294 7732
f 8296 8295 7735 7733
f 7736 8298 8297 7734
f 7737 8300 8298 7736
f 8299 8301 7738 7739
f 8299 7739 7735 8295
f 7740 8302 8300 7737
f 7738 8301 7741
f 7742 8304 8302 7740
f 8303 7743 7741 8301
f 8304 7742 7744
f 8305 7745 7743 8303
f 7746 8306 8304 7744
f 7745 8305 8307 7747
f 7748 8308 8306 7746
f 7747 8307 8309 7749
f 8310 8308 7748 7750
f 7749 8309 8311 7751
f 8312 8310 7750 7752
f 7751 8311 8313 7753
f 7754 8314 8312 7752
f 7753 8313 8315 7755
f 8316 8314 7754 7756
f 7755 8315 8317 7757
f 8318 8316 7756 7758
f 7757 8317 8319 7759
f 8320 8318 7758 7760
f 7759 8319 8321 7761
f 8322 8320 7760 7762
f 7761 8321 8323 7763
f 8324 8322 7762 7764
f 7763 8323 8325 7765
f 8324 7764 7766 8326
f 7765 8325 8327 7767
f 8328 8326 7766 7775
f 7767 8327 8329 7776
f 7768 7778 8330
f 7769 7768 8330 8331
f 7770 7769 8331 8332
f 7771 7770 8332 8333
f 7772 7771 8333 8334
f 7773 7772 8334 8335
f 7774 7773 8335 8336
f 7779 7774 8336 8342
f 8337 8328 7775 7782
f 7783 7776 8329 8338
f 7777 7784 8339
f 7778 7777 8339 8340
f 8340 8341 8330 7778
f 8341 8921 8331 8330
f 7780 7779 8342 8343
f 7781 7780 8343 8344
f 7785 7781 8344
f 8345 8337 7782 7786
f 7783 8338 8346 7787
f 7784 7788 8347
f 8347 8348 8339 7784
f 8348 8929 8340 8339
f 8343 8935 8349 8344
f 8344 8349 8350 7785
f 7789 7785 8350
f 8351 8345 7786 7791
f 7787 8346 8352 7792
f 8353 8354 8347 7788
f 8354 8938 8348 8347
f 8349 8942 8355 8350
f 8350 8355 8356 7789
f 8357 8351 7791 7797
f 7792 8352 8358 7798
f 7794 7793 8359 8360
f 8360 8361 8353 7794
f 8361 8945 8354 8353
f 8355 8947 8362 8356
f 8356 8362 8363 7795
f 8357 7797 7802 8364
f 7798 8358 8365 7803
f 7799 7805 8366 8359
f 8366 8950 8360 8359
f 8362 8954 8367 8363
f 8363 8367 8368 7800
f 8364 7802 7808 8369
f 7803 8365 8370 7809
f 8371 8372 8366 7805
f 7806 8368 8961 8373
f 8369 7808 7813 8374
f 7809 8370 8375 7814
f 7810 7816 8376 8371
f 8376 8964 8372 8371
f 8373 8377 8378 7811
f 8374 7813 7818 8379
f 7814 8375 8380 7819
f 8381 8382 8376 7816
f 8378 8377 8383 8384
f 7821 7817 8378 8384
f 8379 7818 7823 8385
f 7819 8380 8386 7824
f 7820 7826 8387 8381
f 8387 8973 8382 8381
f 8383 8974 8388 8384
f 7827 7821 8384 8388
f 8385 7823 7829 8389
f 7824 8386 8390 7830
f 8391 8392 8387 7826
f 7832 7827 8388 8393
f 8389 7829 7834 8394
f 7830 8390 8395 7835
f 7831 7837 8396 8391
f 8396 8981 8392 8391
f 7832 8393 8984 8397
f 8398 8394 7834 7839
f 7835 8395 8399 7840
f 7837 7842 8400 8396
f 7843 7838 8397 8401
f 8402 8398 7839 7844
f 7845 7840 8399 8403
f 8404 8405 8400 7842
f 8401 8406 8407 7843
f 8408 8402 7844 7848
f 7849 7845 8403 8409
f 7846 7850 8410 8404
f 8410 8995 8405 8404
f 8406 8996 8411 8407
f 7851 7847 8407 8411
f 8412 8408 7848 7852
f 7849 8409 8413 7853
f 7850 7855 8414 8410
f 7856 7851 8411 8415
f 8412 7852 7857 8416
f 7853 8413 8417 7858
f 7855 8418 9003 8414
f 8415 8419 8420 7856
f 8416 7857 7861 8421
f 7858 8417 8422 7862
f 7859 7863 8423 8418
f 8420 8419 8424 8425
f 7864 7860 8420 8425
f 8421 7861 7865 8426
f 7862 8422 8427 7866
f 7863 7867 8428 8423
f 8424 9013 8429 8425
f 7868 7864 8425 8429
f 8426 7865 7869 8430
f 7866 8427 8431 7870
f 7867 7872 8432 8428
f 7873 7868 8429 8433
f 8430 7869 7874 8434
f 7870 8431 8435 7875
f 8436 8437 8432 7872
f 8433 8438 8439 7873
f 7877 7873 8439
f 8434 7874 7878 8440
f 7875 8435 8441 7879
f 7876 7880 8442 8436
f 8442 9024 8437 8436
f 8438 9027 8443 8439
f 7881 7877 8439 8443
f 8440 7878 7882 8444
f 7879 8441 8445 7883
f 7880 7884 8446 8442
f 8443 9027 8447 8448
f 7885 7881 8443 8448
f 8444 7882 7886 8449
f 7883 8445 8450 7887
f 7884 7888 8451 8446
f 8447 9037 8452 8448
f 7889 7885 8448 8452
f 8449 7886 7890 8453
f 7887 8450 8454 7891
f 7888 7892 8455 8451
f 7893 7889 8452 8456
f 8453 7890 7894 8457
f 7891 8454 8458 7895
f 7892 7896 8459 8455
f 7897 7893 8456 8460
f 8457 7894 7898 8461
f 7895 8458 8462 7899
f 7896 7900 8463 8459
f 8464 9046 8459 8463
f 8460 9049 8465 8466
f 7901 7897 8460 8466
f 8461 7898 7902 8467
f 7899 8462 8468 7903
f 7900 7904 8469 8463
f 8469 9056 8464 8463
f 8466 8465 8470 8471
f 7905 7901 8466 8471
f 8467 7902 7906 8472
f 7903 8468 8473 7907
f 7904 7908 8474 8469
f 8475 9056 8469 8474
f 8471 8470 8476 8477
f 7909 7905 8471 8477
f 8472 7906 7910 8478
f 7907 8473 8479 7911
f 8480 8475 8474 7913
f 8477 8476 8481 7914
f 8478 7910 7916 8482
f 7911 8479 8483 7917
f 7913 7918 8484 8480
f 7919 7914 8481 8485
f 8482 7916 7920 8486
f 7917 8483 8487 7921
f 7918 7922 8488 8484
f 8485 9072 8489 8490
f 7923 7919 8485 8490
f 8486 7920 7924 8491
f 7921 8487 8492 7925
f 7922 7926 8493 8488
f 8490 8489 8494 8495
f 7927 7923 8490 8495
f 8491 7924 7928 8496
f 7925 8492 8497 7929
f 7931 8498 9080 8493
f 8495 8494 8499 7932
f 7934 8500 8496 7928
f 7929 8497 8501 7935
f 7931 7937 8502 8498
f 7938 7932 8499 8503
f 8500 7934 7940 8504
f 7935 8501 8505 7941
f 7937 7943 8506 8502
f 8507 9090 8502 8506
f 8503 9093 8508 8509
f 7944 7938 8503 8509
f 8504 7940 7945 8510
f 7946 7941 8505 8511
f 7943 7947 8512 8506
f 8507 8506 8512 8513
f 8509 8508 8514 8515
f 7948 7944 8509 8515
f 8510 7945 7949 8516
f 7950 7946 8511 8517
f 8518 8513 8512 7952
f 8515 8514 8519 7953
f 7949 7955 8520 8516
f 7950 8517 8521 7956
f 7952 7958 8522 8518
f 8523 9106 8518 8522
f 8519 9109 8524 8525
f 7959 7953 8519 8525
f 8520 7955 7961 8526
f 7956 8521 8527 7962
f 7958 7964 8528 8522
f 8523 8522 8528 8529
f 8525 8524 8530 8531
f 7965 7959 8525 8531
f 8526 7961 7966 8532
f 8533 7967 7962 8527
f 8534 8529 8528 7969
f 8531 8530 8535 7970
f 7972 8536 8532 7966
f 7967 8533 8537 7973
f 7969 7975 8538 8534
f 8539 9124 8534 8538
f 8535 9129 8540 8541
f 7976 7970 8535 8541
f 8536 7972 7978 8542
f 8543 7979 7980
f 8543 7980 7973 8537
f 7975 7982 8544 8538
f 8539 8538 8544 8545
f 8541 8540 8546 8547
f 7983 7976 8541 8547
f 7985 8548 8542 7978
f 7986 8548 7985
f 7987 7979 7988
f 7988 7979 8543 8549
f 7982 7990 8550 8544
f 8545 8544 8550 8551
f 8552 9143 8545 8551
f 8546 9148 8553 8554
f 8547 8546 8554 8555
f 7991 7983 8547 8555
f 8556 8548 7986 7993
f 7986 7994 7993
f 7995 7987 7988 8557
f 8557 7988 8549 8558
f 8563 8551 8550 7998
f 8552 8551 8563 8564
f 8554 8553 8565 8566
f 8555 8554 8566 7999
f 8572 8571 8556 7993
f 7993 7994 8002 8572
f 8004 8003 7995 8557
f 8557 8558 8005 8004
f 8005 8558 8573 8006
f 8573 8560 8007 8006
f 8560 8561 8008 8007
f 8561 8562 8009 8008
f 8009 8562 8574
f 7998 8013 8575 8563
f 8564 8563 8575 8576
f 8566 8565 8577 8578
f 8014 7999 8566 8578
f 8579 8567 8018
f 8567 8568 8019 8018
f 8568 8569 8020 8019
f 8020 8569 8580 8021
f 8580 8571 8022 8021
f 8571 8572 8023 8022
f 8002 8024 8023 8572
f 8009 8574 8581 8010
f 8025 8010 8581
f 8013 8028 8582 8575
f 8576 8575 8582 8583
f 8584 9175 8576 8583
f 8577 9182 8585 8586
f 8578 8577 8586 8587
f 8029 8014 8578 8587
f 8017 8031 8588
f 8588 8579 8018 8017
f 8589 8032 8025 8581
f 8028 8035 8590 8582
f 8583 8582 8590 8591
f 8584 8583 8591 8592
f 8586 8585 8593 8594
f 8587 8586 8594 8595
f 8036 8029 8587 8595
f 8031 8038 8596 8588
f 8597 8039 8032 8589
f 8035 8041 8598 8590
f 8591 8590 8598 8599
f 8592 8591 8599 8600
f 8601 9195 8592 8600
f 8593 9206 8602 8603
f 8594 8593 8603 8604
f 8595 8594 8604 8605
f 8042 8036 8595 8605
f 8038 8606 8596
f 8607 8046 8039 8597
f 8041 8049 8608 8598
f 8599 8598 8608 8609
f 8600 8599 8609 8610
f 8601 8600 8610 8611
f 8603 8602 8612 8613
f 8604 8603 8613 8614
f 8605 8604 8614 8615
f 8050 8042 8605 8615
f 8045 8053 8616 8606
f 8046 8607 8617 8054
f 8049 8058 8618 8608
f 8609 8608 8618 8619
f 8610 8609 8619 8620
f 8611 8610 8620 8621
f 8622 9225 8611 8621
f 8612 9238 8623 8624
f 8613 8612 8624 8625
f 8614 8613 8625 8626
f 8615 8614 8626 8627
f 8059 8050 8615 8627
f 8053 8628 8616
f 8629 8054 8617
f 8058 8068 8630 8618
f 8619 8618 8630 8631
f 8620 8619 8631 8632
f 8621 8620 8632 8633
f 8622 8621 8633 8634
f 8624 8623 8635 8636
f 8625 8624 8636 8637
f 8626 8625 8637 8638
f 8627 8626 8638 8639
f 8069 8059 8627 8639
f 8063 8074 8640 8628
f 8075 8064 8629 8641
f 8068 8081 8642 8630
f 8631 8630 8642 8643
f 8632 8631 8643 8644
f 8633 8632 8644 8645
f 8634 8633 8645 8646
f 8647 9255 8634 8646
f 8635 9266 8648 8649
f 8636 8635 8649 8650
f 8637 8636 8650 8651
f 8638 8637 8651 8652
f 8639 8638 8652 8653
f 8082 8069 8639 8653
f 8074 8088 8654 8640
f 8089 8075 8641 8655
f 8081 8098 8656 8642
f 8643 8642 8656 8657
f 8644 8643 8657 8658
f 8645 8644 8658 8659
f 8646 8645 8659 8660
f 8647 8646 8660 8661
f 8662 9269 8647 8661
f 8648 9278 8667 8668
f 8649 8648 8668 8669
f 8650 8649 8669 8670
f 8651 8650 8670 8671
f 8652 8651 8671 8672
f 8653 8652 8672 8673
f 8653 8673 8674 8082
f 8088 8107 8675 8654
f 8108 8089 8655 8676
f 8677 8678 8656 8098
f 8657 8656 8678 8679
f 8658 8657 8679 8680
f 8659 8658 8680 8681
f 8660 8659 8681 8118
f 8118 8119 8661 8660
f 8119 8120 8662 8661
f 8120 8121 8663 8662
f 8121 8122 8664 8663
f 8122 8682 9281 8664
f 8665 9284 8683 8684
f 8666 8665 8684 8685
f 8667 8666 8685 8123
f 8123 8124 8668 8667
f 8686 8669 8668 8124
f 8670 8669 8686 8687
f 8671 8670 8687 8688
f 8672 8671 8688 8689
f 8673 8672 8689 8690
f 8674 8673 8690 8691
f 8125 8099 8674 8691
f 8107 8134 8692 8675
f 8135 8108 8676 8693
f 8117 8144 8694 8677
f 8678 8677 8694 8695
f 8679 8678 8695 8696
f 8680 8679 8696 8697
f 8681 8680 8697 8145
f 8151 8698 9287 8682
f 8683 9288 8699 8700
f 8684 8683 8700 8152
f 8152 8153 8685 8684
f 8156 8157 8687 8686
f 8701 8688 8687 8157
f 8689 8688 8701 8702
f 8690 8689 8702 8703
f 8691 8690 8703 8704
f 8691 8704 8705 8125
f 8134 8166 8706 8692
f 8167 8135 8693 8707
f 8708 8709 8694 8144
f 8695 8694 8709 8710
f 8696 8695 8710 8711
f 8697 8696 8711 8176
f 8151 8179 8712 8698
f 8699 8698 8712 8180
f 8180 8181 8700 8699
f 8713 8702 8701 8184
f 8703 8702 8713 8714
f 8704 8703 8714 8715
f 8705 8704 8715 8716
f 8705 8716 8717 8158
f 8166 8192 8718 8706
f 8707 9292 8719 8720
f 8193 8167 8707 8720
f 8175 8174 8721 8722
f 8722 8723 8708 8175
f 8709 8708 8723 8724
f 8710 8709 8724 8725
f 8711 8710 8725 8726
f 8200 8176 8711 8726
f 8179 8202 8727 8712
f 8203 8180 8712 8727
f 8184 8206 8728 8713
f 8714 8713 8728 8729
f 8715 8714 8729 8730
f 8716 8715 8730 8731
f 8717 8716 8731 8732
f 8717 8732 8733 8185
f 8734 8735 8718 8192
f 8736 9293 8718 8735
f 8720 8719 8737 8738
f 8720 8738 8739 8193
f 8199 8198 8740 8741
f 8741 8742 8721 8199
f 8722 8721 8742 8743
f 8723 8722 8743 8744
f 8724 8723 8744 8745
f 8745 9297 8725 8724
f 8725 9297 8746 8726
f 8726 8746 8747 8200
f 8202 8218 8748 8727
f 8219 8203 8727 8748
f 8206 8222 8749 8728
f 8729 8728 8749 8750
f 8750 9298 8730 8729
f 8730 9298 8751 8731
f 8732 8731 8751 8752
f 8733 8732 8752 8753
f 8733 8753 8754 8207
f 8208 8207 8754 8755
f 8212 8226 8756 8734
f 8735 8734 8756 8757
f 8757 9299 8736 8735
f 8738 8737 8758 8759
f 8739 8738 8759 8760
f 8739 8760 8761 8213
f 8214 8213 8761 8762
f 8215 8214 8762 8763
f 8216 8215 8763 8764
f 8764 8765 8740 8216
f 8741 8740 8765 8766
f 8742 8741 8766 8767
f 8743 8742 8767 8768
f 8768 9302 8744 8743
f 8747 8746 8769 8227
f 8218 8230 8770 8748
f 8231 8219 8748 8770
f 8222 8235 8771 8749
f 8771 9305 8750 8749
f 8751 9307 8772 8752
f 8753 8752 8772 8773
f 8754 8753 8773 8774
f 8755 8754 8774 8775
f 8755 8775 8776 8223
f 8224 8223 8776 8777
f 8225 8224 8777 8778
f 8226 8225 8778 8779
f 8779 8780 8756 8226
f 8757 8756 8780 8781
f 8758 9312 8782 8759
f 8760 8759 8782 8783
f 8761 8760 8783 8784
f 8762 8761 8784 8785
f 8763 8762 8785 8786
f 8764 8763 8786 8787
f 8765 8764 8787 8788
f 8788 9313 8766 8765
f 8227 8769 9317 8789
f 8230 8242 8790 8770
f 8243 8231 8770 8790
f 8791 8792 8771 8235
f 8773 9321 8793 8774
f 8793 9323 8775 8774
f 8775 9323 8794 8776
f 8777 8776 8794 8795
f 8778 8777 8795 8796
f 8779 8778 8796 8797
f 8780 8779 8797 8798
f 8781 8780 8798 8799
f 8782 9329 8800 8783
f 8784 8783 8800 8801
f 8785 8784 8801 8802
f 8802 9330 8786 8785
f 8789 8803 8804 8236
f 8242 8241 8805 8806
f 8806 8807 8790 8242
f 8790 8807 8808 8243
f 8809 8810 8791 8248
f 8810 9335 8792 8791
f 8795 9338 8811 8796
f 8797 8796 8811 8812
f 8798 8797 8812 8813
f 8799 8798 8813 8814
f 8804 8803 8815 8816
f 8804 8816 8817 8249
f 8250 8249 8817 8818
f 8251 8250 8818 8819
f 8252 8251 8819 8820
f 8820 8821 8805 8252
f 8821 9349 8806 8805
f 8807 9350 8822 8808
f 8808 8822 8823 8253
f 8824 8825 8809 8258
f 8825 9351 8810 8809
f 8816 8815 8826 8827
f 8817 8816 8827 8828
f 8818 8817 8828 8829
f 8819 8818 8829 8830
f 8820 8819 8830 8831
f 8831 9361 8821 8820
f 8822 9362 8832 8823
f 8823 8832 8833 8259
f 8834 8835 8824 8262
f 8825 8824 8835 8836
f 8826 9366 8837 8827
f 8837 9367 8828 8827
f 8833 8832 8838 8839
f 8833 8839 8840 8263
f 8264 8263 8840 8841
f 8841 8842 8834 8264
f 8835 8834 8842 8843
f 8843 9372 8836 8835
f 8839 8838 8844 8845
f 8840 8839 8845 8846
f 8841 8840 8846 8847
f 8842 8841 8847 8848
f 8848 9382 8843 8842
f 8845 8844 8849 8850
f 8846 8845 8850 8851
f 8847 8846 8851 8852
f 8852 9390 8848 8847
f 8850 8849 8853 8854
f 8851 8850 8854 8855
f 8855 9394 8852 8851
f 8856 8873 8279 8280
f 8857 8856 8280 8265
f 8858 8857 8265 8266
f 8859 8858 8266 8267
f 8860 8859 8267 8268
f 8861 8860 8268 8269
f 8862 8861 8269 8270
f 8863 8862 8270 8271
f 8864 8863 8271 8272
f 8865 8864 8272 8273
f 8866 8865 8273 8274
f 8281 8867 8866 8274
f 8282 8874 8867 8281
f 8868 8881 8287 8288
f 8869 8868 8288 8275
f 8870 8869 8275 8276
f 8871 8870 8276 8277
f 8872 8871 8277 8278
f 8873 8872 8278 8279
f 8875 8874 8282 8283
f 8876 8875 8283 8284
f 8877 8876 8284 8285
f 8878 8877 8285 8286
f 8289 8879 8878 8286
f 8290 8882 8879 8289
f 8880 8885 8291 8292
f 8881 8880 8292 8287
f 8293 8883 8882 8290
f 8294 8886 8883 8293
f 8884 8888 8295 8296
f 8885 8884 8296 8291
f 8297 8887 8886 8294
f 8298 8889 8887 8297
f 8295 8888 8890 8299
f 8300 8891 8889 8298
f 8299 8890 8892 8301
f 8302 8893 8891 8300
f 8301 8892 8894 8303
f 8304 8895 8893 8302
f 8303 8894 8896 8305
f 8306 8897 8895 8304
f 8305 8896 8307
f 8308 8899 8897 8306
f 8898 8309 8307 8896
f 8899 8308 8310
f 8309 8898 8900 8311
f 8901 8899 8310 8312
f 8311 8900 8902 8313
f 8903 8901 8312 8314
f 8313 8902 8904 8315
f 8905 8903 8314 8316
f 8315 8904 8906 8317
f 8905 8316 8318 8907
f 8317 8906 8908 8319
f 8320 8909 8907 8318
f 8319 8908 8910 8321
f 8909 8320 8322 8911
f 8321 8910 8912 8323
f 8913 8911 8322 8324
f 8325 8323 8912 8914
f 8915 8913 8324 8326
f 8325 8914 8916 8327
f 8917 8915 8326 8328
f 8327 8916 8918 8329
f 8917 8328 8337 8919
f 8329 8918 8920 8338
f 8332 8331 8921 8922
f 8333 8332 8922 8923
f 8334 8333 8923 8924
f 8335 8334 8924 8925
f 8336 8335 8925 8926
f 8342 8336 8926
f 8919 8337 8345 8927
f 8338 8920 8928 8346
f 8341 8340 8929 8930
f 8930 8931 8921 8341
f 8922 8921 8931 8932
f 8932 9484 8923 8922
f 8925 9486 8933 8926
f 8926 8933 8934 8342
f 8343 8342 8934 8935
f 8927 8345 8351 8936
f 8352 8346 8928 8937
f 8938 8939 8929 8348
f 8930 8929 8939 8940
f 8940 9489 8931 8930
f 8934 9495 8941 8935
f 8935 8941 8942 8349
f 8943 8936 8351 8357
f 8358 8352 8937 8944
f 8354 8945 9498 8938
f 8941 9504 8946 8942
f 8942 8946 8947 8355
f 8948 8943 8357 8364
f 8365 8358 8944 8949
f 8361 8360 8950 8951
f 8951 8952 8945 8361
f 8946 9510 8953 8947
f 8947 8953 8954 8362
f 8955 8948 8364 8369
f 8370 8365 8949 8956
f 8366 8372 8957 8950
f 8951 8950 8957 8958
f 8958 9513 8952 8951
f 8953 9516 8959 8954
f 8954 8959 8960 8367
f 8368 8367 8960 8961
f 8962 8955 8369 8374
f 8375 8370 8956 8963
f 8964 8965 8957 8372
f 8965 9519 8958 8957
f 8960 9523 8966 8961
f 8377 8373 8961 8966
f 8967 8962 8374 8379
f 8380 8375 8963 8968
f 8376 8382 8969 8964
f 8969 9526 8965 8964
f 8383 8377 8966 8970
f 8971 8967 8379 8385
f 8386 8380 8968 8972
f 8382 8973 9532 8969
f 8383 8970 9535 8974
f 8971 8385 8389 8975
f 8386 8972 8976 8390
f 8387 8392 8977 8973
f 8393 8388 8974 8978
f 8975 8389 8394 8979
f 8390 8976 8980 8395
f 8981 8982 8977 8392
f 8978 8983 8984 8393
f 8979 8394 8398 8985
f 8395 8980 8986 8399
f 8396 8400 8987 8981
f 8987 9548 8982 8981
f 8983 9551 8988 8984
f 8401 8397 8984 8988
f 8985 8398 8402 8989
f 8399 8986 8990 8403
f 8400 8405 8991 8987
f 8406 8401 8988 8992
f 8989 8402 8408 8993
f 8403 8990 8994 8409
f 8405 8995 9559 8991
f 8406 8992 9562 8996
f 8997 8993 8408 8412
f 8409 8994 8998 8413
f 8410 8414 8999 8995
f 8415 8411 8996 9000
f 9001 8997 8412 8416
f 8417 8413 8998 9002
f 9003 9004 8999 8414
f 8419 8415 9000 9005
f 9006 9001 8416 8421
f 8422 8417 9002 9007
f 8418 8423 9008 9003
f 9008 9575 9004 9003
f 8424 8419 9005 9009
f 9010 9006 8421 8426
f 8427 8422 9007 9011
f 8423 8428 9012 9008
f 8424 9009 9583 9013
f 9014 9010 8426 8430
f 8431 8427 9011 9015
f 8428 8432 9016 9012
f 8433 8429 9013 9017
f 9018 9014 8430 8434
f 8431 9015 9019 8435
f 8432 8437 9020 9016
f 8438 8433 9017 9021
f 9018 8434 8440 9022
f 8435 9019 9023 8441
f 9024 9025 9020 8437
f 9021 9026 9027 8438
f 9022 8440 8444 9028
f 8441 9023 9029 8445
f 8442 8446 9030 9024
f 9030 9599 9025 9024
f 9027 9026 9031 8447
f 9028 8444 8449 9032
f 8445 9029 9033 8450
f 8446 8451 9034 9030
f 9035 9599 9030 9034
f 9031 9036 9037 8447
f 9032 8449 8453 9038
f 8450 9033 9039 8454
f 8451 8455 9040 9034
f 9035 9034 9040 9041
f 9037 9036 9042 9043
f 8456 8452 9037 9043
f 9038 8453 8457 9044
f 8454 9039 9045 8458
f 8455 8459 9046 9040
f 9041 9040 9046 9047
f 9043 9042 9048 9049
f 8460 8456 9043 9049
f 9044 8457 8461 9050
f 8458 9045 9051 8462
f 9052 9047 9046 8464
f 9049 9048 9053 8465
f 9050 8461 8467 9054
f 8462 9051 9055 8468
f 9056 9057 9052 8464
f 8470 8465 9053 9058
f 9054 8467 8472 9059
f 8468 9055 9060 8473
f 9061 9057 9056 8475
f 8476 8470 9058 9062
f 9059 8472 8478 9063
f 9060 9064 8479 8473
f 8475 8480 9065 9061
f 8481 8476 9062 9066
f 9063 8478 8482 9067
f 8483 8479 9064 9068
f 8480 8484 9069 9065
f 9070 9631 9065 9069
f 9066 9634 9071 9072
f 8485 8481 9066 9072
f 9073 9067 8482 8486
f 8487 8483 9068 9074
f 8484 8488 9075 9069
f 9070 9069 9075 9076
f 9072 9071 9077 8489
f 9078 9073 8486 8491
f 8492 8487 9074 9079
f 8488 8493 9080 9075
f 9076 9075 9080 9081
f 8494 8489 9077 9082
f 9083 9078 8491 8496
f 9079 9084 8497 8492
f 9085 9081 9080 8498
f 9082 9651 9086 9087
f 8499 8494 9082 9087
f 8500 9088 9083 8496
f 8497 9084 9089 8501
f 8498 8502 9090 9085
f 9091 9654 9085 9090
f 9087 9086 9092 9093
f 8503 8499 9087 9093
f 9088 8500 8504 9094
f 8501 9089 9095 8505
f 9096 9091 9090 8507
f 9093 9092 9097 8508
f 9094 8504 8510 9098
f 9099 8511 8505 9095
f 8507 8513 9100 9096
f 9101 9667 9096 9100
f 9097 9670 9102 9103
f 8514 8508 9097 9103
f 8516 9104 9098 8510
f 8511 9099 9105 8517
f 8513 8518 9106 9100
f 9101 9100 9106 9107
f 9103 9102 9108 9109
f 8519 8514 9103 9109
f 9104 8516 8520 9110
f 8517 9105 9111 8521
f 9112 9107 9106 8523
f 9113 9681 9107 9112
f 9108 9686 9114 9115
f 9109 9108 9115 8524
f 9110 8520 8526 9116
f 8521 9111 9117 8527
f 8523 8529 9118 9112
f 9113 9112 9118 9119
f 9115 9114 9120 9121
f 8530 8524 9115 9121
f 9116 8526 8532 9122
f 8527 9117 9123 8533
f 8529 8534 9124 9118
f 9119 9118 9124 9125
f 9126 9697 9119 9125
f 9120 9704 9127 9128
f 9121 9120 9128 9129
f 8535 8530 9121 9129
f 9130 9122 8532 8536
f 8533 9123 9131 8537
f 9133 9125 9124 8539
f 9126 9125 9133 9134
f 9135 9707 9126 9134
f 9127 9714 9136 9137
f 9128 9127 9137 9138
f 9129 9128 9138 8540
f 9140 9130 8536 8542
f 8537 9131 9141 8543
f 8539 8545 9143 9133
f 9134 9133 9143 9144
f 9135 9134 9144 9145
f 9137 9136 9146 9147
f 9138 9137 9147 9148
f 8546 8540 9138 9148
f 9150 9140 8542 8548
f 8549 8543 9141 9151
f 9154 9144 9143 8552
f 9145 9144 9154 9155
f 9156 9733 9145 9155
f 9146 9746 9157 9158
f 9147 9146 9158 9159
f 9148 9147 9159 8553
f 9162 9150 8548 8556
f 8559 8558 8549 9151
f 9151 9152 8560 8559
f 8560 9152 9163 8561
f 8552 8564 9165 9154
f 9155 9154 9165 9166
f 9156 9155 9166 9167
f 9168 9750 9156 9167
f 9158 9157 9169 9170
f 9159 9158 9170 9171
f 8565 8553 9159 9171
f 9173 9161 8569 8568
f 9161 9162 8570 8569
f 8556 8571 8570 9162
f 8573 8558 8559 8560
f 9163 9164 8562 8561
f 8562 9164 9174 8574
f 8564 8576 9175 9165
f 9166 9165 9175 9176
f 9167 9166 9176 9177
f 9168 9167 9177 9178
f 9169 9774 9179 9180
f 9170 9169 9180 9181
f 9171 9170 9181 9182
f 8577 8565 9171 9182
f 8579 9183 9172 8567
f 9172 9173 8568 8567
f 8580 8569 8570 8571
f 8574 9174 9184 8581
f 9185 9176 9175 8584
f 9177 9176 9185 9186
f 9178 9177 9186 9187
f 9188 9777 9178 9187
f 9179 9786 9189 9190
f 9180 9179 9190 9191
f 9181 9180 9191 9192
f 9182 9181 9192 8585
f 9183 8579 8588 9193
f 8581 9184 9194 8589
f 8584 8592 9195 9185
f 9186 9185 9195 9196
f 9187 9186 9196 9197
f 9188 9187 9197 9198
f 9199 9789 9188 9198
f 9189 9796 9202 9203
f 9190 9189 9203 9204
f 9191 9190 9204 9205
f 9192 9191 9205 9206
f 8593 8585 9192 9206
f 8596 9207 9193 8588
f 8589 9194 9208 8597
f 9209 9196 9195 8601
f 9197 9196 9209 9210
f 9198 9197 9210 9211
f 9199 9198 9211 9212
f 9200 9199 9212 9213
f 9214 9799 9200 9213
f 9201 9802 9217 9218
f 9202 9201 9218 9219
f 9203 9202 9219 9220
f 9204 9203 9220 9221
f 9205 9204 9221 9222
f 9206 9205 9222 8602
f 9207 8596 8606 9223
f 9224 8607 8597 9208
f 8601 8611 9225 9209
f 9210 9209 9225 9226
f 9211 9210 9226 9227
f 9212 9211 9227 9228
f 9213 9212 9228 9229
f 9214 9213 9229 9230
f 9215 9214 9230 9231
f 9216 9215 9231 9232
f 9217 9216 9232 9233
f 9218 9217 9233 9234
f 9219 9218 9234 9235
f 9220 9219 9235 9236
f 9221 9220 9236 9237
f 9222 9221 9237 9238
f 8612 8602 9222 9238
f 8606 8616 9239 9223
f 9240 8617 8607 9224
f 9241 9226 9225 8622
f 9227 9226 9241 9242
f 9228 9227 9242 9243
f 9229 9228 9243 9244
f 9230 9229 9244 9245
f 9231 9230 9245 9246
f 9232 9231 9246 9247
f 9233 9232 9247 9248
f 9234 9233 9248 9249
f 9235 9234 9249 9250
f 9236 9235 9250 9251
f 9237 9236 9251 9252
f 9238 9237 9252 8623
f 8616 8628 9253 9239
f 8617 9240 9254 8629
f 8622 8634 9255 9241
f 9242 9241 9255 9256
f 9243 9242 9256 9257
f 9244 9243 9257 9258
f 9245 9244 9258 9259
f 9246 9245 9259 9260
f 9247 9246 9260 9261
f 9248 9247 9261 9262
f 9249 9248 9262 9263
f 9250 9249 9263 9264
f 9251 9250 9264 9265
f 9252 9251 9265 9266
f 8635 8623 9252 9266
f 9253 8628 8640 9267
f 8629 9254 9268 8641
f 9269 9256 9255 8647
f 9257 9256 9269 9270
f 9258 9257 9270 9271
f 9259 9258 9271 9272
f 9260 9259 9272 9273
f 9261 9260 9273 9274
f 9262 9261 9274 9275
f 9263 9262 9275 9276
f 9264 9263 9276 9277
f 9265 9264 9277 9278
f 9266 9265 9278 8648
f 9267 8640 8654 9279
f 8641 9268 9280 8655
f 8662 8663 9270 9269
f 8663 8664 9271 9270
f 9281 9272 9271 8664
f 9273 9272 9281 9282
f 9274 9273 9282 9283
f 9275 9274 9283 9284
f 9276 9275 9284 8665
f 8665 8666 9277 9276
f 8666 8667 9278 9277
f 9279 8654 8675 9285
f 8676 8655 9280 9286
f 9287 9282 9281 8682
f 9283 9282 9287 9288
f 9284 9283 9288 8683
f 9285 8675 8692 9289
f 8693 8676 9286 9290
f 8698 8699 9288 9287
f 8692 8706 9291 9289
f 8707 8693 9290 9292
f 8706 8718 9293 9291
f 8719 9292 9294
f 9293 8736 9295
f 8737 8719 9294 9296
f 8736 9299 9300 9295
f 8758 8737 9296 9301
f 8745 8744 9302 9303
f 9303 9304 9297 8745
f 8769 8746 9297 9304
f 9305 9306 9298 8750
f 9298 9306 9307 8751
f 8757 8781 9308 9299
f 9300 9299 9308 9309
f 9301 9826 9310 9311
f 9301 9311 9312 8758
f 8767 8766 9313 9314
f 8768 8767 9314 9315
f 9315 9316 9302 8768
f 9316 9830 9303 9302
f 8769 9304 9831 9317
f 8771 8792 9318 9305
f 9318 9832 9306 9305
f 9306 9832 9319 9307
f 9307 9319 9320 8772
f 8773 8772 9320 9321
f 8781 8799 9324 9308
f 9309 9308 9324 9325
f 9311 9310 9326 9327
f 9312 9311 9327 9328
f 9312 9328 9329 8782
f 8787 8786 9330 9331
f 8788 8787 9331 9332
f 9332 9333 9313 8788
f 9333 9837 9314 9313
f 8803 8789 9317 9334
f 8792 9335 9840 9318
f 8793 9321 9322
f 8793 9322 9336 9323
f 9323 9336 9337 8794
f 8795 8794 9337 9338
f 8799 8814 9339 9324
f 9325 9324 9339 9340
f 9326 9847 9341 9327
f 9328 9327 9341 9342
f 9329 9328 9342 9343
f 9329 9343 9344 8800
f 8801 8800 9344 9345
f 8802 8801 9345 9346
f 9346 9347 9330 8802
f 9347 9850 9331 9330
f 8815 8803 9334 9348
f 8807 8806 9349 9350
f 8810 9351 9853 9335
f 9337 9855 9352 9338
f 9338 9352 9353 8811
f 8812 8811 9353 9354
f 8813 8812 9354 9355
f 8814 8813 9355 9356
f 9356 9357 9339 8814
f 9340 9339 9357 9358
f 9348 9852 9359 9360
f 8826 8815 9348 9360
f 8821 9361 9868 9349
f 8822 9350 9869 9362
f 8825 8836 9363 9351
f 9360 9359 9364 9365
f 9360 9365 9366 8826
f 8829 8828 9367 9368
f 8830 8829 9368 9369
f 8831 8830 9369 9370
f 8831 9370 9361
f 8838 8832 9362 9371
f 8836 9372 9881 9363
f 9364 9878 9373 9374
f 9365 9364 9374 9375
f 9366 9365 9375 9376
f 9366 9376 9377 8837
f 9377 9378 9367 8837
f 9368 9367 9378 9379
f 9379 9883 9369 9368
f 9371 9880 9380 9381
f 8844 8838 9371 9381
f 8843 9382 9885 9372
f 9374 9373 9383 9384
f 9375 9374 9384 9385
f 9376 9375 9385 9386
f 9377 9376 9386 9387
f 9387 9888 9378 9377
f 9381 9380 9388 9389
f 8849 8844 9381 9389
f 9390 9391 9382 8848
f 9389 9388 9392 9393
f 8853 8849 9389 9393
f 9394 9395 9390 8852
f 9395 9898 9391 9390
f 9393 9392 9396 9397
f 9393 9397 9398 8853
f 8854 8853 9398 9399
f 8855 8854 9399 9400
f 9400 9401 9394 8855
f 9401 9902 9395 9394
f 9397 9396 9402 9403
f 9398 9397 9403 9404
f 9399 9398 9404 9405
f 9400 9399 9405 9406
f 9406 9904 9401 9400
f 9403 9402 9407 9408
f 9404 9403 9408 9409
f 9405 9404 9409 9410
f 9410 9906 9406 9405
f 9408 9407 9411 9412
f 9409 9408 9412 9413
f 9413 9908 9410 9409
f 9412 9411 9414 9415
f 9415 9910 9413 9412
f 9416 9426 8857 8858
f 9417 9416 8858 8859
f 9418 9417 8859 8860
f 9419 9418 8860 8861
f 9420 9419 8861 8862
f 9421 9420 8862 8863
f 9422 9421 8863 8864
f 9423 9422 8864 8865
f 8866 9427 9423 8865
f 9424 9435 8872 8873
f 9425 9424 8873 8856
f 9426 9425 8856 8857
f 9428 9427 8866 8867
f 8874 9429 9428 8867
f 8875 9436 9429 8874
f 9430 9443 8880 8881
f 9431 9430 8881 8868
f 9432 9431 8868 8869
f 9433 9432 8869 8870
f 9434 9433 8870 8871
f 9435 9434 8871 8872
f 9437 9436 8875 8876
f 9438 9437 8876 8877
f 9439 9438 8877 8878
f 9440 9439 8878 8879
f 8882 9441 9440 8879
f 8883 9444 9441 8882
f 9442 9446 8884 8885
f 9443 9442 8885 8880
f 8886 9445 9444 8883
f 8887 9447 9445 8886
f 8884 9446 9449 8888
f 8889 9448 9447 8887
f 8888 9449 9451 8890
f 8891 9450 9448 8889
f 8890 9451 9453 8892
f 9452 9450 8891 8893
f 8892 9453 9456 8894
f 9454 9452 8893
f 8895 9455 9454 8893
f 8894 9456 9458 8896
f 9457 9455 8895 8897
f 8896 9458 8898
f 9459 9457 8897 8899
f 8900 8898 9458 9460
f 9461 9459 8899 8901
f 9463 9462 8902 8900
f 9463 8900 9460
f 8903 9464 9461 8901
f 8902 9462 9465 8904
f 9466 9464 8903 8905
f 9467 8906 8904 9465
f 9468 9466 8905 8907
f 8906 9467 9469 8908
f 9470 9468 8907 8909
f 8908 9469 9471 8910
f 9472 9470 8909 8911
f 8910 9471 9473 8912
f 9472 8911 8913 9474
f 8912 9473 9475 8914
f 9474 8913 8915 9476
f 8914 9475 9477 8916
f 9478 9476 8915 8917
f 8918 8916 9477 9479
f 9480 9478 8917 8919
f 8920 8918 9479 9481
f 9482 9480 8919 8927
f 8920 9481 9483 8928
f 8924 8923 9484 9485
f 8925 8924 9485 9486
f 9482 8927 8936 9487
f 8928 9483 9488 8937
f 8932 8931 9489 9490
f 9490 9491 9484 8932
f 9485 9484 9491 9492
f 9486 9485 9492 9493
f 9486 9493 9494 8933
f 8934 8933 9494 9495
f 9487 8936 8943 9496
f 8937 9488 9497 8944
f 8939 8938 9498 9499
f 8940 8939 9499 9500
f 9500 9501 9489 8940
f 9501 9993 9490 9489
f 9493 9996 9502 9494
f 9495 9494 9502 9503
f 9495 9503 9504 8941
f 9496 8943 8948 9505
f 8944 9497 9506 8949
f 8945 8952 9507 9498
f 9499 9498 9507 9508
f 9508 9999 9500 9499
f 9503 10006 9509 9504
f 9504 9509 9510 8946
f 9505 8948 8955 9511
f 8949 9506 9512 8956
f 9513 9514 9507 8952
f 9514 10009 9508 9507
f 9509 10018 9515 9510
f 9510 9515 9516 8953
f 9511 8955 8962 9517
f 8956 9512 9518 8963
f 9519 9520 9513 8958
f 9520 10021 9514 9513
f 9515 10027 9521 9516
f 9516 9521 9522 8959
f 8960 8959 9522 9523
f 9517 8962 8967 9524
f 8963 9518 9525 8968
f 9526 9527 9519 8965
f 9527 10030 9520 9519
f 9521 10035 9528 9522
f 9523 9522 9528 9529
f 8970 8966 9523 9529
f 9530 9524 8967 8971
f 8968 9525 9531 8972
f 9532 9533 9526 8969
f 9533 10038 9527 9526
f 9528 10043 9534 9529
f 9529 9534 9535 8970
f 9536 9530 8971 8975
f 8972 9531 9537 8976
f 8973 8977 9538 9532
f 9533 9532 9538 9539
f 9535 9534 9540 9541
f 8978 8974 9535 9541
f 9542 9536 8975 8979
f 8980 8976 9537 9543
f 8977 8982 9544 9538
f 9544 10053 9539 9538
f 9540 10058 9545 9541
f 8983 8978 9541 9545
f 9546 9542 8979 8985
f 8986 8980 9543 9547
f 9548 9549 9544 8982
f 9545 9550 9551 8983
f 9552 9546 8985 8989
f 8990 8986 9547 9553
f 8987 8991 9554 9548
f 9554 10067 9549 9548
f 9551 9550 9555 9556
f 8992 8988 9551 9556
f 9557 9552 8989 8993
f 8994 8990 9553 9558
f 9559 9560 9554 8991
f 9555 10077 9561 9556
f 9556 9561 9562 8992
f 9563 9557 8993 8997
f 8994 9558 9564 8998
f 8995 8999 9565 9559
f 9560 9559 9565 9566
f 9562 9561 9567 9568
f 9000 8996 9562 9568
f 9563 8997 9001 9569
f 8998 9564 9570 9002
f 8999 9004 9571 9565
f 9571 10084 9566 9565
f 9567 10087 9572 9568
f 9005 9000 9568 9572
f 9569 9001 9006 9573
f 9002 9570 9574 9007
f 9575 9576 9571 9004
f 9009 9005 9572 9577
f 9573 9006 9010 9578
f 9007 9574 9579 9011
f 9008 9012 9580 9575
f 9576 9575 9580 9581
f 9577 9582 9583 9009
f 9578 9010 9014 9584
f 9011 9579 9585 9015
f 9012 9016 9586 9580
f 9586 10102 9581 9580
f 9583 9582 9587 9588
f 9017 9013 9583 9588
f 9589 9584 9014 9018
f 9015 9585 9590 9019
f 9016 9020 9591 9586
f 9587 10112 9592 9588
f 9021 9017 9588 9592
f 9593 9589 9018 9022
f 9023 9019 9590 9594
f 9020 9025 9595 9591
f 9026 9021 9592 9596
f 9597 9593 9022 9028
f 9029 9023 9594 9598
f 9599 9600 9595 9025
f 9031 9026 9596 9601
f 9602 9597 9028 9032
f 9033 9029 9598 9603
f 9604 9600 9599 9035
f 9036 9031 9601 9605
f 9606 9602 9032 9038
f 9039 9033 9603 9607
f 9035 9041 9608 9604
f 9042 9036 9605 9609
f 9610 9606 9038 9044
f 9045 9039 9607 9611
f 9041 9047 9612 9608
f 9048 9042 9609 9613
f 9614 9610 9044 9050
f 9051 9045 9611 9615
f 9047 9052 9616 9612
f 9053 9048 9613 9617
f 9618 9614 9050 9054
f 9055 9051 9615 9619
f 9052 9057 9620 9616
f 9617 10149 9621 9622
f 9058 9053 9617 9622
f 9623 9618 9054 9059
f 9060 9055 9619 9624
f 9057 9061 9625 9620
f 9626 10152 9620 9625
f 9622 9621 9627 9628
f 9062 9058 9622 9628
f 9629 9623 9059 9063
f 9624 9630 9064 9060
f 9061 9065 9631 9625
f 9626 9625 9631 9632
f 9628 9627 9633 9634
f 9066 9062 9628 9634
f 9635 9629 9063 9067
f 9064 9630 9636 9068
f 9637 9632 9631 9070
f 9633 10168 9638 9639
f 9634 9633 9639 9071
f 9073 9640 9635 9067
f 9068 9636 9641 9074
f 9070 9076 9642 9637
f 9643 10171 9637 9642
f 9639 9638 9644 9645
f 9077 9071 9639 9645
f 9640 9073 9078 9646
f 9074 9641 9647 9079
f 9076 9081 9648 9642
f 9643 9642 9648 9649
f 9645 9644 9650 9651
f 9082 9077 9645 9651
f 9646 9078 9083 9652
f 9079 9647 9653 9084
f 9081 9085 9654 9648
f 9649 9648 9654 9655
f 9656 10184 9649 9655
f 9650 10189 9657 9658
f 9651 9650 9658 9086
f 9652 9083 9088 9659
f 9084 9653 9660 9089
f 9661 9655 9654 9091
f 9656 9655 9661 9662
f 9658 9657 9663 9664
f 9092 9086 9658 9664
f 9659 9088 9094 9665
f 9089 9660 9666 9095
f 9091 9096 9667 9661
f 9662 9661 9667 9668
f 9664 9663 9669 9670
f 9097 9092 9664 9670
f 9665 9094 9098 9671
f 9095 9666 9672 9099
f 9673 9668 9667 9101
f 9674 10210 9668 9673
f 9669 10220 9677 9678
f 9670 9669 9678 9102
f 9679 9671 9098 9104
f 9099 9672 9680 9105
f 9101 9107 9681 9673
f 9674 9673 9681 9682
f 9675 9674 9682 9683
f 9677 9676 9684 9685
f 9678 9677 9685 9686
f 9108 9102 9678 9686
f 9687 9679 9104 9110
f 9105 9680 9688 9111
f 9689 9682 9681 9113
f 9683 9682 9689 9690
f 9691 10237 9683 9690
f 9684 10250 9692 9693
f 9685 9684 9693 9694
f 9686 9685 9694 9114
f 9687 9110 9116 9695
f 9111 9688 9696 9117
f 9113 9119 9697 9689
f 9690 9689 9697 9698
f 9691 9690 9698 9699
f 9700 10254 9691 9699
f 9692 10265 9701 9702
f 9693 9692 9702 9703
f 9694 9693 9703 9704
f 9120 9114 9694 9704
f 9695 9116 9122 9705
f 9117 9696 9706 9123
f 9707 9698 9697 9126
f 9699 9698 9707 9708
f 9700 9699 9708 9709
f 9710 10270 9700 9709
f 9701 10279 9711 9712
f 9702 9701 9712 9713
f 9703 9702 9713 9714
f 9704 9703 9714 9127
f 9705 9122 9130 9715
f 9706 9132 9131 9123
f 9132 9706 10282 9716
f 9718 9708 9707 9135
f 9709 9708 9718 9719
f 9710 9709 9719 9720
f 9721 10284 9710 9720
f 9711 10291 9725 9726
f 9712 9711 9726 9727
f 9713 9712 9727 9728
f 9714 9713 9728 9136
f 9730 10293 9715 9139
f 9715 9130 9140 9139
f 9131 9132 9142 9141
f 9142 9132 9716 9731
f 9135 9145 9733 9718
f 9719 9718 9733 9734
f 9720 9719 9734 9735
f 9721 9720 9735 9736
f 9722 9721 9736 9737
f 9738 10295 9722 9737
f 9723 10297 9740 9741
f 9724 9723 9741 9742
f 9725 9724 9742 9743
f 9726 9725 9743 9744
f 9727 9726 9744 9745
f 9728 9727 9745 9746
f 9146 9136 9728 9746
f 9748 9730 9139 9149
f 9139 9140 9150 9149
f 9141 9142 9152 9151
f 9153 9152 9142 9731
f 9153 9731 9732 9749
f 9750 9734 9733 9156
f 9735 9734 9750 9751
f 9736 9735 9751 9752
f 9737 9736 9752 9753
f 9738 9737 9753 9754
f 9739 9738 9754 9755
f 9740 9739 9755 9756
f 9741 9740 9756 9757
f 9742 9741 9757 9758
f 9743 9742 9758 9759
f 9744 9743 9759 9760
f 9745 9744 9760 9761
f 9746 9745 9761 9157
f 9762 9747 9748 9160
f 9149 9161 9160 9748
f 9149 9150 9162 9161
f 9163 9152 9153
f 9164 9163 9153 9749
f 9164 9749 9763
f 9764 9751 9750 9168
f 9752 9751 9764 9765
f 9753 9752 9765 9766
f 9754 9753 9766 9767
f 9755 9754 9767 9768
f 9756 9755 9768 9769
f 9757 9756 9769 9770
f 9758 9757 9770 9771
f 9759 9758 9771 9772
f 9760 9759 9772 9773
f 9761 9760 9773 9774
f 9169 9157 9761 9774
f 9775 9762 9172
f 9160 9173 9172 9762
f 9161 9173 9160
f 9763 9776 9174 9164
f 9168 9178 9777 9764
f 9765 9764 9777 9778
f 9766 9765 9778 9779
f 9767 9766 9779 9780
f 9768 9767 9780 9781
f 9769 9768 9781 9782
f 9770 9769 9782 9783
f 9771 9770 9783 9784
f 9772 9771 9784 9785
f 9773 9772 9785 9786
f 9774 9773 9786 9179
f 9183 9787 9775 9172
f 9174 9776 9788 9184
f 9789 9778 9777 9188
f 9779 9778 9789 9790
f 9780 9779 9790 9791
f 9781 9780 9791 9792
f 9782 9781 9792 9793
f 9783 9782 9793 9794
f 9784 9783 9794 9795
f 9785 9784 9795 9796
f 9786 9785 9796 9189
f 9787 9183 9193 9797
f 9184 9788 9798 9194
f 9199 9200 9790 9789
f 9799 9791 9790 9200
f 9792 9791 9799 9800
f 9793 9792 9800 9801
f 9794 9793 9801 9802
f 9795 9794 9802 9201
f 9201 9202 9796 9795
f 9207 9803 9797 9193
f 9194 9798 9804 9208
f 9214 9215 9800 9799
f 9215 9216 9801 9800
f 9216 9217 9802 9801
f 9803 9207 9223 9805
f 9208 9804 9806 9224
f 9805 9223 9239 9807
f 9224 9806 9808 9240
f 9253 9809 9807 9239
f 9240 9808 9810 9254
f 9809 9253 9267 9811
f 9254 9810 9812 9268
f 9811 9267 9279 9813
f 9280 9268 9812 9814
f 9813 9279 9285 9815
f 9286 9280 9814 9816
f 9285 9289 9817 9815
f 9286 9816 9818 9290
f 9817 9289 9291 9819
f 9290 9818 9820 9292
f 9819 9291 9293 9821
f 9294 9292 9820 9822
f 9821 9293 9295 9823
f 9296 9294 9822 9824
f 9295 9300 9825 9823
f 9301 9296 9824 9826
f 9825 9300 9309 9827
f 9310 9826 9828
f 9304 9303 9830 9831
f 9309 9325 9834 9827
f 9326 9310 9828 9835
f 9315 9314 9837 9838
f 9829 9316 9315 9838
f 9830 9316 9829
f 9830 10341 9839 9831
f 9334 9317 9831 9839
f 9318 9840 10343 9832
f 9319 9832 9833
f 9320 9319 9833 9841
f 9321 9320 9841 9842
f 9322 9321 9842 9843
f 9336 9322 9843 9854
f 9325 9340 9844 9834
f 9845 10336 9834 9844
f 9835 9846 9847 9326
f 9332 9331 9850 9851
f 9836 9333 9332 9851
f 9837 9333 9836
f 9348 9334 9839 9852
f 9335 9853 9840
f 9337 9336 9854 9855
f 9340 9358 9858 9844
f 9845 9844 9858 9859
f 9846 10358 9860 9847
f 9847 9860 9861 9341
f 9342 9341 9861 9862
f 9343 9342 9862 9863
f 9344 9343 9863 9864
f 9345 9344 9864 9865
f 9848 9346 9345 9865
f 9848 9849 9347 9346
f 9850 9347 9849
f 9359 9852 10352 9866
f 9350 9349 9868 9869
f 9351 9363 9870 9853
f 9352 9855 9856
f 9856 9857 9353 9352
f 9354 9353 9857 9871
f 9355 9354 9871 9872
f 9356 9355 9872 9873
f 9357 9356 9873 9874
f 9358 9357 9874 9875
f 9875 9876 9858 9358
f 9859 9858 9876 9877
f 9364 9359 9866 9878
f 9370 9879 9867 9361
f 9868 9361 9867
f 9868 9880 9869
f 9371 9362 9869 9880
f 9363 9881 9870
f 9373 9878 10379 9882
f 9879 9370 9369 9883
f 9380 9880 9884
f 9372 9885 10386 9881
f 9383 9373 9882 9886
f 9379 9378 9888 9889
f 9379 9889 10389 9883
f 9380 9884 9890 9388
f 9382 9391 9891 9885
f 9886 9892 9893 9383
f 9384 9383 9893 9894
f 9385 9384 9894 9895
f 9386 9385 9895 9896
f 9887 9387 9386 9896
f 9888 9387 9887
f 9388 9890 9897 9392
f 9391 9898 9891
f 9893 9892 9899 9900
f 9900 10400 9894 9893
f 9392 9897 9901 9396
f 9395 9902 9898
f 9396 9901 9903 9402
f 9401 9904 10408 9902
f 9407 9402 9903 9905
f 9406 9906 10410 9904
f 9411 9407 9905 9907
f 9410 9908 10412 9906
f 9414 9411 9907 9909
f 9413 9910 10414 9908
f 9414 9909 10415 9911
f 9415 9414 9911 9912
f 9415 9912 10418 9910
f 9913 9926 9425 9426
f 9914 9913 9426 9416
f 9915 9914 9416 9417
f 9916 9915 9417 9418
f 9917 9916 9418 9419
f 9918 9917 9419 9420
f 9919 9918 9420 9421
f 9920 9919 9421 9422
f 9921 9920 9422 9423
f 9427 9922 9921 9423
f 9923 9922 9427 9428
f 9429 9930 9923 9428
f 9924 9936 9434 9435
f 9925 9924 9435 9424
f 9926 9925 9424 9425
f 9436 9931 9930 9429
f 9437 9937 9931 9436
f 9430 9932 9943 9443
f 9933 9932 9430 9431
f 9934 9933 9431 9432
f 9935 9934 9432 9433
f 9936 9935 9433 9434
f 9938 9937 9437 9438
f 9939 9938 9438 9439
f 9940 9939 9439 9440
f 9941 9940 9440 9441
f 9444 9944 9941 9441
f 9442 9942 9946 9446
f 9943 9942 9442 9443
f 9945 9944 9444 9445
f 9447 9948 9945 9445
f 9446 9946 9950 9449
f 9949 9948 9447 9448
f 9450 9952 9949 9448
f 9449 9950 9954 9451
f 9952 9450 9452
f 9954 9953 9453 9451
f 9454 9956 9952 9452
f 9455 9960 9956 9454
f 9957 9456 9453 9953
f 9960 9455 9457
f 9456 9957 9961 9458
f 9962 9960 9457 9459
f 9460 9458 9961 9963
f 9964 9962 9459 9461
f 9965 9462 9463
f 9966 9965 9463 9460
f 9966 9460 9963
f 9968 9964 9461 9464
f 9465 9462 9965 9969
f 9970 9968 9464 9466
f 9465 9969 9971 9467
f 9972 9970 9466 9468
f 9469 9467 9971 9973
f 9975 9972 9468 9470
f 9469 9973 9976 9471
f 9977 9975 9470 9472
f 9471 9976 9978 9473
f 9979 9977 9472 9474
f 9475 9473 9978 9980
f 9981 9979 9474 9476
f 9475 9980 9982 9477
f 9983 9981 9476 9478
f 9477 9982 9984 9479
f 9983 9478 9480 9985
f 9479 9984 9986 9481
f 9987 9985 9480 9482
f 9481 9986 9988 9483
f 9989 9987 9482 9487
f 9488 9483 9988 9990
f 9991 9989 9487 9496
f 9497 9488 9990 9992
f 9491 9490 9993 9994
f 9492 9491 9994 9995
f 9493 9492 9995 9996
f 9997 9991 9496 9505
f 9506 9497 9992 9998
f 9501 9500 9999 10000
f 10000 10001 9993 9501
f 9994 9993 10001 10002
f 9995 9994 10002 10003
f 9996 9995 10003 10004
f 9996 10004 10005 9502
f 9503 9502 10005 10006
f 10007 9997 9505 9511
f 9512 9506 9998 10008
f 10009 10010 9999 9508
f 10000 9999 10010 10011
f 10001 10000 10011 10012
f 10002 10001 10012 10013
f 10003 10002 10013 10014
f 10004 10003 10014 10015
f 10005 10004 10015 10016
f 10006 10005 10016 10017
f 10006 10017 10018 9509
f 10019 10007 9511 9517
f 9518 9512 10008 10020
f 10021 10022 10009 9514
f 10010 10009 10022 10023
f 10023 10495 10011 10010
f 10015 10499 10024 10016
f 10017 10016 10024 10025
f 10018 10017 10025 10026
f 10018 10026 10027 9515
f 10028 10019 9517 9524
f 9525 9518 10020 10029
f 10030 10031 10021 9520
f 10022 10021 10031 10032
f 10032 10502 10023 10022
f 10025 10509 10033 10026
f 10027 10026 10033 10034
f 10027 10034 10035 9521
f 10036 10028 9524 9530
f 9531 9525 10029 10037
f 10038 10039 10030 9527
f 10031 10030 10039 10040
f 10040 10512 10032 10031
f 10033 10521 10041 10034
f 10035 10034 10041 10042
f 10035 10042 10043 9528
f 10036 9530 9536 10044
f 9537 9531 10037 10045
f 9533 9539 10046 10038
f 10039 10038 10046 10047
f 10040 10039 10047 10048
f 10041 10534 10049 10042
f 10043 10042 10049 10050
f 9540 9534 10043 10050
f 10044 9536 9542 10051
f 9537 10045 10052 9543
f 10053 10054 10046 9539
f 10047 10046 10054 10055
f 10055 10537 10048 10047
f 10050 10049 10056 10057
f 10050 10057 10058 9540
f 10051 9542 9546 10059
f 9543 10052 10060 9547
f 9544 9549 10061 10053
f 10054 10053 10061 10062
f 10062 10547 10055 10054
f 10056 10554 10063 10057
f 10058 10057 10063 10064
f 9550 9545 10058 10064
f 10059 9546 9552 10065
f 9547 10060 10066 9553
f 10067 10068 10061 9549
f 10062 10061 10068 10069
f 10064 10063 10070 10071
f 9555 9550 10064 10071
f 10065 9552 9557 10072
f 9553 10066 10073 9558
f 9554 9560 10074 10067
f 10068 10067 10074 10075
f 10075 10565 10069 10068
f 10070 10570 10076 10071
f 10071 10076 10077 9555
f 10078 10072 9557 9563
f 9558 10073 10079 9564
f 9560 9566 10080 10074
f 10080 10573 10075 10074
f 10076 10580 10081 10077
f 9567 9561 10077 10081
f 10082 10078 9563 9569
f 9570 9564 10079 10083
f 10084 10085 10080 9566
f 10081 10086 10087 9567
f 10088 10082 9569 9573
f 9574 9570 10083 10089
f 9571 9576 10090 10084
f 10085 10084 10090 10091
f 10087 10086 10092 10093
f 9577 9572 10087 10093
f 10094 10088 9573 9578
f 9579 9574 10089 10095
f 9576 9581 10096 10090
f 10091 10090 10096 10097
f 10093 10092 10098 10099
f 9582 9577 10093 10099
f 10100 10094 9578 9584
f 9585 9579 10095 10101
f 10102 10103 10096 9581
f 10097 10096 10103 10104
f 10099 10098 10105 10106
f 9587 9582 10099 10106
f 10107 10100 9584 9589
f 9585 10101 10108 9590
f 9586 9591 10109 10102
f 10103 10102 10109 10110
f 10110 10613 10104 10103
f 10105 10618 10111 10106
f 10106 10111 10112 9587
f 10107 9589 9593 10113
f 9590 10108 10114 9594
f 9591 9595 10115 10109
f 10110 10109 10115 10116
f 10112 10111 10117 10118
f 9596 9592 10112 10118
f 10113 9593 9597 10119
f 9594 10114 10120 9598
f 9595 9600 10121 10115
f 10116 10115 10121 10122
f 10118 10117 10123 10124
f 9601 9596 10118 10124
f 10119 9597 9602 10125
f 9598 10120 10126 9603
f 9600 9604 10127 10121
f 10122 10121 10127 10128
f 10124 10123 10129 10130
f 9605 9601 10124 10130
f 10125 9602 9606 10131
f 9603 10126 10132 9607
f 9604 9608 10133 10127
f 10128 10127 10133 10134
f 10130 10129 10135 10136
f 9609 9605 10130 10136
f 10131 9606 9610 10137
f 9607 10132 10138 9611
f 9608 9612 10139 10133
f 10134 10133 10139 10140
f 10136 10135 10141 10142
f 9613 9609 10136 10142
f 10137 9610 9614 10143
f 9611 10138 10144 9615
f 9612 9616 10145 10139
f 10140 10139 10145 10146
f 10147 10653 10140 10146
f 10142 10141 10148 10149
f 9617 9613 10142 10149
f 10143 9614 9618 10150
f 9615 10144 10151 9619
f 9616 9620 10152 10145
f 10146 10145 10152 10153
f 10147 10146 10153 10154
f 10148 10667 10155 10156
f 10149 10148 10156 9621
f 10150 9618 9623 10157
f 9619 10151 10158 9624
f 10159 10153 10152 9626
f 10154 10153 10159 10160
f 10156 10155 10161 10162
f 9627 9621 10156 10162
f 10157 9623 9629 10163
f 9624 10158 10164 9630
f 9626 9632 10165 10159
f 10160 10159 10165 10166
f 10162 10161 10167 10168
f 9633 9627 10162 10168
f 10163 9629 9635 10169
f 9630 10164 10170 9636
f 9632 9637 10171 10165
f 10166 10165 10171 10172
f 10173 10688 10166 10172
f 10167 10697 10174 10175
f 10168 10167 10175 9638
f 10169 9635 9640 10176
f 9636 10170 10177 9641
f 10178 10172 10171 9643
f 10173 10172 10178 10179
f 10175 10174 10180 10181
f 9644 9638 10175 10181
f 10176 9640 9646 10182
f 10177 10183 9647 9641
f 9643 9649 10184 10178
f 10179 10178 10184 10185
f 10186 10714 10179 10185
f 10180 10729 10187 10188
f 10181 10180 10188 10189
f 9650 9644 10181 10189
f 10182 9646 9652 10190
f 9647 10183 10191 9653
f 10192 10185 10184 9656
f 10186 10185 10192 10193
f 10194 10732 10186 10193
f 10187 10745 10195 10196
f 10188 10187 10196 10197
f 10189 10188 10197 9657
f 10190 9652 9659 10198
f 9653 10191 10199 9660
f 9656 9662 10200 10192
f 10193 10192 10200 10201
f 10194 10193 10201 10202
f 10203 10748 10194 10202
f 10195 10759 10204 10205
f 10196 10195 10205 10206
f 10197 10196 10206 10207
f 9663 9657 10197 10207
f 10198 9659 9665 10208
f 9660 10199 10209 9666
f 9662 9668 10210 10200
f 10201 10200 10210 10211
f 10202 10201 10211 10212
f 10203 10202 10212 10213
f 10214 10762 10203 10213
f 10204 10771 10216 10217
f 10205 10204 10217 10218
f 10206 10205 10218 10219
f 10207 10206 10219 10220
f 9669 9663 10207 10220
f 10208 9665 9671 10221
f 9666 10209 10222 9672
f 9674 9675 10211 10210
f 10223 10212 10211 9675
f 10213 10212 10223 10224
f 10214 10213 10224 10225
f 10226 10774 10214 10225
f 10215 10780 10230 10231
f 10216 10215 10231 10232
f 10217 10216 10232 10233
f 10218 10217 10233 10234
f 10219 10218 10234 9676
f 9676 9677 10220 10219
f 10221 9671 9679 10235
f 9672 10222 10236 9680
f 9675 9683 10237 10223
f 10224 10223 10237 10238
f 10225 10224 10238 10239
f 10226 10225 10239 10240
f 10227 10226 10240 10241
f 10228 10227 10241 10242
f 10243 10783 10228 10242
f 10229 10784 10244 10245
f 10230 10229 10245 10246
f 10231 10230 10246 10247
f 10232 10231 10247 10248
f 10233 10232 10248 10249
f 10234 10233 10249 10250
f 9684 9676 10234 10250
f 10251 10235 9679 9687
f 9688 9680 10236 10252
f 10254 10238 10237 9691
f 10239 10238 10254 10255
f 10240 10239 10255 10256
f 10241 10240 10256 10257
f 10242 10241 10257 10258
f 10243 10242 10258 10259
f 10244 10243 10259 10260
f 10245 10244 10260 10261
f 10246 10245 10261 10262
f 10247 10246 10262 10263
f 10248 10247 10263 10264
f 10249 10248 10264 10265
f 10250 10249 10265 9692
f 10267 10251 9687 9695
f 9696 9688 10252 10268
f 10270 10255 10254 9700
f 10256 10255 10270 10271
f 10257 10256 10271 10272
f 10258 10257 10272 10273
f 10259 10258 10273 10274
f 10260 10259 10274 10275
f 10261 10260 10275 10276
f 10262 10261 10276 10277
f 10263 10262 10277 10278
f 10264 10263 10278 10279
f 10265 10264 10279 9701
f 10281 10267 9695 9705
f 9706 9696 10268 10282
f 10284 10271 10270 9710
f 10272 10271 10284 10285
f 10273 10272 10285 10286
f 10274 10273 10286 10287
f 10275 10274 10287 10288
f 10276 10275 10288 10289
f 10277 10276 10289 10290
f 10278 10277 10290 10291
f 10279 10278 10291 9711
f 10293 10281 9705 9715
f 10282 10283 9717 9716
f 9717 10283 10294
f 9721 9722 10285 10284
f 10295 10286 10285 9722
f 10287 10286 10295 10296
f 10288 10287 10296 10297
f 10289 10288 10297 9723
f 9723 9724 10290 10289
f 9724 9725 10291 10290
f 10298 10292 9729
f 10292 10293 9730 9729
f 9716 9717 9732 9731
f 9732 9717 10294 10299
f 9738 9739 10296 10295
f 9739 9740 10297 10296
f 10300 10298 9729 9747
f 9729 9730 9748 9747
f 9749 9732 10299 10301
f 10302 10300 9747 9762
f 10301 10303 9763 9749
f 9775 10304 10302 9762
f 10303 10305 9776 9763
f 10304 9775 9787 10306
f 9788 9776 10305 10307
f 10308 10306 9787 9797
f 10307 10309 9798 9788
f 9803 10310 10308 9797
f 10309 10311 9804 9798
f 10310 9803 9805 10312
f 9806 9804 10311 10313
f 10314 10312 9805 9807
f 10313 10315 9808 9806
f 9809 10316 10314 9807
f 9808 10315 10317 9810
f 10316 9809 9811 10318
f 9812 9810 10317 10319
f 10318 9811 9813 10320
f 9814 9812 10319 10321
f 9813 9815 10322 10320
f 9814 10321 10323 9816
f 10322 9815 9817 10324
f 9816 10323 10325 9818
f 10324 9817 9819 10326
f 9820 9818 10325 10327
f 10326 9819 9821 10328
f 9822 9820 10327 10329
f 9821 9823 10330 10328
f 9824 9822 10329 10331
f 10330 9823 9825 10332
f 9826 9824 10331 10333
f 9825 9827 10334 10332
f 9828 9826 10333 10335
f 10334 9827 9834 10336
f 9835 9828 10335 10337
f 9829 9838 10339 10340
f 9830 9829 10340 10341
f 9833 9832 10343 10344
f 9841 9833 10344 10345
f 10336 9845 10347
f 9835 10337 10348 9846
f 9836 9851 10350 10351
f 10338 9837 9836 10351
f 10338 10339 9838 9837
f 10340 10352 10341
f 9852 9839 10341 10352
f 9853 10353 10342 9840
f 10343 9840 10342
f 10345 10346 9842 9841
f 9843 9842 10346 10354
f 9854 9843 10354 10355
f 10347 9845 9859 10357
f 10358 9846 10348 10845
f 9848 9865 10364 10365
f 9849 9848 10365 10366
f 10349 9850 9849 10366
f 10349 10350 9851 9850
f 9866 10352 10367
f 9853 9870 10369 10353
f 10355 10356 9855 9854
f 9856 9855 10356 10370
f 9857 9856 10370 10371
f 9871 9857 10371 10372
f 10357 9859 9877 10378
f 9860 10358 10858 10359
f 10359 10360 9861 9860
f 10360 10361 9862 9861
f 10361 10362 9863 9862
f 10362 10363 9864 9863
f 10363 10364 9865 9864
f 9878 9866 10367 10379
f 9867 9879 10384 10380
f 10368 9868 9867 10380
f 9868 10368 10381 9880
f 9870 9881 10382 10369
f 10372 10373 9872 9871
f 10373 10374 9873 9872
f 10374 10375 9874 9873
f 10375 10376 9875 9874
f 10376 10377 9876 9875
f 10377 10378 9877 9876
f 9882 10379 10383
f 9879 9883 10389 10384
f 9880 10381 10385 9884
f 9881 10386 10382
f 9886 9882 10383 10387
f 9884 10385 10390 9890
f 9885 9891 10391 10386
f 9892 9886 10387 10392
f 9887 9896 10393 10394
f 9888 9887 10394 10395
f 10388 9889 9888 10395
f 10389 9889 10388
f 9890 10390 10396 9897
f 9891 9898 10397 10391
f 10392 10398 10404 10399
f 9899 9892 10392 10399
f 9895 9894 10400 10401
f 10393 9896 9895 10401
f 9897 10396 10402 9901
f 9902 10403 10397 9898
f 10399 10404 10405 9899
f 9900 9899 10405 10406
f 9900 10406 10903 10400
f 9903 9901 10402 10407
f 9902 10408 10403
f 9905 9903 10407 10409
f 9904 10410 10408
f 9905 10409 10411 9907
f 9906 10412 10410
f 9907 10411 10413 9909
f 9908 10414 10412
f 10415 9909 10413
f 9910 10418 10914 10414
f 9911 10415 10416
f 10416 10417 9912 9911
f 10418 9912 10417
f 9926 9913 9927
f 9927 9913 9914 10419
f 10420 10419 9914 9915
f 10421 10420 9915 9916
f 10422 10421 9916 9917
f 10423 10422 9917 9918
f 10424 10423 9918 9919
f 10425 10424 9919 9920
f 10426 10425 9920 9921
f 9921 9922 9928 10426
f 9922 9923 9929 9928
f 9923 9930 9929
f 10427 10440 9935 9936
f 10428 10427 9936 9924
f 10429 10428 9924 9925
f 10430 10429 9925 9926
f 10431 10430 9926 9927
f 10431 9927 10419
f 10432 10426 9928
f 10433 10432 9928 9929
f 10434 10433 9929 9930
f 10435 10434 9930 9931
f 9937 10436 10435 9931
f 9938 10441 10436 9937
f 9932 10437 10445 9943
f 10438 10437 9932 9933
f 10439 10438 9933 9934
f 10440 10439 9934 9935
f 10442 10441 9938 9939
f 10443 10442 9939 9940
f 10444 10443 9940 9941
f 9944 10448 10444 9941
f 9946 9942 9947
f 9947 9942 9943 10445
f 10449 10448 9944 9945
f 9948 10453 10449 9945
f 9946 10450 10454 9950
f 10451 10450 9946 9947
f 10451 9947 10445 10939
f 9948 9949 9951 10453
f 9949 9952 9951
f 9950 10454 10456 9954
f 10455 10950 10453 9951
f 9951 9952 9955 10455
f 9952 9956 9955
f 9957 9953 9958
f 9958 9953 9954 10456
f 10457 10953 10455 9955
f 9955 9956 9959 10457
f 9956 9960 9959
f 9961 9957 9958 10458
f 10458 9958 10456 10954
f 10459 10955 10457 9959
f 9959 9960 9962 10459
f 9961 10458 10460 9963
f 10461 10459 9962 9964
f 10462 9965 9966
f 10462 9966 9963 10460
f 10464 10461 9964 9967
f 9964 9968 9967
f 9969 9965 10462 10465
f 10466 10464 9967
f 9967 9968 9970 10466
f 9969 10465 10467 9971
f 10468 10466 9970 9972
f 9973 9971 10467 10469
f 10470 10468 9972 9974
f 9972 9975 9974
f 9973 10469 10471 9976
f 10472 10470 9974
f 9974 9975 9977 10472
f 9978 9976 10471 10473
f 10474 10472 9977 9979
f 9980 9978 10473 10475
f 10476 10474 9979 9981
f 9980 10475 10477 9982
f 10478 10476 9981 9983
f 9984 9982 10477 10479
f 10480 10478 9983 9985
f 9986 9984 10479 10481
f 10482 10480 9985 9987
f 9988 9986 10481 10483
f 10484 10482 9987 9989
f 9990 9988 10483 10485
f 10486 10484 9989 9991
f 9992 9990 10485 10487
f 10488 10486 9991 9997
f 9992 10487 10489 9998
f 10491 10488 9997 10007
f 9998 10489 10492 10008
f 10493 10491 10007 10019
f 10492 10494 10020 10008
f 10012 10011 10495 10496
f 10013 10012 10496 10497
f 10014 10013 10497 10498
f 10015 10014 10498 10499
f 10500 10493 10019 10028
f 10020 10494 10501 10029
f 10502 10503 10495 10023
f 10496 10495 10503 10504
f 10497 10496 10504 10505
f 10498 10497 10505 10506
f 10499 10498 10506 10507
f 10499 10507 10508 10024
f 10025 10024 10508 10509
f 10510 10500 10028 10036
f 10501 10511 10037 10029
f 10512 10513 10502 10032
f 10503 10502 10513 10514
f 10504 10503 10514 10515
f 10505 10504 10515 10516
f 10506 10505 10516 10517
f 10507 10506 10517 10518
f 10508 10507 10518 10519
f 10509 10508 10519 10520
f 10509 10520 10521 10033
f 10522 10510 10036 10044
f 10037 10511 10523 10045
f 10040 10048 10524 10512
f 10513 10512 10524 10525
f 10514 10513 10525 10526
f 10515 10514 10526 10527
f 10516 10515 10527 10528
f 10517 10516 10528 10529
f 10518 10517 10529 10530
f 10519 10518 10530 10531
f 10520 10519 10531 10532
f 10521 10520 10532 10533
f 10521 10533 10534 10041
f 10535 10522 10044 10051
f 10045 10523 10536 10052
f 10537 10538 10524 10048
f 10525 10524 10538 10539
f 10526 10525 10539 10540
f 10540 11002 10527 10526
f 10530 11005 10541 10531
f 10532 10531 10541 10542
f 10533 10532 10542 10543
f 10534 10533 10543 10544
f 10056 10049 10534 10544
f 10545 10535 10051 10059
f 10060 10052 10536 10546
f 10547 10548 10537 10055
f 10538 10537 10548 10549
f 10539 10538 10549 10550
f 10550 11008 10540 10539
f 10541 11013 10551 10542
f 10543 10542 10551 10552
f 10544 10543 10552 10553
f 10544 10553 10554 10056
f 10555 10545 10059 10065
f 10066 10060 10546 10556
f 10062 10069 10557 10547
f 10548 10547 10557 10558
f 10549 10548 10558 10559
f 10559 11016 10550 10549
f 10551 11023 10560 10552
f 10553 10552 10560 10561
f 10554 10553 10561 10562
f 10070 10063 10554 10562
f 10563 10555 10065 10072
f 10073 10066 10556 10564
f 10565 10566 10557 10069
f 10558 10557 10566 10567
f 10567 11026 10559 10558
f 10560 11035 10568 10561
f 10562 10561 10568 10569
f 10562 10569 10570 10070
f 10571 10563 10072 10078
f 10079 10073 10564 10572
f 10573 10574 10565 10075
f 10566 10565 10574 10575
f 10567 10566 10575 10576
f 10569 10568 10577 10578
f 10570 10569 10578 10579
f 10570 10579 10580 10076
f 10581 10571 10078 10082
f 10083 10079 10572 10582
f 10080 10085 10583 10573
f 10574 10573 10583 10584
f 10575 10574 10584 10585
f 10585 11050 10576 10575
f 10577 11061 10586 10578
f 10579 10578 10586 10587
f 10580 10579 10587 10588
f 10086 10081 10580 10588
f 10589 10581 10082 10088
f 10089 10083 10582 10590
f 10085 10091 10591 10583
f 10584 10583 10591 10592
f 10585 10584 10592 10593
f 10587 10586 10594 10595
f 10588 10587 10595 10596
f 10092 10086 10588 10596
f 10597 10589 10088 10094
f 10095 10089 10590 10598
f 10091 10097 10599 10591
f 10592 10591 10599 10600
f 10593 10592 10600 10601
f 10595 10594 10602 10603
f 10596 10595 10603 10604
f 10098 10092 10596 10604
f 10605 10597 10094 10100
f 10095 10598 10606 10101
f 10097 10104 10607 10599
f 10600 10599 10607 10608
f 10608 11092 10601 10600
f 10602 11105 10609 10603
f 10604 10603 10609 10610
f 10105 10098 10604 10610
f 10611 10605 10100 10107
f 10101 10606 10612 10108
f 10613 10614 10607 10104
f 10608 10607 10614 10615
f 10610 10609 10616 10617
f 10610 10617 10618 10105
f 10619 10611 10107 10113
f 10114 10108 10612 10620
f 10110 10116 10621 10613
f 10614 10613 10621 10622
f 10615 10614 10622 10623
f 10617 10616 10624 10625
f 10618 10617 10625 10626
f 10117 10111 10618 10626
f 10627 10619 10113 10119
f 10120 10114 10620 10628
f 10116 10122 10629 10621
f 10622 10621 10629 10630
f 10623 10622 10630 10631
f 10625 10624 10632 10633
f 10626 10625 10633 10634
f 10123 10117 10626 10634
f 10635 10627 10119 10125
f 10126 10120 10628 10636
f 10122 10128 10637 10629
f 10630 10629 10637 10638
f 10631 10630 10638 10639
f 10633 10632 10640 10641
f 10634 10633 10641 10642
f 10129 10123 10634 10642
f 10643 10635 10125 10131
f 10132 10126 10636 10644
f 10128 10134 10645 10637
f 10638 10637 10645 10646
f 10639 10638 10646 10647
f 10641 10640 10648 10649
f 10642 10641 10649 10650
f 10135 10129 10642 10650
f 10651 10643 10131 10137
f 10138 10132 10644 10652
f 10134 10140 10653 10645
f 10646 10645 10653 10654
f 10647 10646 10654 10655
f 10649 10648 10656 10657
f 10650 10649 10657 10658
f 10141 10135 10650 10658
f 10659 10651 10137 10143
f 10144 10138 10652 10660
f 10661 10654 10653 10147
f 10655 10654 10661 10662
f 10663 11188 10655 10662
f 10656 11201 10664 10665
f 10657 10656 10665 10666
f 10658 10657 10666 10667
f 10148 10141 10658 10667
f 10668 10659 10143 10150
f 10151 10144 10660 10669
f 10147 10154 10670 10661
f 10662 10661 10670 10671
f 10663 10662 10671 10672
f 10665 10664 10673 10674
f 10666 10665 10674 10675
f 10667 10666 10675 10155
f 10676 10668 10150 10157
f 10158 10151 10669 10677
f 10154 10160 10678 10670
f 10671 10670 10678 10679
f 10672 10671 10679 10680
f 10681 11218 10672 10680
f 10673 11229 10682 10683
f 10674 10673 10683 10684
f 10675 10674 10684 10685
f 10161 10155 10675 10685
f 10686 10676 10157 10163
f 10164 10158 10677 10687
f 10160 10166 10688 10678
f 10679 10678 10688 10689
f 10680 10679 10689 10690
f 10681 10680 10690 10691
f 10692 11232 10681 10691
f 10682 11241 10693 10694
f 10683 10682 10694 10695
f 10684 10683 10695 10696
f 10685 10684 10696 10697
f 10167 10161 10685 10697
f 10698 10686 10163 10169
f 10170 10164 10687 10699
f 10700 10689 10688 10173
f 10690 10689 10700 10701
f 10691 10690 10701 10702
f 10692 10691 10702 10703
f 10704 11244 10692 10703
f 10693 11251 10707 10708
f 10694 10693 10708 10709
f 10695 10694 10709 10710
f 10696 10695 10710 10711
f 10697 10696 10711 10174
f 10712 10698 10169 10176
f 10177 10170 10699 10713
f 10173 10179 10714 10700
f 10701 10700 10714 10715
f 10702 10701 10715 10716
f 10703 10702 10716 10717
f 10704 10703 10717 10718
f 10705 10704 10718 10719
f 10720 11254 10705 10719
f 10706 11257 10723 10724
f 10707 10706 10724 10725
f 10708 10707 10725 10726
f 10709 10708 10726 10727
f 10710 10709 10727 10728
f 10711 10710 10728 10729
f 10180 10174 10711 10729
f 10730 10712 10176 10182
f 10713 10731 10183 10177
f 10732 10715 10714 10186
f 10716 10715 10732 10733
f 10717 10716 10733 10734
f 10718 10717 10734 10735
f 10719 10718 10735 10736
f 10720 10719 10736 10737
f 10721 10720 10737 10738
f 10722 10721 10738 10739
f 10723 10722 10739 10740
f 10724 10723 10740 10741
f 10725 10724 10741 10742
f 10726 10725 10742 10743
f 10727 10726 10743 10744
f 10728 10727 10744 10745
f 10729 10728 10745 10187
f 10746 10730 10182 10190
f 10183 10731 10747 10191
f 10748 10733 10732 10194
f 10734 10733 10748 10749
f 10735 10734 10749 10750
f 10736 10735 10750 10751
f 10737 10736 10751 10752
f 10738 10737 10752 10753
f 10739 10738 10753 10754
f 10740 10739 10754 10755
f 10741 10740 10755 10756
f 10742 10741 10756 10757
f 10743 10742 10757 10758
f 10744 10743 10758 10759
f 10745 10744 10759 10195
f 10760 10746 10190 10198
f 10199 10191 10747 10761
f 10762 10749 10748 10203
f 10750 10749 10762 10763
f 10751 10750 10763 10764
f 10752 10751 10764 10765
f 10753 10752 10765 10766
f 10754 10753 10766 10767
f 10755 10754 10767 10768
f 10756 10755 10768 10769
f 10757 10756 10769 10770
f 10758 10757 10770 10771
f 10759 10758 10771 10204
f 10772 10760 10198 10208
f 10209 10199 10761 10773
f 10774 10763 10762 10214
f 10764 10763 10774 10775
f 10765 10764 10775 10776
f 10766 10765 10776 10777
f 10767 10766 10777 10778
f 10768 10767 10778 10779
f 10769 10768 10779 10780
f 10770 10769 10780 10215
f 10215 10216 10771 10770
f 10781 10772 10208 10221
f 10222 10209 10773 10782
f 10226 10227 10775 10774
f 10227 10228 10776 10775
f 10783 10777 10776 10228
f 10778 10777 10783 10784
f 10779 10778 10784 10229
f 10229 10230 10780 10779
f 10785 10781 10221 10235
f 10236 10222 10782 10786
f 10243 10244 10784 10783
f 10788 10785 10235 10251
f 10253 10252 10236 10786
f 10253 10786 10787 10789
f 10790 11273 10788 10266
f 10251 10267 10266 10788
f 10252 10253 10269 10268
f 10269 10253 10789 10791
f 10792 10790 10266 10280
f 10266 10267 10281 10280
f 10268 10269 10283 10282
f 10283 10269 10791 10793
f 10794 10792 10280 10292
f 10280 10281 10293 10292
f 10793 10795 10294 10283
f 10298 10796 10794 10292
f 10795 10797 10299 10294
f 10796 10298 10300 10798
f 10301 10299 10797 10799
f 10800 10798 10300 10302
f 10303 10301 10799 10801
f 10802 10800 10302 10304
f 10801 10803 10305 10303
f 10804 10802 10304 10306
f 10307 10305 10803 10805
f 10806 10804 10306 10308
f 10309 10307 10805 10807
f 10808 10806 10308 10310
f 10807 10809 10311 10309
f 10810 10808 10310 10312
f 10311 10809 10811 10313
f 10314 10812 10810 10312
f 10313 10811 10813 10315
f 10812 10314 10316 10814
f 10315 10813 10815 10317
f 10814 10316 10318 10816
f 10817 10319 10317 10815
f 10320 10818 10816 10318
f 10319 10817 10819 10321
f 10818 10320 10322 10820
f 10321 10819 10821 10323
f 10820 10322 10324 10822
f 10323 10821 10823 10325
f 10822 10324 10326 10824
f 10825 10327 10325 10823
f 10328 10826 10824 10326
f 10327 10825 10827 10329
f 10826 10328 10330 10828
f 10329 10827 10829 10331
f 10830 10828 10330 10332
f 10331 10829 10831 10333
f 10832 10830 10332 10334
f 10333 10831 10833 10335
f 10336 10834 10832 10334
f 10335 10833 10835 10337
f 10834 10336 10347 10844
f 10337 10835 10845 10348
f 10351 10850 10837 10338
f 10837 10838 10339 10338
f 10838 10839 10340 10339
f 10340 10839 10851 10352
f 10342 10353 10852
f 10840 10343 10342 10852
f 10840 10841 10344 10343
f 10841 10842 10345 10344
f 10842 10843 10346 10345
f 10346 10843 10853 10354
f 10844 10347 10357 10857
f 10358 10845 10846 10858
f 10864 10847 10366 10365
f 10847 10848 10349 10366
f 10848 10849 10350 10349
f 10849 10850 10351 10350
f 10352 10851 10865 10367
f 10353 10369 10866 10852
f 10853 10854 10355 10354
f 10854 10855 10356 10355
f 10356 10855 10867 10370
f 10874 10857 10357 10378
f 10858 10859 10360 10359
f 10859 10860 10361 10360
f 10860 10861 10362 10361
f 10861 10862 10363 10362
f 10862 10863 10364 10363
f 10863 10864 10365 10364
f 10875 10379 10367 10865
f 10368 10380 10877 10381
f 10369 10382 10878 10866
f 10867 10868 10371 10370
f 10868 10869 10372 10371
f 10869 10870 10373 10372
f 10870 10871 10374 10373
f 10871 10872 10375 10374
f 10872 10873 10376 10375
f 10873 10874 10377 10376
f 10874 10378 10377
f 10379 10875 10879 10383
f 10384 10880 10876 10380
f 10877 10380 10876
f 10881 10385 10381 10877
f 10382 10386 10882 10878
f 10883 10387 10383 10879
f 10389 10884 10880 10384
f 10385 10881 10885 10390
f 10391 10886 10882 10386
f 10387 10883 10887 10392
f 10388 10395 10888 10889
f 10884 10389 10388 10889
f 10390 10885 10890 10396
f 10391 10397 10892 10886
f 10893 10398 10392 10887
f 10393 10401 10894 10895
f 10394 10393 10895 10896
f 10888 10395 10394 10896
f 10396 10890 10897 10402
f 10403 10898 10891 10397
f 10892 10397 10891 11386
f 10899 10404 10398 10893
f 10894 10401 10400 10903
f 10402 10897 10904 10407
f 10898 10403 10408 10905
f 10404 10899 11393 10900
f 10900 10901 10405 10404
f 10901 10902 10406 10405
f 10903 10406 10902
f 10409 10407 10904 10906
f 10410 10907 10905 10408
f 10411 10409 10906 10908
f 10412 10911 10907 10410
f 10413 10411 10908 10912
f 10914 11405 10910 10414
f 10910 10911 10412 10414
f 10416 10415 10413 10912
f 10912 10913 10417 10416
f 10913 10914 10418 10417
f 10915 10928 10430 10431
f 10916 10915 10431 10419
f 10917 10916 10419 10420
f 10918 10917 10420 10421
f 10919 10918 10421 10422
f 10920 10919 10422 10423
f 10921 10920 10423 10424
f 10922 10921 10424 10425
f 10923 10922 10425 10426
f 10432 10924 10923 10426
f 10433 10929 10924 10432
f 10427 10925 10935 10440
f 10926 10925 10427 10428
f 10927 10926 10428 10429
f 10928 10927 10429 10430
f 10930 10929 10433 10434
f 10931 10930 10434 10435
f 10932 10931 10435 10436
f 10441 10936 10932 10436
f 10445 10437 10446
f 10446 10437 10438 10933
f 10934 10933 10438 10439
f 10935 10934 10439 10440
f 10441 10442 10447 10936
f 10447 10442 10443 10937
f 10938 10937 10443 10444
f 10448 10946 10938 10444
f 10940 10939 10445 10446
f 10940 10446 10933 10941
f 10943 10936 10447 10937
f 10448 10449 10452 10946
f 10449 10453 10452
f 10450 10947 10951 10454
f 10948 10947 10450 10451
f 10948 10451 10939 11431
f 10949 11438 10946 10452
f 10950 10949 10452 10453
f 10454 10951 10954 10456
f 10953 11442 10950 10455
f 10955 11447 10953 10457
f 10458 10954 10956 10460
f 10959 10955 10459 10461
f 10462 10460 10463
f 10463 10460 10956 10960
f 10961 10959 10461 10464
f 10465 10462 10463 10962
f 10962 10463 10960 11453
f 10963 10961 10464 10466
f 10465 10962 10964 10467
f 10965 10963 10466 10468
f 10469 10467 10964 10966
f 10967 10965 10468 10470
f 10469 10966 10968 10471
f 10969 10967 10470 10472
f 10473 10471 10968 10970
f 10971 10969 10472 10474
f 10475 10473 10970 10972
f 10974 10971 10474 10476
f 10475 10972 10975 10477
f 10976 10974 10476 10478
f 10479 10477 10975 10977
f 10978 10976 10478 10480
f 10481 10479 10977 10979
f 10980 10978 10480 10482
f 10483 10481 10979 10981
f 10982 10980 10482 10484
f 10485 10483 10981 10983
f 10985 10982 10484 10486
f 10487 10485 10983 10986
f 10985 10486 10488 10987
f 10489 10487 10490
f 10490 10487 10986 10988
f 10987 10488 10491 10989
f 10492 10489 10490 10990
f 10990 10490 10988 10991
f 10989 10491 10493 10992
f 10990 10993 10494 10492
f 10992 10493 10500 10994
f 10494 10993 10995 10501
f 10996 10994 10500 10510
f 10995 10997 10511 10501
f 10998 10996 10510 10522
f 10511 10997 10999 10523
f 11000 10998 10522 10535
f 10536 10523 10999 11001
f 10528 10527 11002 11003
f 10529 10528 11003 11004
f 10530 10529 11004 11005
f 11006 11000 10535 10545
f 10546 10536 11001 11007
f 11008 11009 11002 10540
f 11003 11002 11009 11010
f 11004 11003 11010 11011
f 11005 11004 11011 11012
f 11005 11012 11013 10541
f 11014 11006 10545 10555
f 10556 10546 11007 11015
f 11016 11017 11008 10550
f 11009 11008 11017 11018
f 11010 11009 11018 11019
f 11011 11010 11019 11020
f 11012 11011 11020 11021
f 11013 11012 11021 11022
f 11013 11022 11023 10551
f 11024 11014 10555 10563
f 10564 10556 11015 11025
f 11026 11027 11016 10559
f 11017 11016 11027 11028
f 11018 11017 11028 11029
f 11019 11018 11029 11030
f 11020 11019 11030 11031
f 11021 11020 11031 11032
f 11022 11021 11032 11033
f 11023 11022 11033 11034
f 11023 11034 11035 10560
f 11036 11024 10563 10571
f 10572 10564 11025 11037
f 10567 10576 11038 11026
f 11027 11026 11038 11039
f 11028 11027 11039 11040
f 11029 11028 11040 11041
f 11030 11029 11041 11042
f 11031 11030 11042 11043
f 11032 11031 11043 11044
f 11033 11032 11044 11045
f 11034 11033 11045 11046
f 11035 11034 11046 11047
f 10577 10568 11035 11047
f 11048 11036 10571 10581
f 10582 10572 11037 11049
f 11050 11051 11038 10576
f 11039 11038 11051 11052
f 11040 11039 11052 11053
f 11041 11040 11053 11054
f 11042 11041 11054 11055
f 11043 11042 11055 11056
f 11044 11043 11056 11057
f 11045 11044 11057 11058
f 11046 11045 11058 11059
f 11047 11046 11059 11060
f 11047 11060 11061 10577
f 11062 11048 10581 10589
f 10590 10582 11049 11063
f 10585 10593 11064 11050
f 11051 11050 11064 11065
f 11052 11051 11065 11066
f 11053 11052 11066 11067
f 11054 11053 11067 11068
f 11055 11054 11068 11069
f 11056 11055 11069 11070
f 11057 11056 11070 11071
f 11058 11057 11071 11072
f 11059 11058 11072 11073
f 11060 11059 11073 11074
f 11061 11060 11074 11075
f 10594 10586 11061 11075
f 11076 11062 10589 10597
f 10590 11063 11077 10598
f 10593 10601 11078 11064
f 11065 11064 11078 11079
f 11066 11065 11079 11080
f 11067 11066 11080 11081
f 11068 11067 11081 11082
f 11069 11068 11082 11083
f 11070 11069 11083 11084
f 11071 11070 11084 11085
f 11072 11071 11085 11086
f 11073 11072 11086 11087
f 11074 11073 11087 11088
f 11075 11074 11088 11089
f 10602 10594 11075 11089
f 11090 11076 10597 10605
f 10598 11077 11091 10606
f 11092 11093 11078 10601
f 11079 11078 11093 11094
f 11080 11079 11094 11095
f 11081 11080 11095 11096
f 11082 11081 11096 11097
f 11083 11082 11097 11098
f 11084 11083 11098 11099
f 11085 11084 11099 11100
f 11086 11085 11100 11101
f 11087 11086 11101 11102
f 11088 11087 11102 11103
f 11089 11088 11103 11104
f 11089 11104 11105 10602
f 11106 11090 10605 10611
f 10612 10606 11091 11107
f 10608 10615 11108 11092
f 11093 11092 11108 11109
f 11094 11093 11109 11110
f 11095 11094 11110 11111
f 11096 11095 11111 11112
f 11097 11096 11112 11113
f 11098 11097 11113 11114
f 11099 11098 11114 11115
f 11100 11099 11115 11116
f 11101 11100 11116 11117
f 11102 11101 11117 11118
f 11103 11102 11118 11119
f 11104 11103 11119 11120
f 11105 11104 11120 11121
f 10616 10609 11105 11121
f 11122 11106 10611 10619
f 10620 10612 11107 11123
f 10615 10623 11124 11108
f 11109 11108 11124 11125
f 11110 11109 11125 11126
f 11111 11110 11126 11127
f 11112 11111 11127 11128
f 11113 11112 11128 11129
f 11114 11113 11129 11130
f 11115 11114 11130 11131
f 11116 11115 11131 11132
f 11117 11116 11132 11133
f 11118 11117 11133 11134
f 11119 11118 11134 11135
f 11120 11119 11135 11136
f 11121 11120 11136 11137
f 10624 10616 11121 11137
f 11138 11122 10619 10627
f 10628 10620 11123 11139
f 10623 10631 11140 11124
f 11125 11124 11140 11141
f 11126 11125 11141 11142
f 11127 11126 11142 11143
f 11128 11127 11143 11144
f 11129 11128 11144 11145
f 11130 11129 11145 11146
f 11131 11130 11146 11147
f 11132 11131 11147 11148
f 11133 11132 11148 11149
f 11134 11133 11149 11150
f 11135 11134 11150 11151
f 11136 11135 11151 11152
f 11137 11136 11152 11153
f 10632 10624 11137 11153
f 11154 11138 10627 10635
f 10636 10628 11139 11155
f 10631 10639 11156 11140
f 11141 11140 11156 11157
f 11142 11141 11157 11158
f 11143 11142 11158 11159
f 11144 11143 11159 11160
f 11145 11144 11160 11161
f 11146 11145 11161 11162
f 11147 11146 11162 11163
f 11148 11147 11163 11164
f 11149 11148 11164 11165
f 11150 11149 11165 11166
f 11151 11150 11166 11167
f 11152 11151 11167 11168
f 11153 11152 11168 11169
f 10640 10632 11153 11169
f 11170 11154 10635 10643
f 10644 10636 11155 11171
f 10639 10647 11172 11156
f 11157 11156 11172 11173
f 11158 11157 11173 11174
f 11159 11158 11174 11175
f 11160 11159 11175 11176
f 11161 11160 11176 11177
f 11162 11161 11177 11178
f 11163 11162 11178 11179
f 11164 11163 11179 11180
f 11165 11164 11180 11181
f 11166 11165 11181 11182
f 11167 11166 11182 11183
f 11168 11167 11183 11184
f 11169 11168 11184 11185
f 10648 10640 11169 11185
f 11186 11170 10643 10651
f 10652 10644 11171 11187
f 10647 10655 11188 11172
f 11173 11172 11188 11189
f 11174 11173 11189 11190
f 11175 11174 11190 11191
f 11176 11175 11191 11192
f 11177 11176 11192 11193
f 11178 11177 11193 11194
f 11179 11178 11194 11195
f 11180 11179 11195 11196
f 11181 11180 11196 11197
f 11182 11181 11197 11198
f 11183 11182 11198 11199
f 11184 11183 11199 11200
f 11185 11184 11200 11201
f 10656 10648 11185 11201
f 11202 11186 10651 10659
f 10660 10652 11187 11203
f 11204 11189 11188 10663
f 11190 11189 11204 11205
f 11191 11190 11205 11206
f 11192 11191 11206 11207
f 11193 11192 11207 11208
f 11194 11193 11208 11209
f 11195 11194 11209 11210
f 11196 11195 11210 11211
f 11197 11196 11211 11212
f 11198 11197 11212 11213
f 11199 11198 11213 11214
f 11200 11199 11214 11215
f 11201 11200 11215 10664
f 11216 11202 10659 10668
f 10669 10660 11203 11217
f 10663 10672 11218 11204
f 11205 11204 11218 11219
f 11206 11205 11219 11220
f 11207 11206 11220 11221
f 11208 11207 11221 11222
f 11209 11208 11222 11223
f 11210 11209 11223 11224
f 11211 11210 11224 11225
f 11212 11211 11225 11226
f 11213 11212 11226 11227
f 11214 11213 11227 11228
f 11215 11214 11228 11229
f 10673 10664 11215 11229
f 11230 11216 10668 10676
f 10677 10669 11217 11231
f 11232 11219 11218 10681
f 11220 11219 11232 11233
f 11221 11220 11233 11234
f 11222 11221 11234 11235
f 11223 11222 11235 11236
f 11224 11223 11236 11237
f 11225 11224 11237 11238
f 11226 11225 11238 11239
f 11227 11226 11239 11240
f 11228 11227 11240 11241
f 11229 11228 11241 10682
f 11242 11230 10676 10686
f 10687 10677 11231 11243
f 11244 11233 11232 10692
f 11234 11233 11244 11245
f 11235 11234 11245 11246
f 11236 11235 11246 11247
f 11237 11236 11247 11248
f 11238 11237 11248 11249
f 11239 11238 11249 11250
f 11240 11239 11250 11251
f 11241 11240 11251 10693
f 11252 11242 10686 10698
f 10699 10687 11243 11253
f 10704 10705 11245 11244
f 11254 11246 11245 10705
f 11247 11246 11254 11255
f 11248 11247 11255 11256
f 11249 11248 11256 11257
f 11250 11249 11257 10706
f 10706 10707 11251 11250
f 11258 11252 10698 10712
f 10713 10699 11253 11259
f 10720 10721 11255 11254
f 10721 10722 11256 11255
f 10722 10723 11257 11256
f 11260 11258 10712 10730
f 10731 10713 11259 11261
f 11262 11260 10730 10746
f 10747 10731 11261 11263
f 11264 11262 10746 10760
f 10761 10747 11263 11265
f 11266 11264 10760 10772
f 10773 10761 11265 11267
f 11268 11266 10772 10781
f 10782 10773 11267 11269
f 11270 11268 10781 10785
f 10787 10786 10782 11269
f 10787 11269 11271
f 11273 11270 10785 10788
f 10789 10787 11271 11274
f 11275 11272 11273 10790
f 10791 10789 11274 11276
f 11277 11275 10790 10792
f 10793 10791 11276 11278
f 11279 11277 10792 10794
f 10795 10793 11278 11280
f 11282 11279 10794 10796
f 11280 11283 10797 10795
f 11286 11282 10796 10798
f 11283 11287 10799 10797
f 10800 11289 11286 10798
f 10801 10799 11287 11290
f 11291 11289 10800 10802
f 11290 11292 10803 10801
f 11293 11291 10802 10804
f 10803 11292 11294 10805
f 11295 11293 10804 10806
f 10805 11294 11296 10807
f 11297 11295 10806 10808
f 10807 11296 11298 10809
f 11297 10808 10810 11299
f 10809 11298 11300 10811
f 11299 10810 10812 11301
f 10811 11300 11302 10813
f 11301 10812 10814 11303
f 10813 11302 11304 10815
f 11303 10814 10816 11305
f 10815 11304 11306 10817
f 11307 11305 10816 10818
f 10817 11306 11308 10819
f 11309 11307 10818 10820
f 10819 11308 11310 10821
f 11309 10820 10822 11311
f 10821 11310 11312 10823
f 11311 10822 10824 11313
f 10823 11312 11314 10825
f 11315 11313 10824 10826
f 10825 11314 11316 10827
f 11317 11315 10826 10828
f 10827 11316 11318 10829
f 11317 10828 10830 11319
f 10829 11318 11320 10831
f 11321 11319 10830 10832
f 10831 11320 11322 10833
f 11328 11321 10832 10834
f 11322 10836 10835 10833
f 10836 11322 11323 11329
f 11335 11325 11336 10839
f 11337 11326 11338 10840
f 11345 11328 10834 10844
f 10835 10836 10846 10845
f 10846 10836 11329 11346
f 11353 11332 10849 10848
f 11332 11333 10850 10849
f 11333 11334 10837 10850
f 11334 11335 10838 10837
f 11335 10839 10838
f 11336 11354 10851 10839
f 11355 11337 10840 10852
f 10840 11338 10841
f 11338 11339 10842 10841
f 11339 11340 10843 10842
f 10843 11340 11341 10853
f 10853 11341 11356 10854
f 11364 11344 11345 10856
f 10844 10857 10856 11345
f 10859 10858 10846 11346
f 11346 11347 10860 10859
f 11347 11348 10861 10860
f 11348 11349 10862 10861
f 11349 11350 10863 10862
f 11350 11351 10864 10863
f 11351 11352 10847 10864
f 11352 11353 10848 10847
f 10851 11354 11365 10865
f 10866 11367 11355 10852
f 11356 11357 10855 10854
f 10855 11357 11358 10867
f 11358 11359 10868 10867
f 11359 11360 10869 10868
f 11360 11361 10870 10869
f 11361 11362 10871 10870
f 11362 11363 10872 10871
f 11363 11364 10873 10872
f 10856 10874 10873 11364
f 10857 10874 10856
f 11368 10875 10865 11365
f 11369 11366 11370 10877
f 11371 11367 10866 10878
f 10875 11368 11372 10879
f 10876 10880 11373 11374
f 11374 11369 10877 10876
f 11370 11375 10881 10877
f 10882 11376 11371 10878
f 10879 11372 11377 10883
f 10884 11379 11373 10880
f 10881 11375 11380 10885
f 10886 11381 11376 10882
f 10883 11377 11382 10887
f 11384 11378 10889 10888
f 11378 11379 10884 10889
f 10885 11380 11385 10890
f 11386 11381 10886 10892
f 10887 11382 11387 10893
f 11389 11383 10896 10895
f 11383 11384 10888 10896
f 10890 11385 11390 10897
f 10898 11392 11386 10891
f 10899 10893 11387 11393
f 10903 11396 11388 10894
f 11388 11389 10895 10894
f 11390 11397 10904 10897
f 11400 11392 10898 10905
f 11393 11394 10901 10900
f 11394 11395 10902 10901
f 11395 11396 10903 10902
f 10906 10904 11397 11401
f 11404 11400 10905 10907
f 10909 10908 10906 11401
f 10909 11401 11402 11405
f 11405 11402 11403 10910
f 11403 11404 10911 10910
f 10911 11404 10907
f 10908 10909 10913 10912
f 10914 10913 10909 11405
f 11406 11420 10927 10928
f 11407 11406 10928 10915
f 11408 11407 10915 10916
f 11409 11408 10916 10917
f 11410 11409 10917 10918
f 11411 11410 10918 10919
f 11412 11411 10919 10920
f 11413 11412 10920 10921
f 11414 11413 10921 10922
f 11415 11414 10922 10923
f 11416 11415 10923 10924
f 10929 11417 11416 10924
f 10930 11423 11417 10929
f 10925 11418 11426 10935
f 11419 11418 10925 10926
f 11420 11419 10926 10927
f 11424 11423 10930 10931
f 11425 11424 10931 10932
f 10936 11429 11425 10932
f 10933 10934 10942 10941
f 10942 10934 10935 11426
f 10943 11430 11429 10936
f 11430 10943 10937 10944
f 10937 10938 10945 10944
f 10938 10946 10945
f 11432 11431 10939 10940
f 11433 11432 10940 10941
f 11434 11433 10941 10942
f 11434 10942 11426 11744
f 11436 11435 11430 10944
f 11437 11436 10944 10945
f 11438 11437 10945 10946
f 10951 10947 10952
f 10952 10947 10948 11439
f 11439 10948 11431 11440
f 11441 11754 11438 10949
f 11442 11441 10949 10950
f 10951 11443 10954
f 11444 11443 10951 10952
f 11444 10952 11439 11445
f 11447 11446 11442 10953
f 10956 10954 10957
f 10957 10954 11443 11448
f 11449 11447 10955 10958
f 10955 10959 10958
f 10960 10956 10957 11450
f 11450 10957 11448 11767
f 11451 11770 11449 10958
f 11452 11451 10958 10959
f 10961 11452 10959
f 11453 10960 11450 11454
f 11455 11452 10961 10963
f 10962 11453 11456 10964
f 11459 11455 10963 10965
f 10966 10964 11456 11460
f 11462 11459 10965 10967
f 10966 11460 11463 10968
f 11466 11462 10967 10969
f 10970 10968 11463 11467
f 11469 11466 10969 10971
f 10972 10970 11467 11470
f 11471 11469 10971 10973
f 10971 10974 10973
f 10972 11470 11472 10975
f 11474 11793 11471 10973
f 10973 10974 10976 11474
f 10977 10975 11472 11475
f 11476 11474 10976 10978
f 10979 10977 11475 11477
f 11478 11476 10978 10980
f 10981 10979 11477 11479
f 11480 11478 10980 10982
f 10983 10981 11479 11481
f 11482 11480 10982 10984
f 10982 10985 10984
f 10986 10983 11481 11483
f 11485 11484 11482 10984
f 10984 10985 10987 11485
f 10988 10986 11483 11486
f 11488 11485 10987 10989
f 10991 10988 11486 11489
f 11491 11488 10989 10992
f 10993 10990 10991 11492
f 11492 10991 11489 11493
f 11495 11491 10992 10994
f 10995 10993 11492 11496
f 11499 11495 10994 10996
f 10997 10995 11496 11500
f 11503 11499 10996 10998
f 10999 10997 11500 11504
f 11507 11503 10998 11000
f 11001 10999 11504 11508
f 11510 11507 11000 11006
f 11007 11001 11508 11511
f 11513 11510 11006 11014
f 11015 11007 11511 11514
f 11516 11513 11014 11024
f 11025 11015 11514 11517
f 11518 11516 11024 11036
f 11037 11025 11517 11519
f 11521 11518 11036 11048
f 11049 11037 11519 11522
f 11062 11524 11521 11048
f 11049 11522 11525 11063
f 11527 11524 11062 11076
f 11063 11525 11528 11077
f 11529 11527 11076 11090
f 11091 11077 11528 11530
f 11531 11529 11090 11106
f 11107 11091 11530 11532
f 11533 11531 11106 11122
f 11123 11107 11532 11534
f 11535 11533 11122 11138
f 11139 11123 11534 11536
f 11537 11535 11138 11154
f 11155 11139 11536 11538
f 11539 11537 11154 11170
f 11171 11155 11538 11540
f 11541 11539 11170 11186
f 11187 11171 11540 11542
f 11543 11541 11186 11202
f 11203 11187 11542 11544
f 11545 11543 11202 11216
f 11217 11203 11544 11546
f 11547 11545 11216 11230
f 11231 11217 11546 11548
f 11549 11547 11230 11242
f 11243 11231 11548 11550
f 11551 11549 11242 11252
f 11253 11243 11550 11552
f 11553 11551 11252 11258
f 11259 11253 11552 11554
f 11555 11553 11258 11260
f 11261 11259 11554 11556
f 11557 11555 11260 11262
f 11263 11261 11556 11558
f 11559 11557 11262 11264
f 11265 11263 11558 11560
f 11561 11559 11264 11266
f 11267 11265 11560 11562
f 11563 11561 11266 11268
f 11269 11267 11562 11564
f 11566 11563 11268 11270
f 11564 11567 11271 11269
f 11569 11566 11272
f 11270 11273 11272 11566
f 11567 11570 11274 11271
f 11571 11569 11272 11275
f 11276 11274 11570 11572
f 11573 11571 11275 11277
f 11278 11276 11572 11574
f 11575 11573 11277 11279
f 11281 11280 11278 11574
f 11281 11574 11922 11576
f 11577 11575 11279 11282
f 11280 11281 11284 11283
f 11284 11281 11576 11578
f 11579 11925 11577 11285
f 11282 11286 11285 11577
f 11287 11283 11284
f 11287 11284 11578 11580
f 11581 11579 11285 11288
f 11285 11286 11289 11288
f 11290 11287 11580 11582
f 11583 11581 11288 11291
f 11289 11291 11288
f 11582 11584 11292 11290
f 11585 11583 11291 11293
f 11292 11584 11586 11294
f 11295 11587 11585 11293
f 11296 11294 11586 11588
f 11589 11587 11295 11297
f 11298 11296 11588 11590
f 11591 11589 11297 11299
f 11300 11298 11590 11592
f 11593 11591 11299 11301
f 11302 11300 11592 11594
f 11595 11593 11301 11303
f 11304 11302 11594 11596
f 11597 11595 11303 11305
f 11304 11596 11598 11306
f 11600 11597 11305 11307
f 11306 11598 11601 11308
f 11603 11600 11307 11309
f 11310 11308 11601 11604
f 11605 11603 11309 11311
f 11312 11310 11604 11606
f 11607 11605 11311 11313
f 11314 11312 11606 11608
f 11611 11607 11313 11315
f 11314 11608 11612 11316
f 11617 11611 11315 11317
f 11318 11316 11612 11618
f 11624 11617 11317 11319
f 11320 11318 11618 11625
f 11635 11624 11319 11321
f 11322 11320 11323
f 11324 11323 11320 11625
f 11324 11625 11626 11636
f 11661 11635 11321 11327
f 11321 11328 11327
f 11323 11324 11330 11329
f 11331 11330 11324 11636
f 11331 11636 11637 11662
f 11667 11643 11333 11332
f 11643 11644 11334 11333
f 11644 11645 11335 11334
f 11645 11646 11325 11335
f 11325 11646 11647 11336
f 11336 11647 11668
f 11337 11670 11649 11326
f 11326 11649 11650 11338
f 11650 11651 11339 11338
f 11651 11652 11340 11339
f 11340 11652 11671 11341
f 11677 11659 11660 11342
f 11660 11661 11343 11342
f 11327 11344 11343 11661
f 11327 11328 11345 11344
f 11329 11330 11347 11346
f 11330 11331 11348 11347
f 11349 11348 11331 11662
f 11662 11663 11350 11349
f 11663 11664 11351 11350
f 11664 11665 11352 11351
f 11665 11666 11353 11352
f 11666 11667 11332 11353
f 11354 11336 11668 11678
f 11355 11679 11670 11337
f 11341 11671 11672 11356
f 11672 11673 11357 11356
f 11673 11674 11358 11357
f 11674 11675 11359 11358
f 11675 11676 11360 11359
f 11676 11677 11361 11360
f 11342 11362 11361 11677
f 11342 11343 11363 11362
f 11343 11344 11364 11363
f 11354 11678 11680 11365
f 11682 11679 11355 11367
f 11365 11680 11683 11368
f 11369 11685 11681 11366
f 11366 11681 11686 11370
f 11371 11687 11682 11367
f 11372 11368 11683 11688
f 11691 11685 11369 11374
f 11370 11686 11692 11375
f 11694 11687 11371 11376
f 11372 11688 11695 11377
f 11379 11699 11691 11373
f 11691 11374 11373
f 11692 11700 11380 11375
f 11702 11694 11376 11381
f 11377 11695 11703 11382
f 11384 11709 11698 11378
f 11698 11699 11379 11378
f 11385 11380 11700 11710
f 11715 11702 11381 11386
f 11387 11382 11703 11716
f 11719 11707 11389 11388
f 11707 11708 11383 11389
f 11708 11709 11384 11383
f 11391 11390 11385 11710
f 11391 11710 11711 11720
f 11723 11715 11386 11392
f 11394 11393 11387 11716
f 11716 11717 11395 11394
f 11717 11718 11396 11395
f 11718 11719 11388 11396
f 11397 11390 11391
f 11398 11397 11391 11720
f 11398 11720 11721 11724
f 11724 11721 11722 11399
f 11722 11723 11400 11399
f 11400 11723 11392
f 11397 11398 11402 11401
f 11403 11402 11398 11724
f 11399 11404 11403 11724
f 11400 11404 11399
f 11420 11406 11421
f 11421 11406 11407 11725
f 11726 11725 11407 11408
f 11727 11726 11408 11409
f 11728 11727 11409 11410
f 11729 11728 11410 11411
f 11730 11729 11411 11412
f 11731 11730 11412 11413
f 11732 11731 11413 11414
f 11733 11732 11414 11415
f 11734 11733 11415 11416
f 11416 11417 11422 11734
f 11417 11423 11422
f 11426 11418 11427
f 11427 11418 11419 11735
f 11736 11735 11419 11420
f 11737 11736 11420 11421
f 11737 11421 11725 11738
f 11741 11740 11734 11422
f 11742 11741 11422 11423
f 11743 11742 11423 11424
f 11424 11425 11428 11743
f 11425 11429 11428
f 11745 11744 11426 11427
f 11745 11427 11735 12105
f 11746 12114 11743 11428
f 11747 11746 11428 11429
f 11429 11430 11435 11747
f 11440 11431 11432 11748
f 11749 11748 11432 11433
f 11750 11749 11433 11434
f 11750 11434 11744 12115
f 11751 12122 11747 11435
f 11752 11751 11435 11436
f 11753 11752 11436 11437
f 11754 11753 11437 11438
f 11445 11439 11440 11755
f 11755 11440 11748 11756
f 11760 11759 11754 11441
f 11441 11442 11446 11760
f 11448 11443 11444 11761
f 11762 11761 11444 11445
f 11762 11445 11755 11763
f 11766 11765 11760 11446
f 11446 11447 11449 11766
f 11767 11448 11761 11768
f 11770 11769 11766 11449
f 11454 11450 11767 11771
f 11773 11772 11770 11451
f 11451 11452 11455 11773
f 11456 11453 11457
f 11457 11453 11454 11774
f 11774 11454 11771 11775
f 11776 11773 11455 11458
f 11455 11459 11458
f 11460 11456 11457 11777
f 11777 11457 11774 11778
f 11780 11779 11776 11458
f 11458 11459 11461 11780
f 11459 11462 11461
f 11463 11460 11464
f 11464 11460 11777 11781
f 11783 11780 11461 11465
f 11461 11462 11466 11465
f 11463 11464 11468 11467
f 11468 11464 11781 11784
f 11786 11785 11783 11465
f 11465 11466 11469 11786
f 11470 11467 11468 11787
f 11787 11468 11784 11788
f 11790 11786 11469 11471
f 11472 11470 11473
f 11473 11470 11787 11791
f 11793 11792 11790 11471
f 11475 11472 11473 11794
f 11794 11473 11791 11795
f 11797 11793 11474 11476
f 11477 11475 11794 11798
f 11801 11797 11476 11478
f 11479 11477 11798 11802
f 11804 11801 11478 11480
f 11481 11479 11802 11805
f 11808 11804 11480 11482
f 11483 11481 11805 11809
f 11811 11808 11482 11484
f 11486 11483 11809 11812
f 11814 11811 11484 11487
f 11484 11485 11488 11487
f 11489 11486 11812 11815
f 11816 11814 11487 11490
f 11487 11488 11491 11490
f 11493 11489 11815 11817
f 11818 11816 11490 11494
f 11490 11491 11495 11494
f 11492 11493 11497 11496
f 11497 11493 11817 11819
f 11820 11818 11494 11498
f 11494 11495 11499 11498
f 11496 11497 11501 11500
f 11501 11497 11819 11821
f 11822 11820 11498 11502
f 11498 11499 11503 11502
f 11500 11501 11505 11504
f 11505 11501 11821 11823
f 11824 11822 11502 11506
f 11502 11503 11507 11506
f 11504 11505 11509 11508
f 11509 11505 11823 11825
f 11827 11826 11824 11506
f 11506 11507 11510 11827
f 11508 11509 11512 11511
f 11512 11509 11825 11828
f 11829 11827 11510 11513
f 11511 11512 11515 11514
f 11515 11512 11828 11830
f 11831 11829 11513 11516
f 11517 11514 11515 11832
f 11832 11515 11830 12222
f 11833 11831 11516 11518
f 11519 11517 11832 11834
f 11835 11833 11518 11520
f 11518 11521 11520
f 11522 11519 11834 11836
f 11837 11835 11520 11523
f 11520 11521 11524 11523
f 11525 11522 11526
f 11526 11522 11836 11838
f 11840 11839 11837 11523
f 11523 11524 11527 11840
f 11528 11525 11526 11841
f 11841 11526 11838 11842
f 11844 11840 11527 11529
f 11530 11528 11841 11845
f 11848 11844 11529 11531
f 11532 11530 11845 11849
f 11852 11848 11531 11533
f 11534 11532 11849 11853
f 11855 11852 11533 11535
f 11536 11534 11853 11856
f 11858 11855 11535 11537
f 11538 11536 11856 11859
f 11861 11858 11537 11539
f 11540 11538 11859 11862
f 11864 11861 11539 11541
f 11542 11540 11862 11865
f 11867 11864 11541 11543
f 11544 11542 11865 11868
f 11870 11867 11543 11545
f 11546 11544 11868 11871
f 11874 11870 11545 11547
f 11548 11546 11871 11875
f 11878 11874 11547 11549
f 11550 11548 11875 11879
f 11882 11878 11549 11551
f 11552 11550 11879 11883
f 11886 11882 11551 11553
f 11554 11552 11883 11887
f 11890 11886 11553 11555
f 11556 11554 11887 11891
f 11894 11890 11555 11557
f 11558 11556 11891 11895
f 11898 11894 11557 11559
f 11560 11558 11895 11899
f 11902 11898 11559 11561
f 11562 11560 11899 11903
f 11906 11902 11561 11563
f 11565 11564 11562 11903
f 11565 11903 11904 11907
f 11909 11906 11563 11566
f 11564 11565 11568 11567
f 11568 11565 11907 11910
f 11569 11913 11909 11566
f 11570 11567 11568
f 11570 11568 11910 11914
f 11917 11913 11569 11571
f 11572 11570 11914 11918
f 11921 11917 11571 11573
f 11574 11572 11918 11922
f 11923 11921 11573 11575
f 11576 11922 12291 11924
f 11925 11923 11575 11577
f 11578 11576 11924 11926
f 11927 11925 11579 11930
f 11580 11578 11926 11928
f 11930 11579 11581 11583
f 11582 11580 11928 11931
f 11932 11929 11930 11583
f 11584 11582 11931 11933
f 11935 11932 11583 11585
f 11586 11584 11933 11936
f 11939 11935 11585 11587
f 11588 11586 11936 11940
f 11942 11939 11587 11589
f 11590 11588 11940 11943
f 11945 11942 11589 11591
f 11592 11590 11943 11946
f 11949 11945 11591 11593
f 11594 11592 11946 11950
f 11953 11949 11593 11595
f 11596 11594 11950 11954
f 11957 11953 11595 11597
f 11598 11596 11599
f 11599 11596 11954 11958
f 11962 11957 11597 11600
f 11598 11599 11602 11601
f 11602 11599 11958 11963
f 11967 11962 11600 11603
f 11604 11601 11602 11968
f 11968 11602 11963 11969
f 11974 11967 11603 11605
f 11606 11604 11968 11975
f 11982 11974 11605 11607
f 11609 11608 11606 11975
f 11609 11975 11976 11983
f 11989 11981 11982 11610
f 11607 11611 11610 11982
f 11612 11608 11613
f 11608 11609 11614 11613
f 11614 11609 11983 11990
f 11999 11989 11610 11615
f 11610 11611 11616 11615
f 11611 11617 11616
f 11612 11613 11619 11618
f 11613 11614 11620 11619
f 11621 11620 11614 11990
f 11621 11990 11991 12000
f 12022 11999 11615 11622
f 11615 11616 11623 11622
f 11616 11617 11624 11623
f 11618 11619 11626 11625
f 11619 11620 11627 11626
f 11620 11621 11628 11627
f 11629 11628 11621 12000
f 11629 12000 12001 12023
f 12029 12008 12030 11630
f 12033 12013 12034 11631
f 12041 12021 12022 11632
f 11622 11633 11632 12022
f 11622 11623 11634 11633
f 11623 11624 11635 11634
f 11626 11627 11637 11636
f 11627 11628 11638 11637
f 11628 11629 11639 11638
f 11640 11639 11629 12023
f 12023 12024 11641 11640
f 12024 12025 11642 11641
f 12025 12026 11643 11642
f 12026 12027 11644 11643
f 12027 12028 11645 11644
f 12028 12029 11646 11645
f 11630 11647 11646 12029
f 11647 11630 12030 12042
f 12045 12032 12033 11648
f 11631 11649 11648 12033
f 11650 11649 11631 12034
f 12034 12035 11651 11650
f 12035 12036 11652 11651
f 12036 12037 11653 11652
f 12037 12038 11654 11653
f 12038 12039 11655 11654
f 12039 12040 11656 11655
f 12040 12041 11657 11656
f 11632 11658 11657 12041
f 11632 11633 11659 11658
f 11633 11634 11660 11659
f 11634 11635 11661 11660
f 11637 11638 11663 11662
f 11638 11639 11664 11663
f 11639 11640 11665 11664
f 11640 11641 11666 11665
f 11641 11642 11667 11666
f 11643 11667 11642
f 12042 12046 11668 11647
f 12049 12044 12045 11669
f 11648 11670 11669 12045
f 11649 11670 11648
f 11671 11652 11653
f 11653 11654 11672 11671
f 11654 11655 11673 11672
f 11655 11656 11674 11673
f 11656 11657 11675 11674
f 11657 11658 11676 11675
f 11658 11659 11677 11676
f 12046 12050 11678 11668
f 12055 12049 11669 11679
f 11670 11679 11669
f 11678 12050 12056 11680
f 12059 12052 12060 11681
f 11682 12064 12055 11679
f 11684 11683 11680 12056
f 11684 12056 12057 12065
f 12070 12059 11681 11685
f 12060 12071 11686 11681
f 12078 12064 11682 11687
f 11683 11684 11689 11688
f 11689 11684 12065 12079
f 12083 12068 12069 11690
f 12069 12070 11691 11690
f 11691 12070 11685
f 11693 11692 11686 12071
f 11693 12071 12072 12084
f 12089 12078 11687 11694
f 11695 11688 11696
f 11688 11689 11697 11696
f 11697 11689 12079 12090
f 12093 12083 11698 11709
f 11690 11699 11698 12083
f 11691 11699 11690
f 11700 11692 11693
f 11701 11700 11693 12084
f 11701 12084 12085 12094
f 12097 12089 11694 11702
f 11695 11696 11704 11703
f 11696 11697 11705 11704
f 11706 11705 11697 12090
f 12090 12091 11707 11706
f 12091 12092 11708 11707
f 12092 12093 11709 11708
f 11700 11701 11711 11710
f 11712 11711 11701 12094
f 12094 12095 11713 11712
f 12095 12096 11714 11713
f 12096 12097 11715 11714
f 11715 12097 11702
f 11703 11704 11717 11716
f 11704 11705 11718 11717
f 11705 11706 11719 11718
f 11707 11719 11706
f 11711 11712 11721 11720
f 11712 11713 11722 11721
f 11713 11714 11723 11722
f 11715 11723 11714
f 11725 11726 11739 11738
f 11739 11726 11727 12098
f 12099 12098 11727 11728
f 12100 12099 11728 11729
f 12101 12100 11729 11730
f 12102 12101 11730 11731
f 12103 12102 11731 11732
f 12104 12103 11732 11733
f 11733 11734 11740 12104
f 12106 12105 11735 11736
f 12107 12106 11736 11737
f 12108 12107 11737 11738
f 12109 12108 11738 11739
f 12109 11739 12098 12495
f 12111 12110 12104 11740
f 12112 12111 11740 11741
f 12113 12112 11741 11742
f 12114 12113 11742 11743
f 12116 12115 11744 11745
f 12116 11745 12105 12117
f 12121 12120 12114 11746
f 12122 12121 11746 11747
f 11748 11749 11757 11756
f 11757 11749 11750 12123
f 12123 11750 12115 12124
f 12127 12126 12122 11751
f 12128 12127 11751 11752
f 11752 11753 11758 12128
f 11753 11754 11759 11758
f 11763 11755 11756 12129
f 12130 12129 11756 11757
f 12130 11757 12123 12131
f 12134 12133 12128 11758
f 11758 11759 11764 12134
f 11759 11760 11765 11764
f 11768 11761 11762 12135
f 12136 12135 11762 11763
f 12136 11763 12129 12137
f 12139 12534 12134 11764
f 12140 12139 11764 11765
f 11765 11766 11769 12140
f 11771 11767 11768 12141
f 12141 11768 12135 12142
f 12146 12145 12140 11769
f 11769 11770 11772 12146
f 11775 11771 12141 12147
f 12151 12150 12146 11772
f 11772 11773 11776 12151
f 11778 11774 11775 12152
f 12152 11775 12147 12153
f 12155 12151 11776 11779
f 11777 11778 11782 11781
f 11782 11778 12152 12156
f 12159 12158 12155 11779
f 11779 11780 11783 12159
f 11784 11781 11782 12160
f 12160 11782 12156 12161
f 12163 12159 11783 11785
f 11788 11784 12160 12164
f 12166 12163 11785 11789
f 11785 11786 11790 11789
f 11791 11787 11788 12167
f 12167 11788 12164 12168
f 12170 12169 12166 11789
f 11789 11790 11792 12170
f 11795 11791 12167 12171
f 12174 12170 11792 11796
f 11792 11793 11797 11796
f 11794 11795 11799 11798
f 11799 11795 12171 12175
f 12178 12174 11796 11800
f 11796 11797 11801 11800
f 11798 11799 11803 11802
f 11803 11799 12175 12179
f 12182 12181 12178 11800
f 11800 11801 11804 12182
f 11802 11803 11806 11805
f 11806 11803 12179 12183
f 12185 12182 11807 12189
f 11804 11808 11807 12182
f 11805 11806 11810 11809
f 11810 11806 12183 12186
f 11807 11808 11811 12189
f 11809 11810 11813 11812
f 11813 11810 12186 12190
f 12192 12189 11811 11814
f 11815 11812 11813 12193
f 12193 11813 12190 12194
f 12196 12192 11814 11816
f 11817 11815 12193 12197
f 12200 12196 11816 11818
f 11819 11817 12197 12201
f 12204 12200 11818 11820
f 11821 11819 12201 12205
f 12208 12204 11820 11822
f 11823 11821 12205 12209
f 12211 12208 11822 11824
f 11825 11823 12209 12212
f 12214 12211 11824 11826
f 11828 11825 12212 12215
f 12218 12217 12214 11826
f 11826 11827 11829 12218
f 11830 11828 12215 12219
f 12221 12218 11829 11831
f 12222 11830 12219 12223
f 12225 12221 11831 11833
f 11834 11832 12222 12226
f 12229 12225 11833 11835
f 11836 11834 12226 12230
f 12232 12229 11835 11837
f 11838 11836 12230 12233
f 12235 12232 11837 11839
f 11842 11838 12233 12236
f 12237 12235 11839 11843
f 11839 11840 11844 11843
f 11841 11842 11846 11845
f 11846 11842 12236 12238
f 12239 12237 11843 11847
f 11843 11844 11848 11847
f 11845 11846 11850 11849
f 11850 11846 12238 12240
f 12241 12239 11847 11851
f 11847 11848 11852 11851
f 11849 11850 11854 11853
f 11854 11850 12240 12242
f 12244 12243 12241 11851
f 11851 11852 11855 12244
f 11853 11854 11857 11856
f 11857 11854 12242 12245
f 12247 12244 11855 11858
f 11856 11857 11860 11859
f 11860 11857 12245 12248
f 12250 12247 11858 11861
f 11859 11860 11863 11862
f 11863 11860 12248 12251
f 12253 12250 11861 11864
f 11862 11863 11866 11865
f 11866 11863 12251 12254
f 12256 12253 11864 11867
f 11865 11866 11869 11868
f 11869 11866 12254 12257
f 12259 12256 11867 11870
f 11868 11869 11872 11871
f 11872 11869 12257 12260
f 12261 12258 12259 11873
f 11870 11874 11873 12259
f 11871 11872 11876 11875
f 11876 11872 12260 12262
f 12263 12261 11873 11877
f 11873 11874 11878 11877
f 11875 11876 11880 11879
f 11880 11876 12262 12264
f 12265 12263 11877 11881
f 11877 11878 11882 11881
f 11879 11880 11884 11883
f 11884 11880 12264 12266
f 12267 12265 11881 11885
f 11881 11882 11886 11885
f 11883 11884 11888 11887
f 11888 11884 12266 12268
f 12269 12267 11885 11889
f 11885 11886 11890 11889
f 11887 11888 11892 11891
f 11892 11888 12268 12270
f 12271 12269 11889 11893
f 11889 11890 11894 11893
f 11891 11892 11896 11895
f 11896 11892 12270 12272
f 12273 12271 11893 11897
f 11893 11894 11898 11897
f 11895 11896 11900 11899
f 11900 11896 12272 12274
f 12276 12273 11897 11901
f 11897 11898 11902 11901
f 11899 11900 11904 11903
f 11904 11900 12274 12277
f 12279 12276 11901 11905
f 11901 11902 11906 11905
f 11907 11904 12277 12280
f 12283 12279 11905 11908
f 11905 11906 11909 11908
f 11911 11910 11907 12280
f 11911 12280 12281 12284
f 12286 12283 11908 11912
f 11908 11909 11913 11912
f 11910 11911 11915 11914
f 11915 11911 12284 12287
f 12288 12285 12286 11916
f 11912 11917 11916 12286
f 11913 11917 11912
f 11914 11915 11919 11918
f 11919 11915 12287 12289
f 12290 12288 11916 11920
f 11916 11917 11921 11920
f 11922 11918 11919 12291
f 12291 11919 12289 12292
f 12294 12293 12290 11920
f 11920 11921 11923 12294
f 11924 12291 12292 12295
f 12298 12294 11923 11925
f 11926 11924 12295 12299
f 11927 12303 12298 11925
f 11928 11926 12299 12304
f 12307 12302 12303 11929
f 12303 11927 11930 11929
f 11931 11928 12304 12308
f 12312 12307 11929 11932
f 11934 11933 11931 12308
f 11934 12308 12309 12313
f 12316 12312 11932 11935
f 11933 11934 11937 11936
f 11937 11934 12313 12317
f 12320 12316 11938 12325
f 11935 11939 11938 12316
f 11936 11937 11941 11940
f 11941 11937 12317 12321
f 11938 11939 11942 12325
f 11940 11941 11944 11943
f 11944 11941 12321 12326
f 12331 12325 11942 11945
f 11943 11944 11947 11946
f 11947 11944 12326 12332
f 12337 12330 12331 11948
f 11945 11949 11948 12331
f 11946 11947 11951 11950
f 11951 11947 12332 12338
f 12343 12337 11948 11952
f 11948 11949 11953 11952
f 11950 11951 11955 11954
f 11955 11951 12338 12344
f 12350 12343 11952 11956
f 11952 11953 11957 11956
f 11954 11955 11959 11958
f 11959 11955 12344 12351
f 12359 12350 11956 11960
f 11956 11957 11961 11960
f 11957 11962 11961
f 11958 11959 11964 11963
f 11964 11959 12351 12360
f 12369 12359 11960 11965
f 11960 11961 11966 11965
f 11961 11962 11967 11966
f 11963 11964 11970 11969
f 11971 11970 11964 12360
f 11971 12360 12361 12370
f 12380 12369 11965 11972
f 11965 11966 11973 11972
f 11966 11967 11974 11973
f 11968 11969 11976 11975
f 11969 11970 11977 11976
f 11970 11971 11978 11977
f 11978 11971 12370 12381
f 12399 12379 12380 11979
f 11972 11980 11979 12380
f 11972 11973 11981 11980
f 11973 11974 11982 11981
f 11976 11977 11984 11983
f 11977 11978 11985 11984
f 11986 11985 11978 12381
f 11986 12381 12382 12400
f 12418 12399 11979 11987
f 11979 11980 11988 11987
f 11980 11981 11989 11988
f 11983 11984 11991 11990
f 11984 11985 11992 11991
f 11985 11986 11993 11992
f 11994 11993 11986 12400
f 11994 12400 12401 12419
f 12435 12416 12417 11995
f 12417 12418 11996 11995
f 11987 11997 11996 12418
f 11987 11988 11998 11997
f 11988 11989 11999 11998
f 11991 11992 12001 12000
f 11992 11993 12002 12001
f 11993 11994 12003 12002
f 12004 12003 11994 12419
f 12419 12420 12005 12004
f 12420 12421 12006 12005
f 12421 12422 12007 12006
f 12422 12423 12008 12007
f 12423 12424 12009 12008
f 12424 12425 12010 12009
f 12010 12425 12426 12436
f 12439 12428 12429 12011
f 12429 12430 12012 12011
f 12430 12431 12013 12012
f 12431 12432 12014 12013
f 12432 12433 12015 12014
f 12433 12434 12016 12015
f 12434 12435 12017 12016
f 11995 12018 12017 12435
f 11995 11996 12019 12018
f 11996 11997 12020 12019
f 11997 11998 12021 12020
f 11998 11999 12022 12021
f 12001 12002 12024 12023
f 12002 12003 12025 12024
f 12003 12004 12026 12025
f 12004 12005 12027 12026
f 12005 12006 12028 12027
f 12006 12007 12029 12028
f 12008 12029 12007
f 12030 12008 12009
f 12009 12010 12031 12030
f 12031 12010 12436 12440
f 12446 12439 12011 12032
f 12011 12012 12033 12032
f 12013 12033 12012
f 12034 12013 12014
f 12014 12015 12035 12034
f 12015 12016 12036 12035
f 12016 12017 12037 12036
f 12017 12018 12038 12037
f 12018 12019 12039 12038
f 12019 12020 12040 12039
f 12020 12021 12041 12040
f 12030 12031 12043 12042
f 12043 12031 12440 12447
f 12456 12445 12446 12044
f 12032 12045 12044 12446
f 12042 12043 12047 12046
f 12047 12043 12447 12457
f 12463 12452 12464 12048
f 12470 12456 12044 12049
f 12050 12046 12047
f 12050 12047 12457 12471
f 12476 12462 12463 12051
f 12048 12052 12051 12463
f 12053 12052 12048 12464
f 12053 12464 12465 12477
f 12483 12469 12470 12054
f 12049 12055 12054 12470
f 12056 12050 12057
f 12057 12050 12471 12484
f 12488 12475 12476 12058
f 12051 12059 12058 12476
f 12052 12059 12051
f 12060 12052 12053
f 12061 12060 12053 12477
f 12061 12477 12478 12489
f 12493 12482 12483 12062
f 12054 12063 12062 12483
f 12054 12055 12064 12063
f 12066 12065 12057 12484
f 12066 12484 12485 12494
f 12494 12485 12486 12067
f 12486 12487 12068 12067
f 12487 12488 12069 12068
f 12058 12070 12069 12488
f 12059 12070 12058
f 12071 12060 12061
f 12072 12071 12061 12489
f 12489 12490 12073 12072
f 12490 12491 12074 12073
f 12491 12492 12075 12074
f 12492 12493 12076 12075
f 12062 12077 12076 12493
f 12062 12063 12078 12077
f 12064 12078 12063
f 12065 12066 12080 12079
f 12081 12080 12066 12494
f 12067 12082 12081 12494
f 12067 12068 12083 12082
f 12072 12073 12085 12084
f 12073 12074 12086 12085
f 12074 12075 12087 12086
f 12075 12076 12088 12087
f 12076 12077 12089 12088
f 12078 12089 12077
f 12079 12080 12091 12090
f 12080 12081 12092 12091
f 12081 12082 12093 12092
f 12083 12093 12082
f 12085 12086 12095 12094
f 12086 12087 12096 12095
f 12087 12088 12097 12096
f 12089 12097 12088
f 12496 12495 12098 12099
f 12497 12496 12099 12100
f 12498 12497 12100 12101
f 12499 12498 12101 12102
f 12500 12499 12102 12103
f 12103 12104 12110 12500
f 12105 12106 12118 12117
f 12118 12106 12107 12501
f 12502 12501 12107 12108
f 12503 12502 12108 12109
f 12503 12109 12495 12504
f 12510 12509 12500 12110
f 12511 12510 12110 12111
f 12512 12511 12111 12112
f 12112 12113 12119 12512
f 12113 12114 12120 12119
f 12115 12116 12125 12124
f 12125 12116 12117 12513
f 12514 12513 12117 12118
f 12514 12118 12501 12515
f 12519 12518 12512 12119
f 12520 12519 12119 12120
f 12521 12520 12120 12121
f 12121 12122 12126 12521
f 12131 12123 12124 12522
f 12523 12522 12124 12125
f 12523 12125 12513 12524
f 12528 12527 12521 12126
f 12126 12127 12132 12528
f 12127 12128 12133 12132
f 12129 12130 12138 12137
f 12138 12130 12131 12529
f 12529 12131 12522 12530
f 12532 12531 12528 12132
f 12533 12532 12132 12133
f 12534 12533 12133 12134
f 12135 12136 12143 12142
f 12143 12136 12137 12535
f 12536 12535 12137 12138
f 12536 12138 12529 12537
f 12540 12534 12139 12144
f 12139 12140 12145 12144
f 12141 12142 12148 12147
f 12148 12142 12143 12541
f 12541 12143 12535 12542
f 12546 12545 12540 12144
f 12144 12145 12149 12546
f 12145 12146 12150 12149
f 12153 12147 12148 12547
f 12547 12148 12541 12548
f 12552 12551 12546 12149
f 12149 12150 12154 12552
f 12150 12151 12155 12154
f 12152 12153 12157 12156
f 12157 12153 12547 12553
f 12557 12556 12552 12154
f 12154 12155 12158 12557
f 12161 12156 12157 12558
f 12558 12157 12553 12559
f 12561 12557 12158 12162
f 12158 12159 12163 12162
f 12160 12161 12165 12164
f 12165 12161 12558 12562
f 12566 12565 12561 12162
f 12162 12163 12166 12566
f 12168 12164 12165 12567
f 12567 12165 12562 12568
f 12571 12566 12166 12169
f 12167 12168 12172 12171
f 12172 12168 12567 12572
f 12575 12571 12169 12173
f 12169 12170 12174 12173
f 12171 12172 12176 12175
f 12176 12172 12572 12576
f 12579 12575 12173 12177
f 12173 12174 12178 12177
f 12175 12176 12180 12179
f 12180 12176 12576 12580
f 12584 12583 12579 12177
f 12177 12178 12181 12584
f 12179 12180 12184 12183
f 12184 12180 12580 12585
f 12588 12584 12181 12185
f 12182 12185 12181
f 12183 12184 12187 12186
f 12187 12184 12585 12589
f 12592 12588 12185 12188
f 12185 12189 12188
f 12190 12186 12187 12593
f 12593 12187 12589 12594
f 12596 12592 12188 12191
f 12188 12189 12192 12191
f 12194 12190 12593 12597
f 12600 12596 12191 12195
f 12191 12192 12196 12195
f 12193 12194 12198 12197
f 12198 12194 12597 12601
f 12604 12600 12195 12199
f 12195 12196 12200 12199
f 12197 12198 12202 12201
f 12202 12198 12601 12605
f 12608 12604 12199 12203
f 12199 12200 12204 12203
f 12201 12202 12206 12205
f 12206 12202 12605 12609
f 12612 12608 12203 12207
f 12203 12204 12208 12207
f 12205 12206 12210 12209
f 12210 12206 12609 12613
f 12616 12615 12612 12207
f 12207 12208 12211 12616
f 12209 12210 12213 12212
f 12213 12210 12613 12617
f 12619 12616 12211 12214
f 12212 12213 12216 12215
f 12216 12213 12617 12620
f 12622 12619 12214 12217
f 12219 12215 12216 12623
f 12623 12216 12620 12624
f 12626 12622 12217 12220
f 12217 12218 12221 12220
f 12223 12219 12623 12627
f 12630 12626 12220 12224
f 12220 12221 12225 12224
f 12222 12223 12227 12226
f 12227 12223 12627 12631
f 12634 12630 12224 12228
f 12224 12225 12229 12228
f 12226 12227 12231 12230
f 12231 12227 12631 12635
f 12637 12636 12634 12228
f 12228 12229 12232 12637
f 12230 12231 12234 12233
f 12234 12231 12635 12638
f 12640 12637 12232 12235
f 12236 12233 12234 12641
f 12641 12234 12638 12642
f 12644 12640 12235 12237
f 12238 12236 12641 12645
f 12648 12644 12237 12239
f 12240 12238 12645 12649
f 12652 12648 12239 12241
f 12242 12240 12649 12653
f 12656 12652 12241 12243
f 12245 12242 12653 12657
f 12660 12656 12243 12246
f 12243 12244 12247 12246
f 12248 12245 12657 12661
f 12664 12660 12246 12249
f 12246 12247 12250 12249
f 12251 12248 12661 12665
f 12668 12664 12249 12252
f 12249 12250 12253 12252
f 12254 12251 12665 12669
f 12672 12668 12252 12255
f 12252 12253 12256 12255
f 12257 12254 12669 12673
f 12676 12672 12255 12258
f 12255 12256 12259 12258
f 12260 12257 12673 12677
f 12680 12676 12258 12261
f 12262 12260 12677 12681
f 12684 12680 12261 12263
f 12264 12262 12681 12685
f 12688 12684 12263 12265
f 12266 12264 12685 12689
f 12693 12688 12265 12267
f 12268 12266 12689 12694
f 12698 12693 12267 12269
f 12270 12268 12694 12699
f 12703 12698 12269 12271
f 12272 12270 12699 12704
f 12708 12703 12271 12273
f 12275 12274 12272 12704
f 12275 12704 12705 12709
f 12712 12708 12273 12276
f 12274 12275 12278 12277
f 12278 12275 12709 12713
f 12717 12712 12276 12279
f 12277 12278 12281 12280
f 12281 12278 12713 12718
f 12721 12716 12717 12282
f 12279 12283 12282 12717
f 12284 12281 12718 12722
f 12725 12721 12282 12285
f 12282 12283 12286 12285
f 12287 12284 12722 12726
f 12729 12725 12285 12288
f 12289 12287 12726 12730
f 12733 12729 12288 12290
f 12292 12289 12730 12734
f 12738 12733 12290 12293
f 12296 12295 12292 12734
f 12296 12734 12735 12739
f 12742 12738 12293 12297
f 12293 12294 12298 12297
f 12295 12296 12300 12299
f 12300 12296 12739 12743
f 12746 12741 12742 12301
f 12297 12302 12301 12742
f 12297 12298 12303 12302
f 12299 12300 12305 12304
f 12305 12300 12743 12747
f 12751 12746 12301 12306
f 12301 12302 12307 12306
f 12304 12305 12309 12308
f 12310 12309 12305 12747
f 12310 12747 12748 12752
f 12756 12751 12306 12311
f 12306 12307 12312 12311
f 12309 12310 12314 12313
f 12314 12310 12752 12757
f 12763 12756 12311 12315
f 12311 12312 12316 12315
f 12313 12314 12318 12317
f 12318 12314 12757 12764
f 12769 12762 12763 12319
f 12315 12320 12319 12763
f 12316 12320 12315
f 12317 12318 12322 12321
f 12322 12318 12764 12770
f 12776 12769 12319 12323
f 12319 12320 12324 12323
f 12320 12325 12324
f 12321 12322 12327 12326
f 12328 12327 12322 12770
f 12328 12770 12771 12777
f 12783 12776 12323 12329
f 12323 12324 12330 12329
f 12324 12325 12331 12330
f 12326 12327 12333 12332
f 12327 12328 12334 12333
f 12334 12328 12777 12784
f 12792 12782 12783 12335
f 12329 12336 12335 12783
f 12329 12330 12337 12336
f 12332 12333 12339 12338
f 12333 12334 12340 12339
f 12340 12334 12784 12793
f 12804 12792 12335 12341
f 12335 12336 12342 12341
f 12336 12337 12343 12342
f 12338 12339 12345 12344
f 12339 12340 12346 12345
f 12347 12346 12340 12793
f 12347 12793 12794 12805
f 12819 12804 12341 12348
f 12341 12342 12349 12348
f 12342 12343 12350 12349
f 12344 12345 12352 12351
f 12345 12346 12353 12352
f 12346 12347 12354 12353
f 12355 12354 12347 12805
f 12355 12805 12806 12820
f 12834 12818 12819 12356
f 12348 12357 12356 12819
f 12348 12349 12358 12357
f 12349 12350 12359 12358
f 12351 12352 12361 12360
f 12352 12353 12362 12361
f 12353 12354 12363 12362
f 12354 12355 12364 12363
f 12364 12355 12820 12835
f 12850 12833 12834 12365
f 12356 12366 12365 12834
f 12356 12357 12367 12366
f 12357 12358 12368 12367
f 12358 12359 12369 12368
f 12361 12362 12371 12370
f 12362 12363 12372 12371
f 12363 12364 12373 12372
f 12374 12373 12364 12835
f 12374 12835 12836 12851
f 12868 12849 12850 12375
f 12365 12376 12375 12850
f 12365 12366 12377 12376
f 12366 12367 12378 12377
f 12367 12368 12379 12378
f 12368 12369 12380 12379
f 12370 12371 12382 12381
f 12371 12372 12383 12382
f 12372 12373 12384 12383
f 12373 12374 12385 12384
f 12386 12385 12374 12851
f 12851 12852 12387 12386
f 12852 12853 12388 12387
f 12853 12854 12389 12388
f 12389 12854 12855 12869
f 12880 12863 12864 12390
f 12864 12865 12391 12390
f 12865 12866 12392 12391
f 12866 12867 12393 12392
f 12867 12868 12394 12393
f 12375 12395 12394 12868
f 12375 12376 12396 12395
f 12376 12377 12397 12396
f 12377 12378 12398 12397
f 12378 12379 12399 12398
f 12382 12383 12401 12400
f 12383 12384 12402 12401
f 12384 12385 12403 12402
f 12385 12386 12404 12403
f 12386 12387 12405 12404
f 12387 12388 12406 12405
f 12388 12389 12407 12406
f 12408 12407 12389 12869
f 12408 12869 12870 12881
f 12893 12880 12390 12409
f 12390 12391 12410 12409
f 12391 12392 12411 12410
f 12392 12393 12412 12411
f 12393 12394 12413 12412
f 12394 12395 12414 12413
f 12395 12396 12415 12414
f 12396 12397 12416 12415
f 12397 12398 12417 12416
f 12398 12399 12418 12417
f 12401 12402 12420 12419
f 12402 12403 12421 12420
f 12403 12404 12422 12421
f 12404 12405 12423 12422
f 12405 12406 12424 12423
f 12406 12407 12425 12424
f 12407 12408 12426 12425
f 12426 12408 12881 12894
f 12908 12892 12893 12427
f 12409 12428 12427 12893
f 12409 12410 12429 12428
f 12410 12411 12430 12429
f 12411 12412 12431 12430
f 12412 12413 12432 12431
f 12413 12414 12433 12432
f 12414 12415 12434 12433
f 12415 12416 12435 12434
f 12436 12426 12894 12909
f 12914 12900 12915 12437
f 12922 12908 12427 12438
f 12427 12428 12439 12438
f 12440 12436 12909 12923
f 12927 12913 12914 12441
f 12437 12442 12441 12914
f 12443 12442 12437 12915
f 12443 12915 12916 12928
f 12933 12921 12922 12444
f 12438 12445 12444 12922
f 12438 12439 12446 12445
f 12448 12447 12440 12923
f 12448 12923 12924 12934
f 12935 12925 12926 12449
f 12926 12927 12450 12449
f 12441 12451 12450 12927
f 12441 12442 12452 12451
f 12442 12443 12453 12452
f 12454 12453 12443 12928
f 12454 12928 12929 12936
f 12940 12933 12444 12455
f 12444 12445 12456 12455
f 12447 12448 12458 12457
f 12459 12458 12448 12934
f 12934 12935 12460 12459
f 12449 12461 12460 12935
f 12449 12450 12462 12461
f 12450 12451 12463 12462
f 12452 12463 12451
f 12464 12452 12453
f 12453 12454 12465 12464
f 12466 12465 12454 12936
f 12466 12936 12937 12941
f 12942 12938 12939 12467
f 12939 12940 12468 12467
f 12455 12469 12468 12940
f 12455 12456 12470 12469
f 12457 12458 12472 12471
f 12458 12459 12473 12472
f 12459 12460 12474 12473
f 12460 12461 12475 12474
f 12461 12462 12476 12475
f 12465 12466 12478 12477
f 12479 12478 12466 12941
f 12941 12942 12480 12479
f 12467 12481 12480 12942
f 12467 12468 12482 12481
f 12468 12469 12483 12482
f 12471 12472 12485 12484
f 12472 12473 12486 12485
f 12473 12474 12487 12486
f 12474 12475 12488 12487
f 12478 12479 12490 12489
f 12479 12480 12491 12490
f 12480 12481 12492 12491
f 12481 12482 12493 12492
f 12495 12496 12505 12504
f 12496 12497 12506 12505
f 12497 12498 12507 12506
f 12498 12499 12508 12507
f 12499 12500 12509 12508
f 12501 12502 12516 12515
f 12516 12502 12503 12943
f 12944 12943 12503 12504
f 12945 12944 12504 12505
f 12946 12945 12505 12506
f 12947 12946 12506 12507
f 12948 12947 12507 12508
f 12949 12948 12508 12509
f 12950 12949 12509 12510
f 12510 12511 12517 12950
f 12511 12512 12518 12517
f 12524 12513 12514 12951
f 12952 12951 12514 12515
f 12953 12952 12515 12516
f 12953 12516 12943 12954
f 12962 12961 12950 12517
f 12963 12962 12517 12518
f 12518 12519 12525 12963
f 12519 12520 12526 12525
f 12520 12521 12527 12526
f 12530 12522 12523 12964
f 12965 12964 12523 12524
f 12965 12524 12951 12966
f 12970 12969 12963 12525
f 12971 12970 12525 12526
f 12972 12971 12526 12527
f 12527 12528 12531 12972
f 12537 12529 12530 12973
f 12973 12530 12964 12974
f 12980 12979 12972 12531
f 12531 12532 12538 12980
f 12532 12533 12539 12538
f 12533 12534 12540 12539
f 12535 12536 12543 12542
f 12543 12536 12537 12981
f 12981 12537 12973 12982
f 12987 12986 12980 12538
f 12538 12539 12544 12987
f 12539 12540 12545 12544
f 12541 12542 12549 12548
f 12549 12542 12543 12988
f 12988 12543 12981 12989
f 12993 12992 12987 12544
f 12544 12545 12550 12993
f 12545 12546 12551 12550
f 12547 12548 12554 12553
f 12554 12548 12549 12994
f 12994 12549 12988 12995
f 12999 12998 12993 12550
f 12550 12551 12555 12999
f 12551 12552 12556 12555
f 12559 12553 12554 13000
f 13000 12554 12994 13001
f 13005 13004 12999 12555
f 12555 12556 12560 13005
f 12556 12557 12561 12560
f 12558 12559 12563 12562
f 12563 12559 13000 13006
f 13010 13005 12560 12564
f 12560 12561 12565 12564
f 12562 12563 12569 12568
f 12569 12563 13006 13011
f 13015 13014 13010 12564
f 12564 12565 12570 13015
f 12565 12566 12571 12570
f 12567 12568 12573 12572
f 12573 12568 12569 13016
f 13016 12569 13011 13017
f 13020 13015 12570 12574
f 12570 12571 12575 12574
f 12572 12573 12577 12576
f 12577 12573 13016 13021
f 13025 13020 12574 12578
f 12574 12575 12579 12578
f 12576 12577 12581 12580
f 12581 12577 13021 13026
f 13029 13025 12578 12582
f 12578 12579 12583 12582
f 12580 12581 12586 12585
f 12586 12581 13026 13030
f 13034 13033 13029 12582
f 12582 12583 12587 13034
f 12583 12584 12588 12587
f 12585 12586 12590 12589
f 12590 12586 13030 13035
f 13039 13034 12587 12591
f 12587 12588 12592 12591
f 12594 12589 12590 13040
f 13040 12590 13035 13041
f 13044 13039 12591 12595
f 12591 12592 12596 12595
f 12593 12594 12598 12597
f 12598 12594 13040 13045
f 13049 13044 12595 12599
f 12595 12596 12600 12599
f 12597 12598 12602 12601
f 12602 12598 13045 13050
f 13053 13049 12599 12603
f 12599 12600 12604 12603
f 12601 12602 12606 12605
f 12606 12602 13050 13054
f 13057 13053 12603 12607
f 12603 12604 12608 12607
f 12605 12606 12610 12609
f 12610 12606 13054 13058
f 13061 13057 12607 12611
f 12607 12608 12612 12611
f 12609 12610 12614 12613
f 12614 12610 13058 13062
f 13066 13065 13061 12611
f 12611 12612 12615 13066
f 12617 12613 12614 13067
f 13067 12614 13062 13068
f 13072 13066 12615 12618
f 12615 12616 12619 12618
f 12620 12617 13067 13073
f 13078 13072 12618 12621
f 12618 12619 12622 12621
f 12624 12620 13073 13079
f 13082 13078 12621 12625
f 12621 12622 12626 12625
f 12623 12624 12628 12627
f 12628 12624 13079 13083
f 13087 13082 12625 12629
f 12625 12626 12630 12629
f 12627 12628 12632 12631
f 12632 12628 13083 13088
f 13092 13087 12629 12633
f 12629 12630 12634 12633
f 12635 12631 12632 13093
f 13093 12632 13088 13094
f 13098 13097 13092 12633
f 12633 12634 12636 13098
f 12638 12635 13093 13099
f 13104 13098 12636 12639
f 12636 12637 12640 12639
f 12642 12638 13099 13105
f 13110 13104 12639 12643
f 12639 12640 12644 12643
f 12641 12642 12646 12645
f 12646 12642 13105 13111
f 13115 13110 12643 12647
f 12643 12644 12648 12647
f 12645 12646 12650 12649
f 12650 12646 13111 13116
f 13120 13115 12647 12651
f 12647 12648 12652 12651
f 12649 12650 12654 12653
f 12654 12650 13116 13121
f 13125 13120 12651 12655
f 12651 12652 12656 12655
f 12653 12654 12658 12657
f 12658 12654 13121 13126
f 13130 13125 12655 12659
f 12655 12656 12660 12659
f 12657 12658 12662 12661
f 12662 12658 13126 13131
f 13135 13130 12659 12663
f 12659 12660 12664 12663
f 12661 12662 12666 12665
f 12666 12662 13131 13136
f 13140 13135 12663 12667
f 12663 12664 12668 12667
f 12665 12666 12670 12669
f 12670 12666 13136 13141
f 13145 13140 12667 12671
f 12667 12668 12672 12671
f 12669 12670 12674 12673
f 12674 12670 13141 13146
f 13150 13145 12671 12675
f 12671 12672 12676 12675
f 12673 12674 12678 12677
f 12678 12674 13146 13151
f 13155 13150 12675 12679
f 12675 12676 12680 12679
f 12677 12678 12682 12681
f 12682 12678 13151 13156
f 13160 13155 12679 12683
f 12679 12680 12684 12683
f 12681 12682 12686 12685
f 12686 12682 13156 13161
f 13165 13160 12683 12687
f 12683 12684 12688 12687
f 12685 12686 12690 12689
f 12691 12690 12686 13161
f 12691 13161 13162 13166
f 13170 13165 12687 12692
f 12687 12688 12693 12692
f 12689 12690 12695 12694
f 12690 12691 12696 12695
f 12696 12691 13166 13171
f 13175 13170 12692 12697
f 12692 12693 12698 12697
f 12694 12695 12700 12699
f 12695 12696 12701 12700
f 12701 12696 13171 13176
f 13180 13175 12697 12702
f 12697 12698 12703 12702
f 12699 12700 12705 12704
f 12700 12701 12706 12705
f 12706 12701 13176 13181
f 13185 13180 12702 12707
f 12702 12703 12708 12707
f 12705 12706 12710 12709
f 12710 12706 13181 13186
f 13191 13185 12707 12711
f 12707 12708 12712 12711
f 12709 12710 12714 12713
f 12714 12710 13186 13192
f 13196 13190 13191 12715
f 12711 12716 12715 13191
f 12711 12712 12717 12716
f 12713 12714 12719 12718
f 12719 12714 13192 13197
f 13202 13196 12715 12720
f 12715 12716 12721 12720
f 12718 12719 12723 12722
f 12723 12719 13197 13203
f 13208 13202 12720 12724
f 12720 12721 12725 12724
f 12722 12723 12727 12726
f 12727 12723 13203 13209
f 13214 13208 12724 12728
f 12724 12725 12729 12728
f 12726 12727 12731 12730
f 12731 12727 13209 13215
f 13222 13214 12728 12732
f 12728 12729 12733 12732
f 12730 12731 12735 12734
f 12736 12735 12731 13215
f 12736 13215 13216 13223
f 13229 13222 12732 12737
f 12732 12733 12738 12737
f 12735 12736 12740 12739
f 12740 12736 13223 13230
f 13238 13229 12737 12741
f 12737 12738 12742 12741
f 12739 12740 12744 12743
f 12744 12740 13230 13239
f 13250 13237 13238 12745
f 12741 12746 12745 13238
f 12743 12744 12748 12747
f 12749 12748 12744 13239
f 12749 13239 13240 13251
f 13261 13250 12745 12750
f 12745 12746 12751 12750
f 12748 12749 12753 12752
f 12753 12749 13251 13262
f 13273 13260 13261 12754
f 12750 12755 12754 13261
f 12750 12751 12756 12755
f 12752 12753 12758 12757
f 12759 12758 12753 13262
f 12759 13262 13263 13274
f 13285 13272 13273 12760
f 12754 12761 12760 13273
f 12754 12755 12762 12761
f 12755 12756 12763 12762
f 12757 12758 12765 12764
f 12758 12759 12766 12765
f 12766 12759 13274 13286
f 13297 13285 12760 12767
f 12760 12761 12768 12767
f 12761 12762 12769 12768
f 12764 12765 12771 12770
f 12765 12766 12772 12771
f 12773 12772 12766 13286
f 12773 13286 13287 13298
f 13311 13297 12767 12774
f 12767 12768 12775 12774
f 12768 12769 12776 12775
f 12771 12772 12778 12777
f 12772 12773 12779 12778
f 12779 12773 13298 13312
f 13326 13310 13311 12780
f 12774 12781 12780 13311
f 12774 12775 12782 12781
f 12775 12776 12783 12782
f 12777 12778 12785 12784
f 12778 12779 12786 12785
f 12787 12786 12779 13312
f 13312 13313 12788 12787
f 12788 13313 13314 13327
f 13349 13325 13326 12789
f 12780 12790 12789 13326
f 12780 12781 12791 12790
f 12781 12782 12792 12791
f 12784 12785 12794 12793
f 12785 12786 12795 12794
f 12786 12787 12796 12795
f 12787 12788 12797 12796
f 12798 12797 12788 13327
f 12798 13327 13328 13350
f 13369 13347 13348 12799
f 13348 13349 12800 12799
f 12789 12801 12800 13349
f 12789 12790 12802 12801
f 12790 12791 12803 12802
f 12791 12792 12804 12803
f 12794 12795 12806 12805
f 12795 12796 12807 12806
f 12796 12797 12808 12807
f 12797 12798 12809 12808
f 12810 12809 12798 13350
f 13350 13351 12811 12810
f 12811 13351 13352 13370
f 13385 13367 13368 12812
f 13368 13369 12813 12812
f 12799 12814 12813 13369
f 12799 12800 12815 12814
f 12800 12801 12816 12815
f 12801 12802 12817 12816
f 12802 12803 12818 12817
f 12803 12804 12819 12818
f 12806 12807 12821 12820
f 12807 12808 12822 12821
f 12808 12809 12823 12822
f 12809 12810 12824 12823
f 12810 12811 12825 12824
f 12826 12825 12811 13370
f 12826 13370 13371 13386
f 13399 13384 13385 12827
f 12812 12828 12827 13385
f 12812 12813 12829 12828
f 12813 12814 12830 12829
f 12814 12815 12831 12830
f 12815 12816 12832 12831
f 12816 12817 12833 12832
f 12817 12818 12834 12833
f 12820 12821 12836 12835
f 12821 12822 12837 12836
f 12822 12823 12838 12837
f 12823 12824 12839 12838
f 12824 12825 12840 12839
f 12825 12826 12841 12840
f 12842 12841 12826 13386
f 12842 13386 13387 13400
f 13411 13398 13399 12843
f 12827 12844 12843 13399
f 12827 12828 12845 12844
f 12828 12829 12846 12845
f 12829 12830 12847 12846
f 12830 12831 12848 12847
f 12831 12832 12849 12848
f 12832 12833 12850 12849
f 12836 12837 12852 12851
f 12837 12838 12853 12852
f 12838 12839 12854 12853
f 12839 12840 12855 12854
f 12840 12841 12856 12855
f 12841 12842 12857 12856
f 12858 12857 12842 13400
f 12858 13400 13401 13412
f 13412 13401 13402 12859
f 13402 13403 12860 12859
f 12860 13403 13404 13413
f 13419 13410 13411 12861
f 12843 12862 12861 13411
f 12843 12844 12863 12862
f 12844 12845 12864 12863
f 12845 12846 12865 12864
f 12846 12847 12866 12865
f 12847 12848 12867 12866
f 12848 12849 12868 12867
f 12855 12856 12870 12869
f 12856 12857 12871 12870
f 12857 12858 12872 12871
f 12873 12872 12858 13412
f 12859 12874 12873 13412
f 12859 12860 12875 12874
f 12876 12875 12860 13413
f 13413 13414 12877 12876
f 12877 13414 13415 13420
f 13424 13419 12861 12878
f 12861 12862 12879 12878
f 12862 12863 12880 12879
f 12870 12871 12882 12881
f 12871 12872 12883 12882
f 12872 12873 12884 12883
f 12873 12874 12885 12884
f 12874 12875 12886 12885
f 12875 12876 12887 12886
f 12876 12877 12888 12887
f 12889 12888 12877 13420
f 12889 13420 13421 13425
f 13427 13423 13424 12890
f 12878 12891 12890 13424
f 12878 12879 12892 12891
f 12879 12880 12893 12892
f 12881 12882 12895 12894
f 12882 12883 12896 12895
f 12883 12884 12897 12896
f 12884 12885 12898 12897
f 12885 12886 12899 12898
f 12886 12887 12900 12899
f 12887 12888 12901 12900
f 12888 12889 12902 12901
f 12903 12902 12889 13425
f 13425 13426 12904 12903
f 13426 13427 12905 12904
f 12890 12906 12905 13427
f 12890 12891 12907 12906
f 12891 12892 12908 12907
f 12894 12895 12910 12909
f 12895 12896 12911 12910
f 12896 12897 12912 12911
f 12897 12898 12913 12912
f 12898 12899 12914 12913
f 12900 12914 12899
f 12915 12900 12901
f 12901 12902 12916 12915
f 12902 12903 12917 12916
f 12903 12904 12918 12917
f 12904 12905 12919 12918
f 12905 12906 12920 12919
f 12906 12907 12921 12920
f 12907 12908 12922 12921
f 12909 12910 12924 12923
f 12910 12911 12925 12924
f 12911 12912 12926 12925
f 12912 12913 12927 12926
f 12916 12917 12929 12928
f 12917 12918 12930 12929
f 12918 12919 12931 12930
f 12919 12920 12932 12931
f 12920 12921 12933 12932
f 12924 12925 12935 12934
f 12929 12930 12937 12936
f 12930 12931 12938 12937
f 12931 12932 12939 12938
f 12932 12933 12940 12939
f 12937 12938 12942 12941
f 12943 12944 12955 12954
f 12944 12945 12956 12955
f 12945 12946 12957 12956
f 12946 12947 12958 12957
f 12947 12948 12959 12958
f 12948 12949 12960 12959
f 12949 12950 12961 12960
f 12951 12952 12967 12966
f 12952 12953 12968 12967
f 12968 12953 12954 13428
f 13429 13428 12954 12955
f 13430 13429 12955 12956
f 13431 13430 12956 12957
f 13432 13431 12957 12958
f 13433 13432 12958 12959
f 13434 13433 12959 12960
f 13435 13434 12960 12961
f 13436 13435 12961 12962
f 12962 12963 12969 13436
f 12964 12965 12975 12974
f 12965 12966 12976 12975
f 12976 12966 12967 13437
f 13438 13437 12967 12968
f 13438 12968 13428 13439
f 13448 13447 13436 12969
f 12969 12970 12977 13448
f 12970 12971 12978 12977
f 12971 12972 12979 12978
f 12973 12974 12983 12982
f 12974 12975 12984 12983
f 12984 12975 12976 13449
f 13449 12976 13437 13450
f 13459 13458 13448 12977
f 13460 13459 12977 12978
f 12978 12979 12985 13460
f 12979 12980 12986 12985
f 12981 12982 12990 12989
f 12990 12982 12983 13461
f 13462 13461 12983 12984
f 13462 12984 13449 13463
f 13468 13467 13460 12985
f 12985 12986 12991 13468
f 12986 12987 12992 12991
f 12988 12989 12996 12995
f 12996 12989 12990 13469
f 13469 12990 13461 13470
f 13476 13475 13468 12991
f 12991 12992 12997 13476
f 12992 12993 12998 12997
f 12994 12995 13002 13001
f 13002 12995 12996 13477
f 13477 12996 13469 13478
f 13484 13483 13476 12997
f 12997 12998 13003 13484
f 12998 12999 13004 13003
f 13000 13001 13007 13006
f 13001 13002 13008 13007
f 13008 13002 13477 13485
f 13491 13490 13484 13003
f 13003 13004 13009 13491
f 13004 13005 13010 13009
f 13006 13007 13012 13011
f 13012 13007 13008 13492
f 13492 13008 13485 13493
f 13498 13491 13009 13013
f 13009 13010 13014 13013
f 13011 13012 13018 13017
f 13018 13012 13492 13499
f 13504 13503 13498 13013
f 13013 13014 13019 13504
f 13014 13015 13020 13019
f 13016 13017 13022 13021
f 13017 13018 13023 13022
f 13023 13018 13499 13505
f 13510 13504 13019 13024
f 13019 13020 13025 13024
f 13021 13022 13027 13026
f 13027 13022 13023 13511
f 13511 13023 13505 13512
f 13516 13510 13024 13028
f 13024 13025 13029 13028
f 13026 13027 13031 13030
f 13031 13027 13511 13517
f 13522 13516 13028 13032
f 13028 13029 13033 13032
f 13030 13031 13036 13035
f 13036 13031 13517 13523
f 13528 13522 13032 13037
f 13032 13033 13038 13037
f 13033 13034 13039 13038
f 13035 13036 13042 13041
f 13042 13036 13523 13529
f 13535 13534 13528 13037
f 13037 13038 13043 13535
f 13038 13039 13044 13043
f 13040 13041 13046 13045
f 13041 13042 13047 13046
f 13047 13042 13529 13536
f 13541 13535 13043 13048
f 13043 13044 13049 13048
f 13045 13046 13051 13050
f 13051 13046 13047 13542
f 13542 13047 13536 13543
f 13548 13541 13048 13052
f 13048 13049 13053 13052
f 13050 13051 13055 13054
f 13055 13051 13542 13549
f 13554 13548 13052 13056
f 13052 13053 13057 13056
f 13054 13055 13059 13058
f 13059 13055 13549 13555
f 13560 13554 13056 13060
f 13056 13057 13061 13060
f 13058 13059 13063 13062
f 13063 13059 13555 13561
f 13566 13560 13060 13064
f 13060 13061 13065 13064
f 13062 13063 13069 13068
f 13069 13063 13561 13567
f 13571 13566 13064 13070
f 13064 13065 13071 13070
f 13065 13066 13072 13071
f 13067 13068 13074 13073
f 13068 13069 13075 13074
f 13075 13069 13567 13572
f 13576 13571 13070 13076
f 13070 13071 13077 13076
f 13071 13072 13078 13077
f 13073 13074 13080 13079
f 13080 13074 13075 13577
f 13577 13075 13572 13578
f 13583 13582 13576 13076
f 13076 13077 13081 13583
f 13077 13078 13082 13081
f 13079 13080 13084 13083
f 13085 13084 13080 13577
f 13085 13577 13578 13584
f 13588 13583 13081 13086
f 13081 13082 13087 13086
f 13083 13084 13089 13088
f 13084 13085 13090 13089
f 13090 13085 13584 13589
f 13593 13588 13086 13091
f 13086 13087 13092 13091
f 13088 13089 13095 13094
f 13095 13089 13090 13594
f 13594 13090 13589 13595
f 13599 13593 13091 13096
f 13091 13092 13097 13096
f 13093 13094 13100 13099
f 13094 13095 13101 13100
f 13101 13095 13594 13600
f 13605 13599 13096 13102
f 13096 13097 13103 13102
f 13097 13098 13104 13103
f 13099 13100 13106 13105
f 13100 13101 13107 13106
f 13107 13101 13600 13606
f 13611 13605 13102 13108
f 13102 13103 13109 13108
f 13103 13104 13110 13109
f 13105 13106 13112 13111
f 13106 13107 13113 13112
f 13113 13107 13606 13612
f 13618 13617 13611 13108
f 13108 13109 13114 13618
f 13109 13110 13115 13114
f 13111 13112 13117 13116
f 13112 13113 13118 13117
f 13118 13113 13612 13619
f 13625 13618 13114 13119
f 13114 13115 13120 13119
f 13116 13117 13122 13121
f 13117 13118 13123 13122
f 13123 13118 13619 13626
f 13632 13625 13119 13124
f 13119 13120 13125 13124
f 13121 13122 13127 13126
f 13122 13123 13128 13127
f 13128 13123 13626 13633
f 13639 13632 13124 13129
f 13124 13125 13130 13129
f 13126 13127 13132 13131
f 13127 13128 13133 13132
f 13133 13128 13633 13640
f 13646 13639 13129 13134
f 13129 13130 13135 13134
f 13131 13132 13137 13136
f 13132 13133 13138 13137
f 13138 13133 13640 13647
f 13653 13646 13134 13139
f 13134 13135 13140 13139
f 13136 13137 13142 13141
f 13137 13138 13143 13142
f 13143 13138 13647 13654
f 13660 13653 13139 13144
f 13139 13140 13145 13144
f 13141 13142 13147 13146
f 13142 13143 13148 13147
f 13148 13143 13654 13661
f 13667 13660 13144 13149
f 13144 13145 13150 13149
f 13146 13147 13152 13151
f 13147 13148 13153 13152
f 13153 13148 13661 13668
f 13675 13667 13149 13154
f 13149 13150 13155 13154
f 13151 13152 13157 13156
f 13152 13153 13158 13157
f 13158 13153 13668 13676
f 13683 13675 13154 13159
f 13154 13155 13160 13159
f 13156 13157 13162 13161
f 13157 13158 13163 13162
f 13163 13158 13676 13684
f 13692 13683 13159 13164
f 13159 13160 13165 13164
f 13162 13163 13167 13166
f 13167 13163 13684 13693
f 13701 13691 13692 13168
f 13164 13169 13168 13692
f 13164 13165 13170 13169
f 13166 13167 13172 13171
f 13172 13167 13693 13702
f 13710 13701 13168 13173
f 13168 13169 13174 13173
f 13169 13170 13175 13174
f 13171 13172 13177 13176
f 13177 13172 13702 13711
f 13720 13710 13173 13178
f 13173 13174 13179 13178
f 13174 13175 13180 13179
f 13176 13177 13182 13181
f 13182 13177 13711 13721
f 13730 13720 13178 13183
f 13178 13179 13184 13183
f 13179 13180 13185 13184
f 13181 13182 13187 13186
f 13188 13187 13182 13721
f 13188 13721 13722 13731
f 13739 13730 13183 13189
f 13183 13184 13190 13189
f 13184 13185 13191 13190
f 13186 13187 13193 13192
f 13187 13188 13194 13193
f 13194 13188 13731 13740
f 13749 13739 13189 13195
f 13189 13190 13196 13195
f 13192 13193 13198 13197
f 13193 13194 13199 13198
f 13199 13194 13740 13750
f 13759 13748 13749 13200
f 13195 13201 13200 13749
f 13195 13196 13202 13201
f 13197 13198 13204 13203
f 13198 13199 13205 13204
f 13205 13199 13750 13760
f 13771 13759 13200 13206
f 13200 13201 13207 13206
f 13201 13202 13208 13207
f 13203 13204 13210 13209
f 13204 13205 13211 13210
f 13211 13205 13760 13772
f 13786 13771 13206 13212
f 13206 13207 13213 13212
f 13207 13208 13214 13213
f 13209 13210 13216 13215
f 13210 13211 13217 13216
f 13218 13217 13211 13772
f 13218 13772 13773 13787
f 13800 13785 13786 13219
f 13212 13220 13219 13786
f 13212 13213 13221 13220
f 13213 13214 13222 13221
f 13216 13217 13224 13223
f 13217 13218 13225 13224
f 13225 13218 13787 13801
f 13818 13800 13219 13226
f 13219 13220 13227 13226
f 13220 13221 13228 13227
f 13221 13222 13229 13228
f 13223 13224 13231 13230
f 13224 13225 13232 13231
f 13233 13232 13225 13801
f 13801 13802 13234 13233
f 13234 13802 13803 13819
f 13840 13818 13226 13235
f 13226 13227 13236 13235
f 13227 13228 13237 13236
f 13228 13229 13238 13237
f 13230 13231 13240 13239
f 13231 13232 13241 13240
f 13232 13233 13242 13241
f 13233 13234 13243 13242
f 13244 13243 13234 13819
f 13244 13819 13820 13841
f 13860 13837 13838 13245
f 13838 13839 13246 13245
f 13839 13840 13247 13246
f 13235 13248 13247 13840
f 13235 13236 13249 13248
f 13236 13237 13250 13249
f 13240 13241 13252 13251
f 13241 13242 13253 13252
f 13242 13243 13254 13253
f 13243 13244 13255 13254
f 13255 13244 13841 13861
f 13880 13860 13245 13256
f 13245 13246 13257 13256
f 13246 13247 13258 13257
f 13247 13248 13259 13258
f 13248 13249 13260 13259
f 13249 13250 13261 13260
f 13251 13252 13263 13262
f 13252 13253 13264 13263
f 13253 13254 13265 13264
f 13254 13255 13266 13265
f 13267 13266 13255 13861
f 13267 13861 13862 13881
f 13898 13879 13880 13268
f 13256 13269 13268 13880
f 13256 13257 13270 13269
f 13257 13258 13271 13270
f 13258 13259 13272 13271
f 13259 13260 13273 13272
f 13263 13264 13275 13274
f 13264 13265 13276 13275
f 13265 13266 13277 13276
f 13266 13267 13278 13277
f 13279 13278 13267 13881
f 13279 13881 13882 13899
f 13914 13897 13898 13280
f 13268 13281 13280 13898
f 13268 13269 13282 13281
f 13269 13270 13283 13282
f 13270 13271 13284 13283
f 13271 13272 13285 13284
f 13274 13275 13287 13286
f 13275 13276 13288 13287
f 13276 13277 13289 13288
f 13277 13278 13290 13289
f 13278 13279 13291 13290
f 13291 13279 13899 13915
f 13930 13914 13280 13292
f 13280 13281 13293 13292
f 13281 13282 13294 13293
f 13282 13283 13295 13294
f 13283 13284 13296 13295
f 13284 13285 13297 13296
f 13287 13288 13299 13298
f 13288 13289 13300 13299
f 13289 13290 13301 13300
f 13290 13291 13302 13301
f 13303 13302 13291 13915
f 13915 13916 13304 13303
f 13304 13916 13917 13931
f 13943 13929 13930 13305
f 13292 13306 13305 13930
f 13292 13293 13307 13306
f 13293 13294 13308 13307
f 13294 13295 13309 13308
f 13295 13296 13310 13309
f 13296 13297 13311 13310
f 13298 13299 13313 13312
f 13299 13300 13314 13313
f 13300 13301 13315 13314
f 13301 13302 13316 13315
f 13302 13303 13317 13316
f 13303 13304 13318 13317
f 13319 13318 13304 13931
f 13319 13931 13932 13944
f 13954 13942 13943 13320
f 13305 13321 13320 13943
f 13305 13306 13322 13321
f 13306 13307 13323 13322
f 13307 13308 13324 13323
f 13308 13309 13325 13324
f 13309 13310 13326 13325
f 13314 13315 13328 13327
f 13315 13316 13329 13328
f 13316 13317 13330 13329
f 13317 13318 13331 13330
f 13318 13319 13332 13331
f 13333 13332 13319 13944
f 13944 13945 13334 13333
f 13945 13946 13335 13334
f 13946 13947 13336 13335
f 13947 13948 13337 13336
f 13948 13949 13338 13337
f 13949 13950 13339 13338
f 13950 13951 13340 13339
f 13951 13952 13341 13340
f 13952 13953 13342 13341
f 13953 13954 13343 13342
f 13320 13344 13343 13954
f 13320 13321 13345 13344
f 13321 13322 13346 13345
f 13322 13323 13347 13346
f 13323 13324 13348 13347
f 13324 13325 13349 13348
f 13328 13329 13351 13350
f 13329 13330 13352 13351
f 13330 13331 13353 13352
f 13331 13332 13354 13353
f 13332 13333 13355 13354
f 13333 13334 13356 13355
f 13334 13335 13357 13356
f 13335 13336 13358 13357
f 13336 13337 13359 13358
f 13337 13338 13360 13359
f 13338 13339 13361 13360
f 13339 13340 13362 13361
f 13340 13341 13363 13362
f 13341 13342 13364 13363
f 13342 13343 13365 13364
f 13343 13344 13366 13365
f 13344 13345 13367 13366
f 13345 13346 13368 13367
f 13346 13347 13369 13368
f 13352 13353 13371 13370
f 13353 13354 13372 13371
f 13354 13355 13373 13372
f 13355 13356 13374 13373
f 13356 13357 13375 13374
f 13357 13358 13376 13375
f 13358 13359 13377 13376
f 13359 13360 13378 13377
f 13360 13361 13379 13378
f 13361 13362 13380 13379
f 13362 13363 13381 13380
f 13363 13364 13382 13381
f 13364 13365 13383 13382
f 13365 13366 13384 13383
f 13366 13367 13385 13384
f 13371 13372 13387 13386
f 13372 13373 13388 13387
f 13373 13374 13389 13388
f 13374 13375 13390 13389
f 13375 13376 13391 13390
f 13376 13377 13392 13391
f 13377 13378 13393 13392
f 13378 13379 13394 13393
f 13379 13380 13395 13394
f 13380 13381 13396 13395
f 13381 13382 13397 13396
f 13382 13383 13398 13397
f 13383 13384 13399 13398
f 13387 13388 13401 13400
f 13388 13389 13402 13401
f 13389 13390 13403 13402
f 13390 13391 13404 13403
f 13391 13392 13405 13404
f 13392 13393 13406 13405
f 13393 13394 13407 13406
f 13394 13395 13408 13407
f 13395 13396 13409 13408
f 13396 13397 13410 13409
f 13397 13398 13411 13410
f 13404 13405 13414 13413
f 13405 13406 13415 13414
f 13406 13407 13416 13415
f 13407 13408 13417 13416
f 13408 13409 13418 13417
f 13409 13410 13419 13418
f 13415 13416 13421 13420
f 13416 13417 13422 13421
f 13417 13418 13423 13422
f 13418 13419 13424 13423
f 13421 13422 13426 13425
f 13422 13423 13427 13426
f 13428 13429 13440 13439
f 13429 13430 13441 13440
f 13430 13431 13442 13441
f 13431 13432 13443 13442
f 13432 13433 13444 13443
f 13433 13434 13445 13444
f 13434 13435 13446 13445
f 13435 13436 13447 13446
f 13437 13438 13451 13450
f 13438 13439 13452 13451
f 13439 13440 13453 13452
f 13440 13441 13454 13453
f 13454 13441 13442 13955
f 13956 13955 13442 13443
f 13957 13956 13443 13444
f 13444 13445 13455 13957
f 13445 13446 13456 13455
f 13446 13447 13457 13456
f 13447 13448 13458 13457
f 13449 13450 13464 13463
f 13464 13450 13451 13958
f 13959 13958 13451 13452
f 13960 13959 13452 13453
f 13961 13960 13453 13454
f 13961 13454 13955 13962
f 13965 13964 13957 13455
f 13966 13965 13455 13456
f 13967 13966 13456 13457
f 13457 13458 13465 13967
f 13458 13459 13466 13465
f 13459 13460 13467 13466
f 13461 13462 13471 13470
f 13462 13463 13472 13471
f 13472 13463 13464 13968
f 13968 13464 13958 13969
f 13979 13978 13967 13465
f 13465 13466 13473 13979
f 13466 13467 13474 13473
f 13467 13468 13475 13474
f 13469 13470 13479 13478
f 13470 13471 13480 13479
f 13480 13471 13472 13980
f 13980 13472 13968 13981
f 13993 13992 13979 13473
f 13473 13474 13481 13993
f 13474 13475 13482 13481
f 13475 13476 13483 13482
f 13477 13478 13486 13485
f 13478 13479 13487 13486
f 13487 13479 13480 13994
f 13994 13480 13980 13995
f 14005 14004 13993 13481
f 13481 13482 13488 14005
f 13482 13483 13489 13488
f 13483 13484 13490 13489
f 13485 13486 13494 13493
f 13486 13487 13495 13494
f 13495 13487 13994 14006
f 14014 14013 14005 13488
f 13488 13489 13496 14014
f 13489 13490 13497 13496
f 13490 13491 13498 13497
f 13492 13493 13500 13499
f 13493 13494 13501 13500
f 13501 13494 13495 14015
f 14015 13495 14006 14016
f 14023 14022 14014 13496
f 13496 13497 13502 14023
f 13497 13498 13503 13502
f 13499 13500 13506 13505
f 13500 13501 13507 13506
f 13507 13501 14015 14024
f 14031 14023 13502 13508
f 13502 13503 13509 13508
f 13503 13504 13510 13509
f 13505 13506 13513 13512
f 13513 13506 13507 14032
f 14032 13507 14024 14033
f 14039 14031 13508 13514
f 13508 13509 13515 13514
f 13509 13510 13516 13515
f 13511 13512 13518 13517
f 13512 13513 13519 13518
f 13519 13513 14032 14040
f 14047 14039 13514 13520
f 13514 13515 13521 13520
f 13515 13516 13522 13521
f 13517 13518 13524 13523
f 13518 13519 13525 13524
f 13525 13519 14040 14048
f 14053 14047 13520 13526
f 13520 13521 13527 13526
f 13521 13522 13528 13527
f 13523 13524 13530 13529
f 13524 13525 13531 13530
f 13531 13525 14048 14054
f 14059 14053 13526 13532
f 13526 13527 13533 13532
f 13527 13528 13534 13533
f 13529 13530 13537 13536
f 13530 13531 13538 13537
f 13538 13531 14054 14060
f 14066 14065 14059 13532
f 13532 13533 13539 14066
f 13533 13534 13540 13539
f 13534 13535 13541 13540
f 13536 13537 13544 13543
f 13537 13538 13545 13544
f 13545 13538 14060 14067
f 14073 14066 13539 13546
f 13539 13540 13547 13546
f 13540 13541 13548 13547
f 13542 13543 13550 13549
f 13543 13544 13551 13550
f 13551 13544 13545 14074
f 14074 13545 14067 14075
f 14080 14073 13546 13552
f 13546 13547 13553 13552
f 13547 13548 13554 13553
f 13549 13550 13556 13555
f 13550 13551 13557 13556
f 13557 13551 14074 14081
f 14087 14080 13552 13558
f 13552 13553 13559 13558
f 13553 13554 13560 13559
f 13555 13556 13562 13561
f 13556 13557 13563 13562
f 13563 13557 14081 14088
f 14094 14087 13558 13564
f 13558 13559 13565 13564
f 13559 13560 13566 13565
f 13561 13562 13568 13567
f 13562 13563 13569 13568
f 13569 13563 14088 14095
f 14102 14101 14094 13564
f 13564 13565 13570 14102
f 13565 13566 13571 13570
f 13567 13568 13573 13572
f 13568 13569 13574 13573
f 13574 13569 14095 14103
f 14109 14102 13570 13575
f 13570 13571 13576 13575
f 13572 13573 13579 13578
f 13573 13574 13580 13579
f 13580 13574 14103 14110
f 14116 14109 13575 13581
f 13575 13576 13582 13581
f 13578 13579 13585 13584
f 13585 13579 13580 14117
f 14117 13580 14110 14118
f 14124 14116 13581 13586
f 13581 13582 13587 13586
f 13582 13583 13588 13587
f 13584 13585 13590 13589
f 13590 13585 14117 14125
f 14132 14124 13586 13591
f 13586 13587 13592 13591
f 13587 13588 13593 13592
f 13589 13590 13596 13595
f 13596 13590 14125 14133
f 14140 14132 13591 13597
f 13591 13592 13598 13597
f 13592 13593 13599 13598
f 13594 13595 13601 13600
f 13595 13596 13602 13601
f 13602 13596 14133 14141
f 14149 14140 13597 13603
f 13597 13598 13604 13603
f 13598 13599 13605 13604
f 13600 13601 13607 13606
f 13601 13602 13608 13607
f 13608 13602 14141 14150
f 14158 14149 13603 13609
f 13603 13604 13610 13609
f 13604 13605 13611 13610
f 13606 13607 13613 13612
f 13607 13608 13614 13613
f 13614 13608 14150 14159
f 14167 14158 13609 13615
f 13609 13610 13616 13615
f 13610 13611 13617 13616
f 13612 13613 13620 13619
f 13613 13614 13621 13620
f 13621 13614 14159 14168
f 14176 14167 13615 13622
f 13615 13616 13623 13622
f 13616 13617 13624 13623
f 13617 13618 13625 13624
f 13619 13620 13627 13626
f 13620 13621 13628 13627
f 13628 13621 14168 14177
f 14186 14176 13622 13629
f 13622 13623 13630 13629
f 13623 13624 13631 13630
f 13624 13625 13632 13631
f 13626 13627 13634 13633
f 13627 13628 13635 13634
f 13635 13628 14177 14187
f 14196 14186 13629 13636
f 13629 13630 13637 13636
f 13630 13631 13638 13637
f 13631 13632 13639 13638
f 13633 13634 13641 13640
f 13634 13635 13642 13641
f 13642 13635 14187 14197
f 14207 14196 13636 13643
f 13636 13637 13644 13643
f 13637 13638 13645 13644
f 13638 13639 13646 13645
f 13640 13641 13648 13647
f 13641 13642 13649 13648
f 13649 13642 14197 14208
f 14218 14207 13643 13650
f 13643 13644 13651 13650
f 13644 13645 13652 13651
f 13645 13646 13653 13652
f 13647 13648 13655 13654
f 13648 13649 13656 13655
f 13656 13649 14208 14219
f 14230 14218 13650 13657
f 13650 13651 13658 13657
f 13651 13652 13659 13658
f 13652 13653 13660 13659
f 13654 13655 13662 13661
f 13655 13656 13663 13662
f 13663 13656 14219 14231
f 14243 14230 13657 13664
f 13657 13658 13665 13664
f 13658 13659 13666 13665
f 13659 13660 13667 13666
f 13661 13662 13669 13668
f 13662 13663 13670 13669
f 13671 13670 13663 14231
f 13671 14231 14232 14244
f 14256 14243 13664 13672
f 13664 13665 13673 13672
f 13665 13666 13674 13673
f 13666 13667 13675 13674
f 13668 13669 13677 13676
f 13669 13670 13678 13677
f 13670 13671 13679 13678
f 13679 13671 14244 14257
f 14271 14256 13672 13680
f 13672 13673 13681 13680
f 13673 13674 13682 13681
f 13674 13675 13683 13682
f 13676 13677 13685 13684
f 13677 13678 13686 13685
f 13678 13679 13687 13686
f 13687 13679 14257 14272
f 14287 14270 14271 13688
f 13680 13689 13688 14271
f 13680 13681 13690 13689
f 13681 13682 13691 13690
f 13682 13683 13692 13691
f 13684 13685 13694 13693
f 13685 13686 13695 13694
f 13686 13687 13696 13695
f 13697 13696 13687 14272
f 13697 14272 14273 14288
f 14308 14287 13688 13698
f 13688 13689 13699 13698
f 13689 13690 13700 13699
f 13690 13691 13701 13700
f 13693 13694 13703 13702
f 13694 13695 13704 13703
f 13695 13696 13705 13704
f 13696 13697 13706 13705
f 13706 13697 14288 14309
f 14329 14308 13698 13707
f 13698 13699 13708 13707
f 13699 13700 13709 13708
f 13700 13701 13710 13709
f 13702 13703 13712 13711
f 13703 13704 13713 13712
f 13704 13705 13714 13713
f 13705 13706 13715 13714
f 13715 13706 14309 14330
f 14349 14328 14329 13716
f 13707 13717 13716 14329
f 13707 13708 13718 13717
f 13708 13709 13719 13718
f 13709 13710 13720 13719
f 13711 13712 13722 13721
f 13712 13713 13723 13722
f 13713 13714 13724 13723
f 13714 13715 13725 13724
f 13725 13715 14330 14350
f 14369 14349 13716 13726
f 13716 13717 13727 13726
f 13717 13718 13728 13727
f 13718 13719 13729 13728
f 13719 13720 13730 13729
f 13722 13723 13732 13731
f 13723 13724 13733 13732
f 13724 13725 13734 13733
f 13734 13725 14350 14370
f 14389 14369 13726 13735
f 13726 13727 13736 13735
f 13727 13728 13737 13736
f 13728 13729 13738 13737
f 13729 13730 13739 13738
f 13731 13732 13741 13740
f 13732 13733 13742 13741
f 13733 13734 13743 13742
f 13744 13743 13734 14370
f 13744 14370 14371 14390
f 14408 14389 13735 13745
f 13735 13736 13746 13745
f 13736 13737 13747 13746
f 13737 13738 13748 13747
f 13738 13739 13749 13748
f 13740 13741 13751 13750
f 13741 13742 13752 13751
f 13742 13743 13753 13752
f 13743 13744 13754 13753
f 13754 13744 14390 14409
f 14426 14407 14408 13755
f 13745 13756 13755 14408
f 13745 13746 13757 13756
f 13746 13747 13758 13757
f 13747 13748 13759 13758
f 13750 13751 13761 13760
f 13751 13752 13762 13761
f 13752 13753 13763 13762
f 13753 13754 13764 13763
f 13765 13764 13754 14409
f 13765 14409 14410 14427
f 14442 14425 14426 13766
f 13755 13767 13766 14426
f 13755 13756 13768 13767
f 13756 13757 13769 13768
f 13757 13758 13770 13769
f 13758 13759 13771 13770
f 13760 13761 13773 13772
f 13761 13762 13774 13773
f 13762 13763 13775 13774
f 13763 13764 13776 13775
f 13764 13765 13777 13776
f 13778 13777 13765 14427
f 14427 14428 13779 13778
f 13779 14428 14429 14443
f 14455 14441 14442 13780
f 13766 13781 13780 14442
f 13766 13767 13782 13781
f 13767 13768 13783 13782
f 13768 13769 13784 13783
f 13769 13770 13785 13784
f 13770 13771 13786 13785
f 13773 13774 13788 13787
f 13774 13775 13789 13788
f 13775 13776 13790 13789
f 13776 13777 13791 13790
f 13777 13778 13792 13791
f 13778 13779 13793 13792
f 13793 13779 14443 14456
f 14467 14454 14455 13794
f 13780 13795 13794 14455
f 13780 13781 13796 13795
f 13781 13782 13797 13796
f 13782 13783 13798 13797
f 13783 13784 13799 13798
f 13784 13785 13800 13799
f 13787 13788 13802 13801
f 13788 13789 13803 13802
f 13789 13790 13804 13803
f 13790 13791 13805 13804
f 13791 13792 13806 13805
f 13792 13793 13807 13806
f 13808 13807 13793 14456
f 14456 14457 13809 13808
f 13809 14457 14458 14468
f 14475 14465 14466 13810
f 14466 14467 13811 13810
f 13794 13812 13811 14467
f 13794 13795 13813 13812
f 13795 13796 13814 13813
f 13796 13797 13815 13814
f 13797 13798 13816 13815
f 13798 13799 13817 13816
f 13799 13800 13818 13817
f 13803 13804 13820 13819
f 13804 13805 13821 13820
f 13805 13806 13822 13821
f 13806 13807 13823 13822
f 13807 13808 13824 13823
f 13808 13809 13825 13824
f 13826 13825 13809 14468
f 14468 14469 13827 13826
f 14469 14470 13828 13827
f 13828 14470 14471 14476
f 14477 14472 14473 13829
f 14473 14474 13830 13829
f 14474 14475 13831 13830
f 13810 13832 13831 14475
f 13810 13811 13833 13832
f 13811 13812 13834 13833
f 13812 13813 13835 13834
f 13813 13814 13836 13835
f 13814 13815 13837 13836
f 13815 13816 13838 13837
f 13816 13817 13839 13838
f 13817 13818 13840 13839
f 13820 13821 13842 13841
f 13821 13822 13843 13842
f 13822 13823 13844 13843
f 13823 13824 13845 13844
f 13824 13825 13846 13845
f 13825 13826 13847 13846
f 13826 13827 13848 13847
f 13827 13828 13849 13848
f 13850 13849 13828 14476
f 14476 14477 13851 13850
f 13829 13852 13851 14477
f 13829 13830 13853 13852
f 13830 13831 13854 13853
f 13831 13832 13855 13854
f 13832 13833 13856 13855
f 13833 13834 13857 13856
f 13834 13835 13858 13857
f 13835 13836 13859 13858
f 13836 13837 13860 13859
f 13841 13842 13862 13861
f 13842 13843 13863 13862
f 13843 13844 13864 13863
f 13844 13845 13865 13864
f 13845 13846 13866 13865
f 13846 13847 13867 13866
f 13847 13848 13868 13867
f 13848 13849 13869 13868
f 13849 13850 13870 13869
f 13850 13851 13871 13870
f 13851 13852 13872 13871
f 13852 13853 13873 13872
f 13853 13854 13874 13873
f 13854 13855 13875 13874
f 13855 13856 13876 13875
f 13856 13857 13877 13876
f 13857 13858 13878 13877
f 13858 13859 13879 13878
f 13859 13860 13880 13879
f 13862 13863 13882 13881
f 13863 13864 13883 13882
f 13864 13865 13884 13883
f 13865 13866 13885 13884
f 13866 13867 13886 13885
f 13867 13868 13887 13886
f 13868 13869 13888 13887
f 13869 13870 13889 13888
f 13870 13871 13890 13889
f 13871 13872 13891 13890
f 13872 13873 13892 13891
f 13873 13874 13893 13892
f 13874 13875 13894 13893
f 13875 13876 13895 13894
f 13876 13877 13896 13895
f 13877 13878 13897 13896
f 13878 13879 13898 13897
f 13882 13883 13900 13899
f 13883 13884 13901 13900
f 13884 13885 13902 13901
f 13885 13886 13903 13902
f 13886 13887 13904 13903
f 13887 13888 13905 13904
f 13888 13889 13906 13905
f 13889 13890 13907 13906
f 13890 13891 13908 13907
f 13891 13892 13909 13908
f 13892 13893 13910 13909
f 13893 13894 13911 13910
f 13894 13895 13912 13911
f 13895 13896 13913 13912
f 13896 13897 13914 13913
f 13899 13900 13916 13915
f 13900 13901 13917 13916
f 13901 13902 13918 13917
f 13902 13903 13919 13918
f 13903 13904 13920 13919
f 13904 13905 13921 13920
f 13905 13906 13922 13921
f 13906 13907 13923 13922
f 13907 13908 13924 13923
f 13908 13909 13925 13924
f 13909 13910 13926 13925
f 13910 13911 13927 13926
f 13911 13912 13928 13927
f 13912 13913 13929 13928
f 13913 13914 13930 13929
f 13917 13918 13932 13931
f 13918 13919 13933 13932
f 13919 13920 13934 13933
f 13920 13921 13935 13934
f 13921 13922 13936 13935
f 13922 13923 13937 13936
f 13923 13924 13938 13937
f 13924 13925 13939 13938
f 13925 13926 13940 13939
f 13926 13927 13941 13940
f 13927 13928 13942 13941
f 13928 13929 13943 13942
f 13932 13933 13945 13944
f 13933 13934 13946 13945
f 13934 13935 13947 13946
f 13935 13936 13948 13947
f 13936 13937 13949 13948
f 13937 13938 13950 13949
f 13938 13939 13951 13950
f 13939 13940 13952 13951
f 13940 13941 13953 13952
f 13941 13942 13954 13953
f 13955 13956 13963 13962
f 13956 13957 13964 13963
f 13958 13959 13970 13969
f 13959 13960 13971 13970
f 13960 13961 13972 13971
f 13961 13962 13973 13972
f 13962 13963 13974 13973
f 13963 13964 13975 13974
f 13964 13965 13976 13975
f 13965 13966 13977 13976
f 13966 13967 13978 13977
f 13968 13969 13982 13981
f 13969 13970 13983 13982
f 13970 13971 13984 13983
f 13971 13972 13985 13984
f 13972 13973 13986 13985
f 13973 13974 13987 13986
f 13974 13975 13988 13987
f 13975 13976 13989 13988
f 13976 13977 13990 13989
f 13977 13978 13991 13990
f 13978 13979 13992 13991
f 13980 13981 13996 13995
f 13981 13982 13997 13996
f 13982 13983 13998 13997
f 13983 13984 13999 13998
f 13999 13984 13985 14478
f 14479 14478 13985 13986
f 14480 14479 13986 13987
f 14481 14480 13987 13988
f 13988 13989 14000 14481
f 13989 13990 14001 14000
f 13990 13991 14002 14001
f 13991 13992 14003 14002
f 13992 13993 14004 14003
f 13994 13995 14007 14006
f 13995 13996 14008 14007
f 13996 13997 14009 14008
f 14009 13997 13998 14482
f 14483 14482 13998 13999
f 14483 13999 14478 14484
f 14488 14487 14481 14000
f 14489 14488 14000 14001
f 14001 14002 14010 14489
f 14002 14003 14011 14010
f 14003 14004 14012 14011
f 14004 14005 14013 14012
f 14006 14007 14017 14016
f 14007 14008 14018 14017
f 14018 14008 14009 14490
f 14490 14009 14482 14491
f 14499 14498 14489 14010
f 14010 14011 14019 14499
f 14011 14012 14020 14019
f 14012 14013 14021 14020
f 14013 14014 14022 14021
f 14015 14016 14025 14024
f 14016 14017 14026 14025
f 14017 14018 14027 14026
f 14027 14018 14490 14500
f 14510 14509 14499 14019
f 14019 14020 14028 14510
f 14020 14021 14029 14028
f 14021 14022 14030 14029
f 14022 14023 14031 14030
f 14024 14025 14034 14033
f 14025 14026 14035 14034
f 14035 14026 14027 14511
f 14511 14027 14500 14512
f 14522 14510 14028 14036
f 14028 14029 14037 14036
f 14029 14030 14038 14037
f 14030 14031 14039 14038
f 14032 14033 14041 14040
f 14033 14034 14042 14041
f 14034 14035 14043 14042
f 14043 14035 14511 14523
f 14534 14522 14036 14044
f 14036 14037 14045 14044
f 14037 14038 14046 14045
f 14038 14039 14047 14046
f 14040 14041 14049 14048
f 14041 14042 14050 14049
f 14050 14042 14043 14535
f 14535 14043 14523 14536
f 14548 14547 14534 14044
f 14044 14045 14051 14548
f 14045 14046 14052 14051
f 14046 14047 14053 14052
f 14048 14049 14055 14054
f 14049 14050 14056 14055
f 14056 14050 14535 14549
f 14562 14548 14051 14057
f 14051 14052 14058 14057
f 14052 14053 14059 14058
f 14054 14055 14061 14060
f 14055 14056 14062 14061
f 14062 14056 14549 14563
f 14576 14562 14057 14063
f 14057 14058 14064 14063
f 14058 14059 14065 14064
f 14060 14061 14068 14067
f 14061 14062 14069 14068
f 14069 14062 14563 14577
f 14590 14576 14063 14070
f 14063 14064 14071 14070
f 14064 14065 14072 14071
f 14065 14066 14073 14072
f 14067 14068 14076 14075
f 14068 14069 14077 14076
f 14077 14069 14577 14591
f 14605 14604 14590 14070
f 14070 14071 14078 14605
f 14071 14072 14079 14078
f 14072 14073 14080 14079
f 14074 14075 14082 14081
f 14075 14076 14083 14082
f 14076 14077 14084 14083
f 14084 14077 14591 14606
f 14620 14605 14078 14085
f 14078 14079 14086 14085
f 14079 14080 14087 14086
f 14081 14082 14089 14088
f 14082 14083 14090 14089
f 14083 14084 14091 14090
f 14091 14084 14606 14621
f 14635 14620 14085 14092
f 14085 14086 14093 14092
f 14086 14087 14094 14093
f 14088 14089 14096 14095
f 14089 14090 14097 14096
f 14090 14091 14098 14097
f 14098 14091 14621 14636
f 14650 14635 14092 14099
f 14092 14093 14100 14099
f 14093 14094 14101 14100
f 14095 14096 14104 14103
f 14096 14097 14105 14104
f 14105 14097 14098 14651
f 14651 14098 14636 14652
f 14666 14650 14099 14106
f 14099 14100 14107 14106
f 14100 14101 14108 14107
f 14101 14102 14109 14108
f 14103 14104 14111 14110
f 14104 14105 14112 14111
f 14112 14105 14651 14667
f 14682 14666 14106 14113
f 14106 14107 14114 14113
f 14107 14108 14115 14114
f 14108 14109 14116 14115
f 14110 14111 14119 14118
f 14111 14112 14120 14119
f 14120 14112 14667 14683
f 14698 14682 14113 14121
f 14113 14114 14122 14121
f 14114 14115 14123 14122
f 14115 14116 14124 14123
f 14117 14118 14126 14125
f 14118 14119 14127 14126
f 14119 14120 14128 14127
f 14128 14120 14683 14699
f 14714 14698 14121 14129
f 14121 14122 14130 14129
f 14122 14123 14131 14130
f 14123 14124 14132 14131
f 14125 14126 14134 14133
f 14126 14127 14135 14134
f 14127 14128 14136 14135
f 14136 14128 14699 14715
f 14730 14714 14129 14137
f 14129 14130 14138 14137
f 14130 14131 14139 14138
f 14131 14132 14140 14139
f 14133 14134 14142 14141
f 14134 14135 14143 14142
f 14135 14136 14144 14143
f 14145 14144 14136 14715
f 14145 14715 14716 14731
f 14745 14730 14137 14146
f 14137 14138 14147 14146
f 14138 14139 14148 14147
f 14139 14140 14149 14148
f 14141 14142 14151 14150
f 14142 14143 14152 14151
f 14143 14144 14153 14152
f 14144 14145 14154 14153
f 14154 14145 14731 14746
f 14760 14745 14146 14155
f 14146 14147 14156 14155
f 14147 14148 14157 14156
f 14148 14149 14158 14157
f 14150 14151 14160 14159
f 14151 14152 14161 14160
f 14152 14153 14162 14161
f 14153 14154 14163 14162
f 14163 14154 14746 14761
f 14775 14760 14155 14164
f 14155 14156 14165 14164
f 14156 14157 14166 14165
f 14157 14158 14167 14166
f 14159 14160 14169 14168
f 14160 14161 14170 14169
f 14161 14162 14171 14170
f 14162 14163 14172 14171
f 14172 14163 14761 14776
f 14790 14775 14164 14173
f 14164 14165 14174 14173
f 14165 14166 14175 14174
f 14166 14167 14176 14175
f 14168 14169 14178 14177
f 14169 14170 14179 14178
f 14170 14171 14180 14179
f 14171 14172 14181 14180
f 14181 14172 14776 14791
f 14804 14789 14790 14182
f 14173 14183 14182 14790
f 14173 14174 14184 14183
f 14174 14175 14185 14184
f 14175 14176 14186 14185
f 14177 14178 14188 14187
f 14178 14179 14189 14188
f 14179 14180 14190 14189
f 14180 14181 14191 14190
f 14191 14181 14791 14805
f 14818 14804 14182 14192
f 14182 14183 14193 14192
f 14183 14184 14194 14193
f 14184 14185 14195 14194
f 14185 14186 14196 14195
f 14187 14188 14198 14197
f 14188 14189 14199 14198
f 14189 14190 14200 14199
f 14190 14191 14201 14200
f 14202 14201 14191 14805
f 14202 14805 14806 14819
f 14831 14818 14192 14203
f 14192 14193 14204 14203
f 14193 14194 14205 14204
f 14194 14195 14206 14205
f 14195 14196 14207 14206
f 14197 14198 14209 14208
f 14198 14199 14210 14209
f 14199 14200 14211 14210
f 14200 14201 14212 14211
f 14201 14202 14213 14212
f 14213 14202 14819 14832
f 14844 14831 14203 14214
f 14203 14204 14215 14214
f 14204 14205 14216 14215
f 14205 14206 14217 14216
f 14206 14207 14218 14217
f 14208 14209 14220 14219
f 14209 14210 14221 14220
f 14210 14211 14222 14221
f 14211 14212 14223 14222
f 14212 14213 14224 14223
f 14224 14213 14832 14845
f 14856 14843 14844 14225
f 14214 14226 14225 14844
f 14214 14215 14227 14226
f 14215 14216 14228 14227
f 14216 14217 14229 14228
f 14217 14218 14230 14229
f 14219 14220 14232 14231
f 14220 14221 14233 14232
f 14221 14222 14234 14233
f 14222 14223 14235 14234
f 14223 14224 14236 14235
f 14237 14236 14224 14845
f 14237 14845 14846 14857
f 14867 14856 14225 14238
f 14225 14226 14239 14238
f 14226 14227 14240 14239
f 14227 14228 14241 14240
f 14228 14229 14242 14241
f 14229 14230 14243 14242
f 14232 14233 14245 14244
f 14233 14234 14246 14245
f 14234 14235 14247 14246
f 14235 14236 14248 14247
f 14236 14237 14249 14248
f 14249 14237 14857 14868
f 14877 14866 14867 14250
f 14238 14251 14250 14867
f 14238 14239 14252 14251
f 14239 14240 14253 14252
f 14240 14241 14254 14253
f 14241 14242 14255 14254
f 14242 14243 14256 14255
f 14244 14245 14258 14257
f 14245 14246 14259 14258
f 14246 14247 14260 14259
f 14247 14248 14261 14260
f 14248 14249 14262 14261
f 14263 14262 14249 14868
f 14263 14868 14869 14878
f 14885 14876 14877 14264
f 14250 14265 14264 14877
f 14250 14251 14266 14265
f 14251 14252 14267 14266
f 14252 14253 14268 14267
f 14253 14254 14269 14268
f 14254 14255 14270 14269
f 14255 14256 14271 14270
f 14257 14258 14273 14272
f 14258 14259 14274 14273
f 14259 14260 14275 14274
f 14260 14261 14276 14275
f 14261 14262 14277 14276
f 14262 14263 14278 14277
f 14279 14278 14263 14878
f 14279 14878 14879 14886
f 14891 14884 14885 14280
f 14264 14281 14280 14885
f 14264 14265 14282 14281
f 14265 14266 14283 14282
f 14266 14267 14284 14283
f 14267 14268 14285 14284
f 14268 14269 14286 14285
f 14269 14270 14287 14286
f 14273 14274 14289 14288
f 14274 14275 14290 14289
f 14275 14276 14291 14290
f 14276 14277 14292 14291
f 14277 14278 14293 14292
f 14278 14279 14294 14293
f 14295 14294 14279 14886
f 14886 14887 14296 14295
f 14887 14888 14297 14296
f 14888 14889 14298 14297
f 14889 14890 14299 14298
f 14890 14891 14300 14299
f 14280 14301 14300 14891
f 14280 14281 14302 14301
f 14281 14282 14303 14302
f 14282 14283 14304 14303
f 14283 14284 14305 14304
f 14284 14285 14306 14305
f 14285 14286 14307 14306
f 14286 14287 14308 14307
f 14288 14289 14310 14309
f 14289 14290 14311 14310
f 14290 14291 14312 14311
f 14291 14292 14313 14312
f 14292 14293 14314 14313
f 14293 14294 14315 14314
f 14294 14295 14316 14315
f 14295 14296 14317 14316
f 14296 14297 14318 14317
f 14297 14298 14319 14318
f 14298 14299 14320 14319
f 14299 14300 14321 14320
f 14300 14301 14322 14321
f 14301 14302 14323 14322
f 14302 14303 14324 14323
f 14303 14304 14325 14324
f 14304 14305 14326 14325
f 14305 14306 14327 14326
f 14306 14307 14328 14327
f 14307 14308 14329 14328
f 14309 14310 14331 14330
f 14310 14311 14332 14331
f 14311 14312 14333 14332
f 14312 14313 14334 14333
f 14313 14314 14335 14334
f 14314 14315 14336 14335
f 14315 14316 14337 14336
f 14316 14317 14338 14337
f 14317 14318 14339 14338
f 14318 14319 14340 14339
f 14319 14320 14341 14340
f 14320 14321 14342 14341
f 14321 14322 14343 14342
f 14322 14323 14344 14343
f 14323 14324 14345 14344
f 14324 14325 14346 14345
f 14325 14326 14347 14346
f 14326 14327 14348 14347
f 14327 14328 14349 14348
f 14330 14331 14351 14350
f 14331 14332 14352 14351
f 14332 14333 14353 14352
f 14333 14334 14354 14353
f 14334 14335 14355 14354
f 14335 14336 14356 14355
f 14336 14337 14357 14356
f 14337 14338 14358 14357
f 14338 14339 14359 14358
f 14339 14340 14360 14359
f 14340 14341 14361 14360
f 14341 14342 14362 14361
f 14342 14343 14363 14362
f 14343 14344 14364 14363
f 14344 14345 14365 14364
f 14345 14346 14366 14365
f 14346 14347 14367 14366
f 14347 14348 14368 14367
f 14348 14349 14369 14368
f 14350 14351 14371 14370
f 14351 14352 14372 14371
f 14352 14353 14373 14372
f 14353 14354 14374 14373
f 14354 14355 14375 14374
f 14355 14356 14376 14375
f 14356 14357 14377 14376
f 14357 14358 14378 14377
f 14358 14359 14379 14378
f 14359 14360 14380 14379
f 14360 14361 14381 14380
f 14361 14362 14382 14381
f 14362 14363 14383 14382
f 14363 14364 14384 14383
f 14364 14365 14385 14384
f 14365 14366 14386 14385
f 14366 14367 14387 14386
f 14367 14368 14388 14387
f 14368 14369 14389 14388
f 14371 14372 14391 14390
f 14372 14373 14392 14391
f 14373 14374 14393 14392
f 14374 14375 14394 14393
f 14375 14376 14395 14394
f 14376 14377 14396 14395
f 14377 14378 14397 14396
f 14378 14379 14398 14397
f 14379 14380 14399 14398
f 14380 14381 14400 14399
f 14381 14382 14401 14400
f 14382 14383 14402 14401
f 14383 14384 14403 14402
f 14384 14385 14404 14403
f 14385 14386 14405 14404
f 14386 14387 14406 14405
f 14387 14388 14407 14406
f 14388 14389 14408 14407
f 14390 14391 14410 14409
f 14391 14392 14411 14410
f 14392 14393 14412 14411
f 14393 14394 14413 14412
f 14394 14395 14414 14413
f 14395 14396 14415 14414
f 14396 14397 14416 14415
f 14397 14398 14417 14416
f 14398 14399 14418 14417
f 14399 14400 14419 14418
f 14400 14401 14420 14419
f 14401 14402 14421 14420
f 14402 14403 14422 14421
f 14403 14404 14423 14422
f 14404 14405 14424 14423
f 14405 14406 14425 14424
f 14406 14407 14426 14425
f 14410 14411 14428 14427
f 14411 14412 14429 14428
f 14412 14413 14430 14429
f 14413 14414 14431 14430
f 14414 14415 14432 14431
f 14415 14416 14433 14432
f 14416 14417 14434 14433
f 14417 14418 14435 14434
f 14418 14419 14436 14435
f 14419 14420 14437 14436
f 14420 14421 14438 14437
f 14421 14422 14439 14438
f 14422 14423 14440 14439
f 14423 14424 14441 14440
f 14424 14425 14442 14441
f 14429 14430 14444 14443
f 14430 14431 14445 14444
f 14431 14432 14446 14445
f 14432 14433 14447 14446
f 14433 14434 14448 14447
f 14434 14435 14449 14448
f 14435 14436 14450 14449
f 14436 14437 14451 14450
f 14437 14438 14452 14451
f 14438 14439 14453 14452
f 14439 14440 14454 14453
f 14440 14441 14455 14454
f 14443 14444 14457 14456
f 14444 14445 14458 14457
f 14445 14446 14459 14458
f 14446 14447 14460 14459
f 14447 14448 14461 14460
f 14448 14449 14462 14461
f 14449 14450 14463 14462
f 14450 14451 14464 14463
f 14451 14452 14465 14464
f 14452 14453 14466 14465
f 14453 14454 14467 14466
f 14458 14459 14469 14468
f 14459 14460 14470 14469
f 14460 14461 14471 14470
f 14461 14462 14472 14471
f 14462 14463 14473 14472
f 14463 14464 14474 14473
f 14464 14465 14475 14474
f 14471 14472 14477 14476
f 14478 14479 14485 14484
f 14479 14480 14486 14485
f 14480 14481 14487 14486
f 14482 14483 14492 14491
f 14483 14484 14493 14492
f 14484 14485 14494 14493
f 14485 14486 14495 14494
f 14486 14487 14496 14495
f 14487 14488 14497 14496
f 14488 14489 14498 14497
f 14490 14491 14501 14500
f 14491 14492 14502 14501
f 14492 14493 14503 14502
f 14493 14494 14504 14503
f 14494 14495 14505 14504
f 14495 14496 14506 14505
f 14496 14497 14507 14506
f 14497 14498 14508 14507
f 14498 14499 14509 14508
f 14500 14501 14513 14512
f 14501 14502 14514 14513
f 14502 14503 14515 14514
f 14503 14504 14516 14515
f 14504 14505 14517 14516
f 14505 14506 14518 14517
f 14506 14507 14519 14518
f 14507 14508 14520 14519
f 14508 14509 14521 14520
f 14509 14510 14522 14521
f 14511 14512 14524 14523
f 14512 14513 14525 14524
f 14513 14514 14526 14525
f 14514 14515 14527 14526
f 14515 14516 14528 14527
f 14516 14517 14529 14528
f 14517 14518 14530 14529
f 14518 14519 14531 14530
f 14519 14520 14532 14531
f 14520 14521 14533 14532
f 14521 14522 14534 14533
f 14523 14524 14537 14536
f 14524 14525 14538 14537
f 14525 14526 14539 14538
f 14526 14527 14540 14539
f 14527 14528 14541 14540
f 14528 14529 14542 14541
f 14529 14530 14543 14542
f 14530 14531 14544 14543
f 14531 14532 14545 14544
f 14532 14533 14546 14545
f 14533 14534 14547 14546
f 14535 14536 14550 14549
f 14536 14537 14551 14550
f 14537 14538 14552 14551
f 14538 14539 14553 14552
f 14539 14540 14554 14553
f 14540 14541 14555 14554
f 14541 14542 14556 14555
f 14542 14543 14557 14556
f 14543 14544 14558 14557
f 14544 14545 14559 14558
f 14545 14546 14560 14559
f 14546 14547 14561 14560
f 14547 14548 14562 14561
f 14549 14550 14564 14563
f 14550 14551 14565 14564
f 14551 14552 14566 14565
f 14552 14553 14567 14566
f 14553 14554 14568 14567
f 14554 14555 14569 14568
f 14555 14556 14570 14569
f 14556 14557 14571 14570
f 14557 14558 14572 14571
f 14558 14559 14573 14572
f 14559 14560 14574 14573
f 14560 14561 14575 14574
f 14561 14562 14576 14575
f 14563 14564 14578 14577
f 14564 14565 14579 14578
f 14565 14566 14580 14579
f 14566 14567 14581 14580
f 14567 14568 14582 14581
f 14568 14569 14583 14582
f 14569 14570 14584 14583
f 14570 14571 14585 14584
f 14571 14572 14586 14585
f 14572 14573 14587 14586
f 14573 14574 14588 14587
f 14574 14575 14589 14588
f 14575 14576 14590 14589
f 14577 14578 14592 14591
f 14578 14579 14593 14592
f 14579 14580 14594 14593
f 14580 14581 14595 14594
f 14581 14582 14596 14595
f 14582 14583 14597 14596
f 14583 14584 14598 14597
f 14584 14585 14599 14598
f 14585 14586 14600 14599
f 14586 14587 14601 14600
f 14587 14588 14602 14601
f 14588 14589 14603 14602
f 14589 14590 14604 14603
f 14591 14592 14607 14606
f 14592 14593 14608 14607
f 14593 14594 14609 14608
f 14594 14595 14610 14609
f 14595 14596 14611 14610
f 14596 14597 14612 14611
f 14597 14598 14613 14612
f 14598 14599 14614 14613
f 14599 14600 14615 14614
f 14600 14601 14616 14615
f 14601 14602 14617 14616
f 14602 14603 14618 14617
f 14603 14604 14619 14618
f 14604 14605 14620 14619
f 14606 14607 14622 14621
f 14607 14608 14623 14622
f 14608 14609 14624 14623
f 14609 14610 14625 14624
f 14610 14611 14626 14625
f 14611 14612 14627 14626
f 14612 14613 14628 14627
f 14613 14614 14629 14628
f 14614 14615 14630 14629
f 14615 14616 14631 14630
f 14616 14617 14632 14631
f 14617 14618 14633 14632
f 14618 14619 14634 14633
f 14619 14620 14635 14634
f 14621 14622 14637 14636
f 14622 14623 14638 14637
f 14623 14624 14639 14638
f 14624 14625 14640 14639
f 14625 14626 14641 14640
f 14626 14627 14642 14641
f 14627 14628 14643 14642
f 14628 14629 14644 14643
f 14629 14630 14645 14644
f 14630 14631 14646 14645
f 14631 14632 14647 14646
f 14632 14633 14648 14647
f 14633 14634 14649 14648
f 14634 14635 14650 14649
f 14636 14637 14653 14652
f 14637 14638 14654 14653
f 14638 14639 14655 14654
f 14639 14640 14656 14655
f 14640 14641 14657 14656
f 14641 14642 14658 14657
f 14642 14643 14659 14658
f 14643 14644 14660 14659
f 14644 14645 14661 14660
f 14645 14646 14662 14661
f 14646 14647 14663 14662
f 14647 14648 14664 14663
f 14648 14649 14665 14664
f 14649 14650 14666 14665
f 14651 14652 14668 14667
f 14652 14653 14669 14668
f 14653 14654 14670 14669
f 14654 14655 14671 14670
f 14655 14656 14672 14671
f 14656 14657 14673 14672
f 14657 14658 14674 14673
f 14658 14659 14675 14674
f 14659 14660 14676 14675
f 14660 14661 14677 14676
f 14661 14662 14678 14677
f 14662 14663 14679 14678
f 14663 14664 14680 14679
f 14664 14665 14681 14680
f 14665 14666 14682 14681
f 14667 14668 14684 14683
f 14668 14669 14685 14684
f 14669 14670 14686 14685
f 14670 14671 14687 14686
f 14671 14672 14688 14687
f 14672 14673 14689 14688
f 14673 14674 14690 14689
f 14674 14675 14691 14690
f 14675 14676 14692 14691
f 14676 14677 14693 14692
f 14677 14678 14694 14693
f 14678 14679 14695 14694
f 14679 14680 14696 14695
f 14680 14681 14697 14696
f 14681 14682 14698 14697
f 14683 14684 14700 14699
f 14684 14685 14701 14700
f 14685 14686 14702 14701
f 14686 14687 14703 14702
f 14687 14688 14704 14703
f 14688 14689 14705 14704
f 14689 14690 14706 14705
f 14690 14691 14707 14706
f 14691 14692 14708 14707
f 14692 14693 14709 14708
f 14693 14694 14710 14709
f 14694 14695 14711 14710
f 14695 14696 14712 14711
f 14696 14697 14713 14712
f 14697 14698 14714 14713
f 14699 14700 14716 14715
f 14700 14701 14717 14716
f 14701 14702 14718 14717
f 14702 14703 14719 14718
f 14703 14704 14720 14719
f 14704 14705 14721 14720
f 14705 14706 14722 14721
f 14706 14707 14723 14722
f 14707 14708 14724 14723
f 14708 14709 14725 14724
f 14709 14710 14726 14725
f 14710 14711 14727 14726
f 14711 14712 14728 14727
f 14712 14713 14729 14728
f 14713 14714 14730 14729
f 14716 14717 14732 14731
f 14717 14718 14733 14732
f 14718 14719 14734 14733
f 14719 14720 14735 14734
f 14720 14721 14736 14735
f 14721 14722 14737 14736
f 14722 14723 14738 14737
f 14723 14724 14739 14738
f 14724 14725 14740 14739
f 14725 14726 14741 14740
f 14726 14727 14742 14741
f 14727 14728 14743 14742
f 14728 14729 14744 14743
f 14729 14730 14745 14744
f 14731 14732 14747 14746
f 14732 14733 14748 14747
f 14733 14734 14749 14748
f 14734 14735 14750 14749
f 14735 14736 14751 14750
f 14736 14737 14752 14751
f 14737 14738 14753 14752
f 14738 14739 14754 14753
f 14739 14740 14755 14754
f 14740 14741 14756 14755
f 14741 14742 14757 14756
f 14742 14743 14758 14757
f 14743 14744 14759 14758
f 14744 14745 14760 14759
f 14746 14747 14762 14761
f 14747 14748 14763 14762
f 14748 14749 14764 14763
f 14749 14750 14765 14764
f 14750 14751 14766 14765
f 14751 14752 14767 14766
f 14752 14753 14768 14767
f 14753 14754 14769 14768
f 14754 14755 14770 14769
f 14755 14756 14771 14770
f 14756 14757 14772 14771
f 14757 14758 14773 14772
f 14758 14759 14774 14773
f 14759 14760 14775 14774
f 14761 14762 14777 14776
f 14762 14763 14778 14777
f 14763 14764 14779 14778
f 14764 14765 14780 14779
f 14765 14766 14781 14780
f 14766 14767 14782 14781
f 14767 14768 14783 14782
f 14768 14769 14784 14783
f 14769 14770 14785 14784
f 14770 14771 14786 14785
f 14771 14772 14787 14786
f 14772 14773 14788 14787
f 14773 14774 14789 14788
f 14774 14775 14790 14789
f 14776 14777 14792 14791
f 14777 14778 14793 14792
f 14778 14779 14794 14793
f 14779 14780 14795 14794
f 14780 14781 14796 14795
f 14781 14782 14797 14796
f 14782 14783 14798 14797
f 14783 14784 14799 14798
f 14784 14785 14800 14799
f 14785 14786 14801 14800
f 14786 14787 14802 14801
f 14787 14788 14803 14802
f 14788 14789 14804 14803
f 14791 14792 14806 14805
f 14792 14793 14807 14806
f 14793 14794 14808 14807
f 14794 14795 14809 14808
f 14795 14796 14810 14809
f 14796 14797 14811 14810
f 14797 14798 14812 14811
f 14798 14799 14813 14812
f 14799 14800 14814 14813
f 14800 14801 14815 14814
f 14801 14802 14816 14815
f 14802 14803 14817 14816
f 14803 14804 14818 14817
f 14806 14807 14820 14819
f 14807 14808 14821 14820
f 14808 14809 14822 14821
f 14809 14810 14823 14822
f 14810 14811 14824 14823
f 14811 14812 14825 14824
f 14812 14813 14826 14825
f 14813 14814 14827 14826
f 14814 14815 14828 14827
f 14815 14816 14829 14828
f 14816 14817 14830 14829
f 14817 14818 14831 14830
f 14819 14820 14833 14832
f 14820 14821 14834 14833
f 14821 14822 14835 14834
f 14822 14823 14836 14835
f 14823 14824 14837 14836
f 14824 14825 14838 14837
f 14825 14826 14839 14838
f 14826 14827 14840 14839
f 14827 14828 14841 14840
f 14828 14829 14842 14841
f 14829 14830 14843 14842
f 14830 14831 14844 14843
f 14832 14833 14846 14845
f 14833 14834 14847 14846
f 14834 14835 14848 14847
f 14835 14836 14849 14848
f 14836 14837 14850 14849
f 14837 14838 14851 14850
f 14838 14839 14852 14851
f 14839 14840 14853 14852
f 14840 14841 14854 14853
f 14841 14842 14855 14854
f 14842 14843 14856 14855
f 14846 14847 14858 14857
f 14847 14848 14859 14858
f 14848 14849 14860 14859
f 14849 14850 14861 14860
f 14850 14851 14862 14861
f 14851 14852 14863 14862
f 14852 14853 14864 14863
f 14853 14854 14865 14864
f 14854 14855 14866 14865
f 14855 14856 14867 14866
f 14857 14858 14869 14868
f 14858 14859 14870 14869
f 14859 14860 14871 14870
f 14860 14861 14872 14871
f 14861 14862 14873 14872
f 14862 14863 14874 14873
f 14863 14864 14875 14874
f 14864 14865 14876 14875
f 14865 14866 14877 14876
f 14869 14870 14879 14878
f 14870 14871 14880 14879
f 14871 14872 14881 14880
f 14872 14873 14882 14881
f 14873 14874 14883 14882
f 14874 14875 14884 14883
f 14875 14876 14885 14884
f 14879 14880 14887 14886
f 14880 14881 14888 14887
f 14881 14882 14889 14888
f 14882 14883 14890 14889
f 14883 14884 14891 14890

 