# File exported by ZBrush version 2026
# www.zbrush.com
g ZBrushPolyMesh3D
#Vertex Count 7579
#Face Count 7723
#Auto scale x=0.425463 y=0.425463 z=0.425463
#Auto offset x=-0.000000 y=-1.000257 z=-0.029626
v -0.1682496 4.56875534 0.62053435
v -0.12858833 4.57025729 0.62630031
v -0.09379438 4.57209629 0.62934381
v -0.05797813 4.57174032 0.63203073
v -0.02178729 4.57116888 0.63364223
v 0.01511012 4.57107823 0.633938
v 0.05246852 4.57158635 0.63283347
v 0.08913027 4.57253255 0.6302132
v 0.12524475 4.57224073 0.62699812
v 0.16134908 4.57132634 0.62212119
v -0.20313767 4.53399311 0.62142457
v -0.16567251 4.53667856 0.62859715
v -0.1273627 4.53916004 0.63377115
v -0.09407156 4.54021326 0.63725881
v -0.05819698 4.54018468 0.64017825
v -0.02282898 4.54003464 0.64185216
v 0.01466588 4.53997454 0.64214433
v 0.05262057 4.53999443 0.64096208
v 0.09077088 4.5400939 0.63811503
v 0.12829606 4.53981287 0.63420768
v 0.16204983 4.53810261 0.62978314
v 0.19888316 4.53465715 0.62354054
v -0.20274231 4.49873999 0.62243843
v -0.16420345 4.50282707 0.62937565
v -0.12729264 4.50272214 0.63410429
v -0.08972682 4.50155306 0.63751172
v -0.05241884 4.50204199 0.64044254
v -0.02140703 4.50226124 0.64173511
v 0.01501362 4.50224162 0.64185335
v 0.05379833 4.50197601 0.64066568
v 0.09328542 4.50129207 0.63777971
v 0.13128617 4.50206188 0.63437649
v 0.16267397 4.50258079 0.6304737
v 0.20010419 4.49978817 0.62417513
v -0.16117069 4.46693204 0.62291236
v -0.12792028 4.46493683 0.6263235
v -0.08904522 4.46096869 0.6282764
v -0.05102703 4.46050343 0.63060619
v -0.02182069 4.45968991 0.63099527
v 0.01489971 4.45969468 0.63110419
v 0.05445926 4.46048256 0.63067494
v 0.09469874 4.4609055 0.62830253
v 0.13321881 4.46469559 0.62637768
v 0.16375116 4.46672302 0.62339628
v -0.12634752 4.63525071 0.5830633
v -0.09132098 4.63232304 0.58765567
v -0.05582356 4.63141607 0.58853521
v -0.02009536 4.63102367 0.58848285
v 0.01643419 4.63114261 0.58840209
v 0.05373517 4.63180862 0.58825166
v 0.09096621 4.63277008 0.58733472
v 0.12823813 4.63445036 0.584362
v -0.27160191 4.59698026 0.58049325
v -0.23637422 4.59885499 0.59127222
v -0.20188138 4.60357894 0.59717558
v -0.16510786 4.60507626 0.60218196
v -0.12733257 4.60322885 0.60979394
v -0.09145511 4.60296505 0.61294983
v -0.05592326 4.6018401 0.61470562
v -0.02021409 4.60101607 0.61546997
v 0.01643284 4.60097166 0.61562036
v 0.05402758 4.6017737 0.61508019
v 0.09099421 4.60312041 0.61331393
v 0.12780831 4.60351842 0.61075127
v 0.16477192 4.60527477 0.60418376
v 0.20270405 4.60469773 0.5972541
v 0.23984334 4.59976181 0.59115899
v 0.27125776 4.59627951 0.58300933
v -0.31164802 4.5637676 0.58270988
v -0.2734791 4.56411013 0.59682143
v -0.23867814 4.56780299 0.60539241
v -0.20508459 4.56945007 0.61267405
v 0.19941824 4.57032383 0.61473455
v 0.23753013 4.56917156 0.60661669
v 0.27328272 4.56401752 0.59833521
v 0.30974058 4.56235195 0.58591564
v -0.31330743 4.53018999 0.59339681
v -0.27422179 4.53277107 0.60485831
v -0.23708323 4.53485412 0.61407772
v 0.23784053 4.53570561 0.61498409
v 0.27407222 4.53368673 0.60636263
v 0.30983269 4.53179448 0.5959967
v -0.33841768 4.49127287 0.58856165
v -0.30621716 4.49457291 0.59953195
v -0.27190515 4.50009889 0.60823183
v -0.23832921 4.50094478 0.61570669
v 0.24112239 4.5007691 0.61610232
v 0.27624025 4.50096005 0.60837178
v 0.30852303 4.49836174 0.6000863
v 0.34116785 4.49550705 0.58914728
v -0.33876746 4.45651105 0.58735699
v -0.30532066 4.4636058 0.59714613
v -0.27437366 4.46583231 0.60366723
v -0.24266454 4.46378302 0.6089648
v -0.20134931 4.46224592 0.61559991
v 0.20086902 4.46295311 0.61666399
v 0.24238717 4.46299318 0.60987183
v 0.27842883 4.46489901 0.60366744
v 0.31031832 4.46386176 0.59692972
v 0.34267106 4.45709874 0.58765924
v -0.30554191 4.43160467 0.58685917
v -0.276129 4.42959097 0.59062026
v -0.24360063 4.42696786 0.59489101
v -0.1983007 4.42692415 0.60135569
v -0.1589119 4.43091121 0.60811695
v -0.12757209 4.42968959 0.61063744
v -0.08887878 4.42708946 0.61263108
v -0.05092297 4.42606398 0.61430012
v -0.02167981 4.42258237 0.61268288
v 0.01478921 4.42263981 0.61283789
v 0.05414257 4.42600948 0.61433265
v 0.09426939 4.42707853 0.6127247
v 0.13281893 4.42952583 0.61061286
v 0.16320872 4.43036204 0.60801724
v 0.19935067 4.42665069 0.60171818
v 0.2423463 4.42735564 0.59621125
v 0.27946233 4.42948198 0.59102362
v 0.31108022 4.43112275 0.58667046
v -0.1931194 4.39712795 0.5823455
v -0.15603191 4.39995994 0.58793554
v -0.12496325 4.39889677 0.58966041
v -0.08902802 4.39859613 0.5921685
v -0.05266349 4.39839383 0.59395837
v -0.0213443 4.39457601 0.59180801
v 0.01460965 4.39449027 0.59182079
v 0.05294599 4.39782155 0.59353732
v 0.09182365 4.39856615 0.59239167
v 0.12985994 4.39885348 0.58977371
v 0.16115484 4.3996572 0.58786245
v 0.19743021 4.39658887 0.58224841
v -0.27267395 4.63281309 0.55072468
v -0.23494253 4.63501914 0.5631908
v -0.19746648 4.64081887 0.56729715
v -0.15712252 4.64617716 0.56724524
v -0.12805443 4.65705192 0.5586967
v -0.09262727 4.65873038 0.55762373
v -0.05654838 4.65891334 0.55707193
v -0.02057134 4.6588524 0.55665557
v 0.0158106 4.65909841 0.55647027
v 0.05275195 4.65965864 0.55642123
v 0.08996125 4.65973345 0.55657646
v 0.12756854 4.65687358 0.55906049
v 0.16035295 4.64464818 0.56989423
v 0.20113654 4.64286619 0.56597613
v 0.23860573 4.63531432 0.56364883
v 0.27054281 4.62950856 0.55793806
v 0.30215746 4.62489921 0.54870324
v -0.31070179 4.60229176 0.55913845
v 0.30254012 4.59862482 0.56864996
v 0.33575573 4.6068773 0.54786009
v -0.38058984 4.56859452 0.54866429
v -0.34556672 4.57419952 0.56265602
v 0.34524555 4.57074397 0.56758062
v 0.38347675 4.56858779 0.54954657
v -0.38469213 4.53400782 0.5637581
v -0.3463068 4.5360791 0.57813982
v 0.34306104 4.53688338 0.58189727
v 0.38136701 4.53428478 0.56763267
v 0.4157173 4.52914153 0.55151148
v -0.42300447 4.49876492 0.55555549
v -0.3844761 4.4944768 0.57271312
v 0.38509189 4.49789859 0.57383293
v 0.41981531 4.49978873 0.5598848
v 0.45244533 4.49497315 0.54328484
v -0.45738951 4.46104728 0.54472101
v -0.42406442 4.46586033 0.56013893
v -0.38664062 4.4600302 0.5730705
v 0.38590965 4.46100301 0.57481502
v 0.42419432 4.46549721 0.56126248
v 0.45808819 4.45993017 0.54723436
v -0.42756753 4.43026482 0.55714016
v -0.38541585 4.42538564 0.5674054
v -0.33893515 4.42479137 0.57831725
v 0.34172017 4.4256154 0.57919367
v 0.37806539 4.42800315 0.57163318
v 0.42065531 4.42788869 0.55959572
v -0.43119882 4.39475729 0.54661525
v -0.38722891 4.3902254 0.55345304
v -0.34177267 4.38770022 0.55906014
v -0.30303437 4.39251159 0.56665678
v -0.27131096 4.39110057 0.56916949
v -0.23768679 4.39388927 0.57524647
v 0.24092004 4.3940889 0.57575655
v 0.27641353 4.39084924 0.56917006
v 0.30820767 4.39185791 0.56642296
v 0.34217418 4.38769195 0.55963151
v 0.37687512 4.39161891 0.55699005
v 0.42053476 4.39182989 0.54955501
v -0.30641301 4.36649973 0.54770886
v -0.26902302 4.36567192 0.54912874
v -0.23621434 4.36668339 0.55203179
v -0.19835817 4.36569377 0.55343462
v -0.16209056 4.3641477 0.55361471
v -0.12825566 4.3634534 0.5553361
v -0.09421198 4.36334973 0.55685076
v -0.05856156 4.36269045 0.55763038
v -0.02297533 4.36030942 0.55647766
v 0.0137854 4.35982568 0.55615625
v 0.0521922 4.36119929 0.55649825
v 0.09036847 4.36305413 0.55715543
v 0.13102732 4.36334833 0.55554828
v 0.16713407 4.36403899 0.55379627
v 0.20341881 4.36529157 0.55330076
v 0.23984791 4.36671449 0.55246363
v 0.27181593 4.36488796 0.54875133
v 0.30783678 4.36491527 0.54682767
v -0.27065044 4.65862349 0.52294208
v -0.2315999 4.66632821 0.52924317
v -0.19559388 4.67238165 0.53014831
v -0.16269503 4.67848048 0.52589938
v -0.13122476 4.68073514 0.52578895
v -0.09438741 4.68190464 0.52513101
v -0.05706883 4.68279592 0.52336618
v -0.02057771 4.68287423 0.52214428
v 0.0154321 4.68315652 0.52195214
v 0.05227884 4.68387114 0.52242265
v 0.08933456 4.683914 0.52294761
v 0.12685016 4.68244933 0.52401257
v 0.16402167 4.67815504 0.5270935
v 0.2002916 4.67429561 0.52859377
v -0.30730463 4.64092478 0.52474957
v 0.23757389 4.66493176 0.53072497
v 0.27538997 4.65490807 0.52743715
v 0.31404943 4.64285835 0.52261647
v -0.38188304 4.60330632 0.51869171
v -0.34635219 4.61189937 0.53338206
v 0.35001286 4.62303428 0.52399965
v 0.37533472 4.60545311 0.52547427
v 0.41448189 4.59479284 0.50797022
v -0.41801753 4.56692222 0.52520522
v 0.41878808 4.56484015 0.52845518
v -0.45845352 4.53109037 0.51975201
v -0.42095879 4.53374108 0.54423272
v 0.45767354 4.52730042 0.5241321
v -0.4917959 4.49888302 0.51229599
v -0.4580228 4.49597524 0.53695013
v 0.49079515 4.49684074 0.51686157
v -0.49346337 4.4635995 0.52377714
v 0.49528773 4.46265443 0.52559307
v -0.52104886 4.42854615 0.51385176
v -0.49078016 4.42587093 0.53103945
v -0.46030268 4.42323605 0.54468956
v 0.4624424 4.42109976 0.54523186
v 0.49464232 4.42474289 0.53148806
v 0.52548775 4.42754897 0.51393673
v -0.52589052 4.39096131 0.5133372
v -0.49436529 4.38816589 0.52685359
v -0.4651158 4.38690112 0.53616964
v 0.46665024 4.3844946 0.53616274
v 0.49896256 4.38688151 0.52672716
v 0.52945639 4.39011851 0.51400124
v -0.49484097 4.35093016 0.51490838
v -0.4625895 4.35010081 0.52074359
v -0.4302195 4.35568101 0.52801507
v -0.39316358 4.35528035 0.53184218
v -0.35191971 4.3567764 0.53598892
v -0.31238498 4.34616642 0.52676572
v -0.27485159 4.3452984 0.52672811
v -0.23798155 4.34513898 0.52808908
v -0.20042354 4.34158733 0.5253643
v 0.20255086 4.34091656 0.52481804
v 0.23642716 4.34500505 0.52853135
v 0.27190378 4.3436778 0.52573232
v 0.31082007 4.34360524 0.52499736
v 0.34984692 4.35553335 0.53588612
v 0.38760698 4.35607748 0.53357111
v 0.42700155 4.35760926 0.53128402
v 0.46692721 4.35034807 0.52134116
v 0.50030574 4.35015068 0.51465972
v -0.42550041 4.32690791 0.50797449
v -0.38807714 4.33128584 0.51175068
v -0.35196517 4.33490235 0.51489823
v -0.16659898 4.33523703 0.51818773
v -0.13300882 4.33425287 0.51887573
v -0.09596428 4.33228484 0.5174011
v -0.05726559 4.32999291 0.51573091
v -0.02073541 4.32913288 0.5157964
v 0.01526295 4.32900231 0.5157473
v 0.05636865 4.3291913 0.51502456
v 0.09592113 4.33226313 0.51780159
v 0.1366354 4.33413618 0.51909714
v 0.17035062 4.33526071 0.51873395
v 0.35219927 4.33364529 0.51474391
v 0.38883161 4.33077197 0.5118265
v 0.42433823 4.32947064 0.51051082
v -0.16404053 4.70212658 0.48816121
v -0.12969997 4.70275532 0.48960607
v -0.09254817 4.70365864 0.4889098
v -0.05540391 4.703778 0.48667486
v -0.01906189 4.70234232 0.48446688
v 0.01536463 4.70235969 0.48434689
v 0.05230121 4.70434538 0.48609844
v 0.08955145 4.704864 0.48765954
v 0.12648642 4.70378276 0.48884431
v -0.27614227 4.67871527 0.49044407
v -0.23629995 4.68921136 0.49243049
v -0.19872168 4.69698543 0.49122789
v 0.16303637 4.70149251 0.49003783
v 0.19879043 4.69794366 0.49143989
v 0.23743023 4.69012813 0.4921578
v 0.28055214 4.67863136 0.48996001
v -0.3874194 4.63112076 0.48052192
v -0.34536404 4.64609115 0.49344316
v -0.31471705 4.66258575 0.49215423
v 0.31899193 4.66359232 0.49109866
v 0.34919885 4.6485921 0.49137072
v 0.37720946 4.63387205 0.49034086
v -0.44313878 4.59424031 0.47877702
v -0.41713161 4.59880357 0.49642014
v 0.41575376 4.61304282 0.48514269
v 0.44471756 4.59396685 0.48244673
v -0.45488586 4.56651679 0.49547206
v 0.46147414 4.56573381 0.49409508
v -0.49319351 4.53309875 0.48806826
v 0.49334271 4.53036301 0.49431485
v 0.51968862 4.52485537 0.47479017
v -0.52675697 4.50080244 0.47984908
v 0.52664682 4.49601531 0.48825921
v -0.55932257 4.45701875 0.47459281
v -0.52632138 4.46542884 0.49979972
v 0.52984921 4.46402174 0.50125085
v 0.56289369 4.45641537 0.4762747
v -0.56171302 4.42287965 0.4869272
v 0.56530656 4.42180485 0.48800641
v -0.56951868 4.38935976 0.48749556
v 0.5705685 4.38867008 0.48994397
v -0.59987466 4.3587754 0.46952412
v -0.56664298 4.3556558 0.49005395
v -0.52711694 4.35440546 0.50721841
v 0.53201488 4.3532036 0.50696557
v 0.56704025 4.35486651 0.49195508
v 0.59969471 4.35752142 0.47212842
v -0.5660708 4.31902948 0.48350128
v -0.52530518 4.32032688 0.49499319
v -0.49350417 4.31667395 0.49711991
v -0.45957545 4.31943771 0.50131382
v -0.38695261 4.30843239 0.4858848
v -0.34737032 4.31244004 0.48743546
v -0.30996144 4.31893323 0.4924045
v -0.27553413 4.31857025 0.49118968
v -0.23919936 4.3199866 0.49286121
v -0.20030929 4.31898997 0.49190367
v -0.1658726 4.31516318 0.4874736
v -0.1304455 4.31741672 0.49294383
v -0.09199316 4.31559621 0.49139786
v -0.05417738 4.31226899 0.48747027
v -0.01971537 4.31128133 0.48685453
v 0.01433596 4.31101389 0.4865086
v 0.05438692 4.31122067 0.48612068
v 0.09145945 4.31478436 0.49056756
v 0.1289196 4.31706789 0.49315653
v 0.16331274 4.3153785 0.48879556
v 0.19923922 4.31812826 0.49159841
v 0.23855304 4.31964981 0.4931091
v 0.2769238 4.31787259 0.49119546
v 0.31176808 4.3183447 0.49264946
v 0.34631807 4.31388356 0.48985361
v 0.37993028 4.31055214 0.48796302
v 0.41518452 4.30704014 0.48709976
v 0.45782527 4.31993392 0.50167039
v 0.49202797 4.31643999 0.49709252
v 0.52670327 4.31813148 0.49504628
v 0.56004675 4.3176892 0.4879157
v 0.59639593 4.31666918 0.47300387
v -0.56001239 4.28606352 0.47427858
v -0.52354024 4.28986902 0.47920511
v -0.50058057 4.28740674 0.47581215
v -0.47089536 4.29267733 0.47784907
v -0.43216753 4.30094999 0.4819136
v 0.44795463 4.29705357 0.48039737
v 0.48213982 4.28953083 0.47646103
v 0.52172372 4.28757457 0.47843824
v 0.56074585 4.28492596 0.47580763
v -0.23604141 4.71118166 0.45142933
v -0.19780729 4.71869347 0.45075223
v -0.16239084 4.72194532 0.45118991
v -0.12712506 4.72279429 0.45241195
v -0.09030133 4.72332608 0.45106124
v -0.05280042 4.72163599 0.44767546
v -0.01656577 4.71722529 0.44378962
v 0.01497253 4.71684284 0.44368132
v 0.05197961 4.72161974 0.44727318
v 0.08995113 4.72373095 0.45054286
v 0.12682568 4.72307307 0.45254399
v 0.16231925 4.72129977 0.45318856
v 0.19700144 4.71830485 0.45316366
v 0.23574114 4.71123545 0.45318432
v -0.34564079 4.6737117 0.44743772
v -0.31208924 4.6851027 0.45517922
v -0.2756462 4.69908052 0.45338742
v 0.28034433 4.69847518 0.45416025
v 0.3187454 4.68301895 0.4573845
v 0.34879535 4.67214391 0.45197983
v -0.41538598 4.62773078 0.45903123
v -0.3846279 4.65258756 0.44805063
v 0.37987242 4.65674638 0.4512469
v 0.41809139 4.63460951 0.44933066
v -0.44939276 4.60844173 0.45126185
v 0.45601547 4.60807664 0.44970874
v -0.48712147 4.57368187 0.45209681
v 0.48955766 4.57357204 0.45684142
v 0.51700254 4.55128625 0.45134976
v -0.5254652 4.53431967 0.452116
v 0.53904033 4.52485117 0.45224762
v -0.56287149 4.49057842 0.44656585
v 0.55873299 4.49186532 0.45698681
v -0.58527096 4.45659146 0.44665225
v 0.59216419 4.45680651 0.44373354
v -0.59820313 4.42049134 0.45368652
v 0.60231081 4.42000003 0.45462543
v -0.62750831 4.38505693 0.43715108
v -0.60325357 4.39012552 0.46061863
v 0.60599338 4.38950518 0.46246618
v 0.63073445 4.3856952 0.43880148
v -0.63000372 4.35426607 0.44337557
v 0.63377742 4.35261325 0.44486459
v -0.6381103 4.3149281 0.44308656
v -0.60664215 4.31815445 0.46593479
v 0.63771096 4.31309372 0.44568421
v -0.63942578 4.28103865 0.442101
v -0.60426659 4.28330032 0.46138276
v -0.4597649 4.270926 0.45075156
v -0.42325748 4.27999523 0.45205814
v -0.38402717 4.28649963 0.45334231
v -0.34751769 4.29046204 0.4536515
v -0.31157601 4.29342964 0.45327282
v -0.27664864 4.29358724 0.45050195
v -0.23720489 4.29343188 0.44742788
v -0.19895849 4.29313446 0.44629519
v -0.16645938 4.29237375 0.4457753
v -0.1305826 4.29543605 0.45288039
v -0.08952892 4.29346522 0.45057172
v -0.05165839 4.29069977 0.4467397
v -0.01938295 4.29065522 0.44779027
v 0.01342453 4.29070076 0.44808492
v 0.05218031 4.29060451 0.44711466
v 0.09053445 4.2930822 0.45041194
v 0.12836924 4.29565124 0.45420431
v 0.16289169 4.2935242 0.44900277
v 0.20032645 4.29416709 0.44962073
v 0.24142865 4.29379892 0.4492396
v 0.28179914 4.29303065 0.4506846
v 0.31636805 4.29225958 0.45229672
v 0.35107453 4.29016686 0.45425155
v 0.38675942 4.28583853 0.45367857
v 0.42411702 4.28115661 0.45508353
v 0.45729739 4.27097069 0.45161776
v 0.60234493 4.28098541 0.46460369
v 0.64069643 4.27806138 0.44431385
v -0.63743218 4.24530304 0.4392121
v -0.60080621 4.24683076 0.4531452
v -0.56422311 4.24318399 0.4545144
v -0.52422677 4.24726505 0.44930159
v -0.49197228 4.25701276 0.44697534
v 0.48911395 4.25625919 0.44578801
v 0.52971304 4.24802618 0.45128199
v 0.56645921 4.24744703 0.45757537
v 0.60356731 4.24547886 0.45398625
v 0.63936449 4.24344134 0.44086604
v -0.6032458 4.21424964 0.4410068
v -0.57287658 4.20758274 0.4343857
v 0.56184264 4.21441537 0.43710793
v 0.59887607 4.21214236 0.44066164
v -0.16180297 4.73872908 0.41511038
v -0.12638947 4.74038442 0.41535435
v -0.08960133 4.74063995 0.41350267
v -0.05164058 4.73734047 0.40987995
v 0.09020844 4.74077108 0.41336517
v 0.12726763 4.74040852 0.41578563
v 0.1631184 4.73848279 0.41623498
v -0.27192353 4.71614013 0.41924475
v -0.23438713 4.72748966 0.41668503
v -0.19711873 4.73504546 0.41489621
v -0.01547891 4.72993121 0.40632232
v 0.01418415 4.72915005 0.4063737
v 0.0515507 4.7369922 0.4097676
v 0.19903987 4.73502445 0.41560873
v 0.23753596 4.72766225 0.41626426
v 0.27786017 4.71527435 0.41955968
v -0.38227744 4.67294819 0.40943954
v -0.34486089 4.69156045 0.41119456
v -0.30934457 4.70205093 0.42151896
v 0.31625794 4.70016471 0.42302545
v 0.34826898 4.69014564 0.41508558
v 0.38029957 4.67559791 0.41267009
v -0.45066047 4.62685743 0.41652599
v -0.41835211 4.64879341 0.41559601
v 0.41352473 4.65722466 0.41196262
v 0.45159037 4.63005353 0.41693121
v -0.48785276 4.60371581 0.40435982
v 0.48924792 4.60344991 0.41224967
v -0.52327673 4.56496512 0.41468586
v 0.52015615 4.57155806 0.41908602
v -0.5569249 4.5288203 0.41496241
v 0.55333427 4.53735816 0.41628783
v -0.57860752 4.50250374 0.41432656
v 0.58800979 4.4961264 0.41374699
v -0.60600753 4.46185478 0.41395615
v 0.61129627 4.45929303 0.41650683
v -0.62707023 4.41471612 0.42130706
v 0.63136536 4.41517283 0.42152505
v -0.64742238 4.3842888 0.41233618
v 0.65009011 4.38419942 0.41499046
v -0.66116023 4.35244681 0.40795742
v 0.66466649 4.35035704 0.41067499
v -0.6697827 4.31533255 0.4089891
v 0.67270029 4.31351652 0.41149653
v -0.67392169 4.28197223 0.40997196
v -0.38581302 4.2666128 0.41817321
v -0.34907476 4.27241169 0.41956612
v -0.31168781 4.27572588 0.41830591
v -0.2759481 4.27698322 0.41536714
v -0.23748232 4.27690281 0.41182946
v -0.2029331 4.2778829 0.41326542
v -0.16766254 4.27768929 0.41329435
v -0.13069738 4.27882741 0.41707032
v -0.09047748 4.27626594 0.41308421
v -0.05454064 4.27413792 0.40993098
v -0.02346766 4.27486557 0.41263934
v 0.01166603 4.27516901 0.41362455
v 0.04918659 4.27465431 0.41177777
v 0.08864553 4.27583333 0.41291925
v 0.13191643 4.27828259 0.41663656
v 0.16729048 4.27720317 0.41306684
v 0.20337394 4.27770442 0.41385143
v 0.24107339 4.2764363 0.41213171
v 0.2806722 4.27578458 0.41424579
v 0.3166952 4.27354827 0.41534171
v 0.35409214 4.27098022 0.41872637
v 0.39208752 4.2655586 0.4194116
v 0.67364599 4.27933441 0.41599829
v -0.67367457 4.24510145 0.41244006
v -0.49456541 4.22766528 0.4164571
v -0.45949637 4.2452019 0.4162796
v -0.42225539 4.25859105 0.41773226
v 0.43049744 4.25811403 0.42131232
v 0.46350634 4.24373652 0.41710951
v 0.67371905 4.24468943 0.41667866
v -0.67595396 4.20894234 0.40848207
v -0.64137308 4.21054389 0.4296372
v -0.52965886 4.20809478 0.41535218
v 0.49494317 4.22044402 0.40825039
v 0.53127572 4.20941278 0.41861058
v 0.64047816 4.20796197 0.43077801
v 0.67758815 4.20766175 0.41046446
v -0.67159208 4.17165814 0.40391779
v -0.64028 4.17231798 0.41829505
v -0.60480651 4.1739222 0.42166108
v -0.57211135 4.16904232 0.40666155
v 0.56813035 4.17242277 0.40864514
v 0.60433061 4.17020566 0.42098702
v 0.63968586 4.17013029 0.41934898
v 0.67399672 4.1721262 0.40552939
v -0.66912517 4.13902393 0.39807046
v -0.64215711 4.14129961 0.4076338
v -0.61330311 4.13865016 0.40168379
v 0.60840306 4.1325065 0.3988637
v 0.63671168 4.13724642 0.40697547
v 0.66926086 4.13848737 0.39916046
v -0.22966157 4.74433562 0.37828061
v -0.19596002 4.75048208 0.37796172
v -0.16230018 4.75360196 0.37897793
v -0.12700989 4.75538283 0.37895316
v -0.09023863 4.75574399 0.376387
v -0.05272175 4.75171042 0.37265369
v -0.01670732 4.74239981 0.36979785
v 0.01341852 4.74118912 0.36994599
v 0.05139747 4.75089592 0.37273007
v 0.09024242 4.75573811 0.37637965
v 0.12747073 4.75547753 0.37931292
v 0.1638591 4.7533058 0.3801358
v 0.20074728 4.74935209 0.38003815
v 0.23777421 4.74242643 0.38025456
v -0.30741615 4.71872541 0.38115165
v -0.26452504 4.73509449 0.37770567
v 0.27191394 4.73328337 0.37955788
v 0.31056734 4.71923647 0.3812294
v 0.34533402 4.70662302 0.37755584
v -0.42287369 4.66327473 0.37647582
v -0.38741562 4.68518787 0.3740756
v -0.35004498 4.70315935 0.37547534
v 0.38080177 4.69063107 0.37509499
v 0.41542892 4.6717763 0.37464025
v -0.45754434 4.6384943 0.38003371
v 0.45390909 4.64547642 0.37899453
v 0.48471561 4.62457839 0.37678228
v -0.51758613 4.59231655 0.37594214
v -0.4933391 4.6138534 0.37588666
v 0.50950729 4.60196324 0.38244696
v -0.54976693 4.55852796 0.38147877
v 0.53060264 4.58265402 0.38352725
v 0.55913674 4.55882188 0.37471204
v -0.57439053 4.53331001 0.37981183
v 0.5874733 4.52799529 0.37329255
v -0.60161819 4.50091676 0.3762696
v 0.61046979 4.49670499 0.37582106
v -0.62960417 4.46178865 0.37505016
v 0.63756863 4.45714217 0.37535038
v -0.65030733 4.42481658 0.37670351
v 0.65930974 4.42104471 0.37355809
v -0.66905443 4.3882788 0.37462571
v 0.67373453 4.38708717 0.37601246
v -0.6845225 4.3475619 0.37493703
v 0.68757528 4.34895877 0.37694654
v -0.69307899 4.31031258 0.37802631
v 0.69634793 4.30877071 0.3809081
v -0.70015203 4.2779119 0.37643505
v 0.7011897 4.27351745 0.38278861
v -0.70273129 4.24081977 0.37919567
v -0.42378203 4.24032636 0.38487926
v -0.38655933 4.2508174 0.38317348
v -0.35231957 4.25581594 0.38064101
v -0.316349 4.25804384 0.3754959
v -0.27814955 4.25905336 0.37028772
v -0.2353124 4.25951132 0.36687497
v -0.19846974 4.26080159 0.36889445
v -0.16382305 4.26067746 0.36934667
v -0.13214851 4.26133702 0.37247944
v -0.09407349 4.25995724 0.37114597
v -0.05462685 4.25850545 0.36975452
v -0.02075223 4.2583047 0.3703667
v 0.01621387 4.25837783 0.37077759
v 0.0530175 4.25868337 0.37082165
v 0.09026957 4.25966178 0.37169716
v 0.13392661 4.26090483 0.37245864
v 0.16792448 4.26011233 0.36907143
v 0.20167513 4.26032275 0.3690599
v 0.23900864 4.25925467 0.36806506
v 0.28199979 4.25818394 0.36991405
v 0.32159557 4.25658099 0.37452649
v 0.35616437 4.25488572 0.38095517
v 0.38843101 4.25005319 0.3832403
v 0.42690863 4.23976403 0.38526276
v 0.70636125 4.23909816 0.37982272
v -0.70716146 4.20517915 0.37608223
v -0.49955071 4.20538733 0.39020201
v -0.46776315 4.21578899 0.37740128
v 0.46454478 4.21998423 0.38159421
v 0.71149259 4.20233133 0.37602031
v -0.70831766 4.16715918 0.37228584
v -0.53863469 4.16977179 0.38236024
v -0.50401584 4.18610094 0.36879621
v 0.50465267 4.18737495 0.37264822
v 0.53993755 4.16891203 0.38267349
v 0.71163409 4.16757414 0.37380053
v -0.70579485 4.13176807 0.37042105
v -0.57634953 4.13347287 0.37604854
v 0.57279665 4.13354123 0.37582278
v 0.70809547 4.1327137 0.37294946
v -0.70605241 4.09580733 0.36574683
v -0.67484519 4.09761874 0.38362514
v -0.64279713 4.09792555 0.38667816
v -0.60875644 4.09561232 0.37241052
v 0.60875946 4.09382851 0.37289902
v 0.64106487 4.09618082 0.38793827
v 0.67423992 4.09676557 0.38571625
v 0.70706368 4.09515702 0.36786407
v -0.7066724 4.06580856 0.36061383
v -0.67882371 4.06282218 0.37251272
v -0.64691328 4.05722111 0.36986222
v 0.64497229 4.05659545 0.37027122
v 0.67799302 4.0593756 0.37400254
v 0.70624259 4.0598452 0.36232018
v -0.67459141 4.02881323 0.36221007
v 0.67907307 4.02714962 0.36235447
v -0.26489291 4.74874128 0.3404607
v -0.23398713 4.75559661 0.34484753
v -0.20026796 4.76179463 0.34489301
v -0.16429686 4.7661521 0.34407998
v -0.12769769 4.7686127 0.34284859
v -0.09077515 4.76902065 0.33958042
v -0.05336396 4.76459089 0.33477355
v -0.01670106 4.75471543 0.33049339
v 0.01471323 4.75379501 0.33076665
v 0.05257178 4.76409777 0.33520518
v 0.09062334 4.76922883 0.33975037
v 0.12729908 4.76912376 0.34268167
v 0.16409371 4.76656397 0.34404534
v 0.20302805 4.76122137 0.34620784
v 0.24105275 4.75379165 0.34709445
v 0.27201906 4.74743 0.34094402
v -0.38296316 4.6983208 0.34398219
v -0.34385292 4.71864079 0.34002746
v -0.30354305 4.73455962 0.34247979
v 0.31025279 4.73467673 0.33886713
v 0.34911133 4.71823649 0.3400615
v -0.41978281 4.67751832 0.34447164
v 0.38603696 4.70065503 0.34008488
v 0.41854302 4.68382308 0.3377549
v 0.45496165 4.66234283 0.33369856
v -0.49303051 4.62666396 0.34551571
v -0.4541641 4.65566233 0.34296676
v 0.48904044 4.63831652 0.33375824
v -0.52660045 4.60106314 0.33952995
v 0.52990161 4.60023855 0.34528485
v -0.56345932 4.56676153 0.33821034
v 0.56595291 4.56937232 0.33991153
v -0.59559102 4.52826105 0.34500603
v 0.59930553 4.53293162 0.34043117
v -0.62865427 4.49073477 0.3355645
v 0.63287192 4.49192836 0.33634676
v -0.65230814 4.45584491 0.33706994
v 0.66145429 4.45182731 0.33459109
v -0.6682332 4.4284712 0.33860123
v 0.67641655 4.42598608 0.33617786
v -0.68408835 4.3946242 0.34008066
v 0.68771467 4.397031 0.34154906
v -0.6984985 4.3494942 0.3464906
v 0.70065846 4.35716082 0.34707973
v -0.70799005 4.31088752 0.35126055
v 0.71137772 4.31433438 0.35207077
v -0.71850217 4.27958027 0.34436831
v 0.72290839 4.2798012 0.344925
v -0.72583634 4.24247456 0.34204981
v -0.38981339 4.23716796 0.34921958
v -0.35352448 4.24357317 0.34650734
v -0.3156569 4.24739856 0.3434781
v -0.27946217 4.24933297 0.34060811
v -0.2397206 4.25057196 0.33980965
v -0.20104569 4.25193759 0.3428205
v -0.16323821 4.25199139 0.34397287
v -0.12824795 4.25185367 0.34520703
v -0.09204859 4.25113261 0.34545391
v -0.05544552 4.25054422 0.34643768
v -0.02054368 4.24982988 0.34606342
v 0.01876508 4.24979724 0.34617723
v 0.05769978 4.25055711 0.34699793
v 0.09141114 4.25127467 0.34712393
v 0.13043028 4.2516829 0.34598222
v 0.16832324 4.25164578 0.34424028
v 0.20540255 4.25183112 0.34419286
v 0.24058371 4.25082133 0.34244726
v 0.27820186 4.24848961 0.33951394
v 0.31494365 4.24669193 0.34254579
v 0.34876803 4.24418061 0.34701425
v 0.38096105 4.23787038 0.34640439
v 0.73344797 4.24515468 0.33625281
v -0.73261645 4.20513516 0.33881269
v -0.46587756 4.20046024 0.34210073
v -0.42800374 4.22500196 0.35113955
v 0.42023651 4.22588749 0.3458426
v 0.45687144 4.20729246 0.34570774
v 0.73820856 4.20601551 0.336743
v -0.73764608 4.16603339 0.33525913
v -0.5034527 4.1702488 0.34031589
v 0.49905317 4.17396086 0.34127331
v 0.74058384 4.16750998 0.33725809
v -0.7384732 4.12988339 0.33489237
v -0.54122162 4.13559892 0.3408663
v 0.53826806 4.14010853 0.34186429
v 0.73978279 4.12876937 0.3394893
v -0.73734993 4.09689978 0.33553247
v -0.57379577 4.09710068 0.34133281
v 0.57381195 4.09688633 0.34217901
v 0.73961034 4.09194019 0.33775372
v -0.73579468 4.06790211 0.33542243
v -0.60933328 4.05456381 0.34765339
v 0.60900399 4.05701545 0.34875451
v 0.73800465 4.05916701 0.33613328
v -0.73960137 4.02898569 0.3290297
v -0.70870445 4.02809217 0.35018483
v -0.64426363 4.02465638 0.35706538
v -0.61305346 4.02090776 0.33039277
v 0.61358764 4.02480432 0.33411851
v 0.64446949 4.0233444 0.35622869
v 0.71214109 4.02540196 0.35120755
v 0.74405809 4.02533485 0.3278745
v -0.71449094 3.98608907 0.33783645
v -0.67785748 3.98940017 0.34874684
v -0.64531986 3.98948367 0.33770152
v 0.64225658 3.98671178 0.3362754
v 0.67790294 3.99069436 0.34995502
v 0.7160132 3.98833322 0.33962583
v -0.71541654 3.95074572 0.32830391
v -0.67960592 3.95155826 0.32993355
v 0.68135288 3.95014486 0.33123393
v 0.71775617 3.95224234 0.33040708
v -0.16439946 4.778352 0.30778221
v -0.12787066 4.78055371 0.30713845
v -0.09087465 4.78052036 0.30423165
v -0.05320089 4.77543777 0.29840829
v 0.052814 4.77528619 0.29873552
v 0.09065981 4.78086303 0.30440493
v 0.12686028 4.78140407 0.30646638
v 0.16269079 4.77944921 0.3064808
v 0.20063664 4.77455771 0.30744886
v -0.3114376 4.7416405 0.31143862
v -0.27276595 4.75646659 0.30835593
v -0.23651144 4.76673264 0.30845184
v -0.20056006 4.77409063 0.30786949
v -0.01625472 4.76521123 0.29136497
v 0.01523925 4.76475116 0.29143891
v 0.24007225 4.76621458 0.30948939
v 0.27597889 4.75680366 0.30782895
v 0.31475235 4.74304284 0.3081567
v -0.38708254 4.70656166 0.31201797
v -0.34834869 4.72716492 0.30711106
v 0.35248769 4.72702819 0.30906095
v 0.38460408 4.71231249 0.30727807
v 0.41479759 4.69734491 0.30320942
v -0.45173355 4.67134664 0.30304884
v -0.42155391 4.68792768 0.3110621
v 0.45176776 4.67604804 0.29998519
v -0.48920386 4.6430465 0.30802361
v 0.48773943 4.65056895 0.30295375
v -0.55396154 4.59065336 0.30276378
v -0.5231256 4.61885894 0.30029537
v 0.52734326 4.62070173 0.29902808
v 0.55973413 4.59044168 0.30407796
v -0.57422529 4.56787724 0.31014098
v 0.5890523 4.55643763 0.31479322
v -0.60542152 4.53217638 0.31283526
v 0.61363023 4.53004752 0.31149388
v -0.64011595 4.49519086 0.29891279
v 0.64061986 4.50146551 0.29984465
v -0.66481653 4.45989305 0.29887374
v 0.66944095 4.46038183 0.30014957
v -0.68286575 4.42858888 0.30282122
v 0.68765667 4.42829552 0.30473837
v -0.69863061 4.39342416 0.30827639
v 0.70273675 4.39360964 0.31051824
v -0.71242359 4.35042835 0.3156293
v 0.71565631 4.35447439 0.31703164
v -0.72460065 4.31030305 0.31711829
v 0.72795274 4.31390374 0.31851316
v -0.73874162 4.27935416 0.30239912
v 0.74330754 4.27885711 0.3035132
v -0.74696083 4.24363761 0.29972566
v -0.38699562 4.22630945 0.30891637
v -0.35631823 4.23245129 0.30717604
v -0.31891607 4.23725888 0.30815796
v -0.27973826 4.24006635 0.30712169
v -0.23864307 4.24157628 0.30717725
v -0.20029983 4.2425348 0.30972352
v -0.16535376 4.24218148 0.31001826
v -0.12912517 4.24113134 0.30918633
v -0.09155292 4.24000359 0.30846413
v -0.05457763 4.23973153 0.31045243
v -0.01996967 4.23977215 0.31277269
v 0.01679212 4.23969286 0.31281903
v 0.05541624 4.23955361 0.31056072
v 0.09177784 4.24012659 0.30998371
v 0.1302331 4.24115179 0.3107488
v 0.16808201 4.24171469 0.31007207
v 0.20339874 4.24212909 0.31020635
v 0.23658629 4.241467 0.30830905
v 0.27184487 4.23939194 0.30483608
v 0.30822589 4.23744338 0.30694338
v 0.34613585 4.23374449 0.30904256
v 0.37901852 4.22744211 0.30936951
v 0.75243575 4.24363355 0.29920142
v -0.7506137 4.20595583 0.30478053
v -0.42419835 4.21180809 0.30940089
v 0.41677634 4.21470971 0.30803575
v 0.45406961 4.1960473 0.30905072
v 0.75437871 4.20695666 0.30666512
v -0.75538619 4.16864081 0.3028837
v -0.50398102 4.15746191 0.30936247
v -0.46782433 4.18489348 0.30498729
v 0.48471481 4.174077 0.30878728
v 0.75821237 4.17030862 0.30642478
v -0.75733973 4.1314841 0.30480146
v -0.52898942 4.13004884 0.30818263
v 0.51835749 4.14234723 0.30702581
v 0.75888482 4.13120447 0.3103264
v -0.75700966 4.09489589 0.30931046
v -0.54656657 4.10230739 0.30069127
v 0.54668348 4.10731209 0.31110689
v 0.7606404 4.09171464 0.3103801
v -0.75815157 4.06267425 0.30820389
v -0.57548494 4.06270212 0.31051365
v 0.57352265 4.06292417 0.30917337
v 0.76375629 4.05743293 0.30657347
v -0.76310401 4.02306674 0.30410861
v -0.59001985 4.02399065 0.29823157
v 0.59216903 4.02194137 0.3009419
v 0.77159641 4.02321005 0.29893855
v -0.77768459 3.9808004 0.28867358
v -0.75217329 3.98393695 0.31450141
v -0.61446385 3.99112262 0.30657411
v 0.61263115 3.99342856 0.30734445
v 0.75430355 3.98670015 0.31567604
v 0.78190308 3.98524458 0.28793026
v -0.75923932 3.94895491 0.30426732
v -0.64678993 3.95042127 0.30742003
v 0.64496206 3.94807134 0.30539526
v 0.75937584 3.95346858 0.30718219
v -0.75865359 3.91450032 0.29925877
v -0.71635517 3.91292343 0.31317849
v -0.6781736 3.91193479 0.30061069
v 0.68168329 3.90911919 0.30174677
v 0.71859603 3.91469589 0.31579468
v 0.75895766 3.91682461 0.30185135
v -0.76578043 3.84164695 0.26341417
v -0.72873243 3.87781012 0.29069221
v 0.72594429 3.88196151 0.2956592
v 0.76475382 3.84538226 0.26774134
v -0.23629755 4.77771317 0.27143396
v -0.2001105 4.78502297 0.27153033
v -0.16407297 4.7892664 0.27163319
v -0.12761382 4.79140927 0.27139981
v -0.09075521 4.79073514 0.26985087
v -0.05293191 4.78471925 0.26509328
v 0.0526033 4.78480919 0.26507752
v 0.09049266 4.79111675 0.26988976
v 0.1269409 4.79222405 0.27074654
v 0.16251049 4.79050174 0.27038758
v 0.19779214 4.78654578 0.27030122
v 0.23338753 4.77979776 0.27042201
v -0.34388924 4.74060325 0.26911564
v -0.31180587 4.75258797 0.27424107
v -0.27509837 4.76611231 0.27272779
v -0.0159355 4.77386564 0.25785706
v 0.01540414 4.77374488 0.25767387
v 0.26968869 4.7696945 0.27115465
v 0.30650246 4.75586363 0.27562831
v 0.3460603 4.73936398 0.27692263
v -0.41751904 4.70089417 0.27495999
v -0.37971713 4.72189685 0.27385231
v 0.3836684 4.72245582 0.27416697
v 0.42207618 4.7032165 0.26894077
v -0.45441763 4.67969285 0.27002453
v 0.46181243 4.67853806 0.27062401
v -0.52206289 4.63230427 0.26188023
v -0.49040456 4.65359806 0.27301385
v 0.49420054 4.65520647 0.2737692
v 0.52480088 4.63500079 0.26296841
v -0.55270588 4.60433306 0.26698149
v 0.55587809 4.60645688 0.26841792
v -0.57729548 4.57774206 0.27603311
v 0.59233805 4.56833633 0.27490152
v -0.60996335 4.54160383 0.27700721
v 0.62726097 4.53349732 0.2646261
v -0.64479164 4.50326641 0.26657364
v 0.65153497 4.50641025 0.25788972
v -0.67281208 4.46509136 0.26469356
v 0.67922087 4.46386652 0.26470536
v -0.69575253 4.42586911 0.26901197
v 0.70085474 4.42492025 0.27173583
v -0.71313351 4.38756797 0.27555618
v 0.71725436 4.38851346 0.27789863
v -0.72612073 4.34923279 0.28232404
v 0.72871239 4.35586061 0.28332888
v -0.73827819 4.31182909 0.28256482
v 0.74268146 4.31613543 0.28043572
v -0.75322539 4.27971476 0.26531025
v 0.75990323 4.27483517 0.2636196
v -0.76178482 4.24457834 0.26276452
v -0.32137996 4.22794756 0.26933849
v -0.28257414 4.23076078 0.26774952
v -0.24091433 4.23202232 0.26682977
v -0.19928018 4.23251979 0.26875346
v -0.16264346 4.23201462 0.26983781
v -0.12744231 4.23133264 0.27140799
v -0.09155774 4.22996701 0.27001938
v -0.05450002 4.22881656 0.26922535
v -0.02038044 4.22879289 0.27174397
v 0.01480054 4.22875856 0.27203941
v 0.05245197 4.22850486 0.26910002
v 0.09168015 4.22940285 0.26906058
v 0.13043935 4.23101855 0.27151045
v 0.16683222 4.2315715 0.2698353
v 0.20330468 4.2320247 0.26889359
v 0.24049342 4.23143001 0.26648885
v 0.27738576 4.2299855 0.26598683
v 0.31477477 4.22771459 0.26910048
v 0.76707356 4.23794099 0.26542847
v -0.7659283 4.20682623 0.26874086
v -0.42600545 4.20195616 0.27301059
v -0.38957712 4.21630131 0.27190238
v -0.35785925 4.22263718 0.26766996
v 0.35557871 4.22268355 0.26881441
v 0.38602435 4.21740707 0.27252156
v 0.41913971 4.20500684 0.27289039
v 0.76909931 4.20457703 0.27369015
v -0.77307299 4.17118869 0.26292845
v -0.46860812 4.17539864 0.27028402
v 0.46411602 4.17954345 0.27567361
v 0.77537256 4.16916644 0.26944272
v -0.77614608 4.13325586 0.26544714
v -0.50871121 4.14101858 0.27550688
v 0.5073515 4.13966752 0.27042828
v 0.77732518 4.13094782 0.27452006
v -0.77652336 4.09305029 0.27409589
v -0.53358992 4.10278945 0.26577331
v 0.53769935 4.09890928 0.27199579
v 0.77984623 4.09192702 0.27692291
v -0.78246332 4.05956571 0.27028195
v -0.55157323 4.07180512 0.26258422
v 0.55956115 4.0578979 0.2663047
v 0.78703443 4.05584777 0.27063746
v -0.78788241 4.02198283 0.26756069
v -0.57653431 4.02212685 0.25909255
v 0.57927549 4.01920114 0.26396819
v 0.79287423 4.02245341 0.26667745
v -0.79336049 3.98178974 0.26228468
v -0.60180494 3.98346778 0.27001774
v 0.5985526 3.98833098 0.27020448
v 0.79691494 3.98488636 0.26266465
v -0.78956115 3.94438632 0.26524796
v -0.6231673 3.95193217 0.27785366
v 0.61723336 3.95669367 0.26994801
v 0.79182808 3.94777602 0.26642226
v -0.79382322 3.87837511 0.247971
v -0.64604309 3.91674279 0.27211898
v 0.64630199 3.91457989 0.26913891
v 0.79497023 3.87972323 0.24938307
v -0.79976787 3.79401951 0.2206626
v -0.68663973 3.87509216 0.26467279
v 0.68811828 3.87635539 0.27157976
v 0.79998068 3.79407428 0.22176021
v -0.79855803 3.69035524 0.19197946
v -0.77087654 3.7434176 0.21817947
v -0.73642167 3.79562064 0.23776985
v 0.73386881 3.7927801 0.2369047
v 0.76890066 3.74330707 0.21857009
v 0.79772769 3.69090987 0.19209786
v -0.27711258 4.77560252 0.23454554
v -0.23796698 4.78719498 0.23407217
v -0.19988791 4.79488583 0.2340815
v -0.16270316 4.79964228 0.2337848
v -0.12685505 4.80173164 0.23423681
v -0.09087264 4.80046827 0.23473523
v -0.05355872 4.79332042 0.23403161
v -0.01638088 4.78125137 0.23178973
v 0.01624627 4.78130685 0.23186566
v 0.05343379 4.79347313 0.23435325
v 0.09102496 4.80076639 0.23495612
v 0.12777094 4.80219142 0.23420161
v 0.16433987 4.80004379 0.23433092
v 0.20145212 4.79524167 0.23491403
v 0.23986629 4.78778253 0.23365495
v 0.27898796 4.77705305 0.23223983
v -0.35155753 4.74662223 0.23281057
v -0.3158483 4.76140825 0.23441872
v 0.31398639 4.76404481 0.23444667
v 0.3526773 4.74757122 0.23590722
v -0.42197878 4.70915983 0.235424
v -0.38597395 4.72879141 0.2366642
v 0.38938155 4.72984071 0.23677189
v 0.42733998 4.70991998 0.23374256
v -0.49336835 4.66200577 0.23625454
v -0.4586764 4.68653235 0.23580082
v 0.46437204 4.6866017 0.23627678
v 0.49473937 4.66624724 0.23425355
v -0.52681622 4.63840226 0.22695644
v 0.52393601 4.64642443 0.22655959
v -0.56230222 4.60530265 0.23454864
v 0.55772501 4.61495929 0.23536092
v -0.59489938 4.57128515 0.240373
v 0.59911031 4.57252498 0.24268477
v -0.63265051 4.53025948 0.23415031
v 0.63675167 4.5348516 0.2306918
v -0.66607289 4.49057618 0.22533359
v 0.66449705 4.5018764 0.22429431
v -0.6892281 4.4565175 0.2273867
v 0.6917287 4.45999742 0.22994908
v -0.70828053 4.42159387 0.23348819
v 0.71243647 4.42273003 0.23627115
v -0.7256365 4.38363316 0.23992689
v 0.72889522 4.38767962 0.2419014
v -0.73952768 4.34702366 0.24554772
v 0.74161549 4.35634183 0.24455988
v -0.7517149 4.31161517 0.24347188
v 0.7573751 4.31493286 0.23785035
v -0.76687505 4.27220996 0.22682962
v 0.77261748 4.27304702 0.22532219
v -0.77448731 4.23670228 0.22770149
v 0.77774539 4.23931377 0.2321218
v -0.77782756 4.20244509 0.23646362
v -0.4204582 4.19750385 0.23345901
v -0.38280073 4.21068735 0.23392759
v -0.34823995 4.21718824 0.23116831
v -0.31510987 4.22133823 0.23160516
v -0.28103217 4.22292815 0.22701156
v -0.24238306 4.22334661 0.2229519
v -0.19750786 4.22343305 0.22470815
v -0.15751007 4.22276915 0.22676752
v -0.12511813 4.22234901 0.23030178
v -0.09268486 4.22118791 0.22998548
v -0.05591865 4.22024424 0.23087769
v -0.01972249 4.22057066 0.23607293
v 0.01739842 4.22058075 0.23653039
v 0.05547981 4.2202392 0.23214963
v 0.0939299 4.22081344 0.22990567
v 0.12849273 4.22208731 0.2307637
v 0.1618968 4.22243615 0.2272189
v 0.20265326 4.22297817 0.22513014
v 0.24657777 4.22272194 0.22348087
v 0.28306216 4.22239804 0.22811308
v 0.31522835 4.22117699 0.23462254
v 0.35240142 4.21617145 0.23305733
v 0.38645913 4.20941614 0.23493189
v 0.42243769 4.19597543 0.2328998
v 0.78111107 4.20705738 0.2390589
v -0.78386783 4.16987433 0.23433472
v -0.45957742 4.17429358 0.2321759
v 0.46196618 4.17173127 0.2301747
v 0.78931452 4.1675125 0.23204456
v -0.78846597 4.13513017 0.2337026
v -0.49967791 4.13810576 0.23183712
v 0.50388201 4.13318273 0.23093642
v 0.79360271 4.12673045 0.23513304
v -0.79165373 4.0974425 0.23880356
v -0.52755392 4.101545 0.23086014
v 0.53231724 4.09529571 0.23562349
v 0.7983958 4.0896697 0.23675394
v -0.79985718 4.0603005 0.23252132
v -0.54469215 4.07056333 0.22184768
v 0.54979401 4.06276236 0.22695335
v 0.80546933 4.05461327 0.23181677
v -0.80620034 4.02075071 0.22953372
v -0.56913009 4.02663562 0.22947686
v 0.57077892 4.02281247 0.22641534
v 0.8109825 4.01936379 0.22922409
v -0.81185724 3.9758366 0.22484775
v -0.58988235 3.99012446 0.23410358
v 0.58930615 3.98953607 0.23257191
v 0.81545582 3.9773527 0.22530198
v -0.81524498 3.92233 0.21818088
v -0.61322613 3.94815497 0.23790425
v 0.61062046 3.94973103 0.23368083
v 0.81781724 3.92452345 0.21901184
v -0.82057092 3.84941961 0.20213055
v -0.63590579 3.91139403 0.23568827
v 0.62541636 3.92488937 0.23415153
v 0.82237238 3.85033568 0.20263736
v -0.82256283 3.75445011 0.18159445
v -0.65908825 3.88095073 0.23756764
v 0.65614075 3.88525594 0.24044989
v 0.82367728 3.75472819 0.18184864
v -0.81898275 3.65223468 0.16560459
v -0.6997094 3.82988302 0.22829902
v 0.69938635 3.82557178 0.2295599
v 0.81924899 3.6525852 0.16589923
v -0.8141856 3.56875844 0.15281993
v -0.79531311 3.60192333 0.16794313
v -0.76884609 3.65636422 0.18132925
v -0.73559407 3.72328113 0.19235272
v 0.73253162 3.71880094 0.18772796
v 0.76637113 3.65809017 0.17894543
v 0.79392654 3.60437063 0.1669207
v 0.81391346 3.56997964 0.15280547
v -0.28354804 4.78268593 0.19470813
v -0.2447412 4.79428175 0.19483505
v -0.20260479 4.80323316 0.19476979
v -0.16255277 4.80887192 0.19492192
v -0.12641902 4.81120112 0.19589873
v -0.09088567 4.80984053 0.19726651
v -0.05398931 4.80210877 0.19950568
v -0.01664308 4.78929386 0.20216308
v 0.01761091 4.78949391 0.20272184
v 0.05479286 4.80235617 0.20057788
v 0.0918764 4.81005571 0.19815698
v 0.12858642 4.81133336 0.19698374
v 0.16540546 4.8088778 0.19731301
v 0.20221383 4.80404878 0.19738822
v 0.23872733 4.79699283 0.19608167
v 0.27398149 4.78768755 0.19436195
v 0.30490494 4.77757476 0.19216841
v -0.38273012 4.73998656 0.19837951
v -0.35519545 4.75380706 0.19605552
v -0.32129157 4.7687668 0.19391476
v 0.34172602 4.76255281 0.19371504
v 0.37698306 4.74543759 0.19882029
v -0.44930947 4.70187581 0.19775376
v -0.41259931 4.72503606 0.19368944
v 0.41322623 4.72647202 0.20001076
v 0.45138286 4.70367937 0.20171577
v -0.49142164 4.67319279 0.19757901
v 0.49008788 4.6794362 0.1949633
v -0.52862585 4.64653132 0.19140095
v 0.52740479 4.65244509 0.19233617
v -0.56353021 4.61435661 0.19900726
v 0.5616837 4.6213271 0.20074337
v -0.598865 4.57775425 0.20580551
v 0.60029473 4.582032 0.20791921
v -0.63785449 4.53510363 0.19989167
v 0.63970015 4.54214823 0.19329242
v -0.67268852 4.49325337 0.18685746
v 0.6749261 4.49763045 0.18970392
v -0.69650813 4.45733704 0.18911351
v 0.70063346 4.45868054 0.19302808
v -0.71480805 4.42438622 0.19528541
v 0.71945257 4.42498273 0.1981789
v -0.73457411 4.38420096 0.20202151
v 0.73836631 4.38664307 0.20442645
v -0.74942122 4.34853681 0.20770743
v 0.75295494 4.35267671 0.20827296
v -0.76046171 4.3172304 0.20422653
v 0.76634059 4.31640469 0.202674
v -0.77453382 4.27698883 0.18954972
v 0.77863575 4.27926492 0.19293806
v -0.78219091 4.24155456 0.1923016
v 0.78546797 4.24445828 0.19676408
v -0.78676062 4.20682861 0.20062146
v -0.38500906 4.203572 0.19541344
v -0.34663349 4.21150942 0.19684485
v -0.30881057 4.21632667 0.19908954
v -0.27307656 4.21817506 0.19604585
v -0.23826548 4.2184638 0.19232132
v -0.19945997 4.2185896 0.19539246
v -0.16151891 4.21756538 0.19611165
v -0.12631088 4.21643244 0.19741728
v -0.09044031 4.2149085 0.19660054
v -0.05493635 4.21375273 0.19631794
v -0.0193447 4.21372794 0.19997641
v 0.01817515 4.21369543 0.2002344
v 0.05577837 4.21384758 0.1980582
v 0.0928689 4.21467104 0.19672587
v 0.12844125 4.21614147 0.1980614
v 0.1642728 4.21711918 0.19630412
v 0.20306976 4.21802796 0.19536092
v 0.24264995 4.21790945 0.19356036
v 0.27823492 4.21743215 0.19703423
v 0.31295453 4.21558403 0.20067956
v 0.35188724 4.21019226 0.19790185
v 0.3904672 4.20158477 0.19657991
v 0.79176854 4.20716988 0.20071686
v -0.79249576 4.17138594 0.20238858
v -0.45983575 4.17030624 0.19311552
v -0.42349806 4.19034928 0.19154641
v 0.42914176 4.18737621 0.19163358
v 0.46283417 4.16787282 0.19141815
v 0.80108237 4.16283282 0.19345982
v -0.79941239 4.13269058 0.19753289
v -0.49761167 4.13611699 0.19834391
v 0.50045438 4.13240311 0.19350371
v 0.80717826 4.12170403 0.19299215
v -0.80455053 4.09795076 0.19977769
v -0.52507612 4.10016704 0.19920028
v 0.52899611 4.09388021 0.20059792
v 0.81172836 4.08888153 0.19683736
v -0.81231346 4.06109609 0.19604421
v -0.54373083 4.06807611 0.19084949
v 0.54739242 4.06136325 0.19196748
v 0.81825468 4.05495468 0.19525059
v -0.81980383 4.01990623 0.19268089
v -0.56837282 4.02400172 0.19923846
v 0.56999951 4.01955501 0.19499122
v 0.82458957 4.0179983 0.19262879
v -0.82672067 3.97154582 0.18717115
v -0.58584251 3.99009896 0.19821274
v 0.58563416 3.99037102 0.20440151
v 0.83039392 3.97276085 0.18771821
v -0.83277516 3.91165558 0.17779943
v -0.60600991 3.95192559 0.19970581
v 0.6065644 3.95038526 0.2026761
v 0.83553164 3.9142609 0.17870858
v -0.83837995 3.83286449 0.16174669
v -0.62413857 3.92030649 0.19760073
v 0.62423565 3.91719305 0.19301006
v 0.84057248 3.83583671 0.16263034
v -0.83759753 3.7369621 0.14708053
v -0.64902239 3.88216941 0.20118368
v 0.6541047 3.87440318 0.19501766
v 0.8393702 3.73845353 0.14786231
v -0.83197859 3.63793268 0.13901332
v -0.6814471 3.83618652 0.19195463
v 0.68692615 3.8209246 0.18975095
v 0.83301787 3.6382252 0.1399228
v -0.82320537 3.5599418 0.13631391
v -0.7170562 3.73651968 0.17003762
v 0.71654317 3.73022584 0.16542243
v 0.82357655 3.56048004 0.13690938
v -0.81183237 3.53635482 0.13885849
v -0.79291142 3.55489185 0.14533637
v -0.76791377 3.60580953 0.15134773
v -0.74007215 3.67178809 0.1578863
v 0.73804003 3.67393895 0.15284721
v 0.76572411 3.61191732 0.14781256
v 0.79156134 3.55971709 0.14364059
v 0.81152592 3.53838576 0.13866657
v -0.19721713 4.81218821 0.15739929
v -0.16099094 4.81700323 0.15780827
v -0.12599143 4.81925957 0.15858999
v -0.09025427 4.8180713 0.15923087
v -0.05323456 4.81051858 0.16074629
v 0.05413395 4.81068893 0.16198182
v 0.09119167 4.81826323 0.16024888
v 0.12802671 4.81934447 0.15989432
v 0.1646935 4.81677628 0.16041548
v 0.2004998 4.81218569 0.16037684
v -0.30488165 4.78284395 0.15591524
v -0.2680531 4.79544732 0.1565074
v -0.23377356 4.80492381 0.15710352
v -0.01654545 4.79804522 0.16360144
v 0.01757921 4.79816962 0.16431702
v 0.2350945 4.80552733 0.15954289
v 0.27049763 4.79591383 0.15902888
v 0.30489131 4.78472513 0.1578589
v -0.37685449 4.75086566 0.16099325
v -0.3425593 4.76714788 0.15848233
v 0.34286106 4.76956225 0.15901286
v 0.37989148 4.75208839 0.1623437
v -0.44955653 4.70960028 0.16424768
v -0.41174054 4.7330693 0.15995689
v 0.41725202 4.73226489 0.16486681
v 0.45626575 4.70896986 0.16546768
v -0.49317596 4.68043436 0.16128506
v 0.4970029 4.68338935 0.15634213
v -0.53171036 4.65178651 0.157487
v 0.53146099 4.65734205 0.15698952
v 0.56048885 4.63114808 0.16410858
v -0.56576113 4.62082781 0.16342201
v 0.59508682 4.59639509 0.17121001
v -0.60320426 4.58311745 0.16726021
v 0.62990033 4.56034315 0.16605416
v -0.64109814 4.5394957 0.16868597
v 0.65423254 4.53435777 0.15235127
v -0.67522085 4.49858757 0.15106844
v 0.68357056 4.49589805 0.14895913
v -0.69829992 4.46459739 0.14901445
v 0.70389294 4.46404794 0.1532057
v -0.7161514 4.43338134 0.15433364
v 0.72267359 4.4304115 0.15813776
v -0.73913416 4.38715693 0.16147774
v 0.74344175 4.38876633 0.16453696
v -0.75629491 4.34640318 0.16714774
v 0.76020996 4.34885454 0.16997351
v -0.7668333 4.31620057 0.16708464
v 0.7725847 4.31384966 0.16888098
v -0.77704051 4.28433911 0.16162829
v 0.78318235 4.28061641 0.16125287
v -0.78534217 4.25030452 0.16335833
v 0.79235154 4.24383486 0.1587484
v -0.793816 4.21023092 0.16156218
v -0.41768806 4.18853521 0.16053654
v -0.37928554 4.20079114 0.16298027
v -0.34261533 4.20729694 0.16124829
v -0.30448861 4.21158254 0.16167511
v -0.26925591 4.21347381 0.1604197
v -0.23571627 4.2138798 0.15862964
v -0.20061841 4.21393331 0.16179975
v -0.16442529 4.21263535 0.16103139
v -0.12796954 4.21117375 0.16145593
v -0.09035824 4.2097158 0.16205325
v -0.05523824 4.2081595 0.15962478
v -0.01965481 4.20732146 0.15893271
v 0.01774702 4.20721835 0.15892671
v 0.05469596 4.20806564 0.16064809
v 0.09162529 4.20923037 0.16058489
v 0.12932799 4.21072461 0.16127645
v 0.16645329 4.21204317 0.16027147
v 0.20106963 4.21327683 0.16141691
v 0.23592683 4.21345994 0.16078375
v 0.27295735 4.21278357 0.16220192
v 0.30961877 4.21056014 0.16266719
v 0.34662152 4.20623069 0.16269383
v 0.38296614 4.19926833 0.16335918
v 0.80065102 4.20199343 0.16025587
v -0.80155176 4.17011039 0.16035393
v -0.45847442 4.16696053 0.16021235
v 0.42173565 4.1865456 0.1569639
v 0.45827927 4.16737675 0.1567164
v 0.80859629 4.16081687 0.15941187
v -0.80949141 4.12836632 0.15584791
v -0.49835904 4.13251126 0.16735419
v 0.49896701 4.13047402 0.15816247
v 0.81397363 4.12760729 0.15912348
v -0.81417313 4.09650066 0.16141242
v -0.52672877 4.09600487 0.1662342
v 0.52934747 4.09088781 0.16606927
v 0.81937536 4.09411374 0.16158749
v -0.82151669 4.06045531 0.16015871
v -0.54564875 4.06423965 0.15862755
v 0.54738408 4.06047464 0.16021211
v 0.82654422 4.05811757 0.16035082
v -0.82949151 4.01924177 0.15683124
v -0.56759593 4.02417053 0.16064941
v 0.56905511 4.02057279 0.16170603
v 0.83380295 4.01928519 0.15728272
v -0.83702363 3.97074561 0.15109059
v -0.58526221 3.98942973 0.15852004
v 0.58473931 3.98998703 0.17023521
v 0.84049802 3.97290431 0.1519115
v -0.84380955 3.91120392 0.14169249
v -0.60575081 3.95009863 0.15755393
v 0.60383426 3.95307099 0.16394207
v 0.84649668 3.91425726 0.14286686
v -0.84908246 3.83511089 0.12720243
v -0.62304563 3.91895837 0.15857614
v 0.62330781 3.91706557 0.15566573
v 0.85129916 3.83794386 0.12864593
v -0.84729753 3.74370536 0.11520267
v -0.64929347 3.87831585 0.1664147
v 0.65238204 3.87224476 0.15636804
v 0.84916736 3.74448358 0.11674004
v -0.83952507 3.65121116 0.11085647
v -0.67414381 3.84189477 0.15499876
v 0.67772621 3.83397487 0.15362064
v 0.84080469 3.65030041 0.11248457
v -0.82726122 3.57684184 0.11220381
v -0.70577146 3.75757153 0.14301552
v 0.7061399 3.75625577 0.13997666
v 0.82790418 3.57624952 0.11339171
v -0.81128076 3.54364907 0.1163251
v -0.73660505 3.67361155 0.12902588
v 0.73648625 3.67877581 0.12395624
v 0.7644508 3.61187039 0.11978846
v 0.81113296 3.54547631 0.11646781
v -0.79163699 3.55494173 0.12006467
v -0.76599176 3.60371989 0.12323397
v 0.79056815 3.56053944 0.11855267
v -0.19982541 4.8177715 0.12224778
v -0.16385546 4.82279469 0.12253217
v -0.12741268 4.82551194 0.12266922
v -0.090039 4.82480755 0.12218812
v -0.05228153 4.81806205 0.12144323
v 0.05298776 4.81816404 0.12234862
v 0.0904178 4.82510595 0.12286612
v 0.12809814 4.82590617 0.1232717
v 0.16627812 4.82299699 0.12382724
v 0.20449385 4.81768828 0.12457922
v -0.30609955 4.78877215 0.12074918
v -0.26971859 4.80107012 0.12082415
v -0.23507331 4.81060488 0.12141846
v -0.01630231 4.80695124 0.12148767
v 0.01711434 4.80693331 0.12203787
v 0.24088702 4.81032525 0.1239658
v 0.27690624 4.80038674 0.12235968
v 0.31291362 4.78791534 0.12393732
v -0.38146522 4.75573867 0.12421365
v -0.34391347 4.77348571 0.12182783
v 0.35023484 4.77279729 0.12524502
v 0.38798173 4.75503876 0.12709237
v -0.45972409 4.71116821 0.12320504
v -0.42007939 4.73542904 0.12295762
v 0.42701073 4.73425617 0.12683946
v 0.46615211 4.71045822 0.12634568
v -0.50076231 4.68334817 0.12002642
v 0.50409982 4.68564542 0.12046241
v 0.53248826 4.66323873 0.12291677
v -0.56366358 4.63025736 0.12648768
v -0.53421971 4.65717114 0.12086168
v 0.56147441 4.63717154 0.12882163
v -0.59579212 4.59791706 0.13292866
v 0.59854433 4.60059887 0.1348723
v -0.61892653 4.57262921 0.13657002
v 0.63505528 4.56188516 0.1315924
v -0.64936772 4.53655654 0.13509397
v 0.66369256 4.53036889 0.11388444
v -0.68156372 4.49585602 0.11894861
v 0.68949841 4.49488237 0.10986951
v -0.70530992 4.46054939 0.11203772
v 0.71068678 4.46013695 0.11373206
v -0.72300309 4.42954964 0.11381837
v 0.73287436 4.41966198 0.11939651
v -0.74357365 4.38688095 0.12053595
v 0.75000331 4.38435226 0.12612609
v -0.75970906 4.34777918 0.12649313
v 0.76366144 4.35088799 0.12969669
v -0.77143124 4.3137628 0.13125687
v 0.77594022 4.31575843 0.13177648
v -0.78076349 4.28130847 0.13380164
v 0.78656624 4.28085008 0.12875363
v -0.79054678 4.24443222 0.1325943
v 0.79751321 4.24078223 0.12384886
v -0.80064157 4.20449381 0.12162767
v -0.38823663 4.19379347 0.12549274
v -0.34878775 4.20128231 0.12298329
v -0.30853444 4.20658093 0.12330578
v -0.27259717 4.20911045 0.12374106
v -0.23799244 4.20985841 0.12346323
v -0.20269764 4.20977001 0.12533892
v -0.16590879 4.20845972 0.12480111
v -0.1290527 4.20680073 0.12430019
v -0.09150506 4.20532233 0.12491561
v -0.05554865 4.20384574 0.12325677
v -0.01949145 4.20292575 0.12264781
v 0.01818968 4.20280275 0.12239657
v 0.05573007 4.20365606 0.12345752
v 0.09254074 4.2047443 0.12258744
v 0.12888174 4.20621416 0.12356152
v 0.16486582 4.20768767 0.12336663
v 0.19964136 4.20905974 0.12531997
v 0.2345978 4.20931597 0.12480911
v 0.27394352 4.20843787 0.12582209
v 0.31201016 4.20578996 0.12519647
v 0.34878869 4.20118186 0.1262389
v 0.38558263 4.19397602 0.1272268
v 0.80749382 4.19643746 0.11950501
v -0.80797231 4.16978075 0.11907331
v -0.46182381 4.16528697 0.12151192
v -0.42599897 4.18287711 0.12549367
v 0.42363454 4.18236437 0.12108678
v 0.4612385 4.16420181 0.1211615
v 0.81422587 4.16120437 0.12118706
v -0.81456588 4.13447594 0.11908041
v -0.49653992 4.13528189 0.12768347
v 0.50136219 4.12925731 0.12282571
v 0.81873737 4.13469728 0.12289737
v -0.8204828 4.09679878 0.12473295
v -0.52618171 4.09644056 0.12883324
v 0.52880594 4.0929738 0.12810768
v 0.82431856 4.10035925 0.12546115
v -0.82800596 4.0588277 0.12421457
v -0.54720378 4.06235581 0.12624635
v 0.54508921 4.06565558 0.12461092
v 0.83185089 4.06168056 0.12501236
v -0.83582583 4.01858725 0.12127452
v -0.56758724 4.02618816 0.12290149
v 0.56597739 4.0284036 0.12083773
v 0.83937839 4.0217451 0.12222134
v -0.84312393 3.97286732 0.11624721
v -0.58627435 3.98985576 0.12329288
v 0.58549967 3.99035365 0.12865288
v 0.84620067 3.9764292 0.11736622
v -0.84948593 3.91824123 0.10843478
v -0.60759213 3.94902159 0.12061691
v 0.60311026 3.956583 0.12338233
v 0.85196278 3.92156929 0.1097184
v -0.85403336 3.85122934 0.09700627
v -0.62577486 3.91569251 0.12205143
v 0.62100124 3.92293885 0.12234583
v 0.85596819 3.85303024 0.09850875
v -0.85240092 3.77097091 0.08596977
v -0.65069462 3.87656328 0.12817724
v 0.64897357 3.8772828 0.1269035
v 0.85382595 3.77011017 0.08781855
v -0.84302979 3.68961386 0.08238329
v -0.67521336 3.84286184 0.11751961
v 0.67612698 3.84015411 0.12081472
v 0.84393101 3.68680975 0.08441958
v -0.82793808 3.62278227 0.08491785
v -0.70205169 3.7833675 0.11473837
v 0.70790564 3.7726002 0.11131579
v 0.82827767 3.6203955 0.08669377
v -0.809067 3.58778902 0.09035176
v -0.79229361 3.59448801 0.09288697
v -0.76503604 3.64093208 0.09494542
v -0.73331383 3.70795448 0.10145972
v 0.74089877 3.69915017 0.09716957
v 0.76406813 3.6455752 0.0937906
v 0.79137424 3.59810649 0.09279426
v 0.80871537 3.58848655 0.09136354
v -0.24135717 4.81379817 0.08693945
v -0.20582897 4.82141001 0.08712374
v -0.16795663 4.82705297 0.08722416
v -0.12895974 4.83043931 0.08689126
v -0.08997162 4.83029558 0.08595685
v -0.05197475 4.82438615 0.08384497
v -0.01669726 4.81471494 0.08115264
v 0.01649806 4.81467039 0.08131334
v 0.05215869 4.82457808 0.08421804
v 0.0893123 4.83082345 0.08619661
v 0.12682 4.83137766 0.08661884
v 0.16591091 4.82818157 0.0870232
v 0.2071842 4.82212897 0.08837078
v 0.24737776 4.81382142 0.08782964
v -0.34971552 4.77664005 0.08644034
v -0.31243023 4.7914541 0.08777016
v -0.27633336 4.80374366 0.08826098
v 0.2835732 4.8038986 0.08496975
v 0.31921713 4.79124032 0.08729048
v 0.35610357 4.7760214 0.09004042
v -0.42804202 4.73819168 0.07957452
v -0.38786616 4.75879579 0.08687573
v 0.39459887 4.75792189 0.09060368
v 0.43443431 4.73752904 0.08306681
v -0.46832569 4.71324944 0.07921885
v 0.46961553 4.7158322 0.08246454
v -0.53270705 4.66429545 0.08603578
v -0.50488151 4.68711556 0.08191063
v 0.50264019 4.69282465 0.08459681
v 0.53038038 4.67109139 0.08886326
v -0.56341445 4.63640536 0.09049812
v 0.55913856 4.64624693 0.09311892
v -0.60089118 4.59897799 0.09564387
v 0.59577069 4.61061626 0.09848741
v -0.63173177 4.56475946 0.10014647
v 0.63390855 4.56922928 0.09957572
v -0.65791847 4.53218955 0.10168688
v 0.66511563 4.53310506 0.08696554
v -0.68395988 4.49662261 0.09293916
v 0.68766585 4.5024683 0.07782422
v -0.70874578 4.45919132 0.08183125
v 0.71002799 4.46732795 0.07530379
v -0.7285812 4.42537752 0.07383562
v 0.73357966 4.42515533 0.07875119
v -0.7448602 4.39089057 0.07729142
v 0.74949848 4.3913631 0.0858322
v -0.76038185 4.35309909 0.08303601
v 0.76447069 4.35559261 0.08699915
v -0.77519191 4.31128889 0.08991492
v 0.77980659 4.31310436 0.08881396
v -0.78560085 4.27653885 0.09321939
v 0.79153248 4.27450721 0.08973334
v -0.79465166 4.24318637 0.09266759
v 0.8015355 4.23599958 0.09216274
v -0.80321768 4.20957164 0.08681646
v -0.38360066 4.19120903 0.08854975
v -0.3471896 4.19842763 0.08729063
v -0.31240831 4.20315172 0.08773449
v -0.27692977 4.2056437 0.08750461
v -0.23989671 4.20648903 0.08691423
v -0.2031973 4.20631111 0.08697337
v -0.16581744 4.20523519 0.08813139
v -0.12751119 4.20353698 0.08804474
v -0.09068245 4.20194972 0.08800388
v -0.05508005 4.20053954 0.08603351
v -0.01882576 4.19969869 0.08588916
v 0.01893014 4.19959783 0.08586292
v 0.05568637 4.20034481 0.08646679
v 0.09057691 4.20147074 0.08688526
v 0.1254568 4.20298165 0.08872701
v 0.16269685 4.20444058 0.0875033
v 0.20175169 4.20563389 0.08778563
v 0.23921945 4.2057265 0.08699646
v 0.27942957 4.20479417 0.08947629
v 0.31607305 4.20216742 0.08954023
v 0.34963612 4.19752627 0.08843513
v 0.3846784 4.19070693 0.08785393
v 0.81070182 4.19577692 0.09020915
v -0.81068529 4.17395372 0.08632906
v -0.46128473 4.16214426 0.08299396
v -0.42291712 4.1803487 0.0904984
v 0.41901174 4.18131059 0.08414666
v 0.45644944 4.1637905 0.08533921
v 0.81661159 4.16695128 0.08894163
v -0.81845137 4.1357994 0.08308121
v -0.50000016 4.12992976 0.08717213
v 0.50018148 4.12804424 0.08880071
v 0.82217933 4.13860393 0.08667098
v -0.82533627 4.09438651 0.08532303
v -0.53178107 4.09057022 0.09065794
v 0.53095847 4.09065638 0.09207845
v 0.82839787 4.10150171 0.08659085
v -0.8323471 4.05626595 0.08653101
v -0.54876667 4.06352699 0.08782708
v 0.5493255 4.06162186 0.09178282
v 0.83537249 4.06259509 0.08795088
v -0.83923256 4.01826223 0.08499673
v -0.56831997 4.02914189 0.08523108
v 0.57048501 4.02462136 0.08657052
v 0.84219595 4.02346769 0.08648036
v -0.84561234 3.97674903 0.08170042
v -0.58880587 3.9898821 0.09142623
v 0.59322106 3.98133471 0.0907463
v 0.84833751 3.98098056 0.08306536
v -0.8507867 3.92871658 0.07638564
v -0.60718228 3.95612545 0.0867109
v 0.60993652 3.95057789 0.08558444
v 0.85299912 3.93213192 0.07747032
v -0.85391435 3.87294999 0.06869302
v -0.62623661 3.92123797 0.08712143
v 0.62604202 3.91995472 0.08914383
v 0.85550252 3.87500026 0.06970109
v -0.85306118 3.80934812 0.05973836
v -0.6493549 3.88327334 0.09179435
v 0.65090882 3.87881669 0.09584628
v 0.85387163 3.80869528 0.06089138
v -0.84292094 3.74263882 0.05561785
v -0.67875982 3.84552726 0.08138528
v 0.68127443 3.84066615 0.08494598
v 0.84286665 3.73951446 0.05726072
v -0.82498848 3.68686271 0.05826183
v -0.73229346 3.75544897 0.07537775
v -0.70745125 3.80301491 0.08351976
v 0.72003101 3.78132494 0.07889842
v 0.82428136 3.68360666 0.06024353
v -0.79933716 3.65199961 0.06776212
v -0.76638157 3.69822023 0.06740177
v 0.75854586 3.70542327 0.07321702
v 0.79790547 3.65307664 0.06978451
v -0.24543049 4.81672864 0.05085816
v -0.20912982 4.82454922 0.04990292
v -0.16893273 4.830571 0.05018763
v -0.12777316 4.83432354 0.05009154
v -0.0879957 4.83444963 0.04953951
v -0.05066199 4.82899383 0.04754161
v -0.0166921 4.82024135 0.04388238
v 0.01620848 4.82038284 0.04363591
v 0.05197448 4.82960127 0.04753964
v 0.08815227 4.8353692 0.04973903
v 0.12398323 4.83580209 0.04981188
v 0.16222071 4.83259339 0.04996548
v 0.20554413 4.82620008 0.0514903
v 0.2502813 4.81709541 0.0518755
v -0.35391198 4.77989471 0.04901861
v -0.31642528 4.79442016 0.05323084
v -0.28027148 4.80655534 0.0545302
v 0.28744663 4.80708013 0.04930093
v 0.32323421 4.79489283 0.04779298
v 0.36044629 4.77957866 0.05052063
v -0.432638 4.74073242 0.04406986
v -0.39219694 4.76191847 0.0495207
v 0.39921037 4.76097144 0.05348556
v 0.4356602 4.74225439 0.04741026
v -0.47256685 4.71545115 0.04550398
v 0.46062216 4.72716016 0.04755921
v 0.48616499 4.70966585 0.05079249
v -0.52909513 4.67259431 0.05171477
v -0.50483959 4.69194346 0.04911357
v 0.52113813 4.68350241 0.05423292
v -0.55876002 4.64683784 0.05426321
v 0.5576972 4.65316951 0.05734819
v -0.59620813 4.61021293 0.05759875
v 0.59646744 4.61608424 0.06130178
v -0.63223667 4.5700924 0.06131258
v 0.63530143 4.57314461 0.06483858
v -0.66223216 4.53209905 0.06521697
v 0.66877221 4.53163282 0.06104822
v -0.68373545 4.50134208 0.06496861
v 0.69042618 4.50096691 0.05267117
v -0.70745496 4.46438332 0.05579976
v 0.71380189 4.46409263 0.04520901
v -0.73223371 4.4214521 0.03972827
v 0.73746088 4.421928 0.04051096
v -0.74805237 4.38826507 0.03801638
v 0.75223766 4.39025552 0.04110501
v -0.76192372 4.35532686 0.04045744
v 0.76541443 4.35938228 0.04313559
v -0.77512753 4.31830716 0.04787473
v 0.7784544 4.32326744 0.04884632
v -0.78559245 4.28560724 0.0523816
v 0.79026253 4.28657066 0.05157801
v -0.79538869 4.25019707 0.05455038
v 0.80081171 4.24698823 0.05777018
v -0.80461035 4.2138204 0.05639603
v -0.35494237 4.19447097 0.04864051
v -0.31725659 4.19983066 0.05075881
v -0.27546878 4.20326169 0.05175994
v -0.23723313 4.20437193 0.05218377
v -0.20268486 4.20406317 0.05065908
v -0.16663401 4.20302984 0.05111334
v -0.12736631 4.2013801 0.05118787
v -0.0903053 4.19979396 0.05169462
v -0.0535993 4.19827703 0.05035643
v -0.01841282 4.19735213 0.05027933
v 0.01655913 4.19725967 0.05024738
v 0.05311229 4.19804321 0.05095319
v 0.08943616 4.19936359 0.05187752
v 0.1259887 4.20087828 0.05285017
v 0.16469003 4.2022484 0.05026691
v 0.20403338 4.20336774 0.05043469
v 0.2376738 4.20362467 0.05167107
v 0.27429351 4.2028012 0.05511023
v 0.31223298 4.19993545 0.05401249
v 0.35170957 4.19414651 0.04866307
v 0.81057987 4.20590245 0.06148771
v -0.81297512 4.17364495 0.05798185
v -0.45505212 4.16347052 0.04775332
v -0.42007694 4.17939579 0.05390343
v -0.38713921 4.18810316 0.04944638
v 0.39125159 4.18625476 0.04845064
v 0.42422784 4.1773989 0.04883141
v 0.45565151 4.16399755 0.04906232
v 0.81723473 4.17485592 0.06032124
v -0.82138052 4.13279621 0.05124644
v -0.49459658 4.13272687 0.05142284
v 0.49093615 4.13792686 0.05285618
v 0.82432654 4.13989531 0.05393232
v -0.82837083 4.0916205 0.04531917
v -0.52945989 4.0940472 0.05210586
v 0.52164219 4.10399636 0.05279167
v 0.83118146 4.09966243 0.04677523
v -0.83436816 4.05483728 0.04832709
v -0.54799353 4.06875024 0.04385317
v 0.54742979 4.06774269 0.05239516
v 0.8371313 4.06221236 0.05004336
v -0.83988805 4.01940974 0.04792521
v -0.57068159 4.0308254 0.04723786
v 0.57412464 4.02416017 0.05134341
v 0.84269217 4.02430867 0.04997464
v -0.84496532 3.98141246 0.04670859
v -0.59459453 3.98707378 0.0569406
v 0.59906758 3.98007849 0.05025737
v 0.84757176 3.98438539 0.04822997
v -0.84875387 3.93882825 0.04428768
v -0.61333834 3.95544166 0.04907878
v 0.61608901 3.950565 0.04597394
v 0.85079293 3.94158613 0.04471068
v -0.85024594 3.89259418 0.04002426
v -0.63661445 3.91406547 0.05203212
v 0.63268161 3.91912536 0.05313764
v 0.85153998 3.89490923 0.04016307
v -0.84789867 3.84382624 0.03492618
v -0.65822079 3.87917351 0.0576888
v 0.65325426 3.88427333 0.0598499
v 0.84814047 3.84465083 0.03518543
v -0.83952598 3.79573187 0.03129439
v -0.69003069 3.84172484 0.04787377
v 0.68566692 3.84590453 0.04728646
v 0.83822248 3.79420079 0.03170275
v -0.82160151 3.75550193 0.03169702
v -0.72623246 3.79902925 0.05286759
v 0.72985226 3.80059592 0.04651217
v 0.81927694 3.75127629 0.03339393
v -0.79745248 3.73844106 0.03562979
v -0.76571325 3.76077925 0.04007154
v 0.76696226 3.76167445 0.03994077
v 0.79928049 3.73756716 0.0369457
v -0.24687738 4.81952547 0.01216115
v -0.20975446 4.82715216 0.01194943
v -0.16827009 4.83312743 0.0127363
v -0.12636904 4.83689762 0.01294914
v -0.08692996 4.8371285 0.01306266
v -0.05072886 4.8319229 0.01245894
v -0.01764132 4.82358874 0.01022475
v 0.01580132 4.8238919 0.00985163
v 0.05239087 4.83282258 0.01237587
v 0.08813417 4.8382386 0.01344292
v 0.1226901 4.83852999 0.01322761
v 0.16000618 4.83544009 0.01337074
v 0.20406376 4.82917595 0.01456541
v 0.25113864 4.81994071 0.01546936
v -0.35614388 4.783095 0.01227168
v -0.31832621 4.79765576 0.01470052
v -0.28204855 4.80966009 0.01509642
v 0.28883068 4.80989068 0.0147021
v 0.32496825 4.79807828 0.01110841
v 0.36282193 4.7829056 0.01187939
v -0.43496068 4.74327259 0.01256172
v -0.39481196 4.76500445 0.01318029
v 0.40140052 4.76436478 0.01698769
v 0.43386448 4.74698955 0.01625906
v -0.49801626 4.70124441 0.01599234
v -0.47260278 4.71946511 0.01470413
v 0.45600132 4.73377313 0.01791539
v 0.4823459 4.71669826 0.01871589
v -0.52149425 4.68320975 0.01699611
v 0.52090684 4.68828576 0.02073249
v -0.55580496 4.6541433 0.0184043
v 0.56114165 4.65462312 0.02222625
v -0.59562905 4.61559546 0.02027513
v 0.60100675 4.61605707 0.02417647
v -0.63464348 4.57167769 0.02248395
v 0.6397164 4.5723451 0.02701669
v -0.66841616 4.52787285 0.02541049
v 0.67346905 4.5285544 0.0290244
v -0.68802715 4.49865831 0.02807905
v 0.69314455 4.49939745 0.02746619
v -0.70937004 4.46396627 0.02592205
v 0.71467167 4.46447649 0.02275313
v -0.73545138 4.41663372 0.01529098
v 0.73978629 4.41847987 0.01429125
v -0.75142687 4.38223405 0.0106602
v 0.75574672 4.38391041 0.00505226
v -0.76497678 4.35004323 0.00326075
v 0.76876239 4.35324353 0.00285358
v -0.77718404 4.31584613 0.00403227
v 0.780488 4.32042019 0.00674255
v -0.7882358 4.282404 0.00759414
v 0.7919281 4.28592119 0.00678114
v -0.79837254 4.24545547 0.00925718
v 0.80195179 4.24934474 0.01131203
v -0.80771678 4.20828558 0.01379462
v -0.35853174 4.19167834 0.01358447
v -0.3128627 4.19817084 0.01536134
v -0.26802589 4.20205535 0.01521156
v -0.23480587 4.20324222 0.01584526
v -0.20309361 4.20285024 0.01452633
v -0.164706 4.20169979 0.0146179
v -0.12566669 4.20010132 0.01406106
v -0.09215587 4.19862544 0.01460514
v -0.05478801 4.19706648 0.0155877
v -0.01809494 4.1960218 0.01585077
v 0.01498551 4.19588143 0.01538019
v 0.05162041 4.19666091 0.01541991
v 0.08913011 4.19807501 0.01491107
v 0.12680824 4.19965667 0.01526353
v 0.16761725 4.20110467 0.01397253
v 0.20870961 4.20221715 0.0149288
v 0.2398297 4.20248347 0.01644874
v 0.26978483 4.20156992 0.01768105
v 0.30515805 4.19863595 0.01669596
v 0.35289805 4.19170972 0.01299134
v 0.8114322 4.21097342 0.01778933
v -0.81565125 4.16945924 0.01939937
v -0.45529367 4.16112606 0.01275854
v -0.42387781 4.17506844 0.01683352
v -0.39292535 4.18436616 0.01394993
v 0.39597806 4.1829239 0.01545892
v 0.42963037 4.17246298 0.01693637
v 0.46035381 4.15815509 0.015159
v 0.81871426 4.17586739 0.02185576
v -0.82307859 4.13071218 0.01835007
v -0.48833896 4.13819486 0.01469596
v 0.4909206 4.13650519 0.01662005
v 0.82596648 4.13793793 0.02089636
v -0.82900657 4.09259933 0.01393574
v -0.5211008 4.10487909 0.01212884
v 0.52102553 4.10549073 0.01280856
v 0.83190224 4.09999263 0.01604625
v -0.83409946 4.0564618 0.0131473
v -0.54626649 4.07361246 0.00689615
v 0.54965724 4.06810665 0.01270155
v 0.83695324 4.06381727 0.01533364
v -0.83798706 4.02337116 0.01041353
v -0.57339843 4.03181375 0.01577478
v 0.57699365 4.0258934 0.01634192
v 0.84112823 4.02449275 0.01361772
v -0.84185581 3.98668881 0.0110563
v -0.59895564 3.98794642 0.02238342
v 0.60127181 3.98586043 0.00903206
v 0.84463127 3.98534251 0.01280309
v -0.84437546 3.94586613 0.01164171
v -0.61923039 3.95525211 0.01149048
v 0.62118161 3.95229684 0.0073749
v 0.84629747 3.94740379 0.01035968
v -0.84408371 3.90515538 0.00940307
v -0.64653069 3.90864385 0.01517084
v 0.64178979 3.91513942 0.01671865
v 0.84537986 3.90792895 0.00827577
v -0.84013973 3.86664775 0.00663939
v -0.66890992 3.87391146 0.01730577
v 0.66214859 3.88199191 0.02270524
v 0.8405474 3.86796449 0.00694321
v -0.83059061 3.83057046 0.00604041
v -0.69754944 3.84199312 0.00721854
v 0.69492528 3.84422144 0.01079031
v 0.82797359 3.82843879 0.00644618
v -0.81366354 3.8012982 0.00751123
v -0.79550966 3.7908653 0.00895144
v -0.76564131 3.79555353 0.00995199
v -0.73413569 3.81197025 0.0102669
v 0.73678654 3.80876561 0.01137074
v 0.77012578 3.79375487 0.01040289
v 0.80448433 3.78980466 0.01184201
v -0.28143551 4.81243506 -0.0258181
v -0.24588152 4.82162911 -0.02603588
v -0.20922069 4.82862258 -0.02431385
v -0.16871432 4.83407698 -0.02315488
v -0.12733961 4.83754765 -0.02325751
v -0.08771331 4.83779534 -0.02311286
v -0.05078371 4.83291841 -0.02250757
v -0.01718165 4.82503366 -0.0223378
v 0.01606656 4.82531581 -0.02228165
v 0.05221843 4.83374216 -0.02220378
v 0.08828211 4.8388452 -0.02271673
v 0.12360713 4.83905898 -0.02286041
v 0.16160966 4.83613663 -0.0222345
v 0.20520461 4.83044071 -0.02173935
v 0.25051207 4.82212448 -0.02297604
v 0.28777867 4.81254405 -0.02428521
v -0.35623245 4.78575033 -0.02013455
v -0.31794844 4.80063358 -0.02501087
v 0.32443519 4.80084148 -0.02541341
v 0.36254839 4.78592825 -0.02412444
v -0.43603516 4.74562084 -0.01861747
v -0.39537268 4.7676906 -0.01841458
v 0.39923355 4.76874102 -0.01668565
v 0.42543937 4.75486701 -0.01521138
v 0.44607128 4.74288285 -0.01213398
v -0.49634386 4.70594805 -0.0165105
v -0.47407247 4.72169595 -0.01639065
v 0.48026705 4.72132947 -0.01452872
v -0.51928277 4.68857898 -0.01708809
v 0.52269166 4.69044222 -0.01278944
v -0.5571265 4.6563614 -0.01711313
v 0.56415671 4.65535315 -0.0126162
v -0.59851911 4.61579775 -0.01684407
v 0.60427121 4.61576735 -0.01292209
v -0.63807423 4.57026219 -0.0161612
v 0.64330378 4.57067561 -0.01217991
v -0.67263781 4.52429934 -0.01494877
v 0.67727637 4.52540538 -0.01048976
v -0.69159666 4.49537158 -0.01318225
v 0.69584485 4.4971991 -0.00906005
v -0.71063991 4.46374029 -0.01121206
v 0.71508088 4.46524098 -0.00913899
v -0.73457874 4.41887438 -0.01261737
v 0.74119668 4.41584416 -0.01290023
v -0.75145678 4.38247893 -0.01542411
v 0.75770033 4.37945684 -0.02077456
v -0.76681355 4.34557047 -0.02266157
v 0.77056063 4.34832751 -0.02220528
v -0.77857327 4.31205156 -0.02241033
v 0.78191878 4.31566863 -0.02315894
v -0.78961124 4.27814208 -0.02216033
v 0.79317157 4.28084952 -0.03121944
v -0.79946723 4.24138547 -0.02891972
v 0.80282009 4.24555829 -0.03190268
v -0.80865835 4.20490709 -0.02965404
v -0.36018369 4.18886807 -0.02225196
v -0.31251009 4.19579163 -0.02003788
v -0.26779036 4.19948968 -0.02215186
v -0.23457176 4.20095813 -0.0219808
v -0.20195078 4.20102608 -0.0223739
v -0.1634964 4.20033318 -0.02107221
v -0.12525127 4.19894821 -0.02157842
v -0.09190349 4.19738547 -0.02171977
v -0.05454864 4.19595274 -0.01999112
v -0.01666163 4.19517746 -0.01979233
v 0.01692685 4.19506861 -0.02021601
v 0.05375981 4.195599 -0.02023272
v 0.09053118 4.19685844 -0.02068412
v 0.12671372 4.19843309 -0.02093138
v 0.1666471 4.19971789 -0.02221773
v 0.2070466 4.20047593 -0.02162494
v 0.23937525 4.20036344 -0.02012479
v 0.26857579 4.19887621 -0.02229606
v 0.30539229 4.19548819 -0.02467894
v 0.81185094 4.20986948 -0.02751455
v -0.81620742 4.16807932 -0.02471614
v -0.45792852 4.15547595 -0.0234058
v -0.42664662 4.17008097 -0.0221944
v -0.39518814 4.18048039 -0.02420083
v 0.36002226 4.18761871 -0.02626799
v 0.40046042 4.17862107 -0.02375264
v 0.43172879 4.16765427 -0.02226668
v 0.4627741 4.1526441 -0.02111153
v 0.81906491 4.17395554 -0.02464351
v -0.82289857 4.13148522 -0.02277421
v -0.48842925 4.13535362 -0.02311855
v 0.49309103 4.13148984 -0.02038166
v 0.82584698 4.13763112 -0.02085547
v -0.82813785 4.09568293 -0.02057258
v -0.51904997 4.10652364 -0.02628324
v 0.52305156 4.10228049 -0.02365977
v 0.83111785 4.10223314 -0.01757385
v -0.83238276 4.06126575 -0.0196296
v -0.54737049 4.07309426 -0.02449852
v 0.55158072 4.0670715 -0.02044453
v 0.83562431 4.06423839 -0.01609414
v -0.83461536 4.03050654 -0.02568294
v -0.57588827 4.03169411 -0.0162898
v 0.57893671 4.02668101 -0.01622701
v 0.83866868 4.01990133 -0.02062627
v -0.83732168 3.99327908 -0.02432331
v -0.60308112 3.98699827 -0.01646618
v 0.60445144 3.98519359 -0.02923241
v 0.84045452 3.98212218 -0.0222029
v -0.83875946 3.94819126 -0.02056264
v -0.62518268 3.95068954 -0.02713742
v 0.62777441 3.94589274 -0.02791296
v 0.84005428 3.94977642 -0.02669793
v -0.83682827 3.90864483 -0.0233719
v -0.65028015 3.90843077 -0.02186696
v 0.65140118 3.90559037 -0.01796595
v 0.83824196 3.91452469 -0.02682594
v -0.8308528 3.87673238 -0.02788581
v -0.67152042 3.87532402 -0.01796003
v 0.6714896 3.87405603 -0.01248691
v 0.83412951 3.88025111 -0.02486363
v -0.81950768 3.84706955 -0.02671995
v -0.69494307 3.84741922 -0.02221126
v 0.69729699 3.84392122 -0.02105032
v 0.82040848 3.84723486 -0.02672547
v -0.79511215 3.81690028 -0.02179036
v -0.75798387 3.81039644 -0.02849731
v -0.72771668 3.82048667 -0.0216197
v 0.72865019 3.8192743 -0.0274439
v 0.75944764 3.80878858 -0.02861962
v 0.79121797 3.81628428 -0.02567751
v -0.27830857 4.81410721 -0.0596722
v -0.24205046 4.82251478 -0.06058651
v -0.20622537 4.82872905 -0.05958712
v -0.16838652 4.83344796 -0.05862775
v -0.12905397 4.83651573 -0.0589781
v -0.08964856 4.83681637 -0.05880499
v -0.05154262 4.83237793 -0.05722343
v -0.01709916 4.82504851 -0.05503855
v 0.01560884 4.82515975 -0.05474928
v 0.05134828 4.8328153 -0.05706525
v 0.08888847 4.83755606 -0.05890608
v 0.12638418 4.83767626 -0.05878732
v 0.16552946 4.83492006 -0.05761698
v 0.20702961 4.83000138 -0.05758982
v 0.24775559 4.82307712 -0.06058202
v 0.28423066 4.81434593 -0.06265693
v -0.35424947 4.7883331 -0.0560322
v -0.31528001 4.80284538 -0.0610361
v 0.32154664 4.80299108 -0.06173585
v 0.36039663 4.78843873 -0.06198836
v -0.43485897 4.7487368 -0.05893126
v -0.3936448 4.77075109 -0.05773658
v 0.39937928 4.77084327 -0.05684765
v 0.42800658 4.75609507 -0.05682645
v 0.44676636 4.74515321 -0.05282785
v -0.49645632 4.70834561 -0.04880436
v -0.47392621 4.72424061 -0.05289723
v 0.48070025 4.72361187 -0.05612911
v -0.52001966 4.69040397 -0.05051213
v 0.52271705 4.69284062 -0.0512023
v -0.55798272 4.65773726 -0.05263339
v 0.56491636 4.65681278 -0.04795383
v -0.59972055 4.61611535 -0.05417125
v 0.60562556 4.61585645 -0.04983214
v -0.64000794 4.56866723 -0.05511125
v 0.64507708 4.56921807 -0.05115483
v -0.67464549 4.52146049 -0.05526513
v 0.67876627 4.52326839 -0.05125614
v -0.69367046 4.49193649 -0.05490526
v 0.69820389 4.49311748 -0.05064972
v -0.70969821 4.46535039 -0.05381267
v 0.71651502 4.46210078 -0.04949733
v -0.72752482 4.43186889 -0.05221079
v 0.74022009 4.416504 -0.04809475
v -0.74526857 4.39493478 -0.05102199
v 0.75689738 4.3800598 -0.0487001
v -0.76588249 4.34624235 -0.05046328
v 0.77133184 4.34480331 -0.04748929
v -0.77915074 4.3089936 -0.04788558
v 0.78250051 4.31186524 -0.05040129
v -0.7898667 4.27533909 -0.04949581
v 0.7930588 4.27806699 -0.05848219
v -0.79914712 4.23964915 -0.05717912
v 0.80239028 4.24343504 -0.05810645
v -0.80792468 4.20417244 -0.05764711
v -0.31434114 4.19182292 -0.05704932
v -0.27315389 4.19518853 -0.05875354
v -0.23616343 4.19638352 -0.05924271
v -0.20075731 4.1964652 -0.06062998
v -0.1650419 4.19658358 -0.0580443
v -0.12872755 4.19596857 -0.05721237
v -0.0915826 4.19505081 -0.05788545
v -0.05402575 4.19456203 -0.05789363
v -0.01727856 4.19469792 -0.05695754
v 0.01703302 4.19464076 -0.0568102
v 0.05339714 4.19429669 -0.05787216
v 0.09129951 4.19449604 -0.05752175
v 0.12984632 4.19530018 -0.05759992
v 0.16775514 4.19602965 -0.05809786
v 0.20373405 4.19593522 -0.05938871
v 0.23731512 4.19525913 -0.0603362
v 0.26905572 4.19414287 -0.06210427
v 0.30742084 4.19142744 -0.06111401
v 0.81090881 4.20887622 -0.05717008
v -0.81481742 4.16870469 -0.05748529
v -0.42613913 4.16528081 -0.05818037
v -0.3933366 4.17593548 -0.06208299
v -0.35825852 4.18507153 -0.05902078
v 0.36058736 4.18365421 -0.06068927
v 0.39862236 4.17381026 -0.06265756
v 0.43046865 4.16225073 -0.06257966
v 0.81721007 4.17377328 -0.06492597
v -0.82049218 4.13406588 -0.06437777
v -0.48863413 4.12995638 -0.05956852
v -0.45783668 4.15043987 -0.0580036
v 0.4622752 4.1475587 -0.05801836
v 0.49312182 4.12689464 -0.05643695
v 0.82324635 4.1394005 -0.06608267
v -0.82503429 4.10002135 -0.0642388
v -0.51875518 4.10342085 -0.05988957
v 0.5229728 4.09935142 -0.05676377
v 0.82803524 4.10515773 -0.06156277
v -0.82904132 4.06438591 -0.06136738
v -0.54805156 4.07119501 -0.05366156
v 0.55183226 4.06557698 -0.05244293
v 0.83213577 4.06433239 -0.05959625
v -0.83127392 4.0305305 -0.06008582
v -0.57533364 4.03227915 -0.05235446
v 0.57882726 4.02645574 -0.05134092
v 0.83483684 4.01586173 -0.05836292
v -0.83237996 3.9934004 -0.05811363
v -0.60130277 3.98939485 -0.05962952
v 0.6035608 3.98509846 -0.0668501
v 0.83477934 3.98340123 -0.05867317
v -0.83207672 3.95122975 -0.05469971
v -0.62499286 3.94947185 -0.06728127
v 0.62645894 3.9463727 -0.06576638
v 0.83298145 3.95664912 -0.0631132
v -0.82742618 3.91217238 -0.05850648
v -0.64817819 3.91121695 -0.06182442
v 0.6506797 3.90661151 -0.05718438
v 0.82973191 3.91884139 -0.05975854
v -0.82080823 3.87941559 -0.05916262
v -0.6689102 3.87973332 -0.05516446
v 0.67036647 3.87664076 -0.05041654
v 0.82443406 3.8833637 -0.05469191
v -0.80873582 3.84908633 -0.05731261
v -0.7894633 3.82819909 -0.05796244
v -0.72021047 3.82846919 -0.04979526
v -0.6898637 3.85340289 -0.0520336
v 0.69164681 3.84982869 -0.04933162
v 0.71829119 3.82782532 -0.05319491
v 0.80866157 3.84916702 -0.05317404
v -0.75494875 3.81821883 -0.05807906
v 0.74987043 3.81506407 -0.05655015
v 0.77670772 3.82009581 -0.05487286
v -0.27199866 4.81454459 -0.09211874
v -0.235625 4.82200737 -0.09432064
v -0.20021837 4.82746485 -0.09523866
v -0.16488063 4.83165784 -0.09487515
v -0.12847678 4.83452724 -0.09521838
v -0.09068532 4.83506352 -0.09490173
v -0.05248151 4.83117901 -0.09295035
v -0.01691367 4.82445676 -0.09039669
v 0.01677872 4.82451308 -0.09047685
v 0.05289263 4.83147881 -0.09367828
v 0.09092588 4.83565443 -0.09575634
v 0.12867282 4.83539638 -0.09546601
v 0.16670661 4.83262701 -0.09425226
v 0.20486037 4.82827431 -0.09386875
v 0.24201824 4.82244894 -0.09499563
v 0.27826495 4.81471382 -0.09537565
v -0.34908184 4.79040872 -0.09328131
v -0.30945114 4.80390056 -0.09617637
v 0.31591905 4.80392858 -0.09678412
v 0.35516098 4.79012601 -0.09926396
v -0.43093341 4.75170566 -0.10151145
v -0.38922058 4.77323018 -0.09886153
v 0.39703023 4.77216659 -0.09705823
v 0.43307005 4.75398638 -0.09965101
v 0.4547865 4.74104847 -0.10073116
v -0.49592761 4.70977624 -0.08377761
v -0.4704335 4.72748798 -0.09513261
v 0.4848023 4.72137766 -0.10512483
v -0.52298691 4.68885384 -0.08394194
v 0.52261205 4.69330755 -0.09704362
v -0.55869145 4.65767015 -0.08783347
v 0.56351326 4.65850147 -0.08588162
v -0.59885443 4.61665653 -0.09143169
v 0.6051227 4.61603185 -0.08686096
v -0.63938767 4.56813025 -0.09413341
v 0.64426215 4.56895848 -0.08999398
v -0.67141311 4.52381224 -0.09547622
v 0.67463442 4.52674776 -0.09138152
v -0.69146364 4.49255836 -0.09604498
v 0.69530998 4.49470137 -0.09202385
v -0.70978773 4.46175055 -0.09637525
v 0.71422743 4.46295059 -0.09228118
v -0.7248372 4.43312244 -0.09583717
v 0.73204045 4.42866663 -0.09141253
v -0.74208887 4.39743896 -0.09495073
v 0.74915855 4.39221039 -0.09036235
v -0.76447357 4.34406026 -0.09293515
v 0.76853908 4.34580975 -0.08811244
v -0.77869978 4.30442445 -0.08956
v 0.78200921 4.3077287 -0.08705863
v -0.78897157 4.2720368 -0.08836788
v 0.79228898 4.27534287 -0.08732637
v -0.79795563 4.23812577 -0.0879142
v 0.80123774 4.24195775 -0.08397055
v -0.80639114 4.20378046 -0.08543579
v -0.28114084 4.18919224 -0.09451702
v -0.24191688 4.19086804 -0.09303768
v -0.20284176 4.19085669 -0.09626971
v -0.16614021 4.19101752 -0.09633156
v -0.13151318 4.19105114 -0.09739935
v -0.09180754 4.19232221 -0.09631972
v -0.05416128 4.19393861 -0.09564995
v -0.01862615 4.19496858 -0.09411106
v 0.01674689 4.19492375 -0.09394563
v 0.05251917 4.19382822 -0.09542027
v 0.09114851 4.19194886 -0.09593643
v 0.13121704 4.1903609 -0.09785846
v 0.16636249 4.19026844 -0.09647968
v 0.20404467 4.18916619 -0.10036289
v 0.80930194 4.20803145 -0.08427862
v -0.81269374 4.16924531 -0.08732343
v -0.42239437 4.15851373 -0.09516616
v -0.3888286 4.16954091 -0.09925011
v -0.35515489 4.17846417 -0.09825021
v -0.31716728 4.18503651 -0.09783093
v 0.24513806 4.1873227 -0.10568161
v 0.28338096 4.18617449 -0.10395242
v 0.32042236 4.18401397 -0.0973047
v 0.36097276 4.17733081 -0.09530776
v 0.39447822 4.16752791 -0.09871368
v 0.42715075 4.15568749 -0.09833516
v 0.81493664 4.17374862 -0.0938587
v -0.81780043 4.1352316 -0.09502615
v -0.48712196 4.1223713 -0.0978162
v -0.45499209 4.14387705 -0.09445293
v 0.45932178 4.14080368 -0.09537735
v 0.49048638 4.12042204 -0.09558196
v 0.82047677 4.14045849 -0.09530177
v -0.82182924 4.09997483 -0.09557145
v -0.51320975 4.1002588 -0.09690185
v 0.51616916 4.09730465 -0.09659462
v 0.82424052 4.10719147 -0.09541924
v -0.8251622 4.05848265 -0.09662628
v -0.54651876 4.06547093 -0.09154016
v 0.54960702 4.05998179 -0.09566671
v 0.82686812 4.06597499 -0.10159792
v -0.82674596 4.01862367 -0.0963645
v -0.57338922 4.0267837 -0.09708404
v 0.5767828 4.02158553 -0.09553408
v 0.82895229 4.01849591 -0.10010946
v -0.82645841 3.98691239 -0.09768719
v -0.59692723 3.98697095 -0.10576917
v 0.59852766 3.98501133 -0.10458541
v 0.82856045 3.98932172 -0.09885671
v -0.82506 3.95639821 -0.09799156
v -0.62241766 3.94420154 -0.10723339
v 0.61792535 3.95195949 -0.1037492
v 0.82740187 3.96274711 -0.0977133
v -0.82065623 3.91787293 -0.0956028
v -0.64474268 3.90813419 -0.10258136
v 0.64076801 3.91469589 -0.09861361
v 0.82357844 3.92254308 -0.09138675
v -0.81087063 3.87804729 -0.09006522
v -0.66378656 3.88013707 -0.09796507
v 0.66161035 3.88329239 -0.09423983
v 0.81323394 3.88101868 -0.0857289
v -0.78965306 3.83769729 -0.08382237
v -0.71627875 3.82951877 -0.08999513
v -0.68547836 3.85364791 -0.09402857
v 0.68638511 3.85255154 -0.0898204
v 0.71709087 3.82831761 -0.08749877
v 0.79012608 3.84050883 -0.08310516
v -0.75227759 3.82015128 -0.0896529
v 0.75506321 3.81819026 -0.08174855
v -0.26941903 4.81185087 -0.13011048
v -0.23393116 4.81914189 -0.12897537
v -0.19799328 4.82454978 -0.13001117
v -0.16265255 4.82884505 -0.13049928
v -0.1272351 4.83184445 -0.1312203
v -0.090538 4.83256705 -0.13127928
v -0.05287335 4.82904734 -0.13008999
v -0.01693673 4.82281823 -0.12882031
v 0.01751442 4.82286838 -0.12928165
v 0.05356429 4.82932277 -0.13143584
v 0.09113921 4.83309717 -0.13274622
v 0.12827326 4.83256313 -0.13248594
v 0.16487797 4.82965815 -0.13161656
v 0.20066149 4.82547888 -0.13051936
v 0.23556928 4.82041871 -0.12835705
v 0.27015666 4.81385028 -0.12671668
v -0.34150565 4.79075587 -0.13107674
v -0.30509354 4.80190787 -0.13611226
v 0.30716944 4.80351138 -0.13357772
v 0.34639484 4.79059729 -0.13678588
v -0.4246953 4.75364231 -0.13578691
v -0.38294993 4.7737446 -0.13589263
v 0.38874321 4.77381745 -0.13395358
v 0.42934454 4.75416346 -0.13349141
v 0.45872726 4.7369031 -0.1354676
v -0.49718145 4.70721617 -0.12430326
v -0.46520721 4.72946077 -0.13455903
v 0.4901739 4.7151463 -0.14233388
v -0.52864501 4.6825247 -0.12153396
v 0.52550789 4.68844084 -0.13867965
v -0.56274603 4.6522575 -0.12340174
v 0.56192214 4.65827844 -0.12329015
v -0.59791783 4.61528207 -0.12835028
v 0.60254813 4.61636583 -0.12356249
v -0.63363158 4.57220963 -0.1326616
v 0.63961511 4.57159252 -0.12844787
v -0.65852549 4.53796126 -0.13486637
v 0.66329855 4.53866859 -0.13076192
v -0.67983665 4.50544136 -0.13653294
v 0.68468627 4.50593771 -0.13242924
v -0.70579793 4.4617413 -0.13842158
v 0.71017333 4.46303436 -0.13419711
v -0.72306354 4.42872757 -0.1392741
v 0.72735251 4.43013005 -0.13479444
v -0.73917584 4.39507334 -0.13985013
v 0.74357946 4.39601617 -0.13490075
v -0.75953779 4.34569067 -0.13849129
v 0.7632067 4.34824261 -0.13402247
v -0.77576209 4.30146736 -0.13372983
v 0.77887854 4.3041437 -0.13282218
v -0.78611478 4.26752453 -0.13516836
v 0.78962399 4.2705053 -0.13069276
v -0.79457538 4.23488583 -0.13305342
v 0.79781931 4.2387576 -0.12827186
v -0.80260967 4.20169349 -0.12956212
v -0.09591473 4.19000647 -0.13553879
v -0.05666181 4.19339351 -0.13157159
v -0.01946142 4.19508037 -0.13045909
v 0.0177307 4.19509102 -0.13048992
v 0.0544822 4.19337992 -0.1322745
v 0.09504934 4.18961785 -0.13648102
v 0.80579175 4.20569442 -0.12545721
v -0.80886877 4.16860943 -0.1270197
v -0.38163312 4.16001414 -0.13590061
v -0.34846073 4.16856404 -0.13446648
v -0.30957856 4.17657711 -0.13285568
v -0.27557371 4.18065747 -0.13040988
v -0.23882864 4.18258768 -0.13080738
v -0.19813907 4.18376965 -0.13426579
v -0.1615346 4.18549462 -0.13545823
v -0.13240628 4.1868136 -0.13875978
v 0.13496598 4.18580955 -0.13991156
v 0.16608354 4.18442374 -0.13539477
v 0.2017021 4.18232738 -0.13585922
v 0.24045505 4.18022178 -0.1375806
v 0.27754009 4.17894048 -0.1344918
v 0.31450088 4.17488338 -0.13250168
v 0.35115133 4.16703226 -0.13388591
v 0.38694098 4.15809345 -0.13398114
v 0.81167337 4.17296886 -0.12602763
v -0.81432429 4.13572459 -0.12604504
v -0.4537669 4.12996885 -0.13496822
v -0.41569986 4.14764304 -0.13665908
v 0.42179585 4.14624295 -0.13316835
v 0.45622078 4.12826797 -0.1355584
v 0.81710591 4.14023238 -0.12374905
v -0.8182116 4.10196192 -0.12348154
v -0.49664016 4.10185783 -0.13077459
v 0.49591745 4.10096838 -0.13332251
v 0.82029899 4.10615296 -0.12533077
v -0.8209014 4.06031619 -0.12615128
v -0.53915156 4.05696249 -0.13485595
v 0.5409691 4.05335032 -0.13813747
v 0.82239549 4.06395134 -0.1317093
v -0.82181298 4.01580289 -0.12800932
v -0.56377355 4.02347721 -0.14063246
v 0.56740169 4.01908122 -0.13799711
v 0.82353375 4.01800712 -0.13178199
v -0.82040659 3.98482654 -0.13238665
v -0.58705411 3.98588439 -0.14423061
v 0.58858831 3.98520213 -0.14012205
v 0.82155171 3.99014043 -0.13729398
v -0.81708385 3.95756239 -0.14084824
v -0.61402116 3.94127176 -0.14260871
v 0.60532254 3.9552734 -0.14080681
v 0.81948813 3.96355769 -0.13912122
v -0.81165845 3.91765606 -0.14006671
v -0.63626842 3.90536875 -0.1400368
v 0.62756729 3.91933831 -0.13780697
v 0.81446046 3.92209661 -0.13599901
v -0.80110227 3.87495697 -0.13527142
v -0.65477701 3.87836825 -0.13795316
v 0.65240341 3.88274085 -0.13442286
v 0.80297034 3.8774554 -0.13439093
v -0.78029208 3.83507222 -0.13527517
v -0.67985612 3.84852708 -0.13717455
v 0.68174206 3.84692399 -0.13272911
v 0.78178099 3.83620376 -0.13158545
v -0.75180505 3.81527323 -0.13545533
v -0.71606195 3.81877052 -0.14032785
v 0.71802564 3.81784072 -0.13608885
v 0.75365113 3.81520654 -0.13087914
v -0.24358304 4.81312796 -0.16387973
v -0.20317818 4.81996452 -0.16456777
v -0.16456584 4.82500985 -0.16587524
v -0.12756283 4.82821127 -0.1671596
v -0.09049571 4.82888035 -0.16797838
v -0.05309486 4.82563915 -0.16818727
v -0.01722233 4.8201049 -0.16853493
v 0.0175004 4.82015617 -0.1689562
v 0.0533847 4.82588347 -0.16933818
v 0.09078318 4.82932669 -0.16957574
v 0.12813625 4.82881255 -0.16940618
v 0.16494532 4.82582491 -0.16903554
v 0.2004601 4.82150359 -0.16766009
v 0.23457419 4.81661629 -0.16308899
v 0.26796344 4.81045778 -0.15876081
v -0.3431472 4.7860011 -0.16700662
v -0.31466098 4.79461349 -0.17390167
v -0.28186299 4.80417459 -0.1682396
v 0.30367033 4.80027803 -0.16707385
v 0.33951366 4.78874861 -0.17061961
v -0.42014958 4.75228929 -0.16660571
v -0.38276759 4.76940927 -0.17058555
v 0.37936991 4.77346105 -0.17015254
v 0.42332403 4.75253249 -0.17008976
v -0.46025007 4.72849721 -0.17139722
v 0.46137832 4.73145402 -0.16817608
v 0.49427535 4.70807663 -0.17450131
v -0.52947888 4.67649591 -0.16934103
v -0.49734045 4.70194333 -0.17423646
v 0.5263723 4.68293237 -0.17495868
v -0.56630483 4.64377078 -0.16277221
v 0.55875551 4.65722998 -0.15880422
v -0.6004758 4.60719643 -0.16592464
v 0.59890465 4.61553788 -0.15983117
v -0.63023474 4.57055919 -0.17089087
v 0.63540054 4.57087888 -0.16634209
v -0.65055116 4.54226731 -0.17403056
v 0.65636469 4.54155199 -0.16982463
v -0.67281965 4.50838907 -0.17711289
v 0.67733262 4.50962021 -0.17250482
v -0.70149861 4.45937274 -0.18061674
v 0.70647452 4.45959423 -0.17588273
v -0.71978956 4.42414077 -0.1813841
v 0.72401121 4.42528478 -0.17762945
v -0.73436846 4.39439837 -0.17984759
v 0.73812562 4.39541573 -0.17872103
v -0.75116412 4.35382505 -0.17666095
v 0.75421844 4.35501529 -0.17952418
v -0.76893064 4.30702179 -0.16997904
v 0.7713635 4.30753229 -0.17854003
v -0.78026847 4.26887265 -0.17533446
v 0.78418465 4.26884799 -0.17439119
v -0.78929659 4.23259082 -0.17708741
v 0.79196131 4.23632305 -0.17620975
v -0.79699669 4.19662743 -0.17784001
v -0.06078241 4.19119838 -0.16973172
v -0.02327887 4.19348555 -0.17065343
v 0.01745051 4.19413096 -0.16720725
v 0.0554437 4.19147016 -0.17034999
v 0.79993248 4.20070569 -0.17445528
v -0.80266585 4.16374062 -0.17580064
v -0.30693647 4.16195723 -0.16856782
v -0.27373095 4.16634216 -0.16951181
v -0.24259602 4.17061417 -0.16911993
v -0.20332676 4.17372256 -0.17122147
v -0.16263565 4.17891583 -0.16962738
v -0.13048079 4.18317607 -0.17038627
v -0.09783574 4.18734077 -0.1701652
v 0.09525895 4.18694767 -0.17268489
v 0.13407443 4.18205896 -0.1715136
v 0.16896385 4.17718847 -0.17018084
v 0.20536554 4.17208123 -0.17225256
v 0.23881304 4.16873481 -0.17128693
v 0.27050593 4.16686639 -0.16728709
v 0.30545582 4.15933945 -0.17181063
v 0.80576787 4.16835306 -0.17120039
v -0.80782801 4.13208706 -0.17188947
v -0.41689818 4.12724599 -0.17558777
v -0.38061401 4.14089474 -0.17545842
v -0.34777557 4.15047797 -0.17393379
v 0.34113784 4.14816867 -0.1793028
v 0.37893113 4.13960742 -0.17691655
v 0.41726912 4.12768841 -0.17282122
v 0.81080696 4.13684323 -0.16773216
v -0.81145524 4.10081638 -0.1676914
v -0.46187376 4.1034549 -0.17464714
v 0.45813554 4.10361054 -0.17704148
v 0.81419456 4.10508488 -0.16505785
v -0.81436239 4.06511397 -0.16509615
v -0.50518239 4.07147702 -0.1732039
v 0.49972001 4.07048292 -0.17958421
v 0.81690789 4.06513387 -0.16371705
v -0.81563311 4.02298646 -0.16237093
v -0.544622 4.02986393 -0.17066978
v 0.54590351 4.0266918 -0.17092705
v 0.81767014 4.01820395 -0.16259698
v -0.81452448 3.98816231 -0.16394876
v -0.57404541 3.98399845 -0.17486919
v 0.56930472 3.98952822 -0.17547538
v 0.81524134 3.98745063 -0.16925792
v -0.81100842 3.95468557 -0.17132339
v -0.59712946 3.94610429 -0.17457097
v 0.58890975 3.95381923 -0.17899726
v 0.81326588 3.96015524 -0.16965214
v -0.80610458 3.91520863 -0.17034464
v -0.61995215 3.90947601 -0.17256218
v 0.61428159 3.91505565 -0.17454344
v 0.80819814 3.91970787 -0.16891165
v -0.79762984 3.87659102 -0.16848154
v -0.63811478 3.87828643 -0.17321583
v 0.63811639 3.87807209 -0.17131898
v 0.79766381 3.87744685 -0.17558419
v -0.77983762 3.83784509 -0.17579642
v -0.65996467 3.84610332 -0.17567958
v 0.6613579 3.84433226 -0.1727847
v 0.78088615 3.83936146 -0.17614299
v -0.75301182 3.80683428 -0.18326526
v -0.72020094 3.79983381 -0.17789311
v -0.6906995 3.81110461 -0.18030653
v 0.69184343 3.81106762 -0.17658509
v 0.72177644 3.80073825 -0.17348435
v 0.754773 3.80849018 -0.17932803
v -0.20143261 4.81556138 -0.20155598
v -0.16363024 4.82045401 -0.20279915
v -0.12679733 4.82353691 -0.2038301
v -0.09003634 4.82420403 -0.20502468
v -0.05313841 4.82142486 -0.20628428
v -0.01744466 4.81682279 -0.20740951
v 0.01742676 4.81691665 -0.20751447
v 0.05316906 4.82171989 -0.20672606
v 0.09016964 4.82464336 -0.20606062
v 0.12733561 4.82405329 -0.20574313
v 0.16444091 4.82101971 -0.20578127
v 0.20148879 4.81624028 -0.20534889
v -0.34808129 4.77793816 -0.20152218
v -0.31337611 4.79006213 -0.20449234
v -0.27739926 4.80076695 -0.20116349
v -0.2399946 4.80921039 -0.19975205
v 0.23903027 4.81030844 -0.20247846
v 0.27725252 4.80267278 -0.19756878
v 0.31453556 4.79175054 -0.20144555
v 0.34634469 4.7809667 -0.2023995
v -0.41885757 4.74651828 -0.20191112
v -0.38891202 4.76050241 -0.20531301
v 0.37967111 4.76727621 -0.20359103
v 0.41967585 4.74773681 -0.20515875
v -0.45292308 4.7274538 -0.20201391
v 0.46009937 4.7258091 -0.20142941
v -0.5241997 4.67360551 -0.20809973
v -0.49097205 4.6998911 -0.21103944
v 0.49547893 4.70097977 -0.20703973
v 0.52648606 4.67540319 -0.21094739
v -0.56345617 4.63873512 -0.20005807
v 0.55685938 4.65143851 -0.1962438
v -0.60105551 4.59826365 -0.20349561
v 0.59563473 4.61078619 -0.20023702
v -0.62624697 4.56735735 -0.20783795
v 0.63013751 4.56898538 -0.2037647
v -0.64572081 4.53926091 -0.21215013
v 0.65070211 4.5397969 -0.20838144
v -0.66974796 4.50210783 -0.21664783
v 0.67170303 4.50755831 -0.21235393
v -0.69613148 4.45709482 -0.21871398
v 0.70097683 4.4563676 -0.21728708
v -0.71574646 4.42056657 -0.21475135
v 0.71956891 4.41962388 -0.21894724
v -0.73129327 4.39138888 -0.20670088
v 0.73346527 4.39059007 -0.21859061
v -0.74481397 4.35980845 -0.2036963
v 0.7463835 4.3583865 -0.21949777
v -0.75911569 4.32297913 -0.20073071
v 0.76121443 4.3194209 -0.2169722
v -0.77021109 4.28676511 -0.20369586
v 0.77433383 4.28118028 -0.21038124
v -0.78144183 4.24386877 -0.2058616
v 0.7830419 4.24418566 -0.2160869
v -0.78997002 4.19884356 -0.21379007
v 0.01621883 4.19053966 -0.20343646
v 0.79241535 4.19920346 -0.21738525
v -0.79570895 4.15898921 -0.21838436
v -0.23586009 4.15607555 -0.20501829
v -0.20091444 4.16067622 -0.20849173
v -0.16293239 4.16901976 -0.2069672
v -0.12873378 4.17663833 -0.20490746
v -0.09647526 4.18238076 -0.20779536
v -0.06210012 4.18578993 -0.2149741
v -0.02182978 4.18755021 -0.22130226
v 0.05093114 4.18587175 -0.21861271
v 0.0925216 4.18212845 -0.21083704
v 0.13007425 4.1763615 -0.2042663
v 0.16821556 4.16715246 -0.20748358
v 0.20476952 4.15807062 -0.21120476
v 0.79889285 4.16100628 -0.2150908
v -0.80054357 4.12385601 -0.21639381
v -0.35686613 4.12408576 -0.212191
v -0.31228152 4.14056804 -0.20506758
v -0.27143594 4.14729253 -0.20826467
v 0.24089758 4.14936591 -0.213529
v 0.27993107 4.14304952 -0.20985829
v 0.31887082 4.13382002 -0.21046341
v 0.35321852 4.12369616 -0.21320791
v 0.80302953 4.12762256 -0.21503718
v -0.80328744 4.09158772 -0.21498392
v -0.43118159 4.09476476 -0.21286727
v -0.39419537 4.10956732 -0.21510124
v 0.38679826 4.11237689 -0.21330646
v 0.42251393 4.09891321 -0.21075238
v 0.80576752 4.09737708 -0.21269324
v -0.80545147 4.06085219 -0.21279605
v -0.47119257 4.06979478 -0.21303745
v 0.4635236 4.06967892 -0.21620999
v 0.80850551 4.06126897 -0.20764721
v -0.80685331 4.02765802 -0.2078227
v -0.50794959 4.03572993 -0.21466068
v 0.50610614 4.03145694 -0.21875214
v 0.80966058 4.01835329 -0.20265099
v -0.80677213 3.99263129 -0.20453454
v -0.54082284 3.99396484 -0.21510859
v 0.54570962 3.99251753 -0.2090437
v 0.80884593 3.98589714 -0.20105951
v -0.80415189 3.95057607 -0.20448052
v -0.57610325 3.95045783 -0.20466315
v 0.56820751 3.94981536 -0.21582559
v 0.80728543 3.9545777 -0.1972083
v -0.79967345 3.91035243 -0.20263591
v -0.59751604 3.9129691 -0.20592956
v 0.59514188 3.91496949 -0.20646395
v 0.80201259 3.91309042 -0.19727842
v -0.7935915 3.87609145 -0.19995344
v -0.61188473 3.87995145 -0.21184031
v 0.6125929 3.87959981 -0.20952646
v 0.7932218 3.8726233 -0.20415684
v -0.78270729 3.84036509 -0.20402891
v -0.63000078 3.84626695 -0.21486068
v 0.63079763 3.84442808 -0.21342278
v 0.78372521 3.84132501 -0.20355284
v -0.76683631 3.81071515 -0.21011674
v -0.64863405 3.81069245 -0.21984244
v 0.65019658 3.80938202 -0.21737819
v 0.76885387 3.81415444 -0.20606843
v -0.74502719 3.77644772 -0.22109867
v -0.71659312 3.76869663 -0.21668877
v -0.68637481 3.77360999 -0.21793879
v 0.68535949 3.77356292 -0.21613327
v 0.71733155 3.77097693 -0.21293336
v 0.74684791 3.77871598 -0.21829901
v -0.16316294 4.81417586 -0.24022217
v -0.12654573 4.81752437 -0.24080292
v -0.08988313 4.81863868 -0.2416437
v -0.05314187 4.81678832 -0.24272935
v -0.01752955 4.81295957 -0.24321337
v 0.01737529 4.81311199 -0.24299217
v 0.05323025 4.81718507 -0.24250527
v 0.09011826 4.81914329 -0.24197299
v 0.12708724 4.81808167 -0.24180036
v 0.16405856 4.81475949 -0.24192788
v -0.30994417 4.78284059 -0.24086628
v -0.27288878 4.79420273 -0.23844596
v -0.23654224 4.80277365 -0.23809909
v -0.19992018 4.80919694 -0.23937625
v 0.20094367 4.80979654 -0.24168909
v 0.23769372 4.80353464 -0.23996772
v 0.27434629 4.79558714 -0.23762315
v 0.31105812 4.78497141 -0.23883853
v -0.41493666 4.738849 -0.24098189
v -0.38592292 4.75383396 -0.24102662
v -0.34857995 4.76862082 -0.2421764
v 0.34771523 4.77165413 -0.24078555
v 0.3842915 4.75548062 -0.2441105
v 0.4203656 4.73812219 -0.24291147
v -0.44786798 4.72207729 -0.23412814
v 0.45511022 4.7188302 -0.23909147
v -0.48927079 4.69186333 -0.24186494
v 0.49199329 4.69408521 -0.24050873
v -0.5609335 4.63204453 -0.23660306
v -0.52673581 4.66179198 -0.2426115
v 0.52921007 4.66181132 -0.24918009
v 0.56054888 4.63676036 -0.23823746
v -0.5969853 4.59224832 -0.24046355
v 0.58441639 4.6143356 -0.23359357
v -0.61729024 4.56783339 -0.24248408
v 0.60540709 4.58976684 -0.23618754
v 0.62791423 4.55986417 -0.242729
v -0.63883157 4.53669327 -0.24769237
v 0.64363559 4.53711005 -0.24692053
v -0.66413133 4.49838023 -0.2514957
v 0.6642266 4.50554965 -0.25159089
v -0.68854024 4.45928546 -0.24798811
v 0.69196279 4.45755979 -0.25505365
v -0.71087443 4.41978555 -0.24043458
v 0.71420592 4.41652347 -0.2514529
v -0.72825037 4.38757329 -0.23136861
v 0.73034974 4.38578836 -0.24413673
v -0.74173387 4.35625512 -0.2283622
v 0.74303044 4.35495085 -0.24298807
v -0.75425031 4.32378593 -0.22805785
v 0.7553324 4.32201487 -0.24352708
v -0.76459923 4.29127528 -0.22823997
v 0.76655535 4.28766535 -0.24059615
v -0.7748795 4.25489636 -0.22872946
v 0.77594155 4.25170237 -0.24346411
v -0.78251291 4.21398122 -0.23579504
v 0.78584896 4.20576166 -0.24243655
v -0.78920707 4.16882237 -0.24187317
v -0.16664238 4.15326611 -0.2476212
v -0.12907743 4.16442022 -0.2440663
v -0.09194355 4.17454001 -0.24220008
v -0.05648526 4.17867319 -0.24952318
v -0.02226969 4.18057313 -0.25391651
v 0.01543659 4.18154034 -0.24882026
v 0.05495181 4.17850886 -0.2501859
v 0.09155958 4.17458554 -0.24265443
v 0.12860795 4.16512587 -0.2410918
v 0.16559463 4.15345832 -0.24654851
v 0.79281055 4.16277454 -0.24259395
v -0.7944942 4.12520749 -0.2434025
v -0.31004924 4.11743482 -0.2384614
v -0.27317038 4.1243186 -0.24426856
v -0.23930247 4.13243589 -0.24629452
v -0.20604929 4.14094125 -0.24929784
v 0.20089383 4.14270489 -0.24745208
v 0.24037049 4.12747434 -0.25225515
v 0.79584344 4.12438724 -0.25008713
v -0.79646006 4.08689585 -0.24873726
v -0.39137672 4.08336871 -0.24652448
v -0.34663707 4.09727579 -0.24811777
v 0.28344354 4.11615423 -0.24947986
v 0.32136462 4.10344019 -0.24923371
v 0.35534503 4.09525032 -0.2458203
v 0.79756 4.09015036 -0.2540012
v -0.79702057 4.05183675 -0.25370567
v -0.42608509 4.0627321 -0.25024046
v 0.3877538 4.07506537 -0.25338433
v 0.43048599 4.06286715 -0.24631974
v 0.79965944 4.05544724 -0.2510792
v -0.79795843 4.01880944 -0.25077334
v -0.46442612 4.03387425 -0.25369965
v 0.46426109 4.0320068 -0.25410879
v 0.80025344 4.02105696 -0.24883665
v -0.79778709 3.98534727 -0.24833554
v -0.50532718 3.99909534 -0.2501231
v 0.50562281 3.99331691 -0.25345897
v 0.79994832 3.98735929 -0.24557857
v -0.79595061 3.94536571 -0.24634467
v -0.53952421 3.95535102 -0.24852586
v 0.5358331 3.96197646 -0.24633767
v 0.79856895 3.94992534 -0.24051083
v -0.79306048 3.909643 -0.24330265
v -0.56780453 3.91845376 -0.24134305
v 0.54913896 3.91786901 -0.26251699
v 0.57291339 3.91564698 -0.23600178
v 0.7944044 3.90885049 -0.23849187
v -0.78885368 3.87765349 -0.23844007
v -0.58062301 3.88005091 -0.25192361
v 0.57959445 3.87725899 -0.25299221
v 0.78776663 3.86851477 -0.23906457
v -0.78149877 3.84099958 -0.2371717
v -0.60213521 3.84262312 -0.25042749
v 0.60164152 3.84377581 -0.24864382
v 0.7816505 3.83857708 -0.23737641
v -0.77096087 3.8090542 -0.24297914
v -0.61465683 3.80340731 -0.25741293
v 0.61532529 3.80364421 -0.25508458
v 0.77271575 3.8119949 -0.24288296
v -0.75142211 3.76777482 -0.2459813
v -0.64902309 3.7722735 -0.24319943
v 0.64783202 3.77104684 -0.2426013
v 0.75391024 3.76972884 -0.24707064
v -0.73734579 3.73994048 -0.2531991
v -0.71409259 3.72782436 -0.25078998
v -0.68357056 3.7329141 -0.24566224
v -0.64986141 3.73470183 -0.26006858
v 0.64628503 3.73019082 -0.26257107
v 0.68163601 3.72929002 -0.24686162
v 0.71470242 3.73020875 -0.24805819
v 0.73983434 3.74435077 -0.25228418
v -0.12661758 4.810794 -0.27765217
v -0.08980288 4.81264156 -0.2777488
v -0.05287686 4.81191363 -0.27708178
v 0.05355923 4.81235717 -0.2765773
v 0.09056939 4.8131826 -0.27764429
v 0.1273538 4.81142695 -0.27794615
v -0.2743727 4.78392435 -0.27641675
v -0.23714566 4.79360622 -0.27620948
v -0.2002069 4.80100455 -0.27702273
v -0.16337161 4.80675147 -0.27751417
v -0.01732289 4.80866122 -0.27527874
v 0.01732038 4.80884474 -0.27493075
v 0.16402049 4.80754608 -0.27812295
v 0.20069707 4.80197344 -0.27793894
v 0.23728425 4.79489536 -0.27695131
v 0.27356834 4.78601371 -0.27592044
v 0.30977245 4.77458376 -0.27670373
v -0.38628741 4.74138581 -0.2771292
v -0.35028748 4.75670952 -0.27917659
v -0.31221018 4.77144847 -0.27811283
v 0.34619906 4.7604982 -0.27866448
v 0.38249045 4.74403974 -0.28071405
v -0.45316873 4.70611952 -0.27085087
v -0.41914626 4.72440984 -0.27611089
v 0.41760877 4.72677854 -0.27948095
v 0.45125057 4.70687126 -0.27954217
v -0.494177 4.67486032 -0.27744675
v 0.48656993 4.68558014 -0.27475798
v -0.53252766 4.64237699 -0.28057616
v 0.53014768 4.64831653 -0.28117741
v -0.56625436 4.614344 -0.27282885
v 0.5723375 4.61415516 -0.26850606
v -0.60479292 4.57106465 -0.27509991
v 0.60869298 4.57131289 -0.27567373
v -0.62892815 4.53525101 -0.28712679
v 0.63382491 4.53806142 -0.27879607
v -0.6522278 4.50129557 -0.28886984
v 0.65464588 4.50491531 -0.28832382
v -0.67938779 4.46147274 -0.27804765
v 0.68035234 4.46241417 -0.2879551
v -0.7065377 4.41643255 -0.26768059
v 0.70770615 4.41600372 -0.2787381
v -0.72395601 4.38126166 -0.26553622
v 0.72711162 4.38118335 -0.26829774
v -0.73632038 4.34920365 -0.26693649
v 0.73992695 4.35001731 -0.26609477
v -0.74854788 4.31566079 -0.26848448
v 0.75203768 4.31693984 -0.26713209
v -0.75892803 4.28185315 -0.26854641
v 0.7621574 4.28361104 -0.26720252
v -0.76840284 4.24809959 -0.26839314
v 0.77139516 4.25018208 -0.26759727
v -0.77568427 4.21295084 -0.26956278
v 0.77962145 4.21305787 -0.26599583
v -0.78284108 4.17486208 -0.26898423
v -0.08979625 4.16118448 -0.27857419
v -0.05533297 4.16720121 -0.28107861
v -0.02281829 4.1690978 -0.28493282
v 0.01390948 4.16923229 -0.28461965
v 0.05558321 4.1667389 -0.28172195
v 0.09457413 4.15931675 -0.27928762
v 0.78616956 4.17603943 -0.26585307
v -0.78777097 4.13654203 -0.26915245
v -0.20073869 4.12530191 -0.28044924
v -0.16230041 4.13656515 -0.28515715
v -0.12718102 4.14680724 -0.28659647
v 0.13316098 4.14313735 -0.28764742
v 0.1677277 4.13302933 -0.28676668
v 0.20268034 4.12377195 -0.27945727
v 0.78949986 4.13908641 -0.27179826
v -0.79034421 4.09960275 -0.27294804
v -0.31225442 4.0961734 -0.26308794
v -0.27318319 4.09906002 -0.27691233
v -0.23632345 4.10709523 -0.28466108
v 0.241498 4.10280794 -0.28576558
v 0.27889266 4.09055299 -0.28228632
v 0.79172406 4.0997958 -0.27738193
v -0.7909347 4.06079265 -0.27900158
v -0.38924163 4.05875387 -0.2701994
v -0.35178767 4.05973494 -0.28281065
v -0.31514325 4.06421906 -0.29408986
v 0.31149042 4.06857849 -0.28974955
v 0.35386018 4.06760147 -0.27372692
v 0.79317928 4.05986131 -0.27940596
v -0.79187319 4.02131907 -0.27854306
v -0.42782922 4.03042697 -0.27712804
v -0.38595703 4.02750168 -0.29670635
v 0.35904767 4.02966724 -0.30404882
v 0.39416259 4.03067283 -0.28941764
v 0.43186833 4.03124399 -0.27345465
v 0.79231476 4.02299655 -0.28572659
v -0.79029714 3.98602252 -0.28441283
v -0.46587707 3.98687779 -0.28820937
v -0.42902919 3.99407874 -0.30252545
v 0.43341426 3.9920478 -0.29994121
v 0.46668436 3.98758835 -0.28611602
v 0.79094199 3.9842488 -0.28857032
v -0.78805592 3.94889565 -0.28805414
v -0.49557717 3.95400388 -0.28892601
v 0.49902508 3.95329388 -0.28511925
v 0.79011677 3.94601322 -0.28387554
v -0.78645878 3.91015154 -0.28254069
v -0.53234946 3.91700575 -0.28011484
v 0.52731594 3.91406645 -0.28528779
v 0.78796556 3.91098958 -0.28041786
v -0.78302362 3.87234381 -0.27857276
v -0.54575956 3.8756304 -0.28983298
v 0.5427741 3.88508461 -0.28601536
v 0.78338632 3.87155494 -0.2796099
v -0.77761784 3.83551169 -0.27701548
v -0.5697886 3.83903729 -0.28525514
v 0.54192947 3.84550036 -0.30382706
v 0.57475702 3.84394896 -0.27676629
v 0.77877515 3.83903588 -0.27785282
v -0.77061155 3.80388783 -0.28018972
v -0.5800419 3.79960742 -0.29121539
v 0.5781733 3.80199209 -0.29024135
v 0.77285676 3.8105284 -0.28115874
v -0.75671274 3.76200689 -0.27616819
v -0.612943 3.76565058 -0.27538031
v -0.580182 3.76454006 -0.30106697
v 0.57815453 3.76429924 -0.30103433
v 0.61163158 3.76487684 -0.27516134
v 0.76030242 3.76805318 -0.27673599
v -0.74268125 3.72169667 -0.28179294
v -0.61166114 3.73068815 -0.28704109
v 0.60902045 3.72839496 -0.28785328
v 0.74679545 3.7297124 -0.28462627
v -0.7186934 3.68926279 -0.28260612
v -0.67985458 3.69175701 -0.2697801
v -0.64499232 3.69466199 -0.27685367
v -0.61197383 3.6943374 -0.29428322
v 0.60849951 3.69384048 -0.29438714
v 0.64419162 3.69177242 -0.27699551
v 0.68233382 3.69036084 -0.26873126
v 0.72181972 3.69489959 -0.28057122
v -0.70787741 3.64640063 -0.29530244
v -0.67664196 3.65062641 -0.2829414
v -0.64513115 3.65360508 -0.28568352
v -0.61619905 3.65430933 -0.29661263
v 0.61110567 3.65698483 -0.29614079
v 0.64151709 3.65487166 -0.28520124
v 0.67722727 3.65483202 -0.28113268
v 0.71134844 3.65495222 -0.29469216
v -0.67938009 3.61124753 -0.29287206
v -0.64685297 3.61550694 -0.29005156
v -0.61511991 3.62079406 -0.29918446
v 0.61298804 3.61436125 -0.29653256
v 0.64282424 3.61491658 -0.28860366
v 0.67681736 3.61705357 -0.29097026
v -0.67516839 3.57980622 -0.29564076
v -0.64259967 3.58153735 -0.29169237
v 0.61180348 3.57863545 -0.29679118
v 0.64219024 3.57842686 -0.28920592
v 0.67451975 3.5751334 -0.29475275
v -0.67076021 3.54512005 -0.29447161
v -0.6427165 3.54784459 -0.29104024
v -0.6141146 3.55236429 -0.30113201
v 0.61225388 3.54673659 -0.29550831
v 0.64116063 3.54601567 -0.28876133
v 0.67256678 3.53978809 -0.29659053
v -0.66747172 3.50212109 -0.2955973
v -0.63920842 3.50795087 -0.29302088
v 0.61366014 3.50924099 -0.29580187
v 0.64194984 3.50782542 -0.2881148
v 0.67003606 3.50512617 -0.29499977
v -0.67019682 3.46844983 -0.30108949
v -0.63943411 3.47374999 -0.29517888
v 0.61509665 3.46846391 -0.29707525
v 0.64152263 3.46638009 -0.28902422
v 0.66731958 3.46822218 -0.29457602
v -0.64426608 3.44000021 -0.30059769
v 0.61667109 3.43442701 -0.29761906
v 0.64083799 3.43163502 -0.29072916
v 0.66813065 3.43425722 -0.29885073
v 0.61575607 3.40399605 -0.29988013
v 0.64426075 3.40025933 -0.29728112
v -0.27425833 4.77275274 -0.31371212
v -0.23747236 4.78326872 -0.31384311
v -0.20070012 4.79161297 -0.31463233
v -0.1637589 4.79831784 -0.31493882
v -0.1266908 4.80346067 -0.31475645
v -0.08965533 4.80642337 -0.31436531
v -0.05262101 4.80707004 -0.3116862
v -0.01687417 4.80496583 -0.30610144
v 0.0175869 4.80516981 -0.30568274
v 0.05411626 4.8075839 -0.31077695
v 0.09112599 4.80698262 -0.3138532
v 0.1276261 4.80428386 -0.31433354
v 0.1637461 4.79968515 -0.3143637
v 0.20017287 4.79319938 -0.31429029
v 0.23700259 4.78483917 -0.31381957
v 0.2738514 4.77448542 -0.31341754
v -0.34801699 4.74429219 -0.31594693
v -0.31116263 4.75966829 -0.3148391
v 0.31073535 4.76168311 -0.31414557
v 0.34757531 4.74642329 -0.31567441
v -0.4192002 4.70883565 -0.31329822
v -0.38403912 4.72753533 -0.31493868
v 0.38365757 4.72948263 -0.31631348
v 0.41872378 4.71113711 -0.31497818
v -0.45516503 4.68688174 -0.31174899
v 0.45367671 4.68921836 -0.31549345
v 0.48972693 4.66562872 -0.31229182
v -0.52694325 4.62974056 -0.31740331
v -0.49223895 4.65919129 -0.31484289
v 0.52812694 4.63386827 -0.31475043
v -0.56202252 4.60274174 -0.30816502
v 0.56631439 4.60209745 -0.30919554
v -0.59757867 4.56130882 -0.31510101
v 0.60144973 4.56381705 -0.31145452
v -0.6174386 4.533528 -0.32263622
v 0.62450484 4.53195517 -0.31853386
v -0.63800943 4.50341253 -0.32707522
v 0.64401503 4.50293285 -0.32397887
v -0.66541921 4.46444623 -0.31765411
v 0.66886789 4.46437198 -0.32138816
v -0.69549868 4.41820837 -0.30525958
v 0.69794513 4.41774004 -0.31080876
v -0.71635517 4.37569491 -0.30621649
v 0.72052603 4.3764891 -0.3032525
v -0.72831348 4.34286092 -0.31032021
v 0.73310832 4.34372445 -0.30488322
v -0.74033553 4.30854068 -0.31212959
v 0.74574783 4.30805035 -0.30613419
v -0.75159982 4.27168321 -0.31192421
v 0.75542227 4.27416258 -0.30756741
v -0.76111006 4.23513408 -0.31272811
v 0.7641269 4.24047122 -0.30839992
v -0.76787531 4.19945998 -0.3141752
v 0.77135159 4.20596367 -0.30806867
v -0.77403635 4.16632282 -0.31253446
v -0.02294475 4.15226514 -0.31645641
v 0.01422043 4.1522905 -0.31656218
v 0.77804995 4.17003474 -0.30588083
v -0.77770021 4.13218919 -0.31449672
v -0.12435644 4.12795458 -0.31985774
v -0.08775499 4.14534649 -0.310282
v -0.05428328 4.15087724 -0.31299197
v 0.05769613 4.14923422 -0.31396398
v 0.09537338 4.13855546 -0.31628025
v 0.78288255 4.13412234 -0.30382355
v -0.78156154 4.09567719 -0.31254164
v -0.20349756 4.09920348 -0.31409535
v -0.1616229 4.11392072 -0.31979365
v 0.13427761 4.11900485 -0.32715367
v 0.17118356 4.10635357 -0.32423223
v 0.20839331 4.09414428 -0.31633152
v 0.78589932 4.09732581 -0.30479875
v -0.78380142 4.06113448 -0.31085499
v -0.27621726 4.06345499 -0.31368183
v -0.2415039 4.07034394 -0.32510873
v 0.24623081 4.06858745 -0.32342235
v 0.27989158 4.06299674 -0.31113657
v 0.78674233 4.06080946 -0.30798958
v -0.78561297 4.02087147 -0.30697103
v -0.35179163 4.02574308 -0.31135523
v -0.32064496 4.02524561 -0.32583893
v 0.28079481 4.03310458 -0.33868287
v 0.3188076 4.02481777 -0.32561559
v 0.78563209 4.02285758 -0.31592392
v -0.78344656 3.98340922 -0.31563189
v -0.38726326 3.99243922 -0.32060948
v -0.34927538 3.99328188 -0.3365585
v 0.35441271 3.99031246 -0.33540882
v 0.39252486 3.99037999 -0.31857827
v 0.78361986 3.98303937 -0.32265989
v -0.78066977 3.94815665 -0.3237066
v -0.46574125 3.94864376 -0.31068407
v -0.43044792 3.95099523 -0.32688672
v 0.42677204 3.94799751 -0.32842824
v 0.46146759 3.95043906 -0.31054825
v 0.78287919 3.94561816 -0.31988629
v -0.77989239 3.90966429 -0.31779333
v -0.49742076 3.91226176 -0.31001019
v -0.46393656 3.91000346 -0.33059479
v 0.45984114 3.91102334 -0.33006867
v 0.49709704 3.91318974 -0.3079913
v 0.78135343 3.91362655 -0.31851411
v -0.7776537 3.87354413 -0.31458053
v -0.5028483 3.87016325 -0.32338453
v 0.49935416 3.87762435 -0.32098252
v 0.77853195 3.87697852 -0.31681835
v -0.77371252 3.83829325 -0.31468577
v -0.52953029 3.83917458 -0.31620057
v 0.50105146 3.84174291 -0.33152942
v 0.77521944 3.84179937 -0.31221936
v -0.76884042 3.8028814 -0.31550423
v -0.53764661 3.80220727 -0.32151719
v 0.5365047 3.80483963 -0.31930297
v 0.76962957 3.80420739 -0.31479722
v -0.76119916 3.7648463 -0.31007586
v -0.54048437 3.77157611 -0.32629763
v 0.53863363 3.76902389 -0.32524437
v 0.76190621 3.76376268 -0.31163601
v -0.75245978 3.72640914 -0.31096941
v -0.57446219 3.72952986 -0.31123166
v -0.54051012 3.73681612 -0.33148823
v 0.53966087 3.73201175 -0.3296301
v 0.57366954 3.72782352 -0.30961414
v 0.75393076 3.72705805 -0.32099096
v -0.7397919 3.68773605 -0.31588585
v -0.57354731 3.69456701 -0.31600629
v -0.54325532 3.69686314 -0.33398635
v 0.54092718 3.69358495 -0.33206349
v 0.57080022 3.69266874 -0.31436678
v 0.74297818 3.6938402 -0.31983498
v -0.72595935 3.64801437 -0.31648384
v -0.57508365 3.65587011 -0.31825035
v -0.54340774 3.65537026 -0.33761067
v 0.54523981 3.65620157 -0.33191909
v 0.57323287 3.6569718 -0.31476626
v 0.73548612 3.66240771 -0.32746377
v -0.71330975 3.61608216 -0.31382952
v -0.57116026 3.62214036 -0.32232234
v 0.54658975 3.6229487 -0.33299466
v 0.57335664 3.6184758 -0.31603753
v 0.71125394 3.62059401 -0.31290529
v -0.71023785 3.58273795 -0.32052172
v -0.61195793 3.58673174 -0.30102992
v -0.57117052 3.58447371 -0.32351324
v 0.54636567 3.58780934 -0.33461158
v 0.57230055 3.5825959 -0.31739623
v 0.70904691 3.57759372 -0.32056269
v -0.70549652 3.54817717 -0.32017302
v -0.57429618 3.54763081 -0.32308129
v 0.54524149 3.54172587 -0.33683928
v 0.57446604 3.54435122 -0.31659434
v 0.7078924 3.54143966 -0.32453315
v -0.70160977 3.50782114 -0.32236493
v -0.60849517 3.51126969 -0.30527681
v -0.5720881 3.5099664 -0.32487607
v 0.57137106 3.50638876 -0.31990033
v 0.7036241 3.50848981 -0.32220179
v -0.70021976 3.47475432 -0.32895114
v -0.6060455 3.47220455 -0.30753453
v -0.5710147 3.47113795 -0.32598207
v 0.56980667 3.46992208 -0.32182826
v 0.69873631 3.47260108 -0.319298
v -0.68071861 3.43850107 -0.3138215
v -0.6065955 3.43456087 -0.30896691
v -0.57206957 3.43313087 -0.32509503
v 0.57307422 3.43595886 -0.32030548
v 0.69641293 3.43717537 -0.32396833
v -0.6788298 3.40156045 -0.31864443
v -0.64183069 3.39911323 -0.30435672
v -0.60541122 3.39628089 -0.31055547
v -0.57166782 3.39906055 -0.32483089
v 0.54524941 3.38933541 -0.33491292
v 0.57662012 3.39857065 -0.3178791
v 0.6777328 3.40064977 -0.31367381
v -0.67249232 3.35573139 -0.32108559
v -0.64014488 3.35832473 -0.30804121
v -0.60531127 3.36053289 -0.31207541
v -0.56998032 3.36342379 -0.3249169
v 0.54285297 3.34827849 -0.33394526
v 0.57329486 3.3586978 -0.31902082
v 0.60890922 3.36529607 -0.3054015
v 0.64336647 3.36370194 -0.30380937
v 0.67866848 3.36469955 -0.32159245
v -0.66847199 3.3211393 -0.32502943
v -0.63958871 3.32522219 -0.3118306
v -0.60459539 3.32540438 -0.31353364
v -0.57223674 3.32317192 -0.32277575
v -0.54179194 3.31785145 -0.33598131
v 0.54053453 3.31436578 -0.33343235
v 0.57029511 3.32214559 -0.32040117
v 0.60595752 3.32432783 -0.3098461
v 0.6426267 3.32555995 -0.30842965
v 0.6737961 3.32861091 -0.32302841
v -0.66928887 3.28933332 -0.332597
v -0.6462124 3.29052495 -0.31757804
v -0.61094568 3.28686207 -0.31577342
v -0.57589794 3.28225019 -0.32290765
v -0.54424855 3.27670599 -0.33408347
v 0.54086988 3.28585648 -0.33320893
v 0.57025988 3.28866949 -0.32167665
v 0.60539588 3.28658048 -0.31379142
v 0.64186726 3.290385 -0.31462361
v 0.66831116 3.29579093 -0.32936603
v -0.64212125 3.25073981 -0.32986917
v -0.60708933 3.24790663 -0.32178788
v -0.56800654 3.24793773 -0.32768617
v 0.54096437 3.24755058 -0.33529198
v 0.57283749 3.24922379 -0.32452716
v 0.6081897 3.25109221 -0.31939032
v 0.64319198 3.25453704 -0.32735639
v -0.61162787 3.21427817 -0.33441486
v -0.57250113 3.21652114 -0.33317195
v 0.57645908 3.21374666 -0.33271384
v 0.61238388 3.21830747 -0.33230526
v -0.23758589 4.77219713 -0.35127353
v -0.20126455 4.78157359 -0.35234342
v -0.1643529 4.78924651 -0.35266347
v -0.12701645 4.79564205 -0.35253661
v -0.08966723 4.79976641 -0.35222445
v -0.05318962 4.80187145 -0.34892567
v -0.01787327 4.8022738 -0.3413395
v 0.01737865 4.80260974 -0.34035563
v 0.05412393 4.8025383 -0.34736247
v 0.09108361 4.80040243 -0.35137681
v 0.12720085 4.79708838 -0.35105639
v 0.16294281 4.79193098 -0.35058851
v 0.19961001 4.78415271 -0.35059005
v 0.23714325 4.77401554 -0.35033294
v -0.30953268 4.74695425 -0.35071858
v -0.27365316 4.76070134 -0.35049552
v 0.27464606 4.7619619 -0.34990825
v 0.31182415 4.74785225 -0.35020041
v -0.41535131 4.69388824 -0.34952723
v -0.38023751 4.71370446 -0.35063362
v -0.34511971 4.73115254 -0.3513054
v 0.3483681 4.73166809 -0.35100231
v 0.38395961 4.7139076 -0.35090155
v 0.41919845 4.69375431 -0.35039584
v -0.45178811 4.66935129 -0.35053254
v 0.45497198 4.66909464 -0.35265566
v -0.48870702 4.64165299 -0.35184676
v 0.49150388 4.6436178 -0.35047822
v -0.52447936 4.60747914 -0.35911162
v 0.52753179 4.61408189 -0.35046621
v -0.56490312 4.57529519 -0.34920435
v 0.56347462 4.58267671 -0.34768083
v 0.59322568 4.55222305 -0.34782537
v -0.60072608 4.53781584 -0.34859904
v 0.61147328 4.52864154 -0.35191659
v -0.62388017 4.50201047 -0.36006405
v 0.63176351 4.49883497 -0.35810312
v -0.6500146 4.4667502 -0.35653579
v 0.65618348 4.46277015 -0.35884366
v -0.67738502 4.42955959 -0.34463149
v 0.68255334 4.42446943 -0.34976157
v -0.70117499 4.38300372 -0.34601999
v 0.70590581 4.38254001 -0.34391897
v -0.71427247 4.34817424 -0.35282377
v 0.72026952 4.34694212 -0.34728661
v -0.72683591 4.31238092 -0.35520179
v 0.73422479 4.30837173 -0.3486389
v -0.74063974 4.27191576 -0.35247154
v 0.7440174 4.27464296 -0.35148959
v -0.75196735 4.23295913 -0.34979292
v 0.75203775 4.24167098 -0.35433937
v -0.75874949 4.19826778 -0.35165301
v 0.75940891 4.2067856 -0.35544681
v -0.76399963 4.1692767 -0.35054459
v 0.76670497 4.16776467 -0.3522925
v -0.76736222 4.13789814 -0.35340635
v -0.09359013 4.12035059 -0.34352174
v -0.05529337 4.12646637 -0.34702068
v -0.02035936 4.12879739 -0.3496344
v 0.01647032 4.12838565 -0.3500833
v 0.05769962 4.12361869 -0.34992524
v 0.77292695 4.12820465 -0.34677565
v -0.77198468 4.09905106 -0.34956786
v -0.16421599 4.08386731 -0.35515282
v -0.12593204 4.09764676 -0.35716698
v 0.09316808 4.11221088 -0.35327179
v 0.12986463 4.09417552 -0.35977755
v 0.77641205 4.09195644 -0.34534621
v -0.77522994 4.06359634 -0.34570247
v -0.20259495 4.06274471 -0.35586846
v 0.16852565 4.07614928 -0.3602953
v 0.20654615 4.06091313 -0.35457326
v 0.77775415 4.059399 -0.34627307
v -0.77743789 4.02126584 -0.34135726
v -0.28400539 4.02093396 -0.34953921
v -0.2472796 4.02884924 -0.36336293
v 0.24690312 4.03457696 -0.35663641
v 0.27517798 4.01024931 -0.36130016
v 0.77829561 4.02342159 -0.34731641
v -0.77661505 3.98364892 -0.3455829
v -0.31754543 3.99203057 -0.35402195
v 0.30913635 3.98571768 -0.36192109
v 0.77736167 3.98619091 -0.35132652
v -0.77428557 3.95055814 -0.35267895
v -0.39278733 3.94860439 -0.34503958
v -0.35256004 3.95573431 -0.36057118
v 0.34899894 3.95297671 -0.36341305
v 0.38453347 3.95204229 -0.34594238
v 0.7758577 3.94853519 -0.35395037
v -0.77275547 3.91116231 -0.35243683
v -0.42892269 3.91335295 -0.34626978
v -0.39477571 3.91082006 -0.36482992
v 0.3829888 3.9165122 -0.36646786
v 0.42314859 3.90911148 -0.34938188
v 0.7726981 3.91223921 -0.36135735
v -0.77093615 3.87609173 -0.35169111
v -0.46247588 3.87599282 -0.34460834
v -0.42675054 3.87864465 -0.36199856
v 0.4265066 3.8725468 -0.36296128
v 0.46066636 3.87149554 -0.34505713
v 0.7716238 3.87749799 -0.35584278
v -0.76808104 3.84221166 -0.35295679
v -0.49699883 3.8364244 -0.33760549
v -0.46272896 3.84475954 -0.35452387
v -0.42586847 3.84921284 -0.37412257
v 0.42957965 3.8387337 -0.37396829
v 0.46263482 3.83612726 -0.35547504
v 0.77092207 3.84698479 -0.3450579
v -0.7644232 3.80457499 -0.35191758
v -0.49745456 3.80005347 -0.34666925
v -0.46574601 3.80959104 -0.36266071
v 0.45974416 3.80050415 -0.36689038
v 0.4958507 3.80189472 -0.34464214
v 0.76609326 3.80582434 -0.34732895
v -0.76011386 3.76686603 -0.3462192
v -0.4982152 3.7702399 -0.35236118
v -0.46603478 3.77262079 -0.37175579
v 0.46302841 3.76397366 -0.37312909
v 0.49746584 3.76637332 -0.35076334
v 0.7600195 3.76382278 -0.34813729
v -0.75426635 3.72949245 -0.34438226
v -0.49945947 3.73528546 -0.35749245
v 0.49719532 3.72878274 -0.35746086
v 0.75403345 3.72741837 -0.35431605
v -0.74670117 3.69144124 -0.35102665
v -0.50290174 3.69482618 -0.36052198
v 0.49715672 3.69112575 -0.36226912
v 0.7479536 3.69520542 -0.35382593
v -0.73791773 3.65491201 -0.35068896
v -0.50341956 3.65538034 -0.36493121
v 0.50269875 3.65216085 -0.36257329
v 0.74223148 3.66467666 -0.35451774
v -0.73067125 3.61990097 -0.34976413
v -0.53616943 3.61970582 -0.34459002
v -0.50219161 3.61753031 -0.36901094
v 0.50739692 3.61868874 -0.36238827
v 0.7345814 3.63403038 -0.3515403
v -0.72464436 3.5830264 -0.35300372
v -0.53322799 3.58172606 -0.3484628
v 0.50913678 3.58697886 -0.36293165
v 0.72566683 3.58224174 -0.35586769
v -0.717935 3.54508979 -0.35249241
v -0.53607844 3.5439584 -0.34781802
v -0.50596461 3.54217893 -0.36944684
v 0.50723869 3.54352677 -0.36509582
v 0.72038657 3.54118833 -0.35517055
v -0.71289423 3.50712166 -0.35475874
v -0.536832 3.50950381 -0.34752936
v -0.50427452 3.5093048 -0.37067371
v 0.5029623 3.50792131 -0.368072
v 0.53599154 3.50334754 -0.34413594
v 0.71487291 3.50727324 -0.35286531
v -0.7088622 3.47323417 -0.3551274
v -0.53354124 3.47082393 -0.34923538
v 0.50321919 3.47390157 -0.36676104
v 0.53348569 3.47065995 -0.34558073
v 0.70989238 3.47153602 -0.34923478
v -0.70397882 3.44630484 -0.34767376
v -0.53610215 3.43218797 -0.34578982
v -0.50364574 3.4360923 -0.36678121
v 0.50445846 3.43638923 -0.36333547
v 0.53988523 3.43452031 -0.34017179
v 0.70542795 3.43491839 -0.3485781
v -0.69763595 3.40760878 -0.35257244
v -0.53627817 3.39994545 -0.34357053
v -0.50282375 3.39937016 -0.36300829
v 0.50120623 3.39279599 -0.36136275
v 0.70019237 3.40642933 -0.34577434
v -0.6888151 3.35941788 -0.35260319
v -0.5326826 3.36314339 -0.34315606
v -0.49217769 3.3596304 -0.36473235
v 0.49589325 3.35226625 -0.36024175
v 0.6932429 3.36260627 -0.35434336
v -0.68123121 3.32204991 -0.35327018
v -0.49965599 3.31736469 -0.35689849
v 0.4952988 3.31697026 -0.3573932
v 0.68426157 3.32376535 -0.35316101
v -0.67676699 3.29467424 -0.3523264
v -0.50267693 3.27859319 -0.35261489
v -0.46699228 3.27830159 -0.37078894
v 0.46724543 3.29206794 -0.37159948
v 0.49510302 3.28919981 -0.35578892
v 0.67655048 3.29617535 -0.35262953
v -0.66023547 3.25667515 -0.35318059
v -0.53000083 3.24828166 -0.3407847
v -0.48972245 3.24907284 -0.35836089
v 0.46248894 3.24839983 -0.37149963
v 0.49354585 3.25116709 -0.35655775
v 0.66200268 3.26189377 -0.35135083
v -0.63801819 3.21856986 -0.34922841
v -0.53049343 3.22011446 -0.34359161
v -0.49006767 3.21827861 -0.35866588
v -0.45602888 3.21267669 -0.3713678
v 0.4964468 3.21605911 -0.35663046
v 0.54055285 3.21672567 -0.3392567
v 0.63971738 3.22160345 -0.34673461
v -0.60491718 3.18419653 -0.35523471
v -0.57085478 3.17969238 -0.34802186
v -0.53423946 3.18132216 -0.35159112
v -0.4969214 3.17906981 -0.36071131
v 0.50299575 3.17683195 -0.36047252
v 0.53959033 3.18171736 -0.34991662
v 0.57470238 3.17627116 -0.35283183
v 0.61043448 3.19084298 -0.3541017
v -0.57101407 3.15734341 -0.36358288
v -0.53764275 3.14911145 -0.36694456
v -0.50301494 3.14337959 -0.37086879
v 0.53377561 3.1538237 -0.36922241
v -0.16524079 4.78227069 -0.39027181
v -0.12840395 4.79014871 -0.39144127
v -0.08969765 4.79462245 -0.39104684
v -0.05386042 4.79637726 -0.38856491
v -0.0203627 4.79700404 -0.3826026
v 0.01560321 4.79744898 -0.38113943
v 0.05299689 4.79701553 -0.38713757
v 0.08998986 4.7953571 -0.39031856
v 0.12601641 4.79285111 -0.38845861
v 0.16210506 4.78755698 -0.38746798
v 0.1995102 4.77772214 -0.38728834
v -0.30907041 4.73352152 -0.38612339
v -0.27376496 4.74874156 -0.38702314
v -0.23799289 4.76237658 -0.38844895
v -0.201955 4.77358321 -0.38980988
v 0.23757444 4.76481869 -0.38671144
v 0.27494595 4.75045742 -0.38573551
v 0.3116752 4.73480506 -0.38564042
v -0.37681975 4.69910826 -0.38548874
v -0.34359504 4.71707147 -0.38593108
v 0.34747882 4.71735726 -0.38603594
v 0.38239176 4.69817846 -0.38583617
v -0.40900083 4.67871443 -0.38682841
v 0.41717592 4.67592938 -0.38699176
v -0.48423597 4.62424791 -0.38705326
v -0.44530872 4.64893168 -0.39515799
v 0.45229637 4.6468971 -0.39552776
v -0.50851785 4.60371441 -0.38791246
v 0.49109502 4.62068982 -0.38910416
v 0.52714005 4.59184863 -0.38589753
v -0.56340689 4.55231411 -0.38642596
v -0.53191584 4.58168093 -0.38886607
v 0.56333145 4.55979707 -0.3825115
v -0.5923129 4.52113211 -0.38659971
v 0.59635264 4.52795046 -0.37863256
v -0.61159166 4.49586303 -0.38980344
v 0.61560071 4.49706195 -0.38956966
v -0.63785869 4.46235267 -0.38771668
v 0.63922019 4.4571248 -0.4000304
v -0.66078058 4.43307537 -0.38135766
v 0.66788009 4.42649056 -0.38406539
v -0.68154229 4.39861518 -0.37998765
v 0.68781834 4.3963594 -0.37765008
v -0.69684001 4.36426538 -0.38557941
v 0.7025961 4.36418567 -0.38110307
v -0.71105249 4.32726922 -0.38842786
v 0.71704415 4.32624905 -0.38396932
v -0.7263404 4.28729298 -0.38570308
v 0.72911152 4.29027613 -0.38710447
v -0.73896051 4.2484211 -0.38083564
v 0.73915398 4.25363356 -0.38908094
v -0.74715955 4.21080951 -0.38342884
v 0.74814399 4.21626671 -0.39021066
v -0.75326791 4.1742947 -0.38453116
v 0.7553298 4.17720627 -0.38893896
v -0.75742126 4.13705814 -0.38889861
v 0.76153496 4.13762285 -0.38603111
v -0.76157643 4.09697824 -0.38762078
v -0.09652456 4.09571543 -0.37134588
v -0.05779228 4.09509328 -0.38164807
v -0.02154532 4.09637303 -0.38485835
v 0.01652343 4.09680004 -0.38454139
v 0.05742758 4.09392854 -0.38284055
v 0.09345686 4.08409384 -0.38376986
v 0.76557792 4.09941894 -0.38409277
v -0.76506504 4.05963912 -0.38488885
v -0.16626649 4.06010283 -0.37865312
v -0.13095103 4.05776845 -0.39511417
v -0.09314267 4.06324821 -0.40283805
v 0.12605497 4.06121994 -0.39365611
v 0.76825091 4.06351607 -0.38292678
v -0.7675594 4.0193848 -0.3806775
v -0.20541384 4.02387101 -0.39062225
v -0.16409437 4.03098216 -0.40529228
v 0.1677795 4.03598406 -0.39859812
v 0.20477085 4.01835862 -0.39504619
v 0.77010981 4.02633036 -0.38005556
v -0.76839632 3.98150563 -0.37942293
v -0.27993629 3.98931724 -0.37764028
v -0.23730743 3.99383371 -0.39793128
v 0.23926901 3.99540878 -0.39430594
v 0.27639549 3.98303124 -0.3828927
v 0.77123041 3.98970502 -0.37751644
v -0.76636322 3.94592497 -0.38549224
v -0.3183861 3.95865218 -0.3781457
v -0.28006987 3.95360097 -0.40353197
v 0.28496429 3.95039451 -0.40218017
v 0.318116 3.94775178 -0.38434042
v 0.77005839 3.95179012 -0.37991718
v -0.76262853 3.90478778 -0.39531867
v -0.3539648 3.92049422 -0.38178403
v -0.31886406 3.92282916 -0.40065858
v 0.31887173 3.91503688 -0.40402006
v 0.34837773 3.91704189 -0.38541795
v 0.76514307 3.91161159 -0.39481178
v -0.76014145 3.86964603 -0.39862057
v -0.39181357 3.87477947 -0.38349829
v -0.35205896 3.88431452 -0.40252256
v 0.3467193 3.8797647 -0.40717878
v 0.38688168 3.88005638 -0.382803
v 0.76389232 3.87534671 -0.39212713
v -0.75882072 3.83666424 -0.39565742
v -0.3892915 3.843259 -0.39865304
v 0.38893514 3.84075301 -0.39828859
v 0.76335975 3.8434676 -0.38397282
v -0.75656697 3.80127201 -0.39192803
v -0.42764213 3.81277788 -0.38584198
v -0.38977906 3.80839212 -0.41213697
v 0.42347372 3.80125127 -0.39047354
v 0.75965211 3.80186768 -0.38469707
v -0.7540787 3.76516263 -0.385939
v -0.42753425 3.76734375 -0.39859644
v 0.42467936 3.76084551 -0.40016493
v 0.75501564 3.76232154 -0.38523937
v -0.74924919 3.72639429 -0.38388305
v -0.46488297 3.73017751 -0.38180407
v 0.42747366 3.72426683 -0.40736689
v 0.46172102 3.72473236 -0.38277078
v 0.7506897 3.73030317 -0.38701544
v -0.74362675 3.6893425 -0.38726894
v -0.46559618 3.68777472 -0.3879527
v -0.43546572 3.68700925 -0.41036352
v 0.45499461 3.69202263 -0.39359202
v 0.74609596 3.69721225 -0.38632632
v -0.73754277 3.65788101 -0.38755126
v -0.46007905 3.65256334 -0.39677025
v 0.45838543 3.65616585 -0.39536067
v 0.7401532 3.66215386 -0.38719353
v -0.73219743 3.62622241 -0.38520133
v -0.46393614 3.61568514 -0.39801863
v 0.46507819 3.61842032 -0.39458346
v 0.7338686 3.626446 -0.38950998
v -0.72443737 3.58496768 -0.38775615
v -0.50190246 3.57916613 -0.37138822
v -0.4675514 3.57814821 -0.39726864
v 0.46526262 3.5854531 -0.39715281
v 0.72531618 3.58219999 -0.39004149
v -0.71635188 3.54367247 -0.38882653
v -0.46865376 3.54030644 -0.39615734
v 0.46017758 3.54823125 -0.40064019
v 0.71890305 3.5431593 -0.38824823
v -0.71027343 3.50641923 -0.38967704
v -0.46291329 3.50506691 -0.39936937
v 0.46141429 3.51460062 -0.3983283
v 0.71291349 3.509436 -0.38894722
v -0.70461681 3.47039643 -0.38838944
v -0.49874426 3.47377773 -0.37329083
v -0.46006596 3.47232972 -0.39978209
v 0.46653761 3.47687772 -0.3926328
v 0.70797611 3.47431099 -0.38570938
v -0.69831827 3.43695311 -0.38664706
v -0.46569866 3.43937119 -0.39214696
v 0.46064157 3.43943297 -0.39354492
v 0.70142464 3.43607731 -0.38386659
v -0.69141286 3.40290185 -0.38853248
v -0.46494229 3.40199873 -0.38738483
v -0.42857546 3.40711173 -0.41214103
v 0.45392107 3.3983016 -0.3928269
v 0.69578875 3.40447447 -0.38381294
v -0.68285279 3.35998358 -0.38679346
v -0.4531956 3.3581658 -0.38854158
v 0.4214314 3.36043958 -0.40982514
v 0.45400993 3.35990471 -0.38729051
v 0.68641236 3.36365067 -0.38729689
v -0.6723897 3.32255242 -0.38691751
v -0.46004498 3.31703162 -0.37939509
v -0.42087512 3.32272768 -0.40339289
v 0.42942853 3.31822291 -0.39801722
v 0.46203465 3.32479252 -0.37803632
v 0.67482887 3.32301494 -0.38759385
v -0.6647357 3.28502418 -0.37923675
v -0.42932181 3.28223913 -0.39149994
v -0.39452683 3.28723339 -0.41016329
v 0.43332015 3.27987953 -0.38960237
v 0.66566452 3.28448973 -0.38145621
v -0.6489922 3.25400308 -0.38526907
v -0.45874162 3.24661307 -0.37264763
v -0.42304657 3.246845 -0.38893871
v -0.38869859 3.24903025 -0.40443014
v 0.39257288 3.24415478 -0.40440836
v 0.42923443 3.24088451 -0.38701211
v 0.6521773 3.25558284 -0.38681791
v -0.62916022 3.21649935 -0.38409333
v -0.42059774 3.21216409 -0.38439089
v -0.38946756 3.2108332 -0.39578294
v -0.35094294 3.21170963 -0.40935709
v 0.39220604 3.20588405 -0.39612733
v 0.42602906 3.20693398 -0.38408276
v 0.45979754 3.20854582 -0.37153255
v 0.62989543 3.21257793 -0.38543301
v -0.60307411 3.1853343 -0.38532637
v -0.45679166 3.17344954 -0.37172483
v -0.42115846 3.17947972 -0.38150511
v -0.38884429 3.17876805 -0.39061623
v -0.34445448 3.17537982 -0.4030325
v 0.35148283 3.17154609 -0.40350139
v 0.38453428 3.17483282 -0.39379547
v 0.42192141 3.17724621 -0.38358087
v 0.46325095 3.17117708 -0.37296508
v 0.59829314 3.17916395 -0.38817629
v -0.56808395 3.15280242 -0.38569639
v -0.53428023 3.13396559 -0.38916598
v -0.46410681 3.13885303 -0.375511
v -0.42504042 3.14624927 -0.37942003
v -0.38760894 3.14371379 -0.38599636
v -0.34310125 3.13747914 -0.39584564
v -0.3084562 3.1393739 -0.40423401
v 0.3183509 3.13705521 -0.4041087
v 0.35530094 3.13621143 -0.39625359
v 0.38545872 3.14226557 -0.38996129
v 0.42258867 3.14407348 -0.38366549
v 0.46283312 3.1345523 -0.37972175
v 0.49929455 3.14033116 -0.37368453
v 0.52623739 3.13707497 -0.39118178
v 0.56507635 3.15629033 -0.38128919
v -0.48993518 3.10864229 -0.39379992
v -0.46164527 3.10454813 -0.38883851
v -0.42127677 3.10591446 -0.38510586
v -0.38097079 3.09901913 -0.38715697
v -0.3438905 3.09625852 -0.39209943
v -0.31232845 3.10627009 -0.39822274
v -0.28202438 3.10890329 -0.40429145
v 0.31341481 3.10553418 -0.4007363
v 0.35721006 3.09750682 -0.39429235
v 0.39193034 3.10095565 -0.3905901
v 0.42611203 3.10341947 -0.39023135
v 0.45735749 3.10015207 -0.39648831
v 0.49600354 3.11673984 -0.39456245
v -0.45523655 3.08698959 -0.40126914
v -0.41831323 3.07441732 -0.39826393
v -0.38097766 3.06237993 -0.39663244
v -0.34960186 3.06126233 -0.3938714
v -0.31675863 3.07279994 -0.39575461
v -0.28076431 3.07523385 -0.40010858
v -0.23304957 3.07558248 -0.40479053
v -0.19497537 3.07293933 -0.40640917
v -0.1619642 3.06872728 -0.40600816
v -0.13355569 3.06397146 -0.40430269
v -0.09819302 3.06029863 -0.40244253
v -0.05206104 3.05585094 -0.40115581
v -0.02078954 3.05291857 -0.40085969
v 0.01408653 3.05089016 -0.40045044
v 0.05896263 3.0530525 -0.40056822
v 0.08895908 3.05684455 -0.40140122
v 0.12081057 3.05851019 -0.40285381
v 0.17203983 3.0656633 -0.40601842
v 0.20607683 3.07034186 -0.40678876
v 0.2352082 3.07365647 -0.40674029
v 0.26722615 3.0757466 -0.40346567
v 0.30858614 3.07403304 -0.3993327
v 0.3527781 3.06278298 -0.39782992
v 0.39250444 3.06791544 -0.39772212
v 0.42385757 3.07576327 -0.40122155
v -0.35411105 3.03855633 -0.40304094
v -0.31959917 3.0384921 -0.4023597
v -0.28222578 3.03341742 -0.40293107
v -0.2297333 3.03251774 -0.40523095
v -0.19309253 3.02941873 -0.40555884
v -0.16430912 3.02460596 -0.40541388
v -0.135417 3.02080915 -0.40372729
v -0.09793103 3.02206782 -0.39977785
v -0.05189112 3.0246019 -0.39869829
v -0.01955728 3.02640735 -0.39827633
v 0.01735986 3.02503402 -0.39813406
v 0.06074377 3.02464323 -0.39867619
v 0.08952872 3.0255214 -0.39920781
v 0.12237107 3.02008346 -0.40089184
v 0.17368939 3.02438777 -0.40582439
v 0.20915055 3.02931058 -0.40693211
v 0.23837258 3.03374552 -0.40748772
v 0.2695075 3.03750171 -0.4047256
v 0.30329768 3.04070845 -0.40396356
v 0.33920703 3.03622658 -0.40531918
v 0.37940945 3.04834718 -0.40507653
v -0.10184712 2.99108608 -0.40740899
v -0.05390609 2.99164778 -0.40170224
v -0.02138547 2.99815225 -0.39799957
v 0.01460687 2.99672337 -0.39798802
v 0.06011136 2.99146461 -0.40150639
v 0.09129189 2.99166284 -0.40343296
v 0.12407474 2.99013484 -0.40866951
v -0.02308567 2.97121312 -0.40498092
v 0.01102859 2.96956842 -0.40489459
v -0.134232 4.79543051 -0.43322965
v -0.08952608 4.79971205 -0.42963877
v -0.05267243 4.79860307 -0.42766934
v -0.02063416 4.79585752 -0.42600671
v 0.0143703 4.79581241 -0.42565963
v 0.05174666 4.79867536 -0.42752627
v 0.08869501 4.80027158 -0.42934913
v 0.1253266 4.79964508 -0.42699672
v 0.16332037 4.79384942 -0.42692079
v -0.27587816 4.73979883 -0.42415313
v -0.23997157 4.75788406 -0.42584795
v -0.20358096 4.77318479 -0.42686993
v -0.16665723 4.78322193 -0.42605392
v 0.20167939 4.77935955 -0.42589817
v 0.23947388 4.76131859 -0.42393179
v 0.275053 4.74356286 -0.42140979
v -0.34318327 4.7047368 -0.42092247
v -0.31000052 4.72211231 -0.42178997
v 0.31070621 4.72606967 -0.42148663
v -0.39605879 4.67038153 -0.4216981
v -0.37341755 4.68623213 -0.41945759
v 0.34528299 4.70655885 -0.42191997
v 0.37870982 4.68529266 -0.42092356
v 0.41137016 4.66311208 -0.42017532
v -0.42448572 4.64357689 -0.43284026
v 0.43439687 4.64493846 -0.4234741
v -0.49386298 4.59671758 -0.4160371
v -0.45473281 4.62304325 -0.42569097
v 0.45709405 4.62478055 -0.42670434
v 0.48992313 4.59771365 -0.42583884
v -0.52979587 4.55976919 -0.42152922
v 0.52518914 4.56901844 -0.42137816
v -0.56319283 4.52674355 -0.42065185
v 0.56035646 4.5373335 -0.41772754
v -0.59706228 4.49337931 -0.41492364
v 0.59403808 4.50348047 -0.41451705
v -0.62728759 4.45340042 -0.41710552
v 0.6178242 4.46354024 -0.42799555
v -0.64551466 4.42865318 -0.41596089
v 0.6377125 4.43332586 -0.43217152
v 0.66045416 4.41787341 -0.41083826
v -0.66498128 4.3972623 -0.4169945
v 0.67223798 4.39467113 -0.41458475
v -0.68237381 4.36333642 -0.42062124
v 0.68895912 4.36305483 -0.41669736
v -0.69814134 4.32629024 -0.42480054
v 0.70429361 4.32655642 -0.42030771
v -0.71259905 4.28751713 -0.42731792
v 0.717671 4.28880935 -0.42396397
v -0.72393023 4.24804159 -0.42650544
v 0.72824623 4.24984501 -0.42536964
v -0.73299596 4.20782047 -0.42853393
v 0.7375974 4.21069575 -0.42615542
v -0.74036488 4.16657079 -0.42771564
v 0.7446357 4.17085429 -0.42553207
v -0.74604385 4.12727989 -0.42822702
v 0.75080436 4.13069523 -0.42420581
v -0.75008891 4.09136861 -0.42630791
v 0.75480438 4.09215566 -0.42257036
v -0.75370486 4.05399728 -0.42366915
v -0.05583834 4.06126154 -0.41287957
v -0.0226093 4.05602107 -0.42038182
v 0.01616241 4.05532172 -0.42086794
v 0.06016326 4.05690996 -0.41578962
v 0.09524899 4.05607598 -0.40895145
v 0.75725777 4.05583866 -0.42276369
v -0.75646561 4.01484423 -0.42018548
v -0.12581427 4.02441794 -0.4251789
v -0.089277 4.02642716 -0.43321613
v -0.05699483 4.0237015 -0.44139339
v 0.06000955 4.02154378 -0.4419643
v 0.09838573 4.02393322 -0.43362836
v 0.13252249 4.02033646 -0.42610183
v 0.75856624 4.01901958 -0.42267368
v -0.75826981 3.97655654 -0.41656791
v -0.20382571 3.99196164 -0.41707113
v -0.16231153 3.99224743 -0.43583728
v 0.16328973 3.99247887 -0.43531981
v 0.20475757 3.97811368 -0.42646993
v 0.76053133 3.98075571 -0.41796107
v -0.75771434 3.94390818 -0.4180038
v -0.24115377 3.95006921 -0.42702113
v -0.20842869 3.95549097 -0.43994815
v 0.23963605 3.95539669 -0.42388888
v 0.76040749 3.94461761 -0.4172737
v -0.75379914 3.9095015 -0.4278605
v -0.28066904 3.91296139 -0.42867532
v 0.2466343 3.91536834 -0.44514621
v 0.28512405 3.91748907 -0.42270947
v 0.75507112 3.90936645 -0.43206281
v -0.75132943 3.87544898 -0.43168253
v -0.31981449 3.88805851 -0.42002269
v -0.28281384 3.87874538 -0.44669172
v 0.27787313 3.88413898 -0.44588874
v 0.31217757 3.88038195 -0.42759026
v 0.7542763 3.8752691 -0.42964102
v -0.75057825 3.84169234 -0.42746985
v -0.35092091 3.84483968 -0.42171414
v -0.32000242 3.84836625 -0.4394865
v 0.34670382 3.8384856 -0.42577815
v 0.75415113 3.84226756 -0.42291684
v -0.74855551 3.80585657 -0.42525332
v -0.34871066 3.80755618 -0.43915802
v 0.35340491 3.79973518 -0.43772343
v 0.38616108 3.79909439 -0.41612592
v 0.751641 3.80289289 -0.4210404
v -0.74599096 3.76941811 -0.42210714
v -0.38821863 3.76240812 -0.42688692
v 0.35419371 3.76732259 -0.44757956
v 0.38641738 3.76139888 -0.42679001
v 0.74709623 3.76248685 -0.42186331
v -0.74081248 3.72918159 -0.42205383
v -0.43058083 3.72413262 -0.40727576
v -0.39097763 3.72293818 -0.43568724
v 0.38969837 3.72848168 -0.43348728
v 0.74313215 3.72822138 -0.4216629
v -0.73578887 3.69140538 -0.42152999
v -0.40857477 3.69306044 -0.42892086
v 0.39425165 3.69475193 -0.43830208
v 0.42361801 3.69417054 -0.41702182
v 0.73787864 3.69120519 -0.42114862
v -0.7281011 3.65741198 -0.4260037
v -0.42296055 3.65930912 -0.4232309
v 0.39361664 3.65530665 -0.4440959
v 0.42357136 3.65857139 -0.42136625
v 0.73006976 3.65249624 -0.42441427
v -0.72240966 3.6237576 -0.42441091
v -0.42734541 3.61845562 -0.42508805
v 0.42165173 3.6193836 -0.42714129
v 0.72264277 3.61598129 -0.42660417
v -0.7153673 3.58428879 -0.42351648
v -0.42359293 3.58209702 -0.42920932
v 0.41871047 3.58373304 -0.43255804
v 0.71648588 3.58059228 -0.42506104
v -0.70638808 3.54274645 -0.42351581
v -0.42023696 3.54189244 -0.43074845
v 0.39028214 3.54790819 -0.45254108
v 0.4179223 3.54869524 -0.43228255
v 0.71123664 3.54767788 -0.42182215
v -0.69906812 3.50459199 -0.42192183
v -0.42003673 3.50325256 -0.42964529
v 0.42103679 3.5117507 -0.42796129
v 0.70285597 3.51389364 -0.42431025
v -0.69043206 3.46950018 -0.42270632
v -0.42329884 3.47023554 -0.42504553
v -0.39156319 3.46498882 -0.44595672
v 0.39641182 3.46640419 -0.44292965
v 0.42890517 3.47058248 -0.41971056
v 0.69629567 3.47845615 -0.42185847
v -0.67867689 3.43312022 -0.4254642
v -0.4289679 3.4403695 -0.4171133
v -0.39294311 3.43174058 -0.43971283
v 0.39284021 3.43167516 -0.44056764
v 0.42107633 3.43551862 -0.42141774
v 0.68485655 3.43588742 -0.42284788
v -0.67122623 3.40027545 -0.42386591
v -0.38935997 3.39830377 -0.43612013
v 0.3903884 3.39799514 -0.43678606
v 0.41765991 3.39856574 -0.41837326
v 0.67347711 3.39869309 -0.4237912
v -0.66351534 3.36379496 -0.41864242
v -0.4167984 3.36333833 -0.41249897
v -0.38201578 3.35765985 -0.43267712
v 0.35439446 3.35430349 -0.44853787
v 0.38709165 3.36264396 -0.43211374
v 0.66395923 3.36036506 -0.42151209
v -0.64597087 3.32532263 -0.42150607
v -0.38680334 3.32330627 -0.422525
v -0.34989687 3.32746459 -0.442329
v 0.35324486 3.31948662 -0.44032482
v 0.38965116 3.3214985 -0.4223184
v 0.65031174 3.32421407 -0.42263508
v -0.63518809 3.29383599 -0.41828364
v -0.35508183 3.29135137 -0.43007723
v -0.3182584 3.28775194 -0.44458219
v 0.34771908 3.28938999 -0.43487382
v 0.39127008 3.28302526 -0.41299935
v 0.63833298 3.29106144 -0.42023724
v -0.62225263 3.25713452 -0.41336825
v -0.59827325 3.2566603 -0.43117711
v -0.3510996 3.25165308 -0.4206419
v -0.31346643 3.25245203 -0.43467671
v 0.28088104 3.24795433 -0.44579589
v 0.31421853 3.25445509 -0.43763762
v 0.34716729 3.25245469 -0.4250884
v 0.60172389 3.25424579 -0.4326367
v 0.62893873 3.2587575 -0.4142384
v -0.59566233 3.21977116 -0.41431661
v -0.56451976 3.21486341 -0.4324274
v -0.30944218 3.2167815 -0.42449801
v -0.27418139 3.21761155 -0.43557846
v -0.24151842 3.21130616 -0.4408665
v -0.19753887 3.20425931 -0.44556852
v 0.27693125 3.21281321 -0.43487988
v 0.31696825 3.21254234 -0.42354436
v 0.35048578 3.2084535 -0.41169613
v 0.60010098 3.2212135 -0.41699219
v -0.56486376 3.1887759 -0.41820371
v -0.30583127 3.1782221 -0.41503928
v -0.27644672 3.18158519 -0.42406239
v -0.24606399 3.18279419 -0.43074299
v -0.20355407 3.17765003 -0.43512035
v -0.16115905 3.17357632 -0.43649505
v -0.13193282 3.1710856 -0.43561943
v -0.1001893 3.17239687 -0.43590134
v -0.05169441 3.17647752 -0.43717195
v -0.02108315 3.18182026 -0.43916121
v 0.00932322 3.1800747 -0.43842978
v 0.05707719 3.17968111 -0.4384855
v 0.08783563 3.17649006 -0.43753041
v 0.11881672 3.1802613 -0.43936469
v 0.16850786 3.18781808 -0.44220435
v 0.20169877 3.18716273 -0.44014726
v 0.23199299 3.18325776 -0.43557975
v 0.27424958 3.17806478 -0.42509628
v 0.31955216 3.17355209 -0.41269545
v 0.52977349 3.17551571 -0.43706646
v 0.56258983 3.1825982 -0.42148432
v -0.53225154 3.14975146 -0.41312585
v -0.49153803 3.14004691 -0.43131009
v -0.27981948 3.14065015 -0.41121305
v -0.24961346 3.14464842 -0.41811899
v -0.2096547 3.14605615 -0.42362393
v -0.16376755 3.14405064 -0.42529377
v -0.13252703 3.14074689 -0.42397322
v -0.10064933 3.13754701 -0.42236638
v -0.05216679 3.13670316 -0.42190666
v -0.02137604 3.13970312 -0.42316954
v 0.00936283 3.13634928 -0.42191213
v 0.05732835 3.1357445 -0.42166304
v 0.08836514 3.13358706 -0.42099175
v 0.11957466 3.13660327 -0.42253912
v 0.16969099 3.14257216 -0.42520545
v 0.20310962 3.14317282 -0.42438065
v 0.23168091 3.14190819 -0.42204371
v 0.26912198 3.13881822 -0.41469248
v 0.49759206 3.13888371 -0.43289266
v 0.53198434 3.1448849 -0.41430046
v -0.49042032 3.11384151 -0.41400967
v -0.45314229 3.09532165 -0.42052275
v -0.42978251 3.09669197 -0.43278065
v -0.24632692 3.1105068 -0.41016042
v -0.20704546 3.1109233 -0.41434589
v -0.16419673 3.10856083 -0.4153416
v -0.13343697 3.10481417 -0.41391412
v -0.10036399 3.09976919 -0.41188312
v -0.05261464 3.0940026 -0.41001455
v -0.02173703 3.09226137 -0.40987901
v 0.01033506 3.0892797 -0.40893002
v 0.05758468 3.09094148 -0.40919287
v 0.08871017 3.09337302 -0.40991123
v 0.12018588 3.09721816 -0.41154892
v 0.17075521 3.10364656 -0.41428523
v 0.20464688 3.10613658 -0.41437888
v 0.23302168 3.10743854 -0.41341441
v 0.2663189 3.10734867 -0.40867708
v 0.45959913 3.10103172 -0.42210546
v 0.49089657 3.11799578 -0.42033356
v -0.41878675 3.07073734 -0.41711883
v -0.3854368 3.06801505 -0.42946128
v 0.38187345 3.07079723 -0.43791262
v 0.42035215 3.07691 -0.42409531
v -0.38056848 3.04786239 -0.41252874
v -0.34973096 3.03719287 -0.41872892
v -0.30556989 3.02986479 -0.42568246
v -0.26841924 3.0291113 -0.43730753
v -0.23126554 3.02826885 -0.44184323
v 0.21137601 3.02437586 -0.44162479
v 0.24458741 3.02287203 -0.43414779
v 0.27705719 3.02569008 -0.43001156
v 0.30450129 3.02918415 -0.42370154
v 0.34072393 3.03549291 -0.42242277
v 0.37823056 3.0477679 -0.41980484
v -0.27566172 3.01344542 -0.41883848
v -0.23086921 3.00865926 -0.41902225
v -0.1973215 3.00693562 -0.42118007
v -0.16830063 3.00268897 -0.42266688
v -0.13599731 2.99651344 -0.4206674
v -0.0999551 2.9859354 -0.42434695
v -0.05628807 2.98370861 -0.43099586
v -0.02320831 2.98167803 -0.4318803
v 0.0099734 2.98012888 -0.43169493
v 0.06050197 2.98434954 -0.43250754
v 0.09385925 2.98894251 -0.43255804
v 0.12142353 2.98848083 -0.42569269
v 0.16725956 2.9995183 -0.42127215
v 0.21221647 3.00472418 -0.42127232
v 0.2432356 3.00762411 -0.41970159
v 0.27493173 3.01320165 -0.41743887
v -0.05187057 2.96918821 -0.41451379
v -0.0231972 2.96238779 -0.41530672
v 0.00995642 2.96061056 -0.41513315
v 0.05390451 2.96675702 -0.41394893
v 0.09299525 2.97438133 -0.41786556
v -0.05727964 4.86565265 -0.47992862
v -0.02400433 4.86379893 -0.47652008
v 0.01360784 4.86390596 -0.47657807
v 0.05474825 4.86562743 -0.47976839
v -0.16324856 4.82697284 -0.4793473
v -0.12685387 4.82758533 -0.46694903
v -0.08860393 4.82929055 -0.46206204
v -0.05380082 4.82850462 -0.45741385
v -0.02277926 4.82693193 -0.45468038
v 0.01290888 4.82691568 -0.45456701
v 0.05175642 4.82844746 -0.45727736
v 0.08876203 4.82910114 -0.46301643
v 0.1264448 4.82705101 -0.46494744
v 0.17026285 4.81961457 -0.47117691
v -0.20915346 4.78740372 -0.46431902
v -0.16671677 4.79520188 -0.45157678
v 0.20939931 4.79429071 -0.4672994
v -0.24679483 4.7638795 -0.46418453
v 0.24609639 4.76745749 -0.46238195
v -0.28272136 4.73819168 -0.46249017
v 0.275746 4.7460739 -0.45539296
v 0.31049932 4.72798279 -0.45819024
v -0.37658415 4.67479532 -0.45120179
v -0.34422756 4.69983843 -0.45718535
v -0.31168501 4.71822472 -0.45641852
v 0.34376018 4.70477967 -0.45995885
v 0.3756451 4.67758556 -0.45741959
v -0.40334887 4.64799418 -0.4629799
v 0.41313744 4.64850482 -0.45276292
v -0.45586883 4.5992848 -0.46265275
v -0.42522951 4.62625405 -0.46423118
v 0.44675988 4.61334948 -0.46183418
v -0.49168369 4.56817382 -0.45921881
v 0.48236029 4.57619431 -0.46797322
v 0.51983593 4.54657252 -0.45900009
v -0.52699726 4.53274236 -0.46052315
v 0.55281834 4.51692538 -0.45432209
v -0.55973823 4.50074094 -0.45773505
v 0.57502568 4.49287133 -0.45451423
v -0.5899538 4.46961567 -0.4533897
v 0.59844017 4.46073753 -0.45987981
v -0.62313424 4.43318787 -0.44633438
v 0.62156197 4.42954978 -0.46119224
v -0.64574462 4.39502024 -0.45236274
v 0.6466317 4.40122974 -0.45222937
v -0.66539953 4.35967242 -0.45583293
v 0.67054726 4.36039768 -0.45422171
v -0.68247713 4.32242408 -0.45993756
v 0.68928995 4.32259626 -0.45624288
v -0.69748906 4.28335579 -0.46368678
v 0.70422076 4.28400331 -0.45976651
v -0.70953598 4.24264435 -0.46572465
v 0.71586463 4.24402525 -0.46188143
v -0.71949081 4.2007515 -0.46719108
v 0.72528557 4.20355239 -0.46267621
v -0.72683633 4.16027219 -0.46615789
v 0.73265231 4.16196059 -0.46204492
v -0.73270443 4.1245859 -0.4653043
v 0.73894643 4.12243938 -0.46094172
v -0.7363271 4.09697487 -0.46382838
v 0.74280909 4.08931218 -0.45901953
v -0.73983715 4.06432413 -0.46174274
v 0.74554757 4.06067693 -0.45778362
v -0.74344918 4.02550829 -0.45858524
v -0.02736223 4.01448419 -0.45110659
v 0.01055573 4.01410608 -0.45134051
v 0.74793357 4.02990386 -0.45620757
v -0.74641348 3.98355043 -0.45349557
v -0.12844023 3.98327697 -0.45432853
v -0.09658462 3.98007289 -0.46409813
v -0.06310533 3.98084859 -0.46935615
v -0.03017209 3.9790086 -0.47425869
v 0.00672492 3.97911423 -0.4746651
v 0.0545819 3.98241385 -0.46884267
v 0.09777351 3.98708387 -0.4591406
v 0.13589797 3.9919496 -0.44630979
v 0.75063674 3.99065877 -0.45088675
v -0.74669605 3.94639596 -0.45316733
v -0.16898092 3.95253093 -0.45927709
v -0.13595063 3.94365181 -0.47665737
v 0.13074768 3.95348553 -0.47118223
v 0.16717925 3.94908772 -0.46214277
v 0.20483382 3.94642482 -0.44738028
v 0.75032062 3.9512841 -0.4519102
v -0.74099642 3.91166945 -0.46532549
v -0.24103005 3.91029331 -0.45221288
v -0.20961052 3.91841761 -0.46271561
v -0.17306684 3.91613591 -0.47895164
v 0.16647073 3.91476818 -0.48193973
v 0.20402751 3.91461491 -0.4667164
v 0.74287865 3.91417614 -0.47029453
v -0.73874946 3.8751178 -0.46766834
v -0.24125213 3.87937972 -0.4688991
v -0.2052645 3.88340041 -0.48365917
v 0.24130726 3.88078878 -0.46735397
v 0.74158278 3.87607842 -0.46923809
v -0.73923881 3.8425909 -0.4613607
v -0.28010069 3.84107424 -0.46709529
v 0.24260675 3.84625098 -0.48395533
v 0.28007789 3.84460068 -0.46442293
v 0.31179806 3.83964123 -0.44735867
v 0.74221369 3.83845954 -0.46070762
v -0.73818306 3.80921082 -0.45730489
v -0.31578337 3.81242009 -0.45813484
v -0.27688465 3.80553057 -0.48411994
v 0.2846843 3.80465246 -0.47928881
v 0.31957157 3.80373121 -0.45835125
v 0.74009422 3.79877148 -0.45612324
v -0.73317675 3.77133627 -0.45819907
v -0.34682602 3.76240531 -0.45523651
v -0.31014005 3.76791239 -0.47724793
v 0.31920704 3.77114056 -0.46964614
v 0.73536536 3.75955609 -0.4560375
v -0.72696305 3.72827854 -0.45965646
v -0.34608384 3.72956544 -0.46554711
v 0.31752193 3.73626093 -0.48125313
v 0.35028657 3.73394616 -0.46033683
v 0.73202876 3.72866744 -0.45422094
v -0.7221743 3.69044938 -0.45680458
v -0.38241463 3.69246154 -0.44756815
v -0.34705059 3.69535349 -0.47174425
v 0.35280552 3.69771407 -0.46719023
v 0.72577751 3.6942773 -0.45618495
v -0.71306073 3.65654004 -0.46236009
v -0.38883735 3.65381928 -0.44863527
v -0.35478273 3.65605853 -0.4726896
v 0.35689755 3.65784809 -0.47028192
v 0.71646899 3.6537023 -0.46101635
v -0.70739528 3.62295234 -0.45967173
v -0.39371124 3.61380116 -0.45008675
v -0.36078455 3.61533826 -0.47295252
v 0.35107831 3.62250797 -0.47823566
v 0.38373319 3.62071281 -0.45540463
v 0.70751772 3.61745816 -0.46301167
v -0.69981874 3.58635685 -0.45746029
v -0.38308764 3.58076151 -0.4581478
v -0.35220242 3.58142359 -0.47889497
v 0.35421423 3.58252585 -0.47813514
v 0.38418548 3.58595254 -0.45778902
v 0.70305238 3.58695252 -0.45884385
v -0.68982111 3.54581267 -0.45772317
v -0.38127795 3.54306698 -0.45860548
v -0.35335889 3.54420034 -0.47760342
v 0.35577624 3.53796982 -0.47643245
v 0.69634975 3.55228611 -0.45565354
v -0.68094437 3.50869631 -0.45625646
v -0.38823313 3.50195151 -0.45227077
v -0.35811216 3.50496744 -0.47254163
v 0.35470137 3.49898993 -0.47513497
v 0.39093851 3.50770998 -0.45036259
v 0.68174388 3.51235051 -0.4617552
v -0.66856354 3.47431352 -0.45903543
v -0.35441166 3.46859616 -0.46998475
v 0.35408149 3.46202585 -0.46991243
v 0.67353104 3.47656601 -0.45891898
v -0.65378543 3.43487377 -0.46158135
v -0.35305552 3.43095297 -0.46458138
v -0.317484 3.42592306 -0.48327794
v 0.35522837 3.42882089 -0.46375875
v 0.66171836 3.43748042 -0.45847204
v -0.64177494 3.40081943 -0.46042929
v -0.35065467 3.39728473 -0.45940563
v -0.31565616 3.39335378 -0.47650586
v 0.31737315 3.39853408 -0.47830031
v 0.35877914 3.39318559 -0.4553557
v 0.64626346 3.39759076 -0.45998526
v -0.63192104 3.36600074 -0.45418683
v -0.34854311 3.3607307 -0.45179424
v -0.31589285 3.36009657 -0.46730038
v -0.28126304 3.35526768 -0.47928552
v 0.27777492 3.35617192 -0.48277651
v 0.31281899 3.3594223 -0.46968989
v 0.63596904 3.36208666 -0.45522377
v -0.60766834 3.32521504 -0.4571905
v -0.31434314 3.32534008 -0.45795706
v -0.27431367 3.32145794 -0.47152378
v -0.24009135 3.32020208 -0.48123429
v 0.27890443 3.32485528 -0.47319229
v 0.31200323 3.32419019 -0.46006645
v 0.62324337 3.32838164 -0.45209163
v -0.59828656 3.2950209 -0.45051046
v -0.27425091 3.28469735 -0.45893246
v -0.24215528 3.2858576 -0.46829771
v -0.20850598 3.28989033 -0.47665485
v -0.16032209 3.28549042 -0.48044987
v -0.12898321 3.28036587 -0.47977017
v -0.09803636 3.28148893 -0.48059574
v 0.11663795 3.2825556 -0.48079972
v 0.20000811 3.28962794 -0.47833737
v 0.23883794 3.28943846 -0.47134495
v 0.28237741 3.28985111 -0.46034555
v 0.31199909 3.29186859 -0.45048931
v 0.60482136 3.29181914 -0.44907983
v -0.56635246 3.25481723 -0.45208742
v -0.5338652 3.25131055 -0.47103114
v -0.27424007 3.25006463 -0.44669733
v -0.24329109 3.24600262 -0.45325188
v -0.20445478 3.24557211 -0.46039525
v -0.16018881 3.24701353 -0.46561828
v -0.13025778 3.24677614 -0.4663308
v -0.09884892 3.24727502 -0.46657067
v -0.05093212 3.24978829 -0.467146
v -0.02073927 3.24942503 -0.46667385
v 0.00930539 3.24485721 -0.46464897
v 0.05641924 3.24776359 -0.46620849
v 0.08683214 3.25081763 -0.46779814
v 0.1177408 3.24436184 -0.46532363
v 0.16664049 3.24716469 -0.46553577
v 0.19960184 3.24304924 -0.46112786
v 0.2348507 3.241548 -0.45492428
v 0.55898214 3.25311474 -0.46174463
v -0.53145132 3.21604552 -0.4524787
v -0.49140459 3.21023304 -0.4713356
v -0.15767867 3.20649542 -0.44997005
v -0.1307539 3.21024544 -0.45164732
v -0.09953865 3.21363857 -0.45285328
v -0.05130482 3.21407749 -0.45252893
v -0.02092012 3.21328498 -0.45191413
v 0.00933137 3.20963778 -0.45031153
v 0.05678165 3.21196221 -0.4515985
v 0.08734316 3.21398096 -0.45280547
v 0.11830138 3.21453797 -0.45329436
v 0.1676976 3.21822285 -0.45422658
v 0.20018846 3.21456361 -0.45055438
v 0.23165198 3.21171236 -0.44522316
v 0.52733898 3.2178502 -0.46135751
v 0.56023465 3.21905214 -0.44256776
v -0.52626068 3.18653595 -0.43956464
v -0.48869879 3.17867713 -0.45482159
v -0.45973376 3.18042017 -0.46916265
v 0.49623077 3.17510551 -0.45465859
v -0.45978503 3.13674715 -0.44370616
v -0.43085776 3.13483417 -0.45503233
v -0.39564387 3.14015478 -0.47065205
v 0.4136498 3.14045864 -0.46982816
v 0.45237286 3.14398935 -0.45682854
v -0.39489829 3.10287311 -0.44852779
v -0.34579777 3.10485886 -0.46494986
v 0.31411472 3.10615998 -0.47797088
v 0.34703048 3.10223526 -0.46765689
v 0.38012368 3.10263761 -0.45894801
v 0.41550226 3.10608601 -0.44822273
v 0.45169807 3.11618549 -0.44020518
v -0.34115321 3.06592107 -0.44253403
v -0.29865698 3.07024842 -0.4562324
v -0.26436694 3.07046668 -0.4622898
v -0.23246489 3.06557336 -0.46340908
v -0.20141053 3.06201715 -0.46389471
v -0.17031297 3.06205337 -0.46606119
v -0.14104291 3.07394913 -0.47366199
v -0.10680659 3.07697487 -0.47587214
v -0.05512871 3.06852036 -0.47273682
v -0.02270305 3.06303732 -0.47071215
v 0.00955708 3.06172863 -0.47058845
v 0.06023518 3.06635606 -0.4721313
v 0.09346167 3.07321665 -0.47508923
v 0.12476711 3.07345299 -0.4746071
v 0.16925586 3.06522733 -0.46915056
v 0.21443441 3.06301623 -0.4653272
v 0.24736007 3.06971165 -0.46477411
v 0.2800678 3.07562212 -0.46409935
v 0.31314425 3.0746961 -0.45844528
v 0.34595394 3.07154989 -0.44930138
v -0.20023187 3.0305916 -0.44602512
v -0.17014716 3.03063958 -0.44882188
v -0.14152125 3.0356309 -0.45249895
v -0.10728611 3.03432915 -0.45351263
v -0.05580576 3.02734689 -0.45259785
v -0.02272681 3.02302676 -0.45146989
v 0.00960754 3.02101628 -0.4509548
v 0.06045501 3.0259082 -0.45230236
v 0.09313803 3.03279674 -0.45459874
v 0.1231696 3.03507417 -0.45431085
v 0.16778318 3.03199169 -0.44996252
v -0.12715263 4.8989411 -0.51757762
v -0.09143849 4.90095144 -0.51069308
v -0.05678574 4.90114001 -0.50502721
v -0.02319791 4.90071973 -0.50239919
v 0.01308558 4.90120389 -0.50280504
v 0.05433972 4.90146194 -0.50530431
v 0.09155571 4.90096349 -0.51064713
v 0.12731516 4.89892345 -0.51755479
v -0.20064986 4.86105982 -0.5155214
v -0.16380976 4.8630979 -0.50309721
v -0.12692268 4.86488213 -0.49281148
v -0.0912366 4.86680029 -0.48651841
v 0.09135175 4.86674117 -0.48643498
v 0.12698478 4.86526375 -0.49355576
v 0.16338399 4.8633369 -0.50322592
v 0.2004218 4.8613585 -0.5159759
v -0.23494241 4.82520066 -0.50666546
v -0.20033255 4.82492187 -0.49215398
v 0.20121732 4.82474675 -0.49124866
v 0.23502755 4.82525249 -0.50665625
v -0.30546731 4.79093743 -0.51916215
v -0.27068395 4.79057291 -0.50166286
v -0.23811308 4.79018962 -0.48432178
v 0.23835348 4.7921795 -0.4846332
v 0.27085501 4.79089092 -0.50128146
v 0.30613597 4.79000189 -0.51849586
v -0.30705905 4.75554198 -0.50210395
v -0.27489383 4.75934243 -0.48293569
v 0.27513085 4.76016002 -0.47943577
v 0.31443949 4.74780209 -0.49654752
v -0.34707892 4.71214298 -0.49902238
v -0.31102401 4.72752244 -0.48141547
v 0.34747619 4.71808378 -0.50245614
v -0.37159048 4.67706932 -0.49549066
v 0.37300658 4.67951773 -0.49664692
v -0.39535552 4.65057848 -0.50597515
v 0.40106422 4.65029437 -0.50307203
v -0.42334945 4.61549907 -0.50284959
v 0.43511209 4.60967959 -0.50067699
v -0.45441623 4.57971584 -0.50577625
v 0.46567491 4.57543318 -0.49965896
v -0.48832656 4.54528605 -0.49973938
v 0.48830772 4.55105902 -0.49744121
v 0.51557141 4.52274276 -0.49741495
v -0.52168345 4.50623415 -0.50356309
v 0.52633556 4.49463665 -0.51766795
v 0.55168411 4.48914695 -0.48940727
v -0.57462123 4.45650587 -0.49040481
v -0.5530475 4.47886044 -0.49385367
v 0.57812529 4.4562897 -0.49208502
v -0.59959636 4.42485595 -0.48957864
v 0.60209605 4.42411121 -0.49411417
v -0.62281819 4.39034938 -0.49124919
v 0.62626393 4.39165674 -0.49241368
v -0.64419869 4.35536468 -0.49258291
v 0.64953324 4.3555978 -0.49187337
v -0.6627222 4.31868485 -0.49489537
v 0.66965977 4.31899361 -0.49195599
v -0.67836966 4.27975847 -0.49795522
v 0.68586613 4.28049382 -0.49408069
v -0.69149187 4.23921766 -0.50033152
v 0.69885602 4.24010978 -0.49628159
v -0.70210297 4.19919268 -0.50172829
v 0.70951594 4.19877856 -0.49755416
v -0.70993574 4.1629816 -0.50171035
v 0.71819116 4.15712821 -0.49751406
v -0.71626117 4.13043256 -0.50121996
v 0.72432817 4.12198268 -0.49680081
v -0.72050915 4.10368381 -0.5003181
v 0.72811195 4.09412257 -0.49539361
v -0.72491117 4.06706604 -0.49796173
v 0.73160602 4.06492541 -0.49315379
v -0.72968541 4.02359769 -0.49428904
v 0.73535941 4.02971081 -0.49023011
v -0.73291891 3.98050872 -0.48898535
v 0.73715359 3.98757952 -0.48736765
v -0.73184481 3.94429372 -0.49147061
v -0.10365397 3.94282792 -0.4856071
v -0.06727519 3.94566327 -0.49013408
v -0.03163426 3.94913647 -0.49199039
v 0.00384571 3.95033749 -0.49240804
v 0.04338754 3.94852804 -0.49141642
v 0.08600308 3.94934044 -0.48446618
v 0.73525203 3.94929477 -0.49132526
v -0.72318409 3.91342944 -0.50849242
v -0.13402862 3.911439 -0.49395765
v -0.09883978 3.9109439 -0.5023704
v -0.06562876 3.90739464 -0.50899035
v -0.03276304 3.91098481 -0.51046746
v 0.00419005 3.91536764 -0.50942096
v 0.04146752 3.91373933 -0.50908218
v 0.08074843 3.90979766 -0.50626612
v 0.12531287 3.91079372 -0.49586737
v 0.72863415 3.91654722 -0.50614298
v -0.72190518 3.87516459 -0.50687465
v -0.16813083 3.87442294 -0.50183672
v -0.12088371 3.87185082 -0.51598651
v 0.12834494 3.86738912 -0.51638928
v 0.16827398 3.87379994 -0.50230792
v 0.20088176 3.87831165 -0.48778688
v 0.72763865 3.88133403 -0.50432029
v -0.72400518 3.83677926 -0.49656808
v -0.23827623 3.84398791 -0.48837818
v -0.20348342 3.84959935 -0.50153306
v -0.16985554 3.83712711 -0.51763198
v 0.16947384 3.83846346 -0.5173602
v 0.20257317 3.84585942 -0.50268603
v 0.72795323 3.84259034 -0.49696125
v -0.72207855 3.80306731 -0.49255773
v -0.23966333 3.80580781 -0.50345459
v -0.20434945 3.80976363 -0.51689158
v 0.20572422 3.80902534 -0.51608769
v 0.24629128 3.80487185 -0.49950644
v 0.72386635 3.80126332 -0.49536223
v -0.71195021 3.76659607 -0.50075786
v -0.27019947 3.76351261 -0.50256408
v 0.24451654 3.76082506 -0.51656317
v 0.28109318 3.76399173 -0.49610353
v 0.71681292 3.76024115 -0.49782577
v -0.70631012 3.72670305 -0.49971353
v -0.30644001 3.73001514 -0.49078579
v -0.26908191 3.7250634 -0.51332123
v 0.28173652 3.72996317 -0.50513018
v 0.711595 3.72639541 -0.49634726
v -0.70170545 3.68911233 -0.49410503
v -0.31241132 3.6927598 -0.49481726
v -0.27871362 3.69381583 -0.51429096
v 0.28121851 3.69375152 -0.5133212
v 0.31584357 3.69708589 -0.49140143
v 0.70545786 3.69164928 -0.49532181
v -0.69249144 3.65264488 -0.49636327
v -0.31668379 3.65155789 -0.49874983
v 0.28442597 3.65436649 -0.51755065
v 0.3185451 3.65631392 -0.49636456
v 0.69759882 3.65058578 -0.49432785
v -0.6858924 3.61859656 -0.49368195
v -0.3186293 3.6144886 -0.50003848
v 0.31274614 3.61838025 -0.50310779
v 0.68693379 3.61595944 -0.49722386
v -0.67501029 3.58465051 -0.495095
v -0.31213299 3.58293857 -0.50419376
v -0.28134808 3.57890373 -0.52128505
v 0.28020949 3.57966906 -0.52160307
v 0.3156955 3.58112267 -0.50245271
v 0.68056136 3.58722725 -0.49530458
v -0.66815538 3.54980324 -0.49137979
v -0.30908193 3.54680313 -0.50477689
v 0.31293989 3.53977493 -0.50323359
v 0.66969991 3.54817059 -0.49399835
v -0.65910541 3.51486932 -0.48846977
v -0.31277111 3.50708369 -0.49880481
v -0.27520416 3.50651435 -0.51634858
v 0.27859296 3.50798029 -0.51624593
v 0.31560356 3.5014637 -0.49829645
v 0.65366404 3.50898378 -0.49903807
v -0.64106158 3.47728518 -0.49392991
v -0.31475852 3.46759246 -0.49195761
v -0.27762438 3.46932374 -0.50923383
v 0.27642131 3.47238632 -0.51159262
v 0.31078617 3.46538704 -0.49470971
v 0.64642191 3.47832362 -0.49498012
v -0.62543737 3.4370628 -0.49376866
v -0.28034271 3.43023317 -0.50058183
v -0.2428189 3.4402486 -0.51627391
v 0.24570984 3.42656889 -0.51277536
v 0.27439825 3.43172139 -0.50471697
v 0.31111115 3.43310628 -0.48893222
v 0.63607019 3.44451304 -0.4916722
v -0.60770014 3.40210983 -0.4948623
v -0.27913292 3.39291493 -0.49093303
v -0.23971853 3.39857457 -0.50536798
v -0.20313429 3.39700847 -0.51407087
v 0.13274422 3.38919994 -0.52005756
v 0.16939973 3.38798105 -0.51683306
v 0.21305044 3.39341528 -0.51143358
v 0.24646725 3.39114289 -0.50269059
v 0.27945485 3.39199116 -0.49250894
v 0.60331458 3.40154343 -0.50476352
v 0.62313347 3.40281758 -0.48713188
v -0.59784975 3.36693642 -0.48646531
v -0.57004091 3.3619098 -0.50742207
v -0.24199465 3.35385225 -0.49141453
v -0.20604185 3.35616337 -0.50135304
v -0.15721062 3.35812902 -0.50874938
v -0.12647047 3.3602894 -0.51128599
v -0.09614533 3.35870775 -0.51157321
v -0.0495498 3.35769754 -0.51151252
v -0.02010601 3.36006133 -0.51210126
v 0.00885178 3.3573204 -0.51114026
v 0.05443156 3.35684044 -0.51118607
v 0.08750531 3.35630473 -0.51087446
v 0.11874401 3.35175435 -0.50868
v 0.16223885 3.35432521 -0.50719848
v 0.20023994 3.36108037 -0.50386044
v 0.23786287 3.36187421 -0.49602214
v 0.60416152 3.37142081 -0.48934129
v -0.56912904 3.33182647 -0.49159375
v -0.20762287 3.32560681 -0.4903936
v -0.15858189 3.32783458 -0.49714632
v -0.12747258 3.32686002 -0.49838853
v -0.09698593 3.32432881 -0.49815156
v -0.04996721 3.32416287 -0.49841472
v -0.02030039 3.32413891 -0.49819733
v 0.00920861 3.32121495 -0.49706548
v 0.05519566 3.32264923 -0.49784517
v 0.08500341 3.32383498 -0.49822651
v 0.11555822 3.32086745 -0.49654843
v 0.16299045 3.32554888 -0.49643709
v 0.19713102 3.32717943 -0.49293511
v 0.23582672 3.32967646 -0.48643764
v 0.54238628 3.32809971 -0.5146835
v 0.56712718 3.32813123 -0.49690774
v 0.58965736 3.3302762 -0.48071889
v -0.56290168 3.29760941 -0.47811728
v -0.52978439 3.29438607 -0.49866223
v -0.0504665 3.28935896 -0.48374715
v -0.0205059 3.29225511 -0.48473747
v 0.00924362 3.28937016 -0.48348244
v 0.0559316 3.29110725 -0.48444537
v 0.08600477 3.29043137 -0.48424599
v 0.1654267 3.28998286 -0.48216938
v 0.53751275 3.29522733 -0.49976964
v 0.56396355 3.29497839 -0.48127492
v -0.49052687 3.24916677 -0.49527884
v 0.4942558 3.25113151 -0.50016537
v 0.5303193 3.25729394 -0.4823273
v -0.45910166 3.21559862 -0.49076439
v -0.42913132 3.21682416 -0.50576242
v 0.45271445 3.21759117 -0.50091518
v 0.49279918 3.21327524 -0.47818656
v -0.43071889 3.17799802 -0.48071083
v -0.39734642 3.17536931 -0.49176844
v -0.35143639 3.17450794 -0.50650418
v 0.34773211 3.17190697 -0.51043145
v 0.38054788 3.17774718 -0.50488235
v 0.41309895 3.18474696 -0.49716187
v 0.45280085 3.18460224 -0.48066775
v -0.34655112 3.14382299 -0.48832845
v -0.29916846 3.14872458 -0.50320963
v -0.26514495 3.14607597 -0.50673684
v -0.23329395 3.14193355 -0.50809147
v -0.20160347 3.13786993 -0.50805974
v -0.1704084 3.13691848 -0.50947115
v -0.10628552 3.14581498 -0.51663104
v -0.05509756 3.13796736 -0.51254658
v -0.02266897 3.13743515 -0.51295363
v 0.06015328 3.14166478 -0.51557828
v 0.09276691 3.1429432 -0.51594669
v 0.21133738 3.14460653 -0.51365626
v 0.24784189 3.14770806 -0.51298655
v 0.28089603 3.1466989 -0.50809091
v 0.31411871 3.13609964 -0.49621897
v 0.34768188 3.1320861 -0.48541759
v 0.38064224 3.13691778 -0.47943556
v -0.29999795 3.1111707 -0.48025241
v -0.26525778 3.11058497 -0.48521421
v -0.23314804 3.10523669 -0.48610271
v -0.20155516 3.0989121 -0.48481298
v -0.17038914 3.09733619 -0.4857094
v -0.14089207 3.10919132 -0.49345331
v -0.10656992 3.11213216 -0.49524669
v -0.05509969 3.10465579 -0.49162958
v -0.02271188 3.10073878 -0.49007972
v 0.00956079 3.10347761 -0.49240135
v 0.06026966 3.10497591 -0.49248646
v 0.09337883 3.11084008 -0.49552256
v 0.12293549 3.11179727 -0.49612185
v 0.16514782 3.1035209 -0.49096711
v 0.21312672 3.10308801 -0.48861056
v 0.24806337 3.11172729 -0.49102851
v 0.28073251 3.11430326 -0.4883239
v -0.12660757 4.93166497 -0.54534975
v -0.09008197 4.93399193 -0.53919404
v -0.05477977 4.93471481 -0.5341277
v -0.02203564 4.93538081 -0.53244378
v 0.01211723 4.93615273 -0.5331385
v 0.0522536 4.93541079 -0.53477143
v 0.09017416 4.93417741 -0.5393775
v 0.12674933 4.93166862 -0.54534737
v -0.20171882 4.89606946 -0.54155126
v -0.16439465 4.89772004 -0.52805591
v 0.16431672 4.89794195 -0.5282947
v 0.20173912 4.89607283 -0.54155798
v -0.27125683 4.86213546 -0.54561313
v -0.23617236 4.86065803 -0.52993842
v 0.23616021 4.86067429 -0.52994318
v 0.27126972 4.86212313 -0.54559281
v -0.30611387 4.82759289 -0.53831755
v -0.27045485 4.82606783 -0.52144175
v 0.27038687 4.82612219 -0.52148336
v 0.30596457 4.82780583 -0.53843537
v -0.34040967 4.79084974 -0.53813361
v 0.34027507 4.79094192 -0.53819833
v -0.37618933 4.75274907 -0.54668113
v -0.34130133 4.75210576 -0.52181895
v 0.34228513 4.75181605 -0.52141233
v 0.37615946 4.75270592 -0.54668302
v -0.37785767 4.71403816 -0.53393963
v 0.37802984 4.71541865 -0.53434247
v -0.41303637 4.67751047 -0.55483821
v -0.38446934 4.67819273 -0.52306907
v 0.3862091 4.67929876 -0.52222809
v 0.41356301 4.677817 -0.55423973
v -0.41749372 4.64356974 -0.54544565
v 0.42040591 4.64294521 -0.54394728
v -0.43089569 4.61166626 -0.53971582
v 0.43889909 4.60640266 -0.53880977
v -0.44625246 4.58596093 -0.53627141
v 0.46281305 4.5701906 -0.53461152
v -0.48558223 4.53363139 -0.53335397
v -0.46631349 4.55963358 -0.53371807
v 0.49104644 4.53409846 -0.52782903
v -0.50895781 4.50307882 -0.53355675
v 0.510427 4.49844243 -0.54086522
v -0.55178768 4.45908933 -0.52089293
v -0.52751557 4.48128742 -0.52962482
v 0.52847854 4.47010124 -0.54512448
v 0.55996003 4.45032578 -0.52209928
v -0.57455626 4.42241608 -0.5276986
v 0.58160002 4.41941038 -0.52588684
v -0.5975283 4.38541501 -0.53083761
v 0.60366265 4.38651937 -0.52806775
v -0.62035044 4.34991266 -0.53027835
v 0.62603277 4.35039066 -0.52920888
v -0.64027026 4.31490204 -0.52978474
v 0.64699664 4.31534166 -0.52751508
v -0.65636574 4.27711939 -0.53194407
v 0.66387202 4.277813 -0.52858995
v -0.66976687 4.23810462 -0.53432496
v 0.67795008 4.23792572 -0.53038441
v -0.68075461 4.20061827 -0.53595725
v 0.68951256 4.19834637 -0.53179157
v -0.6892648 4.16651727 -0.53651315
v 0.69832465 4.16173224 -0.53219091
v -0.69628811 4.13401839 -0.53627982
v 0.70486197 4.13035172 -0.53188425
v -0.70267126 4.10110399 -0.53538189
v 0.7103198 4.10107625 -0.5309721
v -0.70866971 4.06055911 -0.53278014
v 0.71534467 4.06497808 -0.52861236
v -0.71378459 4.01654945 -0.52899846
v 0.71928487 4.02176093 -0.52705326
v -0.71638494 3.97926847 -0.52496342
v 0.71684508 3.98140294 -0.53236561
v -0.71375286 3.9458919 -0.52913771
v 0.71079808 3.94704627 -0.54266787
v -0.70371495 3.91190313 -0.54565137
v 0.70875377 3.91527419 -0.54568023
v -0.70398092 3.87295013 -0.53991062
v -0.08227808 3.87498961 -0.52177706
v -0.05684149 3.87076874 -0.52625151
v -0.03229455 3.87426267 -0.52671242
v 0.00435553 3.8785019 -0.52569632
v 0.04414221 3.87747291 -0.52488819
v 0.08468757 3.87197102 -0.52300246
v 0.71124897 3.87904238 -0.53602611
v -0.7067318 3.83182976 -0.52788346
v -0.1217427 3.83355375 -0.53050797
v -0.07929747 3.83847523 -0.53543239
v -0.05398072 3.8366267 -0.53819252
v -0.03186656 3.83821157 -0.53873047
v 0.00400073 3.83767053 -0.53934843
v 0.04600601 3.83504406 -0.5391516
v 0.08854703 3.83109315 -0.53682843
v 0.13161755 3.8284112 -0.53075572
v 0.7121967 3.84254327 -0.52781145
v -0.70256752 3.79845641 -0.52607408
v -0.16752244 3.7964102 -0.5333485
v -0.12369761 3.79374394 -0.54421261
v -0.08019425 3.79926447 -0.54806308
v -0.04736078 3.8021078 -0.54918621
v -0.02418729 3.8039555 -0.54926228
v 0.00620567 3.80014972 -0.5506815
v 0.04768193 3.79557272 -0.55124201
v 0.09180825 3.79239498 -0.54889839
v 0.13483375 3.79342551 -0.5420495
v 0.17039664 3.80561771 -0.52937377
v 0.70740915 3.80814219 -0.52735369
v -0.68951613 3.76316182 -0.53682191
v -0.23566766 3.76582079 -0.5194064
v -0.20237052 3.77238908 -0.53019577
v -0.16502372 3.76749911 -0.54270044
v -0.12544683 3.76782021 -0.55057839
v -0.08129048 3.76755459 -0.555316
v 0.09415819 3.76732498 -0.55445022
v 0.13800412 3.76692697 -0.54861673
v 0.17102282 3.77339256 -0.53953097
v 0.20557786 3.76921918 -0.53002381
v 0.70136888 3.77251824 -0.52833722
v -0.68298056 3.72869686 -0.53610274
v -0.23339145 3.72588154 -0.53008769
v -0.20148382 3.73384348 -0.54019207
v -0.16779167 3.7386802 -0.54886561
v -0.1296885 3.7390083 -0.55586363
v 0.13888836 3.73853282 -0.55471339
v 0.16877467 3.73613569 -0.54894672
v 0.20176763 3.73002873 -0.5408358
v 0.24214316 3.72657038 -0.52612802
v 0.69161137 3.73349128 -0.53178702
v -0.67505904 3.69275392 -0.53444768
v -0.23991002 3.69255695 -0.53403755
v -0.20619952 3.6935928 -0.54722826
v 0.20135057 3.69164494 -0.54922558
v 0.24114638 3.69369171 -0.53378041
v 0.68007418 3.69309939 -0.53518625
v -0.66882881 3.65616697 -0.53101322
v -0.27860878 3.65697405 -0.52007339
v -0.24096049 3.6605949 -0.53769518
v -0.20756529 3.6601106 -0.54889664
v 0.19872396 3.65941896 -0.55242447
v 0.2431255 3.65980281 -0.53715001
v 0.67206265 3.65258422 -0.53176166
v -0.66319201 3.62349507 -0.52637381
v -0.27903745 3.61608973 -0.52175283
v -0.24282973 3.61914853 -0.53845533
v -0.21024892 3.62150658 -0.54903785
v 0.19970347 3.62126478 -0.55291004
v 0.24148807 3.61870261 -0.53902243
v 0.27932187 3.61395792 -0.52209914
v 0.66491922 3.61618639 -0.52775982
v -0.64495296 3.5858301 -0.53378609
v -0.24820813 3.57878788 -0.53647742
v -0.21216708 3.58246589 -0.54829935
v 0.20331111 3.58316832 -0.55169122
v 0.2422928 3.58012661 -0.53824505
v 0.65880764 3.5871488 -0.52441502
v -0.6352636 3.54751341 -0.53018813
v -0.27603267 3.54363702 -0.52150122
v -0.24238076 3.54314894 -0.53481682
v -0.20421492 3.54068623 -0.54530877
v -0.1686319 3.53704226 -0.55167392
v -0.1385774 3.53713472 -0.55571156
v 0.13208259 3.53350798 -0.55617442
v 0.160343 3.53411067 -0.55294254
v 0.20265118 3.54310144 -0.54688882
v 0.23664439 3.54312568 -0.53727532
v 0.27382649 3.54370889 -0.52310851
v 0.64257039 3.54662802 -0.52717381
v -0.625362 3.51024406 -0.52522981
v -0.23880586 3.50885643 -0.53038728
v -0.19814805 3.50452236 -0.54105273
v -0.15726233 3.50113953 -0.54743728
v -0.1263758 3.49994572 -0.55041658
v -0.09163472 3.49877237 -0.55219983
v -0.04698944 3.49659237 -0.55195222
v -0.01935559 3.49477333 -0.55136859
v 0.0080593 3.49403455 -0.55117974
v 0.05618898 3.49552472 -0.55166432
v 0.10507343 3.49661479 -0.55128033
v 0.13353718 3.49503649 -0.54916029
v 0.1605692 3.49847642 -0.54691782
v 0.20221528 3.50829865 -0.54090634
v 0.23871665 3.50902693 -0.53069478
v 0.62971898 3.510591 -0.52742717
v -0.6049155 3.4735823 -0.5304492
v -0.24035172 3.47490996 -0.52444444
v -0.1991351 3.47092781 -0.53517574
v -0.15246646 3.46935035 -0.54229221
v -0.12200987 3.47076432 -0.545341
v -0.09257347 3.46726583 -0.54572072
v -0.04810467 3.4611511 -0.54428707
v -0.01968837 3.45848281 -0.54340322
v 0.00815151 3.45770214 -0.54313137
v 0.05698834 3.45980831 -0.54391281
v 0.10621172 3.46463348 -0.54475141
v 0.13537974 3.46592787 -0.54340967
v 0.16441373 3.46706193 -0.54063266
v 0.20938157 3.47014174 -0.53272152
v 0.24324651 3.47135888 -0.52298607
v 0.60293423 3.47836614 -0.54007467
v 0.62440741 3.4811692 -0.52052883
v -0.5889466 3.43738032 -0.52853811
v -0.20296525 3.43724401 -0.52565051
v -0.15358488 3.43338472 -0.5319103
v -0.12323577 3.4385473 -0.53580672
v -0.09395949 3.43875086 -0.53707611
v -0.04851567 3.43440046 -0.53616172
v -0.01982306 3.4324428 -0.53545957
v 0.00831148 3.43125249 -0.53503145
v 0.05760026 3.43356257 -0.53590479
v 0.10595136 3.43716906 -0.53644779
v 0.13651918 3.4339895 -0.53388142
v 0.16770943 3.43217025 -0.53044633
v 0.21449326 3.42980603 -0.52185755
v 0.60675843 3.44915602 -0.52292485
v -0.57037034 3.39971906 -0.52646557
v -0.15527495 3.39328772 -0.51972827
v -0.12506742 3.3988951 -0.52347226
v -0.09502941 3.401942 -0.52545893
v -0.04894022 3.40195383 -0.52583851
v -0.01994715 3.40337109 -0.52619764
v 0.00860175 3.40160549 -0.5255785
v 0.05686227 3.40238336 -0.52595115
v 0.10001133 3.40012737 -0.524764
v 0.5702562 3.40362718 -0.53362141
v -0.52801154 3.35959622 -0.53674822
v 0.53455271 3.3543514 -0.53417681
v 0.56279752 3.36915011 -0.52128015
v -0.52542054 3.32542483 -0.5191377
v -0.48751451 3.32855375 -0.5446233
v 0.50377712 3.33384431 -0.54334067
v -0.48950699 3.29513298 -0.52342218
v -0.45504651 3.29483129 -0.54191249
v 0.45109574 3.28394687 -0.54309593
v 0.49838804 3.29056558 -0.52150108
v -0.45668477 3.25417434 -0.51604871
v -0.42752179 3.25497343 -0.53084608
v -0.39662851 3.25781327 -0.54554868
v 0.41027334 3.25446538 -0.54320548
v 0.44973017 3.24718143 -0.52110139
v -0.39643315 3.21654313 -0.51870467
v -0.35390736 3.21730671 -0.53404127
v 0.24723773 3.21247496 -0.55585375
v 0.28014907 3.21370897 -0.55207004
v 0.31350832 3.2158414 -0.5478956
v 0.34686244 3.21473719 -0.5386537
v 0.38000012 3.22265065 -0.53414816
v 0.41375168 3.225102 -0.52252446
v -0.30080093 3.17990147 -0.52313653
v -0.26511243 3.17893371 -0.5283389
v -0.23298991 3.17788209 -0.53177294
v -0.20132302 3.17864056 -0.53484323
v -0.17025047 3.17738567 -0.53602499
v -0.14036812 3.18091309 -0.53927278
v -0.10453193 3.17907639 -0.53870995
v -0.05460355 3.17680408 -0.53788914
v -0.02269826 3.1770837 -0.53854373
v 0.00945083 3.18354453 -0.54298497
v 0.05979073 3.17995877 -0.5405056
v 0.0928706 3.1775797 -0.53882567
v 0.12550031 3.17813882 -0.5388623
v 0.17468647 3.18109136 -0.53966644
v 0.21597899 3.17803732 -0.53541194
v 0.2480252 3.17737019 -0.53236659
v 0.28059438 3.18062428 -0.53003193
v 0.31403206 3.17749411 -0.52259108
v -0.1409034 3.1471439 -0.51698306
v 0.00953297 3.14598603 -0.51886123
v 0.12088864 3.14876997 -0.51944773
v 0.1631095 3.14841126 -0.51857088
v -0.1625596 4.9625822 -0.58732127
v -0.12606203 4.96391841 -0.57817603
v -0.08907928 4.96842746 -0.57511135
v -0.05366354 4.9708197 -0.57235165
v -0.02119781 4.97199957 -0.57117787
v 0.01273315 4.9724347 -0.57156726
v 0.05166267 4.97109092 -0.57261152
v 0.08931636 4.96843755 -0.57513096
v 0.12622641 4.96390637 -0.57816483
v 0.16258681 4.96257828 -0.58731503
v -0.23721904 4.93168823 -0.59004791
v -0.20078647 4.9322755 -0.57234646
v -0.16415743 4.93111188 -0.55614844
v 0.16419053 4.93111104 -0.55615292
v 0.20079415 4.93226401 -0.57233119
v 0.23721804 4.93168991 -0.5900491
v -0.27172901 4.89714622 -0.57491914
v -0.23701047 4.89545866 -0.55719606
v 0.2370183 4.89544773 -0.55717826
v 0.27172947 4.89714818 -0.57492068
v -0.34408631 4.86567814 -0.58745751
v -0.30713575 4.86494518 -0.56509649
v 0.30713974 4.86494658 -0.56509929
v 0.34409528 4.86566722 -0.58744931
v -0.37973257 4.82782937 -0.58297017
v -0.34186426 4.82814038 -0.55815345
v 0.34187375 4.82814066 -0.55815458
v 0.3797455 4.82782096 -0.58296163
v -0.41372832 4.79279423 -0.59059784
v -0.37607428 4.79101168 -0.56050976
v 0.37607505 4.79100972 -0.56050773
v 0.41373725 4.79280068 -0.59059469
v -0.41339781 4.75455208 -0.57514995
v 0.41340089 4.75452882 -0.57514714
v -0.4138287 4.71579522 -0.5647244
v 0.41378814 4.71580306 -0.56474408
v -0.44995016 4.67856117 -0.58802825
v 0.44987678 4.67856411 -0.58804961
v -0.45000322 4.64281758 -0.58156434
v 0.4503268 4.64285569 -0.58121606
v -0.45526888 4.60847591 -0.57560448
v 0.45740169 4.60769951 -0.57671927
v -0.46506593 4.57114758 -0.56493251
v 0.46978147 4.5706906 -0.57338883
v -0.48457002 4.53392222 -0.56872547
v 0.48602202 4.53396593 -0.5713235
v -0.50462524 4.49911628 -0.56763631
v 0.50157509 4.49901625 -0.57425573
v -0.52894859 4.46382407 -0.55889308
v 0.51766504 4.46790289 -0.57480609
v -0.54989852 4.42177978 -0.56760353
v 0.53330735 4.44353489 -0.57074253
v 0.56122623 4.41752752 -0.55498657
v -0.57104878 4.37697354 -0.57478374
v 0.57983176 4.38456591 -0.5613576
v -0.59577069 4.34068078 -0.56954621
v -0.57177902 4.34845653 -0.59466469
v 0.60132413 4.34226496 -0.56840024
v -0.61709432 4.31160074 -0.56268639
v 0.60552463 4.31243724 -0.58407572
v 0.62378931 4.31210466 -0.56089536
v -0.63203066 4.27619618 -0.56506791
v 0.63853408 4.27744749 -0.56300251
v -0.64508569 4.23880271 -0.56802381
v 0.65317259 4.23811219 -0.56481847
v -0.65614642 4.20289969 -0.5700869
v 0.66526882 4.20029871 -0.56622585
v -0.66527695 4.16894033 -0.571088
v 0.67483153 4.1656197 -0.56681417
v -0.67333624 4.13465511 -0.57108562
v 0.68254144 4.13328136 -0.56663051
v -0.68105434 4.09795413 -0.57006469
v 0.68961777 4.09927927 -0.56551411
v -0.68828891 4.05690015 -0.56744088
v 0.69667603 4.05960354 -0.5626969
v -0.69473174 4.01603923 -0.56332444
v 0.70261396 4.01780903 -0.55911295
v -0.6977448 3.98508726 -0.55909937
v 0.69870794 3.985788 -0.5656825
v -0.6956696 3.95177429 -0.5608368
v -0.67676188 3.95132025 -0.58972485
v 0.6905634 3.94962652 -0.57770462
v -0.6821933 3.91540756 -0.57923381
v 0.68826615 3.91027678 -0.57826401
v -0.68211205 3.87389562 -0.57355897
v 0.68980304 3.87283666 -0.56959328
v -0.68158236 3.83545383 -0.56611034
v 0.6861983 3.83942731 -0.56783938
v -0.67304163 3.80014608 -0.56859945
v 0.67465305 3.80474296 -0.57504319
v -0.66322241 3.76021229 -0.5717414
v -0.04122859 3.76962181 -0.55677339
v -0.01738849 3.77088013 -0.55676891
v 0.00759159 3.76983615 -0.5572273
v 0.04841164 3.76928306 -0.55683595
v 0.67359311 3.77417555 -0.56903662
v -0.65827774 3.72659126 -0.56772835
v -0.08395793 3.73253991 -0.56216321
v -0.04095123 3.73329613 -0.56377337
v -0.0165995 3.7352863 -0.56351959
v 0.00737426 3.73812361 -0.56304062
v 0.04928525 3.74174405 -0.56184954
v 0.09624806 3.74190291 -0.55939307
v 0.66748727 3.73678432 -0.56612281
v -0.64623901 3.69078995 -0.57033416
v -0.17200838 3.69682896 -0.55606123
v -0.13450053 3.69676424 -0.56248402
v -0.0867956 3.69478584 -0.56797282
v -0.04217077 3.69700043 -0.56927534
v -0.01723844 3.69768829 -0.569343
v 0.00748114 3.6967959 -0.5693119
v 0.05116205 3.69646444 -0.56876652
v 0.09875432 3.69813743 -0.56674574
v 0.13787971 3.69657399 -0.5625091
v 0.16738272 3.69320026 -0.55760009
v 0.6528419 3.69184149 -0.56976083
v -0.63757556 3.65440669 -0.56840676
v -0.16839295 3.65694967 -0.55869646
v -0.13484552 3.65156994 -0.56469575
v -0.08879392 3.65042748 -0.56920753
v -0.04342888 3.65265328 -0.57028275
v -0.01777737 3.65403937 -0.57033234
v 0.00775414 3.6507071 -0.5704248
v 0.05253663 3.64753343 -0.57024653
v 0.0980383 3.6521418 -0.56876035
v 0.12855395 3.6552572 -0.56561406
v 0.15724615 3.65641213 -0.56138891
v 0.64000626 3.65458853 -0.57164404
v -0.63292425 3.62416892 -0.56264884
v -0.16894513 3.62157453 -0.55925599
v -0.13708792 3.61957567 -0.56507001
v -0.09055271 3.61865876 -0.5696648
v -0.04423128 3.61666215 -0.57071347
v -0.01818055 3.61584624 -0.57057533
v 0.00781225 3.61422732 -0.57061659
v 0.05374921 3.61344896 -0.57051965
v 0.09992443 3.61706898 -0.56912347
v 0.12701514 3.61822867 -0.56641253
v 0.15495574 3.61899919 -0.56236368
v 0.63452552 3.6219221 -0.56590076
v -0.61491397 3.58714165 -0.56798914
v -0.17218482 3.58514812 -0.55778641
v -0.14014912 3.58644174 -0.56338055
v -0.09240099 3.58849103 -0.56858818
v -0.04487363 3.5882722 -0.57024023
v -0.01844524 3.5869521 -0.57015855
v 0.00784064 3.58634032 -0.57014742
v 0.0544178 3.58705227 -0.57004879
v 0.10172935 3.58711125 -0.56820523
v 0.12927202 3.58385254 -0.56492375
v 0.15770911 3.58219747 -0.56087253
v 0.62765891 3.59190315 -0.5615517
v -0.60149162 3.54621334 -0.56513746
v -0.09420464 3.54315804 -0.56057259
v -0.04610394 3.54919481 -0.56287601
v -0.01877936 3.55086949 -0.56324858
v 0.00793461 3.55035016 -0.56318715
v 0.05519786 3.54880507 -0.56280162
v 0.10346946 3.54234102 -0.56024141
v 0.6063371 3.54796395 -0.56562786
v -0.59250938 3.5038586 -0.55541021
v -0.56874837 3.506746 -0.57797955
v 0.5984401 3.50977839 -0.55770284
v -0.56938948 3.47371833 -0.56255505
v 0.56580666 3.47526594 -0.57112541
v -0.5548213 3.44047015 -0.5587955
v -0.53132426 3.43603346 -0.57448562
v -0.4996432 3.426976 -0.5912642
v 0.53397525 3.43985171 -0.57966362
v 0.56683876 3.44187473 -0.5549208
v -0.5306302 3.40311234 -0.5586386
v -0.48563368 3.38925212 -0.58110175
v 0.49322675 3.3967018 -0.58590562
v 0.53461659 3.40569118 -0.56221876
v -0.48439168 3.35963895 -0.56505446
v 0.46166887 3.3639588 -0.58558607
v 0.49241533 3.36708394 -0.57004809
v 0.52738119 3.37743376 -0.55189282
v -0.4538167 3.32953237 -0.56365268
v -0.42349403 3.32488134 -0.5764884
v -0.39296717 3.3238948 -0.58881852
v 0.45780208 3.32973789 -0.56690047
v -0.4252583 3.29308488 -0.55587708
v -0.39498875 3.29418027 -0.56931918
v -0.35773128 3.29341144 -0.58248083
v 0.37676102 3.28793995 -0.5775632
v 0.40907169 3.28608357 -0.56365913
v -0.35768519 3.25911663 -0.56048629
v -0.30127452 3.26066487 -0.57648805
v -0.26383871 3.25916671 -0.58194077
v -0.23217888 3.25677658 -0.5844731
v -0.20064615 3.25245245 -0.58410213
v -0.16959985 3.24773179 -0.58289915
v -0.13966496 3.24798151 -0.5840234
v -0.0539803 3.25398339 -0.58950862
v -0.02245402 3.24867189 -0.58633438
v 0.00930084 3.24721646 -0.58560225
v 0.05910898 3.25490535 -0.59045257
v 0.17618192 3.25618804 -0.58958013
v 0.2156942 3.25674267 -0.58778897
v 0.24698639 3.25555608 -0.58444543
v 0.27951093 3.25896267 -0.58210713
v 0.3127011 3.25842912 -0.57610167
v 0.3459443 3.25379868 -0.5644882
v 0.3784378 3.25611548 -0.55664023
v -0.30041091 3.22514627 -0.5533009
v -0.26422655 3.22656381 -0.56028224
v -0.23255079 3.22480094 -0.5631833
v -0.20099829 3.22248379 -0.564158
v -0.16972308 3.21657395 -0.56218198
v -0.13867329 3.21359136 -0.56104779
v -0.10136984 3.21686892 -0.56381141
v -0.05292626 3.21833913 -0.56509004
v -0.02237597 3.21634063 -0.56400495
v 0.00937963 3.21768111 -0.56509544
v 0.05944583 3.22188742 -0.56787629
v 0.09202707 3.22332709 -0.5689506
v 0.12600247 3.21889194 -0.56591828
v 0.1791985 3.2202741 -0.56563977
v 0.21651375 3.21980556 -0.56327583
v -0.09038607 4.99916033 -0.6139288
v -0.05527199 5.00280528 -0.61354389
v -0.02169002 5.00322864 -0.61180785
v 0.01456917 5.00319138 -0.61177886
v 0.05360783 5.002566 -0.61340289
v 0.09062203 4.99900763 -0.61385266
v -0.23547633 4.96579651 -0.62555803
v -0.19372472 4.96997634 -0.60898875
v -0.16243922 4.98395991 -0.61352519
v -0.1267374 4.99160677 -0.61258888
v 0.12687989 4.99158716 -0.61258005
v 0.16245754 4.98396915 -0.61352897
v 0.19372542 4.9699797 -0.60899058
v 0.23547578 4.96579679 -0.62555817
v -0.30785061 4.92970114 -0.62712974
v -0.27190809 4.93242456 -0.60980774
v 0.27190788 4.93242484 -0.60980774
v 0.30785051 4.92970114 -0.62712981
v -0.34505814 4.89909016 -0.61910834
v -0.30770201 4.89876962 -0.59464017
v 0.30770432 4.89876626 -0.59463765
v 0.34505769 4.899091 -0.61910883
v -0.38315923 4.86449632 -0.61335133
v 0.38315803 4.86449716 -0.61335211
v -0.41906483 4.82780331 -0.61480663
v 0.41906378 4.82780359 -0.61480726
v -0.44928005 4.79410579 -0.62457541
v 0.44927935 4.79410523 -0.62457569
v -0.45093029 4.75551172 -0.60882134
v 0.45093417 4.75552629 -0.60881707
v -0.45310902 4.7176593 -0.598454
v 0.45312573 4.71764473 -0.59846206
v -0.48675537 4.6799453 -0.62339562
v 0.48678525 4.67993801 -0.62340928
v -0.48633408 4.6444302 -0.61697906
v 0.48626872 4.64441493 -0.61700224
v -0.48860009 4.61045641 -0.613531
v 0.48860706 4.61045291 -0.61345732
v -0.49145278 4.57359726 -0.60980634
v 0.49215839 4.57364096 -0.61118584
v -0.49807206 4.53659325 -0.60917424
v 0.49811916 4.53645007 -0.61024175
v -0.50780873 4.50016348 -0.60836443
v 0.50621558 4.50003753 -0.61052859
v -0.51974756 4.46281428 -0.60624481
v 0.51675765 4.46316689 -0.60978413
v -0.53162956 4.42399367 -0.60846158
v 0.53165365 4.42278327 -0.60801805
v -0.54389765 4.38553171 -0.61262887
v 0.53788939 4.39202658 -0.62372946
v 0.55502874 4.39284179 -0.59081338
v -0.55393955 4.35199964 -0.61862081
v 0.57158012 4.35071064 -0.60411273
v -0.59721176 4.31348822 -0.58637108
v -0.56902306 4.32324741 -0.6159128
v 0.58697604 4.31251989 -0.60830664
v -0.60551944 4.27889648 -0.59679243
v 0.60835325 4.28290483 -0.5979552
v -0.61750906 4.24104112 -0.60162628
v 0.62477018 4.23976669 -0.59977404
v -0.6285527 4.20493721 -0.6043041
v 0.63748962 4.20190993 -0.6011866
v -0.63817537 4.16992421 -0.60573571
v 0.64796868 4.16679326 -0.60180518
v -0.64705149 4.13432575 -0.60597219
v 0.65682343 4.13227787 -0.60169178
v -0.65526594 4.0971916 -0.60512792
v 0.66480497 4.09573154 -0.60074306
v -0.66264886 4.05885446 -0.60306721
v 0.67224239 4.05607935 -0.59872474
v -0.66858764 4.02135536 -0.60033315
v 0.67739706 4.01661992 -0.59730979
v -0.67115436 3.98425384 -0.59950457
v 0.67392723 3.98574219 -0.60333367
v -0.65601292 3.95102787 -0.6176866
v 0.66856431 3.94790449 -0.6088399
v -0.65474773 3.91007813 -0.61543417
v 0.66520536 3.90536622 -0.60927412
v -0.65460414 3.87186735 -0.60962989
v 0.66618321 3.87087507 -0.6024398
v -0.6499157 3.83502725 -0.60677703
v 0.66177916 3.84087307 -0.60132424
v -0.63644214 3.80143213 -0.61391325
v 0.64349675 3.80131796 -0.61361268
v -0.63006893 3.76264375 -0.6113688
v 0.64229902 3.76996084 -0.60704117
v -0.63046057 3.7276124 -0.60037553
v 0.63744997 3.73361106 -0.6012004
v -0.62379023 3.69204477 -0.59599578
v -0.60377206 3.69244936 -0.61662553
v 0.62264433 3.68969512 -0.60244092
v -0.60613417 3.66054629 -0.60328835
v 0.6051241 3.65589813 -0.60865645
v -0.5996304 3.62479303 -0.59705405
v 0.59918316 3.62485622 -0.60356756
v -0.58761459 3.58994044 -0.59580288
v -0.56283913 3.58677629 -0.61606095
v 0.56972798 3.58248172 -0.61465708
v 0.59185683 3.59001959 -0.59717992
v -0.56823069 3.55481676 -0.599041
v 0.56634013 3.54927102 -0.60352525
v -0.52960794 3.50650924 -0.60884362
v 0.52864392 3.5082644 -0.61593249
v 0.56029464 3.50751644 -0.5903531
v -0.53108988 3.46696456 -0.58938617
v -0.49475447 3.46429956 -0.61303577
v 0.53293015 3.47609985 -0.59748127
v -0.47385 3.43289901 -0.61028462
v 0.4881609 3.43487986 -0.60796733
v -0.45105553 3.39780399 -0.60549412
v 0.42843222 3.39010172 -0.61839925
v 0.46107698 3.39416569 -0.60353674
v -0.44902691 3.36442959 -0.58754345
v -0.42012373 3.36108261 -0.60010753
v -0.39032946 3.35969296 -0.61189688
v 0.37604948 3.36023617 -0.62259057
v 0.42082882 3.36131888 -0.60440868
v -0.35597678 3.32479168 -0.60296361
v -0.30023958 3.31957432 -0.61444722
v -0.26134938 3.31712478 -0.61991065
v -0.22960009 3.31843431 -0.62495521
v -0.19886209 3.31867001 -0.62769768
v 0.20756729 3.32088181 -0.62971579
v 0.24513863 3.32139784 -0.62706214
v 0.27742847 3.3252079 -0.62479396
v 0.30999597 3.32794343 -0.62094097
v 0.34223491 3.32949511 -0.61363229
v 0.37450285 3.32829465 -0.60344287
v 0.41226841 3.32980478 -0.58876157
v -0.30027698 3.2899007 -0.59551239
v -0.2624294 3.28758846 -0.60058602
v -0.23131695 3.28551283 -0.60326825
v -0.19992438 3.28155694 -0.60323147
v -0.16861286 3.28398609 -0.60691943
v -0.13913806 3.28709063 -0.61021653
v -0.10457673 3.29158252 -0.61447306
v -0.05395033 3.28406966 -0.61056509
v -0.02229747 3.28121981 -0.60931741
v 0.0093279 3.28114388 -0.60949799
v 0.05873585 3.28448188 -0.61108245
v 0.09138788 3.29201226 -0.61550779
v 0.12084571 3.29368224 -0.61609261
v 0.16586199 3.28860091 -0.61117919
v 0.21151178 3.28707683 -0.60761206
v 0.24622675 3.29071261 -0.60725244
v 0.27847014 3.29557504 -0.60583042
v 0.31136629 3.29698186 -0.60107669
v 0.34447655 3.29287874 -0.58990004
v -0.10365206 3.25703092 -0.59093021
v 0.09176182 3.26271388 -0.5954939
v 0.12498689 3.26096019 -0.59405745
v -0.19891851 4.99937916 -0.65148436
v -0.16281698 5.00862056 -0.65039499
v -0.12654972 5.01566951 -0.64904708
v -0.09014975 5.02207374 -0.64956557
v -0.05474082 5.02472907 -0.64911853
v -0.02115353 5.02449511 -0.64736246
v 0.01497258 5.02424126 -0.64713088
v 0.05319457 5.02426816 -0.64884969
v 0.0902749 5.02177534 -0.64946246
v 0.12663505 5.01559161 -0.64902859
v 0.16282266 5.00862 -0.65039436
v 0.19891886 4.99938364 -0.65148618
v -0.26685786 4.9671358 -0.64693419
v -0.23587976 4.98858776 -0.65534232
v 0.23588028 4.9885886 -0.65534316
v 0.26685784 4.96713664 -0.64693433
v -0.33952368 4.93364057 -0.65497584
v -0.3078047 4.95147503 -0.65406894
v 0.30780466 4.95147559 -0.65406887
v 0.33952375 4.93364057 -0.65497584
v -0.38436648 4.89641213 -0.64662248
v 0.38436655 4.89641213 -0.64662234
v -0.4222121 4.86381014 -0.6463699
v 0.42221203 4.8638107 -0.64637011
v -0.45302052 4.82850574 -0.64944537
v 0.45302055 4.82850546 -0.64944544
v -0.48399781 4.7902846 -0.66129405
v 0.48399795 4.7902846 -0.66129412
v -0.48950713 4.75271909 -0.64882377
v 0.48950685 4.75271825 -0.64882454
v -0.49286138 4.71779799 -0.63960408
v 0.49286282 4.71780612 -0.63959484
v -0.51768514 4.68177856 -0.6593221
v 0.51768441 4.6817808 -0.65931495
v -0.51829234 4.6458953 -0.6513278
v 0.51831879 4.64589558 -0.65133999
v -0.52232388 4.61184081 -0.6486116
v 0.52229775 4.61182288 -0.64863009
v -0.52393538 4.57523929 -0.6474545
v 0.52391055 4.57524335 -0.64739951
v -0.52436294 4.53860499 -0.64739797
v 0.52437303 4.53853872 -0.64741808
v -0.52502243 4.50234333 -0.64761274
v 0.52465525 4.50224779 -0.6477274
v -0.52557503 4.46424715 -0.64709887
v 0.52518715 4.46453042 -0.64719589
v -0.5267424 4.4255955 -0.64749821
v 0.52745967 4.42751408 -0.64678275
v -0.53062134 4.38784647 -0.64952606
v 0.52950255 4.40027977 -0.64955464
v -0.53880546 4.35138449 -0.65057284
v 0.546735 4.35606725 -0.6475216
v -0.55319208 4.31768626 -0.64531997
v 0.56246651 4.30519132 -0.64700585
v -0.57273389 4.28766829 -0.63321246
v 0.56080777 4.2739233 -0.66075876
v 0.58200749 4.27455582 -0.63495333
v -0.58695902 4.24420023 -0.63667193
v 0.59515673 4.23888032 -0.63519107
v -0.59820376 4.20620562 -0.63903397
v 0.60675066 4.20253251 -0.63660692
v -0.6079425 4.16964934 -0.64067145
v 0.61756244 4.16688264 -0.63714929
v -0.61735748 4.13363804 -0.64080559
v 0.62700544 4.13113022 -0.63715889
v -0.62557635 4.09720168 -0.64020487
v 0.63495413 4.09419752 -0.63680326
v -0.63244688 4.06034085 -0.63881038
v 0.64101199 4.0562815 -0.63636897
v -0.63766648 4.02343378 -0.63721577
v 0.64355496 4.01942277 -0.63767633
v -0.63948518 3.98649632 -0.63757721
v 0.63994356 3.98571726 -0.64338429
v -0.63375276 3.95049201 -0.64344292
v 0.63509367 3.95004554 -0.64829058
v -0.63194521 3.91054016 -0.64149674
v 0.63322713 3.91087358 -0.64797355
v -0.62936335 3.87193684 -0.6389841
v 0.63532909 3.87686196 -0.64068981
v -0.62073647 3.83598297 -0.64047035
v 0.63268448 3.84559296 -0.6366589
v -0.60238758 3.8030341 -0.65042448
v 0.61299735 3.80301729 -0.64648828
v -0.59363125 3.76518533 -0.64888457
v 0.61022616 3.76996476 -0.64069121
v -0.596642 3.72714154 -0.63478662
v 0.60406457 3.73264161 -0.63589826
v -0.56657227 3.6923709 -0.65031955
v 0.56491741 3.69428878 -0.6592143
v 0.59122269 3.69143564 -0.6346267
v -0.56553642 3.65870224 -0.64003403
v 0.56987028 3.65949054 -0.64261805
v -0.56438464 3.62269555 -0.62813995
v -0.53298338 3.61841163 -0.65146776
v 0.53551876 3.61613371 -0.65422676
v 0.56982601 3.62034773 -0.62864877
v -0.52484385 3.57684968 -0.64162885
v 0.53728937 3.58141393 -0.63971959
v -0.52312718 3.54191345 -0.62967061
v -0.49027522 3.55153689 -0.6563503
v 0.52831701 3.54435234 -0.63197809
v -0.49218844 3.51605023 -0.639355
v 0.48564769 3.51559633 -0.64885838
v -0.45567021 3.47854896 -0.64410977
v 0.45206028 3.4750813 -0.64939017
v 0.48695809 3.47708323 -0.62943631
v -0.44315825 3.44616811 -0.63462586
v -0.41472498 3.44863585 -0.65071826
v -0.38371774 3.44814889 -0.66367943
v 0.42558296 3.43278274 -0.64218348
v 0.45256819 3.43414108 -0.62865599
v -0.42006986 3.41269123 -0.62913924
v -0.38688449 3.40737727 -0.64066039
v -0.35673921 3.4048883 -0.65138104
v 0.30711558 3.39031494 -0.66045027
v 0.33973147 3.38823441 -0.65081562
v 0.37992363 3.39169514 -0.63967413
v -0.3555786 3.3615618 -0.62621213
v -0.30729062 3.35795517 -0.63669868
v -0.26699699 3.35705934 -0.64413022
v -0.2283258 3.36179905 -0.65287738
v -0.19707644 3.36112457 -0.65527851
v -0.16685329 3.36634936 -0.66115529
v -0.13738177 3.36213317 -0.66024237
v -0.1005348 3.36059943 -0.66070272
v 0.05945487 3.35348759 -0.65781266
v 0.09038003 3.35175463 -0.65609673
v 0.12212446 3.36024366 -0.66032622
v 0.2073129 3.34638541 -0.64632353
v 0.24420839 3.35271742 -0.64719421
v 0.27638231 3.35861031 -0.64596888
v 0.30858831 3.35741174 -0.63995516
v 0.34064205 3.35847043 -0.63243718
v -0.16753939 3.32923467 -0.63696416
v -0.13831709 3.32930395 -0.63860977
v -0.10397901 3.32444495 -0.63695484
v -0.05383848 3.3214293 -0.63622923
v -0.02186508 3.32551428 -0.63982795
v 0.01068902 3.32570397 -0.64026693
v 0.0586801 3.31834276 -0.6346847
v 0.09022921 3.32180923 -0.63607821
v 0.11773284 3.32855074 -0.63964387
v 0.16533671 3.33259685 -0.63997687
v -0.12743808 5.03535796 -0.68624288
v -0.08998125 5.03996424 -0.68519498
v -0.05341767 5.04213428 -0.68507058
v -0.02004663 5.04278488 -0.6847754
v 0.0148638 5.04257558 -0.6845184
v 0.05207046 5.0417325 -0.68480174
v 0.08998715 5.03958374 -0.68504354
v 0.12744927 5.03521283 -0.68619301
v -0.23678277 5.00869481 -0.68778286
v -0.2012559 5.01951619 -0.68732412
v -0.16422279 5.02868055 -0.68752137
v 0.16420258 5.0286643 -0.68750225
v 0.20125138 5.01952011 -0.6873202
v 0.23678399 5.00869593 -0.68778405
v -0.34397382 4.95656267 -0.69148952
v -0.307713 4.97575575 -0.69018462
v -0.27046924 4.99253699 -0.68600318
v 0.27046975 4.99253755 -0.68600395
v 0.3077129 4.97575603 -0.69018469
v 0.34397382 4.95656211 -0.69148952
v -0.3759856 4.93121752 -0.68423835
v 0.37598574 4.93121752 -0.68423814
v -0.42130076 4.89654102 -0.68301821
v 0.42130083 4.89654102 -0.68301807
v -0.45485381 4.86427637 -0.68385464
v 0.45485388 4.86427637 -0.68385485
v -0.48716462 4.82246407 -0.68742429
v 0.48716476 4.82246463 -0.68742429
v -0.50732397 4.78831012 -0.69053345
v 0.50732414 4.7883104 -0.69053366
v -0.52115936 4.75259161 -0.68945256
v 0.5211595 4.75259189 -0.68945298
v -0.52851083 4.71536317 -0.683579
v 0.52851073 4.71536205 -0.6835797
v -0.53880339 4.68351796 -0.68731235
v 0.53880332 4.68351796 -0.68731278
v -0.54480237 4.64749432 -0.68497714
v 0.54480076 4.64749474 -0.68497511
v -0.55018031 4.61257028 -0.68355372
v 0.55019369 4.61257294 -0.68356051
v -0.55319404 4.57518059 -0.68268521
v 0.55318028 4.57516966 -0.68269515
v -0.55383136 4.53802598 -0.68266174
v 0.5538328 4.53805092 -0.68266994
v -0.55139619 4.50281391 -0.68331549
v 0.55139552 4.50281559 -0.6833412
v -0.5457141 4.46464488 -0.68405441
v 0.54566377 4.46459711 -0.68393169
v -0.53874095 4.42592388 -0.685154
v 0.53952165 4.42519259 -0.68356555
v -0.53327187 4.38863436 -0.68719643
v 0.5366821 4.38398676 -0.67860211
v -0.53252353 4.35064675 -0.68633457
v 0.53665009 4.35087889 -0.68400398
v -0.53878248 4.31292378 -0.67985091
v 0.53889719 4.31180836 -0.68548659
v -0.54986868 4.27968156 -0.67072809
v -0.53371982 4.2783298 -0.69859156
v 0.5362304 4.27801053 -0.69309051
v -0.55732305 4.24433934 -0.6728926
v 0.56472633 4.24086166 -0.66938081
v -0.56623559 4.20598497 -0.67420892
v 0.57345835 4.20347183 -0.67225973
v -0.57452037 4.167487 -0.67617955
v 0.5841285 4.16690856 -0.6723358
v -0.58497775 4.13216215 -0.67486155
v 0.59361003 4.13067534 -0.67218401
v -0.59290529 4.09658723 -0.67430664
v 0.60099274 4.09403067 -0.67235843
v -0.59885982 4.06010591 -0.67362522
v 0.60563229 4.05710133 -0.67310597
v -0.60308868 4.02263357 -0.67275349
v 0.60642788 4.02084724 -0.67554037
v -0.60481491 3.98434 -0.67255288
v 0.60291637 3.98554186 -0.68014545
v -0.60518497 3.94938093 -0.67196974
v -0.57946524 3.94927096 -0.69552449
v 0.59855617 3.94952971 -0.68371644
v -0.60041521 3.91332003 -0.67313602
v 0.59681067 3.91337873 -0.68310773
v -0.59947392 3.87861411 -0.67002832
v 0.59779028 3.87878433 -0.67851441
v -0.59188204 3.83894665 -0.66984634
v -0.56914305 3.83723078 -0.68979341
v 0.59572663 3.84546533 -0.67415464
v -0.5693733 3.80564993 -0.68139747
v 0.57562878 3.80505453 -0.68175541
v -0.55849857 3.76520102 -0.6794985
v 0.56938639 3.77173022 -0.67778894
v -0.55897678 3.72498088 -0.66755
v -0.52777884 3.72615809 -0.69203827
v 0.5657102 3.73561202 -0.67105577
v -0.53012712 3.69135439 -0.67913846
v 0.52486441 3.69211902 -0.68935121
v -0.53451103 3.65920517 -0.66559415
v -0.50047266 3.66519235 -0.69238738
v 0.52741484 3.65171494 -0.67366536
v -0.5009424 3.62732382 -0.67792007
v 0.50265497 3.62127445 -0.67953773
v -0.49238174 3.58703462 -0.66836653
v -0.45936482 3.58687869 -0.6891714
v 0.49619645 3.58630151 -0.67002944
v -0.45638185 3.55171859 -0.67712013
v 0.44866119 3.5569176 -0.68839969
v 0.48489623 3.55209517 -0.66477482
v -0.45229238 3.51732467 -0.66510635
v -0.41228123 3.5142272 -0.68544757
v -0.37954201 3.51414496 -0.69961123
v 0.39267157 3.51950109 -0.70069282
v 0.42477725 3.52045274 -0.68671836
v 0.45174416 3.51824186 -0.67055423
v -0.41610158 3.4805289 -0.66648914
v -0.38196458 3.48141086 -0.68190636
v -0.35103327 3.48142718 -0.69394529
v 0.38252541 3.47965864 -0.6842822
v 0.42463246 3.47718585 -0.6651724
v -0.35382905 3.44600126 -0.67420297
v -0.32293542 3.44895611 -0.68481652
v -0.28589628 3.44894658 -0.69364213
v -0.22996552 3.44489424 -0.70027815
v -0.19388639 3.4389645 -0.70049893
v -0.16437871 3.43293299 -0.69937629
v -0.13227352 3.42894656 -0.69891749
v 0.27249841 3.43921807 -0.69297858
v 0.30418909 3.42814977 -0.68165594
v 0.33736551 3.42861285 -0.67309889
v 0.379184 3.43445923 -0.6623409
v -0.32136203 3.40806408 -0.66292558
v -0.28265876 3.41031966 -0.67275797
v -0.2314865 3.4101914 -0.68085447
v -0.19572428 3.40431378 -0.68085503
v -0.16551525 3.40078847 -0.68121493
v -0.13346011 3.39492668 -0.67944176
v -0.09189189 3.39836709 -0.68331885
v -0.04966185 3.40775735 -0.69041809
v -0.02167335 3.40874017 -0.69151418
v 0.01034444 3.40484873 -0.68932494
v 0.05741526 3.39561503 -0.68295412
v 0.0896845 3.39233383 -0.6800684
v 0.12415364 3.39623095 -0.68113003
v 0.17478932 3.40433633 -0.68357648
v 0.21174232 3.40487766 -0.68146941
v 0.23963882 3.39422565 -0.67290458
v 0.27465368 3.39913074 -0.67065062
v -0.05294214 3.36910086 -0.66700468
v -0.02057653 3.37386446 -0.67063808
v 0.01326614 3.36899726 -0.66797133
v 0.17044877 3.37126762 -0.6648153
v 0.21193274 3.37845862 -0.66647331
v -0.20304055 5.03415148 -0.72124152
v -0.16616839 5.04347666 -0.72246958
v -0.13009283 5.04990919 -0.72170558
v -0.09188206 5.0539747 -0.72139549
v -0.05397397 5.05668888 -0.72294037
v -0.01969771 5.05823243 -0.72339483
v 0.01555439 5.05814641 -0.72320059
v 0.05286277 5.05644203 -0.72273331
v 0.09179949 5.05359365 -0.7212528
v 0.1301061 5.049738 -0.72171469
v 0.16614646 5.04345424 -0.72245592
v 0.20302189 5.03415428 -0.72122079
v -0.27294131 5.01041628 -0.72206857
v -0.23875971 5.02365567 -0.72112364
v 0.23875644 5.02365679 -0.72111922
v 0.27294194 5.01041628 -0.7220692
v -0.34362604 4.97548817 -0.72485166
v -0.30862613 4.99403515 -0.72499176
v 0.3086262 4.99403487 -0.72499218
v 0.34362604 4.97548845 -0.72485166
v -0.41254383 4.92567318 -0.71646882
v -0.37827504 4.95126657 -0.71913088
v 0.37827529 4.95126657 -0.71913081
v 0.41254404 4.92567318 -0.71646875
v -0.44861069 4.89964549 -0.7230909
v 0.44861086 4.89964549 -0.72309076
v -0.48900083 4.8572745 -0.72456783
v 0.48900097 4.8572745 -0.72456797
v -0.5058491 4.82806277 -0.72066343
v 0.50584924 4.82806277 -0.7206635
v -0.52769657 4.78861188 -0.72354949
v 0.52769664 4.78861188 -0.72354949
v -0.54436626 4.75331561 -0.72646953
v 0.54436626 4.75331561 -0.72646974
v -0.55422681 4.7207691 -0.725508
v 0.55422681 4.72076853 -0.725508
v -0.56075538 4.68438556 -0.72211914
v 0.56075534 4.68438542 -0.72211928
v -0.56759257 4.64788462 -0.7199161
v 0.56759243 4.64788448 -0.71991645
v -0.57379885 4.61250822 -0.71989011
v 0.57379808 4.6125078 -0.71988969
v -0.57732654 4.57459052 -0.71994153
v 0.57733018 4.57459108 -0.71994349
v -0.57810312 4.53675884 -0.71898567
v 0.57809818 4.53675323 -0.71898329
v -0.57611263 4.50190316 -0.71750173
v 0.57611312 4.50190918 -0.71749907
v -0.57093513 4.46346767 -0.71877266
v 0.57096448 4.46349135 -0.71881749
v -0.56251747 4.4251762 -0.72183524
v 0.56248952 4.42524933 -0.72199572
v -0.55201512 4.38998556 -0.72517549
v 0.5522026 4.38925007 -0.72433801
v -0.53914823 4.35219773 -0.72336737
v 0.53990779 4.35323638 -0.72356427
v -0.52970201 4.30825545 -0.71655827
v 0.52990966 4.31575213 -0.72089255
v -0.51931989 4.28057368 -0.72718989
v 0.52399359 4.28072008 -0.71948251
v -0.52672996 4.2496203 -0.71150258
v 0.53119807 4.24920689 -0.70905675
v -0.53359409 4.20574849 -0.70902803
v -0.50677379 4.20602195 -0.7371469
v 0.53786816 4.20410029 -0.7098225
v -0.53628703 4.16129893 -0.71401942
v 0.54911865 4.16656785 -0.70668294
v -0.55206926 4.12990917 -0.70627106
v -0.52607324 4.12989292 -0.72790598
v 0.55832465 4.13051465 -0.70552941
v -0.5588003 4.09538958 -0.70596902
v 0.56483619 4.09419094 -0.70581135
v -0.56299971 4.05889845 -0.70650992
v 0.5685797 4.05754332 -0.70704249
v -0.56573805 4.02043788 -0.70662662
v 0.56894373 4.02117001 -0.70939053
v -0.56648485 3.97750176 -0.70696649
v 0.56602905 3.9846482 -0.7127714
v -0.55232945 3.94860243 -0.71808725
v 0.56218878 3.9470198 -0.71502277
v -0.56599456 3.92061904 -0.70435143
v -0.53080906 3.91496165 -0.73120644
v 0.53139052 3.90944392 -0.73590273
v 0.56194512 3.91215501 -0.71265632
v -0.56821854 3.87971553 -0.69731321
v -0.53591715 3.8762817 -0.72205245
v 0.53256275 3.8756643 -0.73016107
v 0.56165803 3.87650963 -0.7082793
v -0.53925775 3.83548395 -0.7130317
v 0.53442053 3.84054105 -0.72291046
v 0.55825908 3.83913521 -0.70499481
v -0.53223564 3.80409237 -0.71125524
v -0.4972393 3.80214927 -0.73594665
v 0.53536445 3.80773676 -0.71503237
v -0.52778697 3.77072855 -0.70516384
v -0.49778035 3.7702088 -0.72632531
v 0.49043927 3.77094261 -0.73635768
v 0.52455375 3.77279801 -0.71327959
v -0.4946488 3.72974658 -0.71609113
v 0.49141296 3.73792594 -0.72605135
v 0.52146325 3.73747652 -0.70559567
v -0.49132617 3.69583135 -0.70802483
v -0.45427053 3.69168206 -0.73017003
v 0.46494811 3.69758294 -0.73047046
v 0.49497074 3.69906373 -0.71218392
v -0.46136385 3.65866021 -0.71561642
v -0.43023568 3.65459246 -0.73161832
v 0.46660703 3.66464192 -0.71936756
v 0.49756127 3.66210147 -0.69858708
v -0.46304007 3.62360714 -0.70130755
v -0.42462805 3.61975667 -0.72070385
v 0.42033065 3.62439601 -0.72973868
v 0.46575414 3.62644095 -0.70521777
v -0.41719753 3.58409013 -0.71050868
v -0.37579069 3.58359126 -0.72921936
v 0.3898143 3.58924922 -0.72995639
v 0.41855945 3.58977751 -0.71722736
v 0.45474507 3.59145457 -0.6978221
v -0.41339276 3.54877845 -0.69882671
v -0.37663626 3.5486378 -0.71514935
v -0.34662694 3.54933701 -0.72710955
v -0.31617885 3.54963919 -0.73613843
v 0.3576515 3.55545867 -0.72932975
v 0.3931011 3.55471379 -0.71503727
v 0.42075037 3.55599691 -0.70321507
v -0.34913837 3.51487275 -0.71176259
v -0.31830922 3.5150742 -0.72090663
v -0.2817326 3.51444567 -0.72947503
v -0.22793201 3.51029884 -0.73606292
v -0.19081761 3.50486391 -0.73725267
v -0.16157288 3.50145467 -0.73768142
v 0.26770528 3.51939609 -0.73651907
v 0.30409362 3.52164774 -0.73064439
v 0.35459774 3.52135165 -0.71601296
v -0.32050477 3.48218355 -0.70326032
v -0.28384484 3.48130348 -0.71164911
v -0.22794865 3.47697634 -0.71826552
v -0.19221886 3.47136952 -0.71889307
v -0.16344565 3.46560776 -0.71802049
v -0.134638 3.465132 -0.71933954
v -0.09783596 3.47389849 -0.726413
v -0.05179801 3.47498435 -0.72959173
v -0.02161409 3.4727119 -0.72908711
v 0.00871141 3.47295328 -0.72924485
v 0.05625155 3.47946034 -0.73166441
v 0.08820416 3.47990794 -0.73047614
v 0.12181588 3.47236657 -0.72459893
v 0.17260025 3.4721794 -0.72176722
v 0.20766087 3.47821897 -0.72225783
v 0.23831924 3.4834418 -0.72204041
v 0.26938397 3.48413925 -0.71775516
v 0.30128341 3.48228119 -0.71114324
v 0.3404373 3.48127805 -0.69982088
v -0.09057771 3.43621376 -0.7053683
v -0.04887396 3.44126203 -0.71036922
v -0.02175902 3.43981753 -0.71009562
v 0.00881346 3.43971092 -0.71007972
v 0.0571538 3.44346423 -0.71106815
v 0.0911709 3.44460733 -0.71032187
v 0.12634632 3.44110401 -0.70667979
v 0.17554432 3.44183523 -0.70451037
v 0.20957073 3.44446807 -0.70336735
v 0.24040919 3.44331819 -0.69987272
v -0.05432464 5.06911377 -0.7634056
v -0.01944798 5.07084028 -0.76366757
v 0.01636342 5.07082235 -0.76353785
v 0.05355451 5.06896835 -0.76322376
v -0.23770819 5.03635319 -0.75627575
v -0.20059615 5.04665678 -0.75640996
v -0.16317638 5.05576678 -0.75834668
v -0.1286784 5.06175998 -0.7582746
v -0.09181255 5.06586752 -0.76000777
v 0.09185754 5.06554783 -0.76002934
v 0.12896484 5.06162717 -0.75863205
v 0.16330283 5.05575837 -0.75850702
v 0.20059403 5.04666042 -0.75640758
v 0.23769698 5.03635347 -0.75626244
v -0.30988817 5.00823615 -0.75996749
v -0.27357758 5.02434774 -0.75835418
v 0.27357594 5.02434774 -0.75835222
v 0.30988838 5.00823643 -0.75996791
v -0.380205 4.9675757 -0.75704977
v -0.34494327 4.98927225 -0.75923775
v 0.34494341 4.98927225 -0.75923782
v 0.38020507 4.9675757 -0.75704963
v -0.41737594 4.94368359 -0.75938428
v 0.41737594 4.94368303 -0.75938428
v -0.48253558 4.88721696 -0.75881635
v -0.45247793 4.91678985 -0.76142783
v 0.452478 4.91679013 -0.76142769
v 0.48253572 4.88721668 -0.75881649
v -0.51107273 4.85654181 -0.76444418
v 0.51107291 4.85654181 -0.76444425
v -0.52859219 4.82385464 -0.75978544
v 0.52859222 4.82385464 -0.75978537
v -0.54675682 4.78687977 -0.75967498
v 0.54675682 4.78687977 -0.75967505
v -0.56153762 4.75303711 -0.76077457
v 0.56153759 4.75303767 -0.76077471
v -0.571532 4.72048302 -0.75991608
v 0.57153193 4.72048302 -0.75991622
v -0.57878814 4.68383933 -0.75706392
v 0.57878807 4.68383961 -0.75706406
v -0.58674391 4.64724215 -0.7563175
v 0.58674391 4.64724201 -0.7563175
v -0.59377135 4.6117307 -0.75828693
v 0.59377135 4.61173098 -0.75828693
v -0.59798844 4.57383457 -0.75970608
v 0.5979883 4.57383415 -0.75970594
v -0.59886626 4.53549225 -0.75800044
v 0.59886697 4.53549211 -0.75800072
v -0.59605207 4.50021195 -0.75371225
v 0.59605053 4.50020985 -0.75371057
v -0.59087799 4.46239834 -0.75322381
v 0.59087975 4.46238755 -0.75320896
v -0.58453018 4.42410673 -0.75713894
v 0.58454686 4.42412424 -0.75713697
v -0.57539788 4.39019108 -0.76151132
v 0.57537763 4.39038553 -0.76167117
v -0.55763591 4.3544947 -0.75961222
v 0.55748307 4.35419 -0.75950806
v -0.53561308 4.31718389 -0.75717361
v 0.53538634 4.31754645 -0.75770758
v -0.51339121 4.28260699 -0.75748945
v 0.51498813 4.28242529 -0.75687192
v -0.49734721 4.23982105 -0.75347185
v 0.50458952 4.24454976 -0.75346632
v -0.4742632 4.20568447 -0.76569935
v 0.5015104 4.19730226 -0.75055692
v -0.49387345 4.1735106 -0.74950945
v -0.46658486 4.16770261 -0.77543704
v 0.49083325 4.16475546 -0.75966419
v 0.51567722 4.16467448 -0.73815732
v -0.48943442 4.1334639 -0.75560211
v 0.48987049 4.13160724 -0.76272691
v 0.52319484 4.13026122 -0.73589817
v -0.52528668 4.09477793 -0.73344717
v -0.48926294 4.09540457 -0.75952564
v 0.49100697 4.09408516 -0.76355164
v 0.52803952 4.09402422 -0.7362676
v -0.52653054 4.05814138 -0.7362683
v 0.49307107 4.05590983 -0.76468003
v 0.53103805 4.05705257 -0.73762097
v -0.52784167 4.02102432 -0.7373363
v -0.49103614 4.02137021 -0.76352321
v 0.49457998 4.01932442 -0.7655437
v 0.53171971 4.02041771 -0.73934209
v -0.52791634 3.98364906 -0.73767862
v -0.49148654 3.98568209 -0.76346058
v 0.49428778 3.98383594 -0.76618323
v 0.52954318 3.98272444 -0.74139117
v -0.52559447 3.94936496 -0.7384595
v -0.4915775 3.95098878 -0.76185441
v 0.49031039 3.94790855 -0.76735784
v 0.52450605 3.93962706 -0.74342729
v -0.49296372 3.91474604 -0.75724085
v 0.50908915 3.9096549 -0.75152987
v -0.49503133 3.874014 -0.74982599
v 0.50241229 3.87549311 -0.75070654
v -0.49762589 3.83318516 -0.74138325
v -0.45076308 3.83079573 -0.76950835
v 0.46079416 3.83371668 -0.76883842
v 0.50172146 3.83798911 -0.74469786
v -0.45188772 3.79354473 -0.76163461
v 0.45785062 3.79725959 -0.76379611
v 0.49525369 3.80331205 -0.74209514
v -0.45458588 3.76066423 -0.75048359
v -0.4236184 3.75673769 -0.76622547
v 0.45985984 3.76466278 -0.75334079
v -0.45501849 3.72558258 -0.73962634
v -0.42584452 3.72297502 -0.75475728
v -0.39354842 3.72147336 -0.77024307
v 0.41383364 3.72631023 -0.76629461
v 0.46263545 3.73164359 -0.74177313
v -0.42798714 3.68890191 -0.74359015
v -0.39538469 3.68739338 -0.75919096
v 0.38200892 3.69201367 -0.77056122
v 0.41575702 3.69259043 -0.75544402
v -0.39277801 3.65312344 -0.74943485
v -0.34452572 3.65347493 -0.7693083
v 0.35539575 3.65843382 -0.77102955
v 0.38448864 3.65806453 -0.75903783
v 0.41812999 3.65931543 -0.74405722
v -0.38137125 3.61853996 -0.74064874
v -0.34207258 3.61885657 -0.75678261
v -0.31116032 3.61924687 -0.76612922
v -0.28136422 3.61938795 -0.77409606
v 0.35253115 3.62410728 -0.75843865
v 0.38703638 3.62378926 -0.74476931
v -0.34378648 3.58410737 -0.74207475
v -0.3140467 3.58447301 -0.75091241
v -0.28330984 3.58450789 -0.75904106
v -0.24742027 3.58256424 -0.76459954
v -0.20761891 3.5788271 -0.7683986
v -0.16253888 3.57498854 -0.77117819
v 0.11759125 3.57258258 -0.77350417
v 0.16916493 3.57805897 -0.77302806
v 0.20396957 3.58348283 -0.77245557
v 0.23325914 3.58706348 -0.77090501
v 0.26342392 3.58885639 -0.7669251
v 0.29974992 3.5899508 -0.76001863
v 0.35493365 3.58964596 -0.74378179
v -0.28161461 3.54934191 -0.74465289
v -0.23458512 3.54602015 -0.75087529
v -0.19480708 3.54057038 -0.75303525
v -0.16040506 3.53632008 -0.75402116
v -0.13093209 3.54286427 -0.75856039
v -0.09364872 3.55325136 -0.76529245
v -0.04975693 3.55495882 -0.76807064
v -0.0211432 3.55361756 -0.76800417
v 0.01000512 3.55295478 -0.76773596
v 0.05551596 3.5526215 -0.76672609
v 0.08630903 3.54640191 -0.7627356
v 0.11833843 3.53900049 -0.7580237
v 0.17023963 3.54210972 -0.75691948
v 0.20529375 3.54719596 -0.75650221
v 0.23513078 3.55147581 -0.75543925
v 0.26546414 3.55375261 -0.75183892
v 0.3022902 3.55543513 -0.74537578
v -0.13384876 3.5066833 -0.74133261
v -0.09885114 3.51630962 -0.74775632
v -0.05169252 3.51498426 -0.74918576
v -0.02138342 3.51234784 -0.74844663
v 0.00878555 3.51256807 -0.74858154
v 0.05575468 3.51725322 -0.75009539
v 0.08683505 3.51589193 -0.74845923
v 0.11914108 3.50812641 -0.74341643
v 0.17115044 3.50747679 -0.7408268
v 0.20652718 3.51163001 -0.74032758
v 0.23660455 3.5166083 -0.7398603
v -0.12534795 5.0707904 -0.79535132
v -0.09075093 5.07415153 -0.79578589
v -0.05486388 5.07666761 -0.7969334
v -0.01955354 5.07784075 -0.79556637
v 0.01713654 5.07783234 -0.79564062
v 0.05448672 5.07657038 -0.79687162
v 0.09113847 5.07394867 -0.79602587
v 0.12600931 5.07075118 -0.79610355
v -0.27303167 5.03492956 -0.79593537
v -0.23629109 5.04631579 -0.79398345
v -0.19760545 5.05654122 -0.79406751
v -0.15887687 5.06549431 -0.79609186
v 0.15921902 5.06552345 -0.79649967
v 0.19766765 5.05655298 -0.79413832
v 0.23628853 5.04631663 -0.79397953
v 0.27302957 5.03492872 -0.79593285
v -0.34536505 5.0002001 -0.79521599
v -0.30965687 5.01965909 -0.79622887
v 0.3096568 5.01965937 -0.79622887
v 0.34536516 5.0002001 -0.79521592
v -0.38155449 4.97851195 -0.79423982
v 0.38155456 4.97851139 -0.79423982
v -0.45415489 4.92658462 -0.79524436
v -0.41824143 4.95447359 -0.79486779
v 0.41824143 4.95447359 -0.79486772
v 0.45415485 4.92658434 -0.79524436
v -0.49001276 4.89414066 -0.79609802
v 0.49001272 4.89414066 -0.79609788
v -0.52165952 4.85877742 -0.79800792
v 0.52165956 4.85877742 -0.79800785
v -0.54177551 4.82531077 -0.79657868
v 0.54177548 4.82531077 -0.79657868
v -0.55826893 4.7901672 -0.79534922
v 0.55826889 4.79016692 -0.79534943
v -0.57268679 4.75516653 -0.79472784
v 0.57268679 4.75516653 -0.79472791
v -0.58399373 4.72046537 -0.79435834
v 0.58399366 4.72046537 -0.79435827
v -0.59302269 4.68292312 -0.79361893
v 0.59302269 4.68292298 -0.79361907
v -0.60175751 4.64591127 -0.79431022
v 0.60175751 4.64591141 -0.79431029
v -0.60887868 4.61086478 -0.79723166
v 0.60887868 4.61086492 -0.7972318
v -0.61344579 4.57397915 -0.79968133
v 0.61344565 4.57397901 -0.7996814
v -0.61506527 4.53541226 -0.79885786
v 0.61506513 4.5354124 -0.79885779
v -0.61302103 4.49931213 -0.79468798
v 0.6130211 4.49931227 -0.79468798
v -0.6081553 4.46323848 -0.79260976
v 0.60815488 4.4632389 -0.79261032
v -0.60071116 4.42532218 -0.79428899
v 0.60071242 4.42531069 -0.79427723
v -0.59027475 4.38920482 -0.79803117
v 0.59028204 4.38922513 -0.7980421
v -0.57629129 4.3523933 -0.79671471
v 0.57631987 4.35239918 -0.79668095
v -0.55586744 4.31439462 -0.79637036
v 0.55581939 4.31421853 -0.7962323
v -0.52987226 4.28054832 -0.79581699
v 0.52903513 4.28016923 -0.79607084
v -0.49794201 4.24686845 -0.79526839
v 0.49730459 4.246167 -0.79539111
v -0.46181086 4.20261166 -0.7934595
v 0.46987614 4.20788408 -0.79254595
v -0.43999025 4.17008574 -0.8061077
v 0.46289014 4.16857777 -0.79037849
v -0.45118025 4.13946298 -0.78497523
v -0.42248791 4.13201786 -0.81081519
v 0.42968479 4.13059366 -0.81114
v 0.45632665 4.13973266 -0.79385849
v -0.45298966 4.09795441 -0.78378703
v -0.42004892 4.0980351 -0.80848053
v 0.45354005 4.09737386 -0.78978135
v -0.49014868 4.05802342 -0.76223091
v -0.45446131 4.05979056 -0.78438046
v -0.41968671 4.06074488 -0.80605418
v 0.45490498 4.05703408 -0.78853606
v -0.45524856 4.02270432 -0.7849276
v -0.41968026 4.02342412 -0.80493995
v 0.45697637 4.01956412 -0.78790837
v -0.45539577 3.98654185 -0.78473378
v 0.42136146 3.98510967 -0.80688648
v 0.45819137 3.98443988 -0.78729027
v -0.4550228 3.95159077 -0.78369267
v -0.41916773 3.95195837 -0.80278657
v 0.42194239 3.95079349 -0.80508915
v 0.45778944 3.95075497 -0.78665005
v -0.45302678 3.91619993 -0.78221574
v -0.41812085 3.91751863 -0.80074961
v 0.42191651 3.91502777 -0.80224063
v 0.45672035 3.91816572 -0.78522179
v 0.47999023 3.91522306 -0.77103761
v -0.4507075 3.87439492 -0.77723556
v -0.4166375 3.88085015 -0.79686454
v 0.42178251 3.87277194 -0.79648937
v 0.46397989 3.88275612 -0.77551311
v -0.41792955 3.83803926 -0.78837908
v -0.38718618 3.84276209 -0.80412244
v 0.37610072 3.82460458 -0.80926275
v 0.41569811 3.82755789 -0.7916275
v -0.42116018 3.79279887 -0.77770599
v -0.38892733 3.79273695 -0.7931894
v 0.37611617 3.79288069 -0.80294593
v 0.41089906 3.79337494 -0.78741664
v -0.39131851 3.75513923 -0.78157453
v -0.33916119 3.7561479 -0.80321421
v 0.34959339 3.76041865 -0.80431184
v 0.37821806 3.75982563 -0.79248487
v 0.41180866 3.76005062 -0.77742797
v -0.3409492 3.7220469 -0.79196596
v -0.30590664 3.72309677 -0.80360521
v 0.32204814 3.72746936 -0.80327662
v 0.35132263 3.72642805 -0.79328263
v 0.38017562 3.72589135 -0.78138274
v -0.34314405 3.68783468 -0.78072465
v -0.30745923 3.68857773 -0.79238316
v -0.2775914 3.68901552 -0.80068132
v -0.24790066 3.68857353 -0.80658164
v 0.2873397 3.69401392 -0.8025779
v 0.32378015 3.69330701 -0.79231907
v 0.35366065 3.69245874 -0.78229629
v -0.30945156 3.65400434 -0.78048558
v -0.27903195 3.6542156 -0.78874984
v -0.24940557 3.65340474 -0.79430994
v -0.21402773 3.65147342 -0.79932725
v -0.16156409 3.64580187 -0.80285872
v -0.12754718 3.6414133 -0.80362917
v -0.09315402 3.64206334 -0.80601986
v 0.05591582 3.64362902 -0.80914269
v 0.08456838 3.64196289 -0.80718901
v 0.11596586 3.64517789 -0.80674211
v 0.16678954 3.65225472 -0.80622419
v 0.20084003 3.65578773 -0.80428648
v 0.23427065 3.65814551 -0.80085174
v 0.28164382 3.65921862 -0.79213233
v 0.31918029 3.6591214 -0.78258348
v -0.25106442 3.61825333 -0.77945113
v -0.21404304 3.61535704 -0.78389392
v -0.16311055 3.60934633 -0.78670798
v -0.12782252 3.60819826 -0.78882759
v -0.0889676 3.61352882 -0.79378676
v -0.04979526 3.62716243 -0.80209759
v -0.01962286 3.63142352 -0.80481296
v 0.01477734 3.62694305 -0.80277544
v 0.05598508 3.61760189 -0.79770966
v 0.08506556 3.61036831 -0.79289745
v 0.11678258 3.60791051 -0.7899482
v 0.16801492 3.61505472 -0.78981679
v 0.20221412 3.61967836 -0.78866221
v 0.23150394 3.62257269 -0.78657054
v 0.26618194 3.62403947 -0.78123887
v 0.30301896 3.62463249 -0.77330691
v -0.12824107 3.57974948 -0.77559142
v -0.08814317 3.58744635 -0.78151842
v -0.04772202 3.59400777 -0.7866892
v -0.01944801 3.59521678 -0.78788644
v 0.01361934 3.59374664 -0.78717162
v 0.05639277 3.58951708 -0.78424527
v 0.08580454 3.58026166 -0.77859803
v -0.1626992 5.06987643 -0.83060599
v -0.12719817 5.07540144 -0.83031067
v -0.09039571 5.07912036 -0.83106479
v -0.05428526 5.08143975 -0.83141629
v -0.01956788 5.08242853 -0.83074741
v 0.01625854 5.0824092 -0.83132887
v 0.05353457 5.08135766 -0.83172267
v 0.09065781 5.07899932 -0.83111684
v 0.12759874 5.07539107 -0.83064444
v 0.16282196 5.06989493 -0.83074258
v -0.2743938 5.04011386 -0.83180799
v -0.23802755 5.05144854 -0.83046127
v -0.20036048 5.06142123 -0.829747
v 0.20034473 5.06142403 -0.8297325
v 0.23801412 5.05144714 -0.83044614
v 0.2743924 5.04011302 -0.83180645
v -0.34628428 5.00724232 -0.83090326
v -0.31060772 5.02582096 -0.83129728
v 0.31060793 5.02582068 -0.83129763
v 0.34628438 5.00724232 -0.83090326
v -0.41919771 4.96003082 -0.83065712
v -0.38266995 4.98501873 -0.83101394
v 0.38266995 4.98501845 -0.83101394
v 0.41919775 4.96003082 -0.83065712
v -0.45538007 4.93158932 -0.82980661
v 0.45538007 4.93158932 -0.82980661
v -0.49098995 4.89977858 -0.8289809
v 0.49098988 4.89977858 -0.8289809
v -0.52281505 4.86563051 -0.82910194
v 0.52281502 4.86563051 -0.82910187
v -0.54558759 4.83110504 -0.82956019
v 0.54558752 4.83110504 -0.82956047
v -0.56333576 4.79498109 -0.82895716
v 0.56333576 4.79498053 -0.82895723
v -0.57936277 4.75703145 -0.82854262
v 0.57936284 4.75703033 -0.82854269
v -0.59259589 4.7199686 -0.82955977
v 0.59259596 4.7199686 -0.82955991
v -0.60328832 4.6817794 -0.83128376
v 0.60328832 4.6817794 -0.83128383
v -0.61239936 4.64451019 -0.8330537
v 0.61239936 4.64451019 -0.83305391
v -0.61918991 4.61012439 -0.83574251
v 0.61918998 4.61012439 -0.83574279
v -0.62382518 4.57491189 -0.83867082
v 0.62382497 4.57491161 -0.83867096
v -0.62657143 4.53657503 -0.84043985
v 0.62657129 4.53657503 -0.84043999
v -0.62653248 4.49889367 -0.83989741
v 0.62653248 4.49889353 -0.83989734
v -0.62261575 4.46415973 -0.83706051
v 0.62261589 4.46416015 -0.83706044
v -0.61356543 4.42770055 -0.83313748
v 0.61356515 4.42770139 -0.83313818
v -0.60160369 4.3903117 -0.83213413
v 0.60160341 4.3903075 -0.83213062
v -0.59003295 4.35438571 -0.83095664
v 0.59003239 4.35439551 -0.83096715
v -0.57322811 4.31778713 -0.83206156
v 0.57327528 4.31780366 -0.83204012
v -0.55021772 4.28203681 -0.83330902
v 0.55018371 4.28205951 -0.8333065
v -0.52145884 4.24813826 -0.83392452
v 0.52042936 4.24791495 -0.83425948
v -0.48679971 4.2139745 -0.83344428
v 0.48599975 4.21407313 -0.83441933
v -0.4498247 4.18067708 -0.8323725
v -0.42796368 4.15813156 -0.82545188
v 0.42482446 4.14605872 -0.8318697
v 0.45447542 4.17176644 -0.82463548
v -0.40745378 4.12632165 -0.83394385
v 0.40932 4.12344049 -0.83429115
v -0.39215589 4.09777018 -0.83950984
v 0.3904284 4.09222879 -0.84370655
v 0.4174236 4.10103324 -0.81651188
v -0.38735355 4.05953839 -0.8294077
v -0.35820917 4.05483153 -0.85268339
v 0.38456902 4.05863773 -0.83798548
v 0.41796226 4.05902173 -0.81203555
v -0.38509532 4.02286949 -0.82479288
v -0.35160527 4.02284497 -0.8455431
v 0.38333967 4.02164479 -0.83075414
v 0.41970366 4.02073194 -0.80898732
v -0.41952805 3.98690889 -0.80406556
v -0.38412738 3.98666765 -0.82198898
v -0.34837818 3.98707658 -0.83955551
v 0.34699434 3.98685958 -0.84445213
v 0.38390936 3.98584418 -0.82596238
v -0.38400525 3.95215913 -0.81970847
v -0.34739588 3.95247882 -0.83561279
v 0.34687039 3.95129153 -0.83930579
v 0.38419354 3.95069319 -0.82291724
v -0.38453172 3.9184057 -0.81665856
v -0.34774265 3.91799047 -0.83168905
v 0.34671016 3.91319885 -0.83490847
v 0.38356382 3.91284469 -0.81953447
v -0.38572262 3.88306348 -0.81165722
v -0.34796333 3.88115247 -0.82648738
v -0.30903149 3.87630902 -0.83939986
v 0.3129132 3.87178217 -0.84092016
v 0.34596378 3.87059488 -0.82929436
v 0.3810712 3.86850595 -0.81454742
v -0.34395964 3.83985851 -0.82092644
v -0.30590135 3.83299421 -0.83285743
v -0.27321851 3.83044521 -0.84216328
v 0.27858691 3.83206665 -0.84388979
v 0.31582767 3.83088903 -0.83296005
v 0.3455877 3.82759599 -0.82238789
v -0.33842083 3.79363957 -0.81412959
v -0.30263511 3.79106564 -0.82575469
v -0.27332324 3.79243197 -0.83466891
v -0.24384709 3.79375739 -0.84140887
v 0.2834938 3.79719963 -0.83596113
v 0.31868411 3.79545056 -0.82500631
v 0.34772657 3.79384607 -0.81476085
v -0.30425115 3.7571675 -0.81498276
v -0.27493908 3.75856549 -0.82372088
v -0.24552649 3.75913287 -0.83039066
v -0.21078644 3.75924396 -0.83694711
v -0.15894606 3.75827494 -0.84350509
v -0.12705478 3.75752502 -0.84618648
v -0.09591207 3.75705949 -0.84828186
v 0.16418839 3.76448612 -0.84660256
v 0.1974627 3.76489337 -0.84275405
v 0.23121801 3.76477513 -0.83743414
v 0.285058 3.76321001 -0.82523368
v 0.32021246 3.761632 -0.81449552
v -0.27630583 3.72382791 -0.81209214
v -0.24670881 3.72382301 -0.81837583
v -0.21181457 3.72325591 -0.82440321
v -0.15972635 3.72093106 -0.83004961
v -0.12767117 3.71905507 -0.83210751
v -0.09647351 3.71709236 -0.83350837
v -0.05121237 3.71616718 -0.83552691
v -0.02039282 3.71606996 -0.83619719
v 0.00994232 3.71741682 -0.83679335
v 0.05394739 3.71968409 -0.83710878
v 0.08384929 3.72189925 -0.83676029
v 0.11483812 3.7239533 -0.83580738
v 0.1651473 3.72704404 -0.83313734
v 0.19840973 3.72846108 -0.82995518
v 0.23242975 3.72918285 -0.82522682
v 0.2865729 3.72861112 -0.81375708
v -0.21287053 3.68737293 -0.81211512
v -0.1605806 3.68356519 -0.81680552
v -0.12826869 3.68000906 -0.81802762
v -0.09711825 3.6771122 -0.81891953
v -0.05527285 3.67813474 -0.8214499
v -0.02078441 3.67818896 -0.82234439
v 0.01379333 3.67867228 -0.82272636
v 0.05560541 3.67836548 -0.82205657
v 0.08429274 3.6810407 -0.82189154
v 0.11538332 3.68470527 -0.82161213
v 0.16591564 3.68968167 -0.8199516
v 0.19945039 3.69208133 -0.81737752
v 0.23390474 3.69367657 -0.81319979
v -0.05418204 3.65219209 -0.81212219
v -0.02074414 3.65546818 -0.81427942
v 0.01503056 3.6517833 -0.81297004
v -0.16793353 5.07026029 -0.86499151
v -0.12963954 5.07643393 -0.86548604
v -0.08940322 5.08097772 -0.86742886
v -0.05279654 5.08361792 -0.86794076
v -0.01946584 5.08476529 -0.86831642
v 0.01457869 5.08475044 -0.86939465
v 0.05113675 5.08357702 -0.86882727
v 0.08929078 5.08093261 -0.86754773
v 0.1297371 5.07643561 -0.86551434
v 0.16792052 5.07026477 -0.86495999
v -0.27434325 5.04108779 -0.86676818
v -0.23846005 5.05279119 -0.86589273
v -0.20318177 5.06245652 -0.86510436
v 0.20315888 5.06245596 -0.86507865
v 0.2384573 5.05279091 -0.86589014
v 0.2743443 5.04108779 -0.86676944
v -0.34593597 5.00995537 -0.86651096
v -0.31026152 5.02725383 -0.86631827
v 0.3102618 5.02725383 -0.86631862
v 0.34593611 5.00995509 -0.8665111
v -0.41963659 4.96159258 -0.8665125
v -0.38266098 4.9874897 -0.86725206
v 0.38266109 4.98749026 -0.8672522
v 0.41963663 4.96159258 -0.86651236
v -0.45628319 4.93239766 -0.86574395
v 0.45628308 4.93239766 -0.86574402
v -0.49188605 4.90026526 -0.86522371
v 0.49188595 4.9002661 -0.86522385
v -0.52425563 4.86561454 -0.86493954
v 0.52425549 4.86561454 -0.86493982
v -0.54923451 4.82872765 -0.86519142
v 0.54923451 4.82872765 -0.86519184
v -0.56775238 4.7924213 -0.86470964
v 0.56775241 4.7924213 -0.86470992
v -0.58413999 4.75430551 -0.86462362
v 0.58413999 4.75430467 -0.86462369
v -0.59785388 4.71783834 -0.86613082
v 0.59785388 4.71783834 -0.86613103
v -0.60895727 4.68124508 -0.86877123
v 0.60895706 4.68124508 -0.86877137
v -0.61805669 4.64402407 -0.87046825
v 0.61805669 4.64402393 -0.8704686
v -0.62480009 4.60907747 -0.87182611
v 0.62479995 4.60907733 -0.87182639
v -0.62941561 4.5746757 -0.87313164
v 0.62941554 4.57467542 -0.87313192
v -0.63244926 4.53695146 -0.87441476
v 0.63244905 4.5369516 -0.8744149
v -0.63336148 4.49797017 -0.87565185
v 0.63336148 4.49797003 -0.87565206
v -0.63028937 4.46354907 -0.87478026
v 0.63028937 4.46354935 -0.8747804
v -0.62177239 4.42968581 -0.87141452
v 0.62177253 4.42968567 -0.87141445
v -0.61072182 4.39240288 -0.86861587
v 0.61072161 4.39240344 -0.86861622
v -0.59974962 4.3558742 -0.86614854
v 0.59974927 4.35587378 -0.86614833
v -0.58385819 4.31949193 -0.86623484
v 0.58385395 4.31949305 -0.86623932
v -0.56095501 4.28140401 -0.86795659
v 0.5610101 4.28140934 -0.86793824
v -0.53264432 4.24359054 -0.87009063
v 0.53262362 4.24359825 -0.87007662
v -0.50018782 4.20913707 -0.87131743
v 0.49947611 4.20945368 -0.87167173
v -0.46092375 4.17507867 -0.8723432
v 0.46129731 4.17492134 -0.87245912
v -0.41912273 4.1439611 -0.85815257
v -0.39546136 4.11759915 -0.86342646
v 0.39808598 4.11845078 -0.85831381
v 0.42298433 4.14560398 -0.86503326
v -0.36236 4.0807959 -0.87046874
v 0.37288092 4.08766636 -0.86801052
v -0.33778526 4.05541979 -0.87108726
v 0.35340015 4.06103403 -0.87060323
v -0.31818289 4.02848752 -0.86964478
v -0.27757389 4.01660521 -0.88510459
v -0.24292063 4.00785189 -0.89661362
v 0.24723959 4.00993241 -0.89940134
v 0.27788115 4.01503756 -0.88786758
v 0.31334953 4.02113835 -0.87352355
v 0.34819925 4.02276596 -0.85382235
v -0.31192901 3.98875322 -0.85698061
v -0.27522251 3.9852366 -0.87111612
v -0.24054573 3.980929 -0.88304375
v -0.20850285 3.97869045 -0.89592905
v 0.24110661 3.98306809 -0.88855369
v 0.27506296 3.98443946 -0.87474272
v 0.31092016 3.98684795 -0.86063895
v -0.3097957 3.95262185 -0.85041114
v -0.27387828 3.95001598 -0.8623967
v -0.2387854 3.94667615 -0.8727384
v -0.20403749 3.94440495 -0.88292467
v 0.20282486 3.94698701 -0.88899583
v 0.23744902 3.94726426 -0.87735098
v 0.2735314 3.94877265 -0.86566459
v 0.31044504 3.95110716 -0.853351
v -0.30946284 3.91600142 -0.84532337
v -0.2736595 3.91233601 -0.8558219
v -0.23852317 3.90881518 -0.86460016
v -0.20242085 3.90672639 -0.87278848
v -0.16568802 3.90611236 -0.88055197
v -0.12878517 3.90592842 -0.88735491
v 0.16532919 3.90858109 -0.88418852
v 0.20030074 3.90895472 -0.8772265
v 0.23590233 3.90920072 -0.86850674
v 0.27359546 3.91049757 -0.85853551
v 0.31121618 3.91284161 -0.84762027
v -0.27376359 3.87225443 -0.8495102
v -0.23948753 3.8692413 -0.85715482
v -0.20269226 3.86815025 -0.86432782
v -0.16464116 3.86834876 -0.87077177
v -0.12773499 3.86916873 -0.87609119
v -0.09155512 3.87048925 -0.88045965
v -0.05546009 3.87203322 -0.88383772
v -0.01961849 3.87335991 -0.88567106
v 0.01667826 3.87420621 -0.88608209
v 0.05395101 3.87440739 -0.8850971
v 0.09113084 3.87402591 -0.8825172
v 0.12769749 3.87329378 -0.87888535
v 0.16362443 3.8724846 -0.87431389
v 0.19888979 3.87170176 -0.86854302
v 0.2353325 3.87097075 -0.86108682
v 0.27528182 3.87076734 -0.85167675
v -0.2415978 3.82945699 -0.8495357
v -0.20428539 3.83025342 -0.85644595
v -0.16402909 3.8312041 -0.86243431
v -0.12729528 3.8322017 -0.86680859
v -0.09142247 3.83346157 -0.87014289
v -0.05492298 3.83494221 -0.87264005
v -0.02006485 3.83629257 -0.87406011
v 0.0149878 3.83727589 -0.87451661
v 0.05187288 3.83779634 -0.87404092
v 0.08830656 3.8377347 -0.87245611
v 0.12464978 3.83729452 -0.86980988
v 0.16183041 3.83660638 -0.86604978
v 0.19763153 3.83557824 -0.86109467
v 0.23426173 3.8339617 -0.85444366
v -0.2075555 3.79467879 -0.84828515
v -0.16170275 3.79504457 -0.85458915
v -0.12696138 3.79529982 -0.8579039
v -0.09233085 3.79591749 -0.86048982
v -0.05348135 3.79701471 -0.86270189
v -0.02033521 3.79817216 -0.863877
v 0.01267579 3.79923799 -0.86430407
v 0.05064998 3.8002363 -0.86415396
v 0.08521651 3.80072382 -0.86312259
v 0.12030966 3.8008974 -0.8611105
v 0.16099706 3.80100457 -0.85785081
v 0.19679736 3.80064411 -0.85369822
v 0.232895 3.79959621 -0.84743282
v -0.04925032 3.75750779 -0.85089502
v -0.02028623 3.75826471 -0.8517159
v 0.00838918 3.75932718 -0.8521469
v 0.05357772 3.76120359 -0.85242513
v 0.08333547 3.76220218 -0.8516633
v 0.11422779 3.76308014 -0.85018839
v -0.12955614 5.0744177 -0.9029359
v -0.08952593 5.07922879 -0.90444541
v -0.052698 5.08220438 -0.90364176
v -0.01856301 5.0835165 -0.90299285
v 0.01601405 5.08350305 -0.90378325
v 0.05225098 5.08218953 -0.90414778
v 0.08973458 5.07922487 -0.90440646
v 0.12962316 5.07442359 -0.90287937
v -0.27478137 5.03814526 -0.90320243
v -0.23788842 5.05055138 -0.9026188
v -0.20273497 5.0602579 -0.90293345
v -0.16809304 5.06789775 -0.90280442
v 0.16807643 5.06789831 -0.90278425
v 0.20273051 5.06025706 -0.90293324
v 0.23789019 5.05055166 -0.90262118
v 0.27478176 5.03814582 -0.90320299
v -0.34734128 5.00702658 -0.90284309
v -0.31139508 5.0238406 -0.90307683
v 0.31139501 5.02384116 -0.90307676
v 0.34734125 5.00702658 -0.90284337
v -0.42059641 4.95914431 -0.9020131
v -0.38423332 4.98487556 -0.90331702
v 0.38423339 4.98487556 -0.90331716
v 0.42059641 4.95914431 -0.90201331
v -0.4562765 4.93002952 -0.90200624
v 0.4562765 4.93002952 -0.90200645
v -0.4909628 4.8977674 -0.90373212
v 0.49096284 4.89776824 -0.90373212
v -0.523089 4.86273982 -0.90520534
v 0.523089 4.86274038 -0.90520541
v -0.54875802 4.82573777 -0.90543454
v 0.54875805 4.82573777 -0.90543468
v -0.56827636 4.78965726 -0.90416802
v 0.56827643 4.78965726 -0.90416837
v -0.5850092 4.75215844 -0.90338749
v 0.58500934 4.75215844 -0.9033877
v -0.59889526 4.7167232 -0.90407016
v 0.59889526 4.7167232 -0.9040703
v -0.60992538 4.68220823 -0.90604394
v 0.6099251 4.68220837 -0.90604401
v -0.61911327 4.64505305 -0.90711755
v 0.61911313 4.64505277 -0.9071179
v -0.62638455 4.6082809 -0.90734177
v 0.62638441 4.60828076 -0.90734205
v -0.63131612 4.57371283 -0.90718227
v 0.63131605 4.57371297 -0.90718241
v -0.63438914 4.53721652 -0.90764885
v 0.63438914 4.53721652 -0.90764892
v -0.63512302 4.49795855 -0.90948674
v 0.63512288 4.49795883 -0.90948688
v -0.63190311 4.46223625 -0.91053716
v 0.63190311 4.46223625 -0.9105373
v -0.62494754 4.42994961 -0.9097588
v 0.62494747 4.42994961 -0.90975887
v -0.61623099 4.39380801 -0.9072077
v 0.61623092 4.39380829 -0.90720798
v -0.60552785 4.35621365 -0.90329454
v 0.60552785 4.35621365 -0.90329461
v -0.58984495 4.31888574 -0.90112526
v 0.58984488 4.31888602 -0.90112526
v -0.56727287 4.27995138 -0.90100548
v 0.5672686 4.27995124 -0.90100744
v -0.53951419 4.24161887 -0.90242421
v 0.53955475 4.24160976 -0.90241048
v -0.50979791 4.20818528 -0.90303123
v 0.50978881 4.20818808 -0.90302311
v -0.47950725 4.18000183 -0.90116449
v -0.45441672 4.16101819 -0.90029367
v 0.45421061 4.16114539 -0.90027692
v 0.47927463 4.1801953 -0.90119832
v -0.41809272 4.13647059 -0.89807991
v 0.41896348 4.13680863 -0.89919099
v -0.38099426 4.10690442 -0.8941498
v -0.35149614 4.08405503 -0.90012548
v 0.349693 4.07814953 -0.89988718
v 0.38271114 4.10700262 -0.89273086
v -0.31843191 4.05587425 -0.89661005
v -0.27778674 4.03812244 -0.9079186
v -0.24288928 4.02284203 -0.91316174
v 0.24783211 4.02458801 -0.91420411
v 0.2797183 4.03786691 -0.9090708
v 0.3205373 4.0545697 -0.89757116
v -0.21472962 4.00338024 -0.91068454
v 0.22713146 4.00989725 -0.9125503
v -0.17854843 3.98121269 -0.91195743
v -0.13505399 3.97192884 -0.92216968
v -0.09963384 3.96887088 -0.93193301
v 0.10041264 3.96909951 -0.93312821
v 0.13375823 3.97067892 -0.92438519
v 0.1693048 3.97604632 -0.91679268
v 0.20899731 3.98660671 -0.90713373
v -0.16908247 3.9436965 -0.89343952
v -0.13123086 3.94113041 -0.90229175
v -0.09492851 3.94042588 -0.91061078
v -0.05859836 3.94157044 -0.91922646
v -0.01984211 3.94101315 -0.92221619
v 0.01929222 3.94142166 -0.92250212
v 0.05900942 3.94268895 -0.92007837
v 0.09620792 3.94180748 -0.91217506
v 0.13181622 3.94205376 -0.90486891
v 0.16713633 3.94391196 -0.89764022
v -0.09251134 3.90663617 -0.8934045
v -0.05629564 3.90791705 -0.89854887
v -0.0194282 3.90870871 -0.90115636
v 0.01805677 3.90933997 -0.90152067
v 0.05611828 3.90970618 -0.89962542
v 0.09355636 3.90919246 -0.89522004
v 0.12992086 3.90866052 -0.89000198
v -0.12884051 5.06943094 -0.94029526
v -0.09180664 5.07424651 -0.9401836
v -0.05505139 5.07753955 -0.93846031
v -0.01907662 5.07883009 -0.93804535
v 0.01758136 5.0788116 -0.93838802
v 0.0549425 5.07752302 -0.93857169
v 0.09198068 5.07424791 -0.94012
v 0.12886254 5.06943486 -0.94027753
v -0.27406056 5.03232466 -0.94034387
v -0.23543811 5.04545254 -0.94005121
v -0.19930657 5.05531792 -0.94134358
v -0.16482288 5.06295105 -0.94139429
v 0.16481386 5.06295077 -0.94139751
v 0.19930696 5.05531736 -0.9413461
v 0.23543864 5.04545254 -0.94005128
v 0.27406038 5.03232466 -0.94034373
v -0.34746019 5.00053829 -0.93899393
v -0.31161895 5.01728086 -0.94029652
v 0.31161888 5.0172803 -0.94029652
v 0.34746022 5.00053745 -0.93899407
v -0.3845437 4.97886107 -0.93855102
v 0.38454373 4.97886135 -0.93855095
v -0.4570446 4.92203551 -0.93874638
v -0.42123162 4.9525941 -0.93735077
v 0.42123159 4.9525941 -0.93735077
v 0.4570446 4.92203579 -0.93874652
v -0.49111883 4.88882971 -0.9416246
v 0.49111876 4.88883027 -0.94162474
v -0.52167574 4.85496183 -0.94255657
v 0.52167577 4.85496183 -0.94255664
v -0.54258385 4.82589468 -0.94237508
v 0.54258392 4.82589412 -0.94237522
v -0.563177 4.79038378 -0.94067897
v 0.56317707 4.79038378 -0.94067918
v -0.5807104 4.75322483 -0.93920211
v 0.5807104 4.75322483 -0.93920211
v -0.59544995 4.7167019 -0.93953189
v 0.59544981 4.7167019 -0.93953203
v -0.6069264 4.6825366 -0.94140564
v 0.60692647 4.68253646 -0.94140557
v -0.61628969 4.64627201 -0.94273863
v 0.61628955 4.64627215 -0.94273877
v -0.62398643 4.60806613 -0.94258627
v 0.62398636 4.60806642 -0.9425862
v -0.62914236 4.57250593 -0.9417668
v 0.62914236 4.57250635 -0.9417668
v -0.63212768 4.53707391 -0.94198534
v 0.63212768 4.53707391 -0.94198548
v -0.6323491 4.4989032 -0.94365155
v 0.63234903 4.49890278 -0.94365162
v -0.62885544 4.46165795 -0.94460173
v 0.62885551 4.46165809 -0.94460173
v -0.62356958 4.42839863 -0.94454331
v 0.62356958 4.42839863 -0.94454331
v -0.61683521 4.39293691 -0.94320332
v 0.61683507 4.39293719 -0.94320332
v -0.60679366 4.35530276 -0.94017204
v 0.60679366 4.35530276 -0.94017211
v -0.59245012 4.31787455 -0.93781644
v 0.59245012 4.31787427 -0.93781658
v -0.57274783 4.28057928 -0.93704229
v 0.5727479 4.28057914 -0.93704243
v -0.54781294 4.24556908 -0.93759811
v 0.54781032 4.24557062 -0.93759951
v -0.51815218 4.21147523 -0.93555617
v 0.51816934 4.21146515 -0.93555029
v -0.48569539 4.17971996 -0.93340616
v -0.45439392 4.15484497 -0.93431004
v 0.45436538 4.15484174 -0.93428448
v 0.48570352 4.17971856 -0.93341225
v -0.4190406 4.13146393 -0.93703444
v 0.41908865 4.13148774 -0.93710379
v -0.38285757 4.10836671 -0.93767173
v -0.34837209 4.08696688 -0.93929863
v 0.34781473 4.08524765 -0.93912618
v 0.38292706 4.10802671 -0.93733543
v -0.31300707 4.06609071 -0.93887114
v -0.27583778 4.04902186 -0.94128509
v -0.24006602 4.03360191 -0.94271019
v 0.24223314 4.03220181 -0.94090242
v 0.27676667 4.04856473 -0.94125609
v 0.31340133 4.06545272 -0.93910355
v -0.20609559 4.01764526 -0.94255412
v -0.17043374 4.00223694 -0.94380509
v -0.13444824 3.99176481 -0.94729019
v -0.10692111 3.98527806 -0.94977699
v 0.10775253 3.98504047 -0.95040286
v 0.13456723 3.99041109 -0.94776721
v 0.16928927 3.99863149 -0.94297496
v 0.20930424 4.01150356 -0.93467828
v -0.06456299 3.97264654 -0.94957764
v -0.0207865 3.96792525 -0.94965154
v 0.02040385 3.96813272 -0.94983219
v 0.06493343 3.97309554 -0.9501121
v -0.05602336 5.06976548 -0.97400385
v -0.01962195 5.07111542 -0.97444353
v 0.0173808 5.07110702 -0.97456541
v 0.05551352 5.06974783 -0.9740526
v -0.23535304 5.03635403 -0.97681258
v -0.19897075 5.04667555 -0.97787673
v -0.16441622 5.05472673 -0.97771184
v -0.12946315 5.06130047 -0.9763411
v -0.0932086 5.06618693 -0.97567215
v 0.0932935 5.06618161 -0.9756739
v 0.12949671 5.06130103 -0.97634208
v 0.16441598 5.05472729 -0.97771212
v 0.1989701 5.04667555 -0.97787673
v 0.23535294 5.03635431 -0.97681258
v -0.31172763 5.00746927 -0.97662276
v -0.27456297 5.02278934 -0.97671942
v 0.27456283 5.02278906 -0.97671942
v 0.31172738 5.00746871 -0.97662269
v -0.38133167 4.97118198 -0.97244965
v -0.34527869 4.99164488 -0.97455715
v 0.34527851 4.99164431 -0.97455729
v 0.3813316 4.9711817 -0.97245007
v -0.42068095 4.94191113 -0.97255864
v 0.42068081 4.94191113 -0.97255899
v -0.46013782 4.90612285 -0.97589819
v 0.46013793 4.90612285 -0.97589847
v -0.49662044 4.86932646 -0.97670947
v 0.49662048 4.86932758 -0.97670961
v -0.52942676 4.83229471 -0.97050368
v 0.52942683 4.83229443 -0.97050403
v -0.55351016 4.7918783 -0.9730213
v 0.55351023 4.79187746 -0.97302137
v -0.57128746 4.75545792 -0.9728195
v 0.57128739 4.75545792 -0.97281964
v -0.58651072 4.71785151 -0.97415207
v 0.58651062 4.71785067 -0.97415249
v -0.59910807 4.68274787 -0.97603618
v 0.59910835 4.68274759 -0.97603625
v -0.60866314 4.64813413 -0.97736651
v 0.60866328 4.64813399 -0.97736665
v -0.61627344 4.60964527 -0.9771224
v 0.61627344 4.60964555 -0.97712233
v -0.62156708 4.57217391 -0.97645569
v 0.62156729 4.57217391 -0.97645576
v -0.62457391 4.53649868 -0.97672544
v 0.62457384 4.53649868 -0.97672558
v -0.62461313 4.49996398 -0.97789571
v 0.62461306 4.4999644 -0.97789592
v -0.62162816 4.46253605 -0.97836398
v 0.62162816 4.46253605 -0.97836398
v -0.61777328 4.42722563 -0.9783658
v 0.61777328 4.42722563 -0.9783658
v -0.61232687 4.39163362 -0.97824784
v 0.61232694 4.39163362 -0.97824798
v -0.60368366 4.35499834 -0.9772047
v 0.60368352 4.35499848 -0.97720491
v -0.5913354 4.31811579 -0.97643076
v 0.59133533 4.31811593 -0.97643104
v -0.57332358 4.2811786 -0.97693103
v 0.57332372 4.2811786 -0.97693138
v -0.54893443 4.24758447 -0.97869684
v 0.5489345 4.24758433 -0.97869705
v -0.51781455 4.21232812 -0.97496335
v 0.51781368 4.21232868 -0.97496391
v -0.48333131 4.17847509 -0.97109481
v -0.45531017 4.15592425 -0.97213808
v 0.45532078 4.15592495 -0.97214719
v 0.48333384 4.17847229 -0.97109369
v -0.41814207 4.12930368 -0.97483607
v 0.41813262 4.12929458 -0.97481842
v -0.38201221 4.10684852 -0.97629571
v -0.34645607 4.08630017 -0.97747943
v 0.34634087 4.08600331 -0.9774374
v 0.38200668 4.10682793 -0.97627329
v -0.31102401 4.06752638 -0.97775828
v -0.27458214 4.05167425 -0.97773615
v 0.27480247 4.05151468 -0.97767815
v 0.31105469 4.06740814 -0.97781019
v -0.23825368 4.03775092 -0.97726592
v -0.20252918 4.02465232 -0.97694952
v -0.1662156 4.01238881 -0.97725661
v -0.12889001 4.00177981 -0.9771245
v 0.12929817 4.00107276 -0.97711686
v 0.16639756 4.01072016 -0.97644974
v 0.20349379 4.02244234 -0.97456898
v 0.23890355 4.03692843 -0.9763757
v -0.08906503 3.99071719 -0.97283953
v -0.05678135 3.98730213 -0.97848166
v -0.01942344 3.98476168 -0.98014001
v 0.018723 3.98486591 -0.98021692
v 0.05668769 3.98751886 -0.97870658
v 0.08951662 3.99074801 -0.97312203
v -0.20199596 5.03416913 -1.01301442
v -0.16563395 5.04351925 -1.01193332
v -0.12887277 5.05063095 -1.01137098
v -0.09198057 5.05494583 -1.01282571
v -0.05518294 5.05804918 -1.01273507
v -0.01951764 5.05969108 -1.01279048
v 0.016532 5.0597261 -1.01277269
v 0.05446349 5.0580688 -1.01272267
v 0.09209436 5.05494191 -1.01283832
v 0.1289258 5.05062703 -1.01137728
v 0.16563306 5.04351869 -1.01193346
v 0.20199428 5.03416941 -1.01301428
v -0.27574038 5.00997218 -1.01197086
v -0.23780268 5.02339622 -1.01281934
v 0.23780254 5.02339678 -1.01281941
v 0.27574026 5.00997302 -1.01197086
v -0.37870376 4.95797033 -1.00804425
v -0.34403536 4.97773583 -1.01141539
v -0.3123079 4.99405028 -1.01209274
v 0.31230758 4.99405028 -1.01209274
v 0.34403511 4.97773583 -1.01141539
v 0.37870362 4.95797033 -1.00804425
v -0.41922552 4.9272072 -1.00835435
v 0.41922552 4.9272072 -1.00835435
v -0.45838361 4.89123204 -1.01159086
v 0.45838368 4.89123204 -1.01159107
v -0.49094287 4.85883346 -1.0104589
v 0.49094284 4.8588343 -1.01045925
v -0.51591408 4.82755563 -1.0083189
v 0.51591408 4.82755591 -1.00831911
v -0.53801855 4.79232492 -1.00847539
v 0.53801852 4.79232464 -1.00847553
v -0.55582549 4.75760023 -1.00953877
v 0.55582556 4.75760023 -1.00953912
v -0.57083643 4.7202967 -1.01235444
v 0.57083636 4.7202967 -1.01235472
v -0.58543641 4.68270626 -1.01270572
v 0.58543641 4.68270612 -1.012706
v -0.59608415 4.64804685 -1.01232908
v 0.59608415 4.64804685 -1.01232922
v -0.6035615 4.61046678 -1.01208224
v 0.6035615 4.61046692 -1.01208231
v -0.60866566 4.57196545 -1.01237384
v 0.60866566 4.57196517 -1.01237405
v -0.61150774 4.53540623 -1.0129347
v 0.6115076 4.53540609 -1.01293484
v -0.61175613 4.49987923 -1.01366249
v 0.61175613 4.49987895 -1.01366263
v -0.60998226 4.46313355 -1.01365051
v 0.6099824 4.46313313 -1.01365072
v -0.60734626 4.42661258 -1.01311697
v 0.60734605 4.42661216 -1.01311711
v -0.60302851 4.39105448 -1.01274502
v 0.60302844 4.39105434 -1.01274516
v -0.59610068 4.35609289 -1.0122425
v 0.59610054 4.35609289 -1.01224271
v -0.58475763 4.32015401 -1.01196372
v 0.58475745 4.32015415 -1.01196442
v -0.56511309 4.28175593 -1.01254034
v 0.56511302 4.28175593 -1.01254076
v -0.5377273 4.24595924 -1.01509368
v 0.5377273 4.24595938 -1.01509382
v -0.50462608 4.20990927 -1.01272085
v 0.50462619 4.20990899 -1.01272078
v -0.4654895 4.1717041 -1.00476487
v 0.4654888 4.1717041 -1.00476452
v -0.41817356 4.13517346 -1.00911099
v 0.41817619 4.13517528 -1.00911485
v -0.3785201 4.10767535 -1.01195279
v -0.34296543 4.08607112 -1.01393469
v 0.3429594 4.08606593 -1.01393721
v 0.37851548 4.10765728 -1.01194256
v -0.30926503 4.06705973 -1.01504542
v -0.27359802 4.05092867 -1.01458802
v 0.27361784 4.05092082 -1.01459173
v 0.30926496 4.06704866 -1.01504913
v -0.23691491 4.03800477 -1.01307557
v -0.20101042 4.02675848 -1.0126887
v -0.16483349 4.01640361 -1.01298892
v -0.12792986 4.00736926 -1.01288581
v 0.12811642 4.00712928 -1.01284869
v 0.1649811 4.01587728 -1.01270061
v 0.20123734 4.02617107 -1.01211236
v 0.23703133 4.03781242 -1.01287902
v -0.09065045 3.99992554 -1.01199951
v -0.05527762 3.99593652 -1.0135191
v -0.01905455 3.99407734 -1.01439329
v 0.01777046 3.99412511 -1.01437606
v 0.05466961 3.99602533 -1.01354481
v 0.0906523 3.99993815 -1.01206129
v -0.12549377 5.03719123 -1.04623275
v -0.08944172 5.04074484 -1.04960445
v -0.05401706 5.04352317 -1.05054721
v -0.0191292 5.04623678 -1.04855662
v 0.01563455 5.04631551 -1.04842725
v 0.05327014 5.04359658 -1.05040908
v 0.08963449 5.04076081 -1.04956859
v 0.12556228 5.03719067 -1.04623282
v -0.27246226 4.9965347 -1.04466952
v -0.23487511 5.0100257 -1.04670263
v -0.20032244 5.02002557 -1.04760742
v -0.16312834 5.02970911 -1.04640114
v 0.1631247 5.02970827 -1.04640248
v 0.20032008 5.02002557 -1.0476077
v 0.23487487 5.0100257 -1.04670256
v 0.27246212 4.99653554 -1.04466938
v -0.31045316 4.97924184 -1.04475028
v 0.31045295 4.97924156 -1.04475021
v -0.37934679 4.93582099 -1.04660295
v -0.34357893 4.95869657 -1.04828407
v 0.34357879 4.95869713 -1.04828407
v 0.37934672 4.93582155 -1.04660323
v -0.42085561 4.90479645 -1.04444936
v 0.42085565 4.90479617 -1.04444957
v -0.47842013 4.8503494 -1.04351263
v -0.45724542 4.87167891 -1.04496098
v 0.45724549 4.87167947 -1.04496133
v 0.47842006 4.8503494 -1.04351277
v -0.49587178 4.82431499 -1.04549523
v 0.49587185 4.82431583 -1.0454953
v -0.51776615 4.79018093 -1.04589576
v 0.51776608 4.79018037 -1.04589583
v -0.53794367 4.75626906 -1.04535654
v 0.53794367 4.75626878 -1.04535668
v -0.55211802 4.72175703 -1.04819385
v 0.55211784 4.72175703 -1.04819406
v -0.56752616 4.68292396 -1.04744211
v 0.56752609 4.68292396 -1.04744239
v -0.57870737 4.64705079 -1.04678724
v 0.57870744 4.64705107 -1.04678738
v -0.58580237 4.61079432 -1.04759551
v 0.58580234 4.61079446 -1.04759565
v -0.59079821 4.57239946 -1.04860404
v 0.59079821 4.5723996 -1.04860425
v -0.5943058 4.53488088 -1.04867941
v 0.5943058 4.5348806 -1.04867955
v -0.59572803 4.49949733 -1.04893102
v 0.59572803 4.49949663 -1.04893116
v -0.59504437 4.4634171 -1.04871234
v 0.59504437 4.46341682 -1.04871241
v -0.59282221 4.42626991 -1.04764875
v 0.59282193 4.42626935 -1.04764889
v -0.58888404 4.38985808 -1.04634434
v 0.58888383 4.3898578 -1.04634434
v -0.58225972 4.35478161 -1.04540711
v 0.58225951 4.35478147 -1.04540739
v -0.57017547 4.31949137 -1.04525035
v 0.57017512 4.31949095 -1.0452507
v -0.54899957 4.28189658 -1.04608853
v 0.54899943 4.2818963 -1.04608867
v -0.52073764 4.24545182 -1.04807085
v 0.52073757 4.24545182 -1.04807106
v -0.48909168 4.21078863 -1.04738306
v 0.48909161 4.21078849 -1.04738306
v -0.45456862 4.17721369 -1.04450001
v 0.45456858 4.17721341 -1.04449987
v -0.41234122 4.14110138 -1.04237836
v -0.37847222 4.11700698 -1.04533643
v 0.3784724 4.11700796 -1.04533692
v 0.41234105 4.14110096 -1.04237801
v -0.34099631 4.09195126 -1.04953651
v 0.34099473 4.09194608 -1.04953476
v -0.30854043 4.07037476 -1.05206968
v -0.27299753 4.05189559 -1.05075448
v 0.27299861 4.05189728 -1.05075574
v 0.30854012 4.07037574 -1.05207038
v -0.23483801 4.03845685 -1.04807876
v -0.19935676 4.02804524 -1.04844784
v -0.16393328 4.01813629 -1.04943046
v -0.12760714 4.00963444 -1.04951507
v 0.12764139 4.00958862 -1.04950513
v 0.16397137 4.01803948 -1.04937855
v 0.19938811 4.02795964 -1.04836701
v 0.23484606 4.03843878 -1.04805978
v -0.090938 4.00327587 -1.04918648
v -0.05505976 3.99962546 -1.04992996
v -0.01930431 3.99815406 -1.05061684
v 0.0171404 3.99815602 -1.05044879
v 0.0540587 3.99964479 -1.04978307
v 0.09073383 4.0032854 -1.04915566
v -0.01959744 5.03115796 -1.079977
v 0.01508354 5.03120391 -1.07990919
v -0.19804906 5.00144301 -1.08415157
v -0.16146361 5.01057627 -1.08477814
v -0.12444268 5.01869861 -1.08424586
v -0.0894892 5.02300564 -1.08611029
v -0.05464379 5.02690304 -1.0848636
v 0.05361603 5.02693498 -1.08480721
v 0.0896996 5.02300424 -1.08610875
v 0.12452528 5.01869524 -1.08425181
v 0.16146013 5.01057543 -1.08477912
v 0.19804629 5.00144329 -1.08415136
v -0.31178843 4.95838865 -1.07803572
v -0.27246286 4.97628222 -1.07924893
v -0.23280467 4.9918354 -1.08114825
v 0.23280427 4.9918354 -1.08114832
v 0.27246268 4.97628166 -1.07924886
v 0.31178839 4.95838865 -1.07803572
v -0.34573865 4.93418049 -1.08384589
v 0.34573861 4.93418077 -1.08384589
v -0.41884212 4.8846157 -1.07487486
v -0.3806491 4.90979442 -1.08296813
v 0.38064903 4.90979386 -1.08296799
v 0.41884215 4.88461486 -1.07487507
v -0.45176486 4.85205181 -1.07491234
v -0.42211719 4.8621957 -1.09640716
v 0.42211712 4.86219514 -1.0964073
v 0.45176482 4.85205125 -1.07491262
v -0.47048604 4.82365767 -1.08032429
v 0.47048593 4.82365767 -1.08032429
v -0.49200107 4.78950288 -1.08196646
v 0.492001 4.78950288 -1.08196646
v -0.51533725 4.75412479 -1.07935645
v 0.51533721 4.75412423 -1.07935631
v -0.52995064 4.71949705 -1.08215699
v 0.52995068 4.71949705 -1.08215699
v -0.54538964 4.68073066 -1.08193936
v 0.54538964 4.68073066 -1.08193957
v -0.55610658 4.64427974 -1.08305905
v 0.55610658 4.64427974 -1.08305919
v -0.56296675 4.60945278 -1.08486213
v 0.56296675 4.60945306 -1.08486213
v -0.56875916 4.57245886 -1.08495732
v 0.56875899 4.57245886 -1.08495718
v -0.57414264 4.53482106 -1.08323977
v 0.57414253 4.53482106 -1.08323977
v -0.57720347 4.49902662 -1.08270126
v 0.57720347 4.49902634 -1.08270154
v -0.57697774 4.4633301 -1.08256116
v 0.57697771 4.46332996 -1.08256144
v -0.5743947 4.4261584 -1.0817931
v 0.57439453 4.4261584 -1.08179338
v -0.56971491 4.38889521 -1.08093566
v 0.56971474 4.38889507 -1.0809358
v -0.56149405 4.35301868 -1.08091801
v 0.56149384 4.35301868 -1.08091815
v -0.54755682 4.31803089 -1.0816902
v 0.5475565 4.31803089 -1.08169034
v -0.52609898 4.28188846 -1.08278944
v 0.52609884 4.28188846 -1.08278979
v -0.49915298 4.24541064 -1.0829703
v 0.49915291 4.24541092 -1.08297044
v -0.46863509 4.21070612 -1.08278125
v 0.46863502 4.2107064 -1.08278125
v -0.43401946 4.17648885 -1.08207301
v 0.43401939 4.17648885 -1.08207294
v -0.38919498 4.13541204 -1.07675821
v 0.38919501 4.1354119 -1.07675814
v -0.34430773 4.10204261 -1.08406009
v -0.30893224 4.07757053 -1.08753595
v 0.30893224 4.07757081 -1.08753595
v 0.34430784 4.10204289 -1.08406016
v -0.27237457 4.05792872 -1.08495452
v -0.23256921 4.04263401 -1.08097544
v 0.23256923 4.04263471 -1.08097607
v 0.2723746 4.05792872 -1.08495452
v -0.19709234 4.03247205 -1.0838274
v -0.16276482 4.02131683 -1.0863067
v -0.12685199 4.01194093 -1.08614391
v 0.12690662 4.01194107 -1.08616009
v 0.16277268 4.02131109 -1.08630803
v 0.19709036 4.03246813 -1.08382291
v -0.09018262 4.00524321 -1.08542096
v -0.05448213 4.00159629 -1.08657463
v -0.01985139 4.00049656 -1.08799651
v 0.01609154 4.00044823 -1.08736665
v 0.05340708 4.00158326 -1.08619259
v 0.09014131 4.00525133 -1.08537207
v -0.12383992 4.9975543 -1.11949344
v -0.08787562 5.00307174 -1.1203249
v -0.05391763 5.0059529 -1.1209507
v -0.02015377 5.00842975 -1.11904529
v 0.0144754 5.00842583 -1.11908941
v 0.05256503 5.00594225 -1.12099763
v 0.08811739 5.0030667 -1.12033723
v 0.12394582 4.99755346 -1.11949246
v -0.2350571 4.96392934 -1.12100743
v -0.20001434 4.97567478 -1.12282375
v -0.16268277 4.9872437 -1.12177263
v 0.16267996 4.9872437 -1.12177178
v 0.20001108 4.9756745 -1.12282361
v 0.23505687 4.96393018 -1.12100743
v -0.31171306 4.92781773 -1.11805889
v -0.27372197 4.94568133 -1.12124727
v 0.27372198 4.94568133 -1.12124713
v 0.31171295 4.92781773 -1.11805903
v -0.34826958 4.90146446 -1.12049988
v 0.34826947 4.90146502 -1.12049988
v -0.38967378 4.87234323 -1.11628152
v 0.38967378 4.87234351 -1.1162818
v -0.44285537 4.82356296 -1.11096862
v -0.41836979 4.8413355 -1.11983317
v 0.41836969 4.8413355 -1.11983303
v 0.44285537 4.82356324 -1.11096862
v -0.45906748 4.78780354 -1.1202103
v 0.4590674 4.78780354 -1.12021016
v -0.48210949 4.7518026 -1.11897734
v 0.48210945 4.75180204 -1.11897692
v -0.49781096 4.71587703 -1.12178047
v 0.49781092 4.71587703 -1.12178047
v -0.515194 4.6793852 -1.11972306
v 0.51519397 4.67938506 -1.11972306
v -0.52790787 4.64331029 -1.11959585
v 0.5279078 4.64331029 -1.11959627
v -0.53673285 4.60871225 -1.12008842
v 0.53673271 4.60871225 -1.12008842
v -0.54408965 4.57322293 -1.11890365
v 0.54408951 4.57322307 -1.11890365
v -0.55083389 4.5364369 -1.11634596
v 0.55083378 4.53643634 -1.11634596
v -0.55456692 4.49982179 -1.11558077
v 0.55456696 4.49982151 -1.11558133
v -0.55446735 4.46363312 -1.11568654
v 0.55446728 4.4636334 -1.11568682
v -0.55165869 4.42674189 -1.11556144
v 0.55165844 4.42674189 -1.11556172
v -0.54612951 4.3895961 -1.11565292
v 0.54612934 4.38959624 -1.11565278
v -0.53623723 4.35319659 -1.11681584
v 0.53623706 4.35319659 -1.11681584
v -0.52093843 4.31785647 -1.11903646
v 0.52093822 4.31785647 -1.11903688
v -0.50075761 4.28301957 -1.12044202
v 0.50075754 4.28301957 -1.12044216
v -0.47680128 4.24809917 -1.11959361
v 0.47680121 4.24809959 -1.11959389
v -0.44919292 4.2137044 -1.11915064
v 0.44919292 4.21370496 -1.11915092
v -0.41752444 4.17981327 -1.11940519
v 0.41752437 4.17981355 -1.11940519
v -0.3802644 4.14475557 -1.11872783
v -0.34800886 4.11683424 -1.11858004
v 0.34800886 4.11683452 -1.11857989
v 0.3802644 4.14475557 -1.11872783
v -0.31166826 4.0910279 -1.12259946
v 0.31166837 4.09102762 -1.12259946
v -0.27480953 4.06961602 -1.1220685
v -0.23471814 4.05271024 -1.11887241
v -0.19635795 4.04222522 -1.12134086
v 0.1963554 4.04222494 -1.1213403
v 0.23471789 4.05270954 -1.11887213
v 0.27480971 4.0696156 -1.1220685
v -0.16128152 4.02923183 -1.12332752
v -0.12584892 4.0180039 -1.12313209
v -0.08933106 4.01116244 -1.12300307
v -0.0540762 4.00842991 -1.12528393
v -0.02016887 4.00804802 -1.12643774
v 0.01533602 4.00782793 -1.12545372
v 0.05307726 4.00825956 -1.12460812
v 0.08959114 4.01115137 -1.12296482
v 0.12596314 4.01801553 -1.12317412
v 0.16128758 4.02923393 -1.12333495
v -0.16509529 4.95889158 -1.15826782
v -0.12544752 4.96994692 -1.15635358
v -0.08849812 4.97677283 -1.15663209
v -0.0547013 4.97916367 -1.15889768
v -0.02133559 4.97968089 -1.16044599
v 0.01472013 4.97965203 -1.16054784
v 0.05311924 4.97913845 -1.15897501
v 0.08877981 4.97677535 -1.15663349
v 0.12557273 4.96994944 -1.1563477
v 0.16509119 4.95889102 -1.1582681
v -0.23862836 4.93106453 -1.15873965
v -0.20298089 4.94393268 -1.16107515
v 0.20297695 4.94393352 -1.16107529
v 0.23862838 4.93106509 -1.15873965
v -0.30961642 4.89204682 -1.15764468
v -0.27528809 4.91252624 -1.15851774
v 0.27528826 4.9125268 -1.15851746
v 0.30961642 4.89204682 -1.1576444
v -0.37871206 4.84739903 -1.14876556
v -0.34357707 4.86782354 -1.15711008
v 0.34357704 4.86782354 -1.15711008
v 0.37871203 4.84739903 -1.14876556
v -0.40888704 4.82222703 -1.14376856
v -0.37912699 4.82247836 -1.16769807
v 0.37912692 4.82247836 -1.16769821
v 0.40888704 4.82222703 -1.14376856
v -0.42288588 4.78257413 -1.15778814
v 0.42288581 4.78257385 -1.15778828
v -0.44766954 4.75087742 -1.15349147
v -0.41967869 4.75412703 -1.17594663
v 0.41967851 4.75412703 -1.17594677
v 0.44766947 4.75087742 -1.15349133
v -0.46263152 4.71408047 -1.15756651
v 0.46263149 4.71408019 -1.15756651
v -0.48125411 4.67927733 -1.1549214
v 0.48125404 4.67927761 -1.15492154
v -0.49628744 4.64276365 -1.15382937
v 0.4962873 4.64276393 -1.1538298
v -0.50816961 4.60838177 -1.1524601
v 0.50816947 4.60838163 -1.15245982
v -0.5158586 4.57368355 -1.15219308
v 0.51585843 4.57368313 -1.15219308
v -0.52173297 4.53807669 -1.15121887
v 0.5217329 4.53807655 -1.15121859
v -0.5247704 4.50116725 -1.15097147
v 0.52477026 4.50116725 -1.15097175
v -0.52482182 4.46399036 -1.15108957
v 0.52482171 4.46399036 -1.15108971
v -0.52235835 4.42716623 -1.15100663
v 0.52235817 4.42716623 -1.15100677
v -0.51721457 4.39106722 -1.15069997
v 0.5172145 4.39106694 -1.15069997
v -0.50813648 4.3546121 -1.15092384
v 0.50813634 4.35461168 -1.15092384
v -0.49296789 4.31820797 -1.15408799
v 0.49296782 4.31820825 -1.15408813
v -0.47429543 4.28209187 -1.15533594
v 0.47429539 4.28209173 -1.15533566
v -0.45022877 4.2472708 -1.15653934
v 0.45022863 4.2472708 -1.15653962
v -0.42292644 4.21104599 -1.15630034
v 0.42292641 4.21104613 -1.15630048
v -0.39005848 4.17376039 -1.15565675
v 0.39005841 4.17376081 -1.15565703
v -0.3520645 4.1372107 -1.15256041
v 0.35206443 4.13721084 -1.15256069
v -0.31178871 4.10966762 -1.16093632
v -0.27596131 4.08561413 -1.16027788
v 0.27596138 4.08561413 -1.16027788
v 0.31178874 4.10966762 -1.16093618
v -0.23683019 4.06557656 -1.15673617
v -0.19710626 4.05432608 -1.15795121
v -0.16123176 4.04102742 -1.15853596
v 0.16124218 4.04102882 -1.15854086
v 0.19710455 4.05432594 -1.15795149
v 0.23682979 4.06557628 -1.15673589
v -0.12614414 4.02898359 -1.15851648
v -0.09038407 4.02206409 -1.15965236
v -0.05556225 4.01943033 -1.16203157
v -0.02167965 4.01887332 -1.16291023
v 0.01465343 4.01863054 -1.16190899
v 0.05359776 4.01917662 -1.16121146
v 0.09042289 4.02199993 -1.15949307
v 0.12624136 4.02898303 -1.15852265
v -0.16580418 4.92583568 -1.19404993
v -0.12688915 4.9374965 -1.19329945
v -0.09060627 4.94643755 -1.19213121
v -0.05634319 4.94784997 -1.19556126
v -0.0218831 4.94732098 -1.19870748
v 0.01450338 4.9473193 -1.19880106
v 0.05463918 4.94779674 -1.19565036
v 0.09090741 4.94643055 -1.19213611
v 0.12703139 4.93750323 -1.19329189
v 0.16579828 4.92583652 -1.19404937
v -0.27600265 4.8858474 -1.18317153
v -0.23889377 4.89724765 -1.1912758
v -0.20257937 4.90683565 -1.19836943
v 0.20257399 4.90683537 -1.19836999
v 0.23889382 4.89724737 -1.1912758
v 0.27600286 4.8858474 -1.18317153
v -0.30667498 4.85954317 -1.18772891
v -0.27432735 4.86355181 -1.20207981
v 0.27432756 4.86355181 -1.20207981
v 0.30667509 4.85954289 -1.18772891
v -0.34080392 4.83104676 -1.18810773
v -0.31294977 4.82557387 -1.20894271
v 0.3129497 4.82557387 -1.20894243
v 0.34080396 4.83104704 -1.18810745
v -0.38382502 4.78822691 -1.18578792
v -0.34643302 4.78918234 -1.21078858
v 0.34643302 4.78918234 -1.21078858
v 0.38382495 4.78822663 -1.18578806
v -0.38460583 4.75619061 -1.20180383
v 0.38460576 4.75619033 -1.20180355
v -0.42472958 4.71374677 -1.19020913
v 0.42472937 4.71374677 -1.19020913
v -0.44504741 4.6807287 -1.186928
v -0.42092303 4.6825254 -1.20630741
v 0.42092303 4.6825254 -1.20630755
v 0.44504741 4.6807287 -1.18692814
v -0.45981554 4.63783039 -1.18969807
v 0.45981543 4.63783068 -1.18969807
v -0.4774275 4.60677784 -1.18337705
v -0.4530851 4.60630852 -1.20563846
v 0.45308506 4.60630838 -1.20563846
v 0.4774275 4.6067777 -1.18337677
v -0.48319182 4.57214981 -1.18585811
v 0.48319171 4.57215009 -1.18585797
v -0.48622873 4.53765151 -1.18798907
v 0.48622855 4.53765151 -1.18798907
v -0.48790481 4.50173463 -1.18898611
v 0.48790481 4.50173435 -1.18898625
v -0.48795699 4.46356027 -1.18938734
v 0.48795692 4.46356083 -1.18938762
v -0.48640094 4.42566793 -1.18873591
v 0.4864008 4.42566807 -1.18873619
v -0.48396065 4.39038763 -1.18593712
v 0.48396058 4.39038777 -1.18593712
v -0.4791152 4.35507217 -1.18272407
v -0.45615336 4.35197806 -1.20706097
v 0.45615339 4.35197862 -1.20706125
v 0.4791152 4.35507203 -1.18272421
v -0.46170291 4.32188977 -1.19130746
v 0.46170291 4.32189019 -1.19130746
v -0.44494444 4.27989464 -1.19057407
v 0.44494423 4.27989492 -1.19057393
v -0.42041821 4.24468551 -1.1934663
v 0.42041782 4.24468593 -1.1934663
v -0.39682303 4.21028108 -1.19069693
v 0.39682275 4.21028136 -1.19069693
v -0.36888857 4.17696419 -1.18827934
v -0.34214322 4.15438126 -1.19095611
v 0.34214315 4.15438126 -1.19095639
v 0.36888846 4.17696405 -1.18827948
v -0.30996038 4.13253088 -1.19686133
v 0.30996045 4.13253102 -1.19686133
v -0.27449887 4.10577625 -1.19533711
v -0.2361631 4.08140741 -1.19094784
v 0.23616249 4.08140713 -1.19094798
v 0.27449894 4.10577611 -1.19533711
v -0.1979242 4.06908114 -1.19176781
v -0.16282623 4.05670654 -1.19220056
v -0.12783735 4.04476344 -1.19319522
v 0.1279657 4.04476876 -1.1932161
v 0.16284301 4.0567071 -1.19220406
v 0.1979222 4.06908114 -1.19176767
v -0.09155504 4.03747717 -1.19516956
v -0.0559723 4.03482324 -1.19789494
v -0.02197203 4.03410751 -1.19915003
v 0.01440743 4.03407865 -1.19871434
v 0.0538838 4.03478626 -1.19763492
v 0.09163118 4.03747787 -1.19516998
v -0.08974057 4.92270712 -1.21646405
v 0.09005322 4.92267433 -1.21648156
v -0.16479013 4.89241526 -1.2247269
v -0.12212572 4.90552605 -1.22499098
v -0.090974 4.89957544 -1.23607825
v -0.05923083 4.91292803 -1.22910636
v -0.0211122 4.91141194 -1.23369526
v 0.0130219 4.91162404 -1.23365366
v 0.05787841 4.91292187 -1.22914643
v 0.09130799 4.89948494 -1.23613121
v 0.12234335 4.90551597 -1.22499238
v 0.16479088 4.89242087 -1.22472354
v -0.23522565 4.86126492 -1.22211864
v -0.19588209 4.86667589 -1.23442655
v -0.16611809 4.86358067 -1.24702894
v 0.16611158 4.86357702 -1.2470309
v 0.19587264 4.86667701 -1.23442599
v 0.23522531 4.86126492 -1.22211878
v -0.27508973 4.82674533 -1.22747582
v 0.27508982 4.82674533 -1.22747539
v -0.31202407 4.78835523 -1.23166615
v 0.3120241 4.78835523 -1.23166615
v -0.34682252 4.75567759 -1.22786836
v -0.31149774 4.75440778 -1.24951854
v 0.31149777 4.7544075 -1.24951868
v 0.34682245 4.75567759 -1.22786836
v -0.38529131 4.72078058 -1.21732506
v -0.34773176 4.72252419 -1.24216139
v 0.34773162 4.72252419 -1.24216167
v 0.38529124 4.72078058 -1.21732478
v -0.38651184 4.68360258 -1.23164612
v 0.3865118 4.68360258 -1.23164612
v -0.42456179 4.64525843 -1.21691837
v -0.38760208 4.6472556 -1.24399816
v 0.38760201 4.6472556 -1.24399816
v 0.42456172 4.64525843 -1.21691851
v -0.42180552 4.60866363 -1.23047508
v 0.42180552 4.60866349 -1.23047508
v -0.45024362 4.5694446 -1.21682213
v -0.41817083 4.56821178 -1.24284533
v 0.4181709 4.56821178 -1.24284547
v 0.45024355 4.5694446 -1.21682227
v -0.44998998 4.53509046 -1.22274864
v -0.41820277 4.53199187 -1.24908117
v 0.4182027 4.53199187 -1.24908145
v 0.44998991 4.53509032 -1.22274878
v -0.45100443 4.50125088 -1.22498509
v -0.41996087 4.49984112 -1.25105397
v 0.4199608 4.49984098 -1.25105397
v 0.45100432 4.50125102 -1.22498509
v -0.4514121 4.46322573 -1.22568234
v -0.42096975 4.46493697 -1.25152272
v 0.42096975 4.46493683 -1.251523
v 0.45141193 4.46322573 -1.22568248
v -0.45107956 4.42315718 -1.22443439
v -0.42043887 4.42533185 -1.25083318
v 0.4204388 4.42533129 -1.25083346
v 0.45107934 4.42315704 -1.22443467
v -0.45219999 4.38636232 -1.21870919
v -0.42013532 4.38630839 -1.24698986
v 0.42013515 4.38630811 -1.24699014
v 0.45219995 4.38636274 -1.21870933
v -0.42291418 4.35027425 -1.23765935
v 0.42291394 4.35027453 -1.23765977
v -0.4228676 4.31613571 -1.22797693
v 0.42286739 4.31613571 -1.22797693
v -0.41138813 4.27979742 -1.22418068
v 0.41138778 4.2797977 -1.22418068
v -0.38755056 4.24478414 -1.22620839
v 0.38754997 4.24478456 -1.22620867
v -0.36719771 4.21004124 -1.22055366
v -0.34225992 4.20867813 -1.24033486
v 0.34225978 4.20867841 -1.24033486
v 0.36719733 4.2100418 -1.22055366
v -0.34321507 4.17974224 -1.21657416
v -0.30735654 4.1612775 -1.23046373
v 0.30735668 4.16127792 -1.23046373
v 0.34321504 4.1797421 -1.21657416
v -0.27214753 4.13395745 -1.23148151
v 0.27214768 4.13395787 -1.23148179
v -0.23668922 4.10783436 -1.22784328
v -0.20012521 4.09289787 -1.22774353
v -0.16474922 4.07889133 -1.22673346
v 0.16476425 4.07889021 -1.22673178
v 0.20012274 4.09289787 -1.22774297
v 0.23668882 4.10783464 -1.22784356
v -0.12933291 4.06675027 -1.22902091
v -0.09297413 4.05940166 -1.2323075
v -0.05612189 4.05710469 -1.23631165
v -0.02187871 4.0569164 -1.23868567
v 0.01385943 4.05708858 -1.23877057
v 0.05385337 4.05726159 -1.23651549
v 0.09302187 4.05944999 -1.23240304
v 0.12945774 4.06675531 -1.22903323
v -0.13024084 4.86521612 -1.25491817
v -0.09242094 4.86444112 -1.26245688
v -0.05351034 4.86672716 -1.26597308
v -0.02035792 4.86726708 -1.26851984
v 0.01090469 4.86801687 -1.26815938
v 0.05133024 4.86720825 -1.26573408
v 0.09283087 4.86441254 -1.26247243
v 0.13043418 4.86516904 -1.25494268
v -0.23498428 4.82286838 -1.24870432
v -0.19817763 4.82555033 -1.26171844
v -0.16364126 4.82839675 -1.27108902
v -0.12966523 4.82630067 -1.28110976
v 0.12985668 4.82627854 -1.28111943
v 0.16363898 4.82838946 -1.27109294
v 0.19817181 4.82555117 -1.2617183
v 0.23498439 4.82286838 -1.24870404
v -0.27463394 4.78948102 -1.25014644
v -0.23790842 4.79193098 -1.26560239
v -0.2000825 4.79380795 -1.27893761
v 0.200076 4.79380935 -1.27893677
v 0.23790852 4.79193098 -1.26560253
v 0.27463413 4.78948102 -1.25014658
v -0.27622297 4.75397993 -1.26770114
v -0.24085817 4.75795158 -1.28123739
v 0.24085837 4.7579513 -1.28123739
v 0.27622309 4.75398021 -1.26770114
v -0.31308447 4.72211007 -1.26287618
v -0.27833976 4.72062508 -1.2811424
v 0.27833987 4.72062508 -1.28114254
v 0.31308436 4.72211007 -1.26287632
v -0.34845632 4.68421563 -1.25669175
v -0.31194407 4.6831002 -1.278078
v 0.311944 4.68309992 -1.27807828
v 0.34845618 4.68421563 -1.25669133
v -0.3481313 4.64643732 -1.26997863
v 0.3481312 4.64643718 -1.26997863
v -0.38649611 4.61201033 -1.25541242
v -0.3484061 4.61376626 -1.27932455
v 0.3484061 4.61376598 -1.27932441
v 0.38649618 4.61201033 -1.25541256
v -0.38417729 4.57150776 -1.26608123
v -0.34722707 4.57692041 -1.28799746
v 0.34722711 4.57692055 -1.28799746
v 0.38417736 4.57150776 -1.26608123
v -0.38486364 4.53173256 -1.27217614
v 0.3848636 4.5317327 -1.27217628
v -0.38666275 4.49743922 -1.27460018
v 0.38666275 4.49743908 -1.27459976
v -0.38801609 4.46502677 -1.27508014
v 0.38801599 4.46502649 -1.27508
v -0.38713641 4.42811214 -1.27496834
v 0.38713634 4.42811158 -1.2749682
v -0.38431724 4.38838093 -1.27365511
v 0.38431692 4.38838051 -1.27365511
v -0.38440847 4.35130701 -1.26785888
v 0.38440823 4.35130673 -1.26785888
v -0.38397496 4.31773221 -1.26019016
v -0.34611074 4.31632595 -1.28622724
v 0.3461106 4.31632567 -1.28622724
v 0.38397485 4.31773221 -1.26019016
v -0.37611273 4.28280495 -1.25409932
v -0.34678052 4.28120158 -1.27458407
v 0.34678052 4.28120172 -1.27458407
v 0.37611252 4.28280551 -1.25409932
v -0.35256715 4.24974891 -1.25650304
v -0.31138682 4.240859 -1.28072941
v 0.31138689 4.24085928 -1.28072913
v 0.35256694 4.24974961 -1.25650318
v -0.30413989 4.19905342 -1.2622847
v 0.30413992 4.19905342 -1.2622847
v -0.26840011 4.16753253 -1.26408686
v 0.26840025 4.16753253 -1.26408686
v -0.23876064 4.14578428 -1.26429168
v -0.20074428 4.12881868 -1.2658152
v 0.20074092 4.12881868 -1.26581506
v 0.23876008 4.14578428 -1.26429168
v -0.16363662 4.11011088 -1.26318522
v -0.12693784 4.09638648 -1.26615044
v -0.09135744 4.08869059 -1.26975224
v -0.05475999 4.0851224 -1.27305229
v -0.02177836 4.08732033 -1.27724696
v 0.01321644 4.08750063 -1.27742054
v 0.05218566 4.08524723 -1.27323104
v 0.09140603 4.08870684 -1.26978503
v 0.12709021 4.09638256 -1.26614175
v 0.16365508 4.11010948 -1.26318242
v -0.09377929 4.82209927 -1.29054492
v -0.05569782 4.82083562 -1.29648194
v -0.0222944 4.82153217 -1.29868183
v 0.01137744 4.82271232 -1.29807018
v 0.05288776 4.82184822 -1.29593319
v 0.09412278 4.82227298 -1.29044055
v -0.16162381 4.7931879 -1.29126472
v -0.12553885 4.78906803 -1.30271007
v -0.09168579 4.78563686 -1.31127021
v -0.05627712 4.78597616 -1.31596628
v -0.02284947 4.7874379 -1.31776284
v 0.01247628 4.78819609 -1.31740714
v 0.05387545 4.78645136 -1.31573877
v 0.09218036 4.78560716 -1.31128604
v 0.12574454 4.78901983 -1.30273543
v 0.16161775 4.79318453 -1.29126668
v -0.20242433 4.75680898 -1.29622585
v -0.16320513 4.75274459 -1.31052169
v -0.12593935 4.74776679 -1.32240021
v 0.126125 4.74775698 -1.32240217
v 0.16319601 4.75274963 -1.31051888
v 0.2024184 4.75680954 -1.29622571
v -0.24213292 4.72253315 -1.29616407
v -0.20464434 4.72069989 -1.31131644
v -0.16689584 4.71757552 -1.32468009
v 0.16688919 4.71757693 -1.32467925
v 0.20463851 4.72069961 -1.31131658
v 0.24213294 4.72253315 -1.29616379
v -0.27505413 4.68176651 -1.29682587
v -0.23785854 4.68422179 -1.3120742
v -0.20183578 4.68587377 -1.3251644
v 0.20182965 4.68587349 -1.32516454
v 0.23785851 4.68422151 -1.31207434
v 0.27505417 4.68176609 -1.29682587
v -0.31010584 4.64241061 -1.29240858
v -0.27175824 4.63927574 -1.31185243
v 0.27175826 4.63927602 -1.31185257
v 0.31010577 4.64241061 -1.29240872
v -0.31109448 4.61026476 -1.30072271
v -0.2723355 4.60634256 -1.3204092
v 0.27233555 4.6063427 -1.32040948
v 0.31109444 4.61026476 -1.30072285
v -0.31018657 4.57727345 -1.30812959
v 0.31018657 4.57727359 -1.30812973
v -0.34690773 4.53468573 -1.29489314
v -0.30785499 4.5363478 -1.31585028
v 0.30785506 4.53634794 -1.31585028
v 0.3469078 4.53468559 -1.29489328
v -0.34644577 4.49539119 -1.29938986
v -0.30432975 4.49414744 -1.32242823
v 0.30432982 4.49414772 -1.32242851
v 0.34644573 4.49539147 -1.29939014
v -0.34692072 4.4625862 -1.30080985
v 0.34692069 4.46258606 -1.30080999
v -0.3465418 4.42925895 -1.30072131
v 0.34654159 4.42925881 -1.30072159
v -0.34430654 4.39103892 -1.29960995
v -0.30334829 4.39474986 -1.32315714
v 0.30334797 4.39474944 -1.32315728
v 0.34430616 4.39103864 -1.29960995
v -0.34454722 4.35181836 -1.29454431
v -0.30579211 4.35419658 -1.31705509
v 0.3057918 4.3541963 -1.31705537
v 0.34454684 4.35181779 -1.29454431
v -0.30855434 4.31465282 -1.30807033
v 0.30855434 4.31465296 -1.30807033
v -0.31025843 4.27759907 -1.29639578
v -0.27285876 4.28018002 -1.31823986
v 0.27285878 4.28017988 -1.31824
v 0.31025857 4.27759921 -1.29639592
v -0.2734584 4.24493236 -1.3050558
v -0.2381696 4.24764008 -1.32340384
v 0.23816889 4.24764008 -1.32340356
v 0.27345843 4.24493208 -1.30505552
v -0.26756274 4.20907179 -1.29167435
v -0.23925069 4.21116142 -1.30731018
v -0.2024299 4.20624022 -1.31726817
v 0.20242624 4.20624022 -1.31726859
v 0.23924995 4.2111617 -1.30731018
v 0.26756284 4.20907165 -1.29167435
v -0.24255604 4.18113281 -1.28848947
v -0.195331 4.16677855 -1.29706487
v -0.16338568 4.17137263 -1.31025887
v -0.12707949 4.17062229 -1.32258402
v 0.12726025 4.17062061 -1.32257925
v 0.16340601 4.17137235 -1.31025873
v 0.19532729 4.16677841 -1.29706515
v 0.24255514 4.18113267 -1.28848947
v -0.16127904 4.14378262 -1.29286879
v -0.12429533 4.13248044 -1.29894282
v -0.08640702 4.1266307 -1.30478178
v -0.05712709 4.13729784 -1.31691513
v -0.02703488 4.12460999 -1.30978171
v 0.01905931 4.12472571 -1.30986675
v 0.05430633 4.13734771 -1.31695366
v 0.0863013 4.12662846 -1.30477869
v 0.12449806 4.13247582 -1.29893428
v 0.16131059 4.14378178 -1.29286823
v -0.05567114 4.11214181 -1.29895347
v 0.05283789 4.11220387 -1.29901847
v -0.09211135 4.74614114 -1.32979435
v -0.05737688 4.74879788 -1.33322299
v -0.02344079 4.75130471 -1.33462463
v 0.01344699 4.7515353 -1.33459059
v 0.05513849 4.74880376 -1.33328029
v 0.09260162 4.74606325 -1.32983834
v -0.12938283 4.71431331 -1.33570531
v -0.09357579 4.71338141 -1.34305251
v -0.05799467 4.7150502 -1.3471424
v -0.02400615 4.71630488 -1.34914616
v 0.01375357 4.71634438 -1.34923484
v 0.05562853 4.7150163 -1.34722968
v 0.09403612 4.71336992 -1.34305812
v 0.1295706 4.71431975 -1.33569747
v -0.16473091 4.68546204 -1.33688756
v -0.12639783 4.68379955 -1.34704322
v -0.08868498 4.68285588 -1.35441998
v -0.05393934 4.6835754 -1.35875727
v -0.02299173 4.68409571 -1.36076607
v 0.01239588 4.68412064 -1.36087128
v 0.05147758 4.68358773 -1.35882227
v 0.08916108 4.68286064 -1.35441549
v 0.12659597 4.68379969 -1.34703817
v 0.16472446 4.68546134 -1.33688812
v -0.2359162 4.64059136 -1.32669001
v -0.20251825 4.64375201 -1.33801559
v -0.1661662 4.6446437 -1.34884286
v -0.12721231 4.64361864 -1.35876596
v 0.12741673 4.64361654 -1.35876203
v 0.16615935 4.64464342 -1.348843
v 0.20251182 4.64375145 -1.33801587
v 0.23591608 4.64059136 -1.32669044
v -0.23740398 4.6043531 -1.33574972
v -0.20391335 4.60449249 -1.34778613
v -0.16811742 4.60416117 -1.35879398
v 0.1681105 4.60416131 -1.3587937
v 0.20390677 4.60449263 -1.34778627
v 0.23740394 4.60435296 -1.33574972
v -0.27154134 4.57695628 -1.32700761
v -0.23605008 4.57505031 -1.34242013
v -0.19909107 4.57321872 -1.3559463
v 0.19908433 4.57321872 -1.3559463
v 0.23605001 4.57505031 -1.34242041
v 0.27154145 4.57695628 -1.32700789
v -0.27080981 4.5409629 -1.3332384
v -0.23561684 4.54213786 -1.34776974
v 0.23561686 4.54213786 -1.3477703
v 0.27080995 4.5409629 -1.33323868
v -0.27042536 4.49817933 -1.33843027
v -0.2375496 4.49954272 -1.35176745
v 0.23754943 4.49954272 -1.35176759
v 0.27042559 4.49817947 -1.33843027
v -0.30293956 4.45920225 -1.3252839
v -0.27104723 4.45875927 -1.34079421
v -0.2396233 4.45772636 -1.35359315
v 0.23962285 4.4577265 -1.35359343
v 0.27104732 4.45875871 -1.34079449
v 0.30293963 4.45920253 -1.32528446
v -0.30296524 4.42899361 -1.3253248
v -0.27118437 4.42735788 -1.34108798
v -0.23971541 4.42489518 -1.35383775
v 0.23971457 4.4248956 -1.35383803
v 0.2711843 4.42735746 -1.3410884
v 0.30296517 4.42899333 -1.32532508
v -0.27076009 4.39475785 -1.33954934
v -0.23862048 4.39213992 -1.35246119
v 0.23861938 4.39213978 -1.35246147
v 0.27075985 4.39475785 -1.33954962
v -0.27111737 4.35423062 -1.33482987
v -0.2375958 4.35209784 -1.34860162
v -0.19858334 4.35077018 -1.3605663
v 0.19858071 4.35077032 -1.36056658
v 0.23759485 4.35209798 -1.34860162
v 0.27111712 4.35423076 -1.33482973
v -0.2718241 4.314267 -1.32763256
v -0.23653288 4.31299369 -1.34293049
v -0.19834534 4.31201976 -1.3542188
v 0.19834257 4.31201948 -1.3542188
v 0.23653196 4.31299341 -1.34293049
v 0.271824 4.31426714 -1.32763242
v -0.236378 4.28137431 -1.3355386
v -0.19877625 4.27909919 -1.34639234
v -0.16353848 4.27773959 -1.35567213
v 0.16356088 4.27773861 -1.35567157
v 0.19877348 4.27909891 -1.34639262
v 0.23637723 4.28137403 -1.3355386
v -0.20130078 4.24423903 -1.33407728
v -0.16435647 4.2422434 -1.34354438
v -0.12787856 4.24332338 -1.354716
v 0.12806226 4.24332156 -1.35471207
v 0.16437787 4.24224186 -1.34354368
v 0.2012979 4.24423889 -1.33407742
v -0.16519679 4.20544351 -1.32766128
v -0.12731807 4.20637107 -1.34021198
v -0.09022057 4.20804126 -1.34926342
v -0.05435427 4.2071413 -1.35344549
v -0.02284105 4.20482822 -1.35432135
v 0.01216073 4.20492572 -1.35438215
v 0.05158293 4.20720434 -1.35350405
v 0.09038156 4.20804294 -1.34926818
v 0.12749234 4.20636742 -1.34020693
v 0.16521689 4.20544309 -1.327661
v -0.09199929 4.17015116 -1.33084477
v -0.05674182 4.16959401 -1.33555625
v -0.02358251 4.16630713 -1.33567281
v 0.0135615 4.16640422 -1.33572955
v 0.05388822 4.1696422 -1.3356008
v 0.09210974 4.17014976 -1.33084547
v -0.08773737 4.64271672 -1.36633101
v -0.05275706 4.64358515 -1.37062655
v -0.02294439 4.64440274 -1.37235222
v 0.01201555 4.64443972 -1.37245477
v 0.05021284 4.64361037 -1.37068567
v 0.08822764 4.64271714 -1.3663289
v -0.13069546 4.60334583 -1.36830772
v -0.09097472 4.60287371 -1.37578507
v -0.05466888 4.60367336 -1.38028824
v -0.02378665 4.60433068 -1.38211758
v 0.01256774 4.60437635 -1.38221775
v 0.05205146 4.60370082 -1.38034708
v 0.09147482 4.60287287 -1.37578395
v 0.1309049 4.60334386 -1.36830352
v -0.16451506 4.57219562 -1.36669931
v -0.1313491 4.57191277 -1.37483104
v -0.09327281 4.57201364 -1.38165947
v -0.05617531 4.57259391 -1.38629348
v -0.02432962 4.57298323 -1.38828954
v 0.01290992 4.57303464 -1.38838788
v 0.05351653 4.57262389 -1.38635176
v 0.093785 4.57201252 -1.38165807
v 0.13156253 4.57191053 -1.37482697
v 0.16450782 4.5721952 -1.36669917
v -0.195225 4.5406851 -1.36234955
v -0.16220309 4.53983389 -1.37255648
v -0.13209906 4.53987479 -1.37958343
v -0.09475378 4.54023596 -1.38603361
v -0.05730822 4.54073987 -1.39071568
v -0.02478013 4.54111644 -1.39277785
v 0.0132068 4.54117332 -1.39287396
v 0.05461756 4.54077335 -1.39077283
v 0.09527442 4.54023497 -1.38603235
v 0.13231508 4.53987269 -1.37957993
v 0.16219546 4.53983361 -1.37255676
v 0.19521798 4.5406851 -1.36234997
v -0.19602292 4.49841203 -1.36664369
v -0.16273239 4.49778973 -1.37679263
v -0.13128987 4.49776312 -1.38392787
v -0.09335039 4.49808547 -1.39038884
v -0.05741762 4.49859289 -1.39475289
v -0.02520236 4.4990353 -1.39665564
v 0.01349359 4.49909863 -1.3967488
v 0.05469151 4.49862987 -1.39480781
v 0.09387446 4.49808435 -1.3903873
v 0.1315101 4.49776087 -1.38392422
v 0.16272596 4.49778931 -1.37679249
v 0.1960155 4.49841217 -1.36664397
v -0.1978776 4.45666291 -1.36828895
v -0.16189445 4.45626869 -1.3789467
v -0.12623028 4.45596329 -1.38701917
v -0.08773691 4.45603922 -1.3936264
v -0.05539702 4.45642826 -1.397318
v -0.02510987 4.45687922 -1.39882429
v 0.01331347 4.45694842 -1.39891395
v 0.05264817 4.4564693 -1.39737096
v 0.08826698 4.4560388 -1.39362486
v 0.12646449 4.45596244 -1.38701469
v 0.16189573 4.45626897 -1.37894642
v 0.1978711 4.45666319 -1.36828895
v -0.19867902 4.4233732 -1.36786629
v -0.16144519 4.42298836 -1.37870854
v -0.12384962 4.42317133 -1.38735834
v -0.08534148 4.42388006 -1.39416001
v -0.05466011 4.4244218 -1.39756989
v -0.02514074 4.42487094 -1.39888663
v 0.01332003 4.42494561 -1.39897307
v 0.05190882 4.42446579 -1.39762102
v 0.08587805 4.4238788 -1.39415833
v 0.1241082 4.4231688 -1.38735385
v 0.16145899 4.42298808 -1.37870812
v 0.19867396 4.4233732 -1.36786643
v -0.19862999 4.39005477 -1.36542726
v -0.16204857 4.38949369 -1.37602828
v -0.12560057 4.39023227 -1.38488975
v -0.08761398 4.39173547 -1.39197147
v -0.0554243 4.3926203 -1.39572836
v -0.0251027 4.39319692 -1.39718057
v 0.01331775 4.3932765 -1.39726308
v 0.05267845 4.39266709 -1.39577739
v 0.08812194 4.39173491 -1.39196979
v 0.12587178 4.39022778 -1.38488499
v 0.16207381 4.38949243 -1.37602814
v 0.19862635 4.39005463 -1.3654274
v -0.16339844 4.35048887 -1.3707036
v -0.12941066 4.35069158 -1.3795477
v -0.09242649 4.35130589 -1.38670676
v -0.0572803 4.35169816 -1.391047
v -0.02518068 4.35223345 -1.39280433
v 0.013496 4.35231765 -1.39288222
v 0.05452907 4.35174915 -1.39109253
v 0.09283007 4.35131108 -1.38670424
v 0.12964835 4.35068962 -1.3795428
v 0.1634238 4.35048831 -1.37070304
v -0.16372379 4.31186706 -1.36393779
v -0.13049149 4.31182741 -1.3730087
v -0.09381825 4.31203713 -1.38030491
v -0.05709838 4.31205983 -1.38496316
v -0.02470858 4.31190236 -1.38659847
v 0.0131821 4.31199062 -1.38667076
v 0.05436497 4.31211712 -1.38500673
v 0.09413138 4.3120475 -1.38030253
v 0.13069835 4.31182881 -1.37300394
v 0.16374731 4.31186734 -1.36393737
v -0.12930053 4.27820316 -1.36548344
v -0.09242039 4.28016559 -1.37349539
v -0.05581727 4.28110645 -1.3784016
v -0.02407729 4.2798288 -1.3795662
v 0.0127653 4.27992589 -1.37963582
v 0.0531121 4.28117986 -1.37845329
v 0.0926824 4.28017371 -1.37349567
v 0.12949193 4.27819979 -1.3654784
v -0.09043807 4.2464109 -1.36360563
v -0.05437964 4.24732095 -1.36842512
v -0.02328944 4.24508814 -1.36927703
v 0.01228315 4.24520092 -1.36934988
v 0.05168719 4.24742294 -1.36849783
v 0.09066299 4.24643192 -1.36361683
f 1 72 11 12
f 2 1 12 13
f 3 2 13 14
f 4 3 14 15
f 5 4 15 16
f 6 5 16 17
f 7 6 17 18
f 8 7 18 19
f 9 8 19 20
f 10 9 20 21
f 22 73 10 21
f 12 11 23 24
f 13 12 24 25
f 14 13 25 26
f 15 14 26 27
f 16 15 27 28
f 17 16 28 29
f 18 17 29 30
f 19 18 30 31
f 20 19 31 32
f 21 20 32 33
f 22 21 33 34
f 23 95 35 24
f 25 24 35 36
f 26 25 36 37
f 27 26 37 38
f 28 27 38 39
f 29 28 39 40
f 30 29 40 41
f 31 30 41 42
f 32 31 42 43
f 33 32 43 44
f 44 96 34 33
f 45 134 56 57
f 46 45 57 58
f 47 46 58 59
f 48 47 59 60
f 49 48 60 61
f 50 49 61 62
f 51 50 62 63
f 52 51 63 64
f 65 143 52 64
f 53 148 69 70
f 54 53 70 71
f 55 54 71 72
f 56 55 72 1
f 1 2 57 56
f 2 3 58 57
f 3 4 59 58
f 4 5 60 59
f 5 6 61 60
f 6 7 62 61
f 7 8 63 62
f 8 9 64 63
f 9 10 65 64
f 73 66 65 10
f 67 66 73 74
f 68 67 74 75
f 76 149 68 75
f 70 69 77 78
f 71 70 78 79
f 72 71 79 11
f 80 74 73 22
f 75 74 80 81
f 76 75 81 82
f 77 156 83 84
f 78 77 84 85
f 79 78 85 86
f 23 11 79 86
f 22 34 87 80
f 81 80 87 88
f 82 81 88 89
f 90 157 82 89
f 84 83 91 92
f 85 84 92 93
f 86 85 93 94
f 86 94 95 23
f 96 97 87 34
f 88 87 97 98
f 89 88 98 99
f 90 89 99 100
f 91 173 101 92
f 93 92 101 102
f 94 93 102 103
f 95 94 103 104
f 95 104 105 35
f 36 35 105 106
f 37 36 106 107
f 38 37 107 108
f 39 38 108 109
f 40 39 109 110
f 41 40 110 111
f 42 41 111 112
f 43 42 112 113
f 44 43 113 114
f 114 115 96 44
f 97 96 115 116
f 98 97 116 117
f 99 98 117 118
f 118 174 100 99
f 103 182 119 104
f 105 104 119 120
f 106 105 120 121
f 107 106 121 122
f 108 107 122 123
f 109 108 123 124
f 110 109 124 125
f 111 110 125 126
f 112 111 126 127
f 113 112 127 128
f 114 113 128 129
f 115 114 129 130
f 130 183 116 115
f 134 45 135
f 136 135 45 46
f 137 136 46 47
f 138 137 47 48
f 139 138 48 49
f 140 139 49 50
f 141 140 50 51
f 142 141 51 52
f 52 143 142
f 53 131 221 148
f 53 54 132 131
f 54 55 133 132
f 55 56 134 133
f 65 66 144 143
f 66 67 145 144
f 67 68 146 145
f 149 147 146 68
f 150 147 149
f 69 148 226 152
f 153 150 149 76
f 154 228 150 153
f 152 151 155 156
f 77 69 152 156
f 76 82 157 153
f 154 153 157 158
f 159 231 154 158
f 155 233 160 161
f 156 155 161 83
f 162 158 157 90
f 159 158 162 163
f 164 234 159 163
f 160 236 165 166
f 161 160 166 167
f 91 83 161 167
f 90 100 168 162
f 163 162 168 169
f 164 163 169 170
f 165 242 171 166
f 167 166 171 172
f 167 172 173 91
f 174 175 168 100
f 169 168 175 176
f 176 243 170 169
f 172 171 177 178
f 173 172 178 179
f 173 179 180 101
f 102 101 180 181
f 103 102 181 182
f 117 116 183 184
f 118 117 184 185
f 185 186 174 118
f 175 174 186 187
f 176 175 187 188
f 179 256 189 180
f 181 180 189 190
f 182 181 190 191
f 182 191 192 119
f 120 119 192 193
f 121 120 193 194
f 122 121 194 195
f 123 122 195 196
f 124 123 196 197
f 125 124 197 198
f 126 125 198 199
f 127 126 199 200
f 128 127 200 201
f 129 128 201 202
f 130 129 202 203
f 203 204 183 130
f 184 183 204 205
f 185 184 205 206
f 206 265 186 185
f 131 207 221
f 131 132 208 207
f 132 133 209 208
f 133 134 210 209
f 134 135 211 210
f 135 136 212 211
f 136 137 213 212
f 137 138 214 213
f 138 139 215 214
f 139 140 216 215
f 140 141 217 216
f 141 142 218 217
f 142 143 219 218
f 143 144 220 219
f 144 145 222 220
f 223 222 145 146
f 224 223 146 147
f 148 221 303 226
f 150 227 224 147
f 150 228 227
f 151 225 309 230
f 151 152 226 225
f 231 229 228 154
f 230 312 232 233
f 155 151 230 233
f 159 234 313 231
f 232 314 235 236
f 233 232 236 160
f 164 237 315 234
f 236 235 238 165
f 164 170 239 237
f 238 320 240 241
f 238 241 242 165
f 243 244 239 170
f 245 321 239 244
f 241 240 246 247
f 242 241 247 248
f 177 171 242 248
f 176 188 249 243
f 244 243 249 250
f 245 244 250 251
f 246 329 252 247
f 248 247 252 253
f 248 253 254 177
f 178 177 254 255
f 179 178 255 256
f 187 186 265 266
f 188 187 266 267
f 267 268 249 188
f 250 249 268 269
f 269 330 251 250
f 253 336 270 254
f 255 254 270 271
f 256 255 271 272
f 189 256 272 257
f 257 258 190 189
f 258 259 191 190
f 259 260 192 191
f 193 192 260 273
f 194 193 273 274
f 195 194 274 275
f 196 195 275 276
f 197 196 276 277
f 198 197 277 278
f 199 198 278 279
f 200 199 279 280
f 201 200 280 281
f 202 201 281 282
f 261 203 202 282
f 261 262 204 203
f 262 263 205 204
f 263 264 206 205
f 206 264 283 265
f 266 265 283 284
f 267 266 284 285
f 285 360 268 267
f 296 295 207 208
f 297 296 208 209
f 297 209 210 286
f 210 211 287 286
f 211 212 288 287
f 212 213 289 288
f 213 214 290 289
f 214 215 291 290
f 215 216 292 291
f 216 217 293 292
f 217 218 294 293
f 218 219 298 294
f 299 298 219 220
f 220 222 300 299
f 303 221 304
f 304 221 207 295
f 222 223 301 300
f 223 224 305 301
f 224 227 306 305
f 225 302 394 309
f 225 226 303 302
f 227 228 307 306
f 228 229 310 307
f 229 311 310
f 309 308 312 230
f 229 231 313 311
f 232 312 400 314
f 234 315 401 313
f 235 314 403 317
f 318 316 315 237
f 317 405 319 320
f 238 235 317 320
f 237 239 321 318
f 322 406 318 321
f 320 319 323 240
f 324 322 321 245
f 246 240 323 325
f 245 251 326 324
f 325 412 327 328
f 325 328 329 246
f 330 331 326 251
f 332 413 326 331
f 327 418 333 328
f 329 328 333 334
f 329 334 335 252
f 253 252 335 336
f 257 272 338 339
f 258 257 339 340
f 259 258 340 341
f 260 259 341 342
f 273 260 342 343
f 261 282 352 353
f 262 261 353 354
f 263 262 354 355
f 264 263 355 356
f 283 264 356 357
f 269 268 360 361
f 361 362 330 269
f 331 330 362 363
f 332 331 363 364
f 334 333 365 366
f 335 334 366 367
f 336 335 367 368
f 336 368 369 270
f 337 271 270 369
f 337 338 272 271
f 343 344 274 273
f 344 345 275 274
f 345 346 276 275
f 346 347 277 276
f 347 348 278 277
f 348 349 279 278
f 349 350 280 279
f 350 351 281 280
f 351 352 282 281
f 357 358 284 283
f 358 359 285 284
f 285 359 370 360
f 361 360 370 371
f 362 361 371 372
f 363 362 372 373
f 373 448 364 363
f 375 297 286 376
f 377 376 286 287
f 378 377 287 288
f 379 378 288 289
f 380 379 289 290
f 381 380 290 291
f 382 381 291 292
f 383 382 292 293
f 384 383 293 294
f 294 298 385 384
f 389 304 295 390
f 390 295 296 374
f 296 297 375 374
f 298 299 386 385
f 299 300 387 386
f 300 301 391 387
f 301 305 392 391
f 394 302 395
f 395 302 303 388
f 303 304 389 388
f 305 306 393 392
f 306 307 396 393
f 307 310 397 396
f 398 308 309 394
f 310 311 399 397
f 312 308 398 400
f 399 311 313 401
f 314 400 492 403
f 315 316 402 401
f 402 316 404
f 317 403 494 405
f 404 316 318 406
f 319 405 407
f 322 408 497 406
f 323 319 407 409
f 322 324 410 408
f 409 500 411 412
f 325 323 409 412
f 324 326 413 410
f 414 501 410 413
f 412 411 415 327
f 416 414 413 332
f 415 417 418 327
f 332 364 419 416
f 418 417 420 421
f 365 333 418 421
f 337 369 423 424
f 338 337 424 425
f 339 338 425 426
f 340 339 426 427
f 341 340 427 428
f 342 341 428 429
f 343 342 429 430
f 344 343 430 431
f 345 344 431 432
f 346 345 432 433
f 347 346 433 434
f 348 347 434 435
f 349 348 435 436
f 350 349 436 437
f 351 350 437 438
f 352 351 438 439
f 353 352 439 440
f 354 353 440 441
f 355 354 441 442
f 356 355 442 443
f 357 356 443 444
f 358 357 444 445
f 359 358 445 446
f 370 359 446 447
f 448 449 419 364
f 421 420 450 451
f 421 451 452 365
f 366 365 452 453
f 367 366 453 454
f 422 368 367 454
f 422 423 369 368
f 371 370 447 455
f 372 371 455 456
f 373 372 456 457
f 457 458 448 373
f 449 448 458 459
f 450 540 460 451
f 452 451 460 461
f 461 541 453 452
f 456 543 462 457
f 458 457 462 463
f 463 544 459 458
f 471 390 374 472
f 473 472 374 375
f 473 375 376 464
f 376 377 465 464
f 377 378 466 465
f 378 379 467 466
f 379 380 474 467
f 475 474 380 381
f 476 475 381 382
f 476 382 383 468
f 383 384 469 468
f 384 385 470 469
f 385 386 477 470
f 478 477 386 387
f 387 391 479 478
f 480 395 388 481
f 482 481 388 389
f 482 389 390 471
f 391 392 483 479
f 484 483 392 393
f 393 396 485 484
f 486 398 394 487
f 487 394 395 480
f 396 397 488 485
f 397 399 489 488
f 398 486 490 400
f 399 401 491 489
f 400 490 587 492
f 401 402 493 491
f 403 492 590 494
f 493 402 404 495
f 405 494 496
f 404 406 497 495
f 498 407 405 496
f 497 408 499
f 409 407 498 500
f 499 408 410 501
f 411 500 502
f 501 414 503
f 415 411 502 504
f 503 414 416 505
f 417 415 504 506
f 416 419 507 505
f 420 417 506 508
f 419 449 531 507
f 450 420 508 532
f 422 454 533 534
f 423 422 534 535
f 509 424 423 535
f 509 510 425 424
f 510 511 426 425
f 511 512 427 426
f 512 513 428 427
f 513 514 429 428
f 514 515 430 429
f 515 516 431 430
f 516 517 432 431
f 517 518 433 432
f 518 519 434 433
f 519 520 435 434
f 520 521 436 435
f 521 522 437 436
f 522 523 438 437
f 523 524 439 438
f 524 525 440 439
f 525 526 441 440
f 526 527 442 441
f 527 528 443 442
f 528 529 444 443
f 529 530 445 444
f 446 445 530 536
f 447 446 536 537
f 455 447 537 542
f 449 459 538 531
f 532 539 540 450
f 533 454 453 541
f 456 455 542 543
f 544 545 538 459
f 540 539 546 547
f 540 547 548 460
f 461 460 548 549
f 461 549 641 541
f 462 543 644 550
f 463 462 550 551
f 551 552 544 463
f 545 544 552 553
f 547 546 554 555
f 548 547 555 556
f 556 647 549 548
f 550 648 557 551
f 552 551 557 558
f 553 552 558 559
f 561 473 464 562
f 563 562 464 465
f 564 563 465 466
f 565 564 466 467
f 467 474 566 565
f 568 476 468 569
f 570 569 468 469
f 571 570 469 470
f 470 477 572 571
f 574 482 471 575
f 575 471 472 560
f 472 473 561 560
f 474 475 567 566
f 475 476 568 567
f 477 478 573 572
f 478 479 576 573
f 479 483 577 576
f 579 487 480 580
f 581 580 480 481
f 581 481 482 574
f 483 484 578 577
f 484 485 582 578
f 485 488 583 582
f 584 486 487 579
f 488 489 585 583
f 489 491 586 585
f 587 490 588
f 588 490 486 584
f 586 491 589
f 492 587 590
f 493 591 589 491
f 493 495 592 591
f 494 590 593
f 495 497 594 592
f 496 494 593 595
f 594 497 596
f 498 496 595 597
f 596 497 499 598
f 500 498 597 599
f 499 501 600 598
f 502 500 599 601
f 501 503 602 600
f 504 502 601 603
f 503 505 604 602
f 504 603 605 506
f 604 505 507 606
f 508 506 605 607
f 606 507 531 608
f 532 508 607 609
f 509 535 610 611
f 510 509 611 612
f 511 510 612 613
f 512 511 613 614
f 513 512 614 615
f 514 513 615 616
f 515 514 616 617
f 516 515 617 618
f 517 516 618 619
f 518 517 619 620
f 519 518 620 621
f 520 519 621 622
f 521 520 622 623
f 522 521 623 624
f 523 522 624 625
f 524 523 625 626
f 525 524 626 627
f 526 525 627 628
f 527 526 628 629
f 528 527 629 630
f 529 528 630 631
f 530 529 631 632
f 536 530 632 633
f 531 538 634 608
f 539 532 609 635
f 533 541 636
f 534 533 636 637
f 610 535 534 637
f 537 536 633 638
f 542 537 638 643
f 538 545 639 634
f 546 539 635 640
f 641 642 636 541
f 642 637 636
f 543 542 643 644
f 545 553 645 639
f 554 546 640 646
f 549 647 749 641
f 550 644 750 648
f 553 559 649 645
f 646 650 651 554
f 555 554 651 652
f 556 555 652 653
f 556 653 753 647
f 557 648 754 654
f 558 557 654 655
f 559 558 655 656
f 656 657 649 559
f 651 650 658 659
f 652 651 659 660
f 660 757 653 652
f 654 758 661 655
f 656 655 661 662
f 657 656 662 663
f 658 761 664 659
f 664 762 660 659
f 661 765 665 662
f 665 766 663 662
f 666 575 560 667
f 668 667 560 561
f 669 668 561 562
f 670 669 562 563
f 671 670 563 564
f 672 671 564 565
f 673 672 565 566
f 674 673 566 567
f 675 674 567 568
f 676 675 568 569
f 677 676 569 570
f 678 677 570 571
f 679 678 571 572
f 680 679 572 573
f 573 576 681 680
f 683 581 574 684
f 684 574 575 666
f 576 577 685 681
f 686 685 577 578
f 687 579 580 682
f 580 581 683 682
f 582 688 686 578
f 689 688 582 583
f 583 585 690 689
f 691 588 584 692
f 692 584 579 687
f 585 586 693 690
f 694 587 588 691
f 693 586 589 695
f 696 590 587 694
f 589 591 695
f 591 592 697 695
f 593 590 696 698
f 594 699 697 592
f 595 593 698 700
f 699 594 596 701
f 597 595 700 702
f 596 598 703 701
f 599 597 702 704
f 598 600 705 703
f 601 599 704 706
f 705 600 602 707
f 603 601 706 708
f 707 602 604 709
f 605 603 708 710
f 604 606 711 709
f 607 605 710 712
f 606 608 713 711
f 607 712 714 609
f 713 608 634 737
f 635 609 714 738
f 610 637 739 740
f 715 611 610 740
f 715 716 612 611
f 716 717 613 612
f 717 718 614 613
f 718 719 615 614
f 719 720 616 615
f 720 721 617 616
f 721 722 618 617
f 722 723 619 618
f 723 724 620 619
f 724 725 621 620
f 725 726 622 621
f 726 727 623 622
f 727 728 624 623
f 728 729 625 624
f 729 730 626 625
f 730 731 627 626
f 731 732 628 627
f 732 733 629 628
f 733 734 630 629
f 734 735 631 630
f 735 736 632 631
f 633 632 736 741
f 638 633 741 742
f 634 639 743 737
f 640 635 738 744
f 642 745 739 637
f 638 742 746 643
f 639 645 747 743
f 646 640 744 748
f 745 642 641 749
f 644 643 746 750
f 645 649 751 747
f 650 646 748 752
f 647 753 867 749
f 648 750 868 754
f 649 657 755 751
f 658 650 752 756
f 653 757 871 753
f 654 754 872 758
f 657 663 759 755
f 756 760 761 658
f 762 763 757 660
f 758 764 765 661
f 766 767 759 663
f 760 879 768 761
f 761 768 769 664
f 769 770 762 664
f 770 880 763 762
f 764 881 771 765
f 765 771 772 665
f 772 773 766 665
f 773 882 767 766
f 769 768 774 775
f 775 885 770 769
f 771 886 776 772
f 773 772 776 777
f 787 684 666 788
f 789 788 666 667
f 790 789 667 668
f 790 668 669 778
f 669 670 779 778
f 670 671 780 779
f 671 672 781 780
f 672 673 791 781
f 792 791 673 674
f 792 674 675 782
f 675 676 783 782
f 676 677 784 783
f 677 678 785 784
f 678 679 786 785
f 679 680 793 786
f 794 793 680 681
f 681 685 795 794
f 797 796 682 683
f 797 683 684 787
f 685 686 798 795
f 686 688 799 798
f 801 692 687 802
f 802 687 682 796
f 688 689 800 799
f 689 690 803 800
f 804 691 692 801
f 693 805 803 690
f 806 696 694 807
f 807 694 691 804
f 695 808 805 693
f 695 697 809 808
f 696 806 810
f 697 699 811 809
f 812 698 696 810
f 811 699 813
f 814 700 698 812
f 701 815 813 699
f 702 700 814 816
f 703 817 815 701
f 704 702 816 818
f 817 703 705 819
f 706 704 818 820
f 819 705 707 821
f 708 706 820 822
f 707 709 823 821
f 708 822 824 710
f 823 709 711 825
f 712 710 824 826
f 825 711 713 827
f 714 712 826 828
f 713 737 851 827
f 738 714 828 852
f 740 853 829 715
f 829 830 716 715
f 830 831 717 716
f 831 832 718 717
f 832 833 719 718
f 833 834 720 719
f 834 835 721 720
f 835 836 722 721
f 836 837 723 722
f 837 838 724 723
f 838 839 725 724
f 839 840 726 725
f 840 841 727 726
f 841 842 728 727
f 842 843 729 728
f 843 844 730 729
f 844 845 731 730
f 845 846 732 731
f 846 847 733 732
f 847 848 734 733
f 848 849 735 734
f 849 850 736 735
f 736 850 854 741
f 851 737 743 856
f 738 852 857 744
f 739 745 858 859
f 853 740 739 859
f 854 855 742 741
f 742 855 860 746
f 856 743 747 861
f 744 857 862 748
f 749 863 858 745
f 864 750 746 860
f 861 747 751 865
f 748 862 866 752
f 749 867 863
f 750 864 868
f 865 751 755 869
f 752 866 870 756
f 753 871 989 867
f 754 868 872
f 869 755 759 873
f 756 870 874 760
f 757 763 875 871
f 764 758 872 876
f 873 759 767 877
f 760 874 878 879
f 763 880 875
f 764 876 881
f 882 883 877 767
f 878 1000 884 879
f 774 768 879 884
f 770 885 1001 880
f 771 881 1002 886
f 773 777 887 882
f 887 1003 883 882
f 884 888 889 774
f 775 774 889 890
f 775 890 1005 885
f 776 886 1006 891
f 777 776 891 892
f 892 893 887 777
f 889 888 894 895
f 895 1009 890 889
f 891 1010 896 892
f 893 892 896 897
f 899 790 778 900
f 901 900 778 779
f 902 901 779 780
f 903 902 780 781
f 905 904 782 783
f 906 905 783 784
f 907 906 784 785
f 908 907 785 786
f 786 793 909 908
f 910 797 787 911
f 912 911 787 788
f 912 788 789 898
f 789 790 899 898
f 791 913 903 781
f 914 913 791 792
f 914 792 782 904
f 793 794 915 909
f 916 915 794 795
f 795 798 917 916
f 918 802 796 919
f 919 796 797 910
f 798 799 920 917
f 921 920 799 800
f 922 801 802 918
f 803 923 921 800
f 924 807 804 925
f 925 804 801 922
f 805 926 923 803
f 805 808 927 926
f 928 806 807 924
f 808 809 929 927
f 806 928 930 810
f 811 931 929 809
f 932 812 810 930
f 931 811 813 933
f 934 814 812 932
f 813 815 935 933
f 936 816 814 934
f 817 937 935 815
f 816 936 938 818
f 937 817 819 939
f 940 820 818 938
f 819 821 941 939
f 820 940 942 822
f 941 821 823 943
f 824 822 942 944
f 943 823 825 945
f 826 824 944 946
f 825 827 947 945
f 826 946 948 828
f 947 827 851 967
f 828 948 968 852
f 829 853 969 970
f 830 829 970 971
f 949 831 830 971
f 949 950 832 831
f 950 951 833 832
f 951 952 834 833
f 952 953 835 834
f 953 954 836 835
f 954 955 837 836
f 955 956 838 837
f 956 957 839 838
f 957 958 840 839
f 958 959 841 840
f 959 960 842 841
f 960 961 843 842
f 961 962 844 843
f 962 963 845 844
f 963 964 846 845
f 964 965 847 846
f 965 966 848 847
f 849 848 966 972
f 850 849 972 973
f 854 850 973 974
f 967 851 856 975
f 857 852 968 976
f 859 977 969 853
f 855 854 974 978
f 860 855 978
f 975 856 861 979
f 862 857 976 980
f 858 863 981
f 977 859 858 981
f 982 864 860 978
f 861 865 983 979
f 866 862 980 984
f 863 867 985 981
f 864 982 986 868
f 865 869 987 983
f 870 866 984 988
f 867 989 985
f 868 986 990 872
f 869 873 991 987
f 874 870 988 992
f 871 875 993 989
f 872 990 994 876
f 873 877 995 991
f 878 874 992 996
f 880 997 993 875
f 876 994 998 881
f 995 877 883 999
f 1000 878 996
f 880 1001 997
f 1002 881 998
f 883 1003 999
f 888 884 1000 1004
f 885 1005 1001
f 886 1002 1126 1006
f 887 893 1007 1003
f 894 888 1004 1008
f 890 1009 1129 1005
f 891 1006 1130 1010
f 893 897 1011 1007
f 1008 1012 1013 894
f 895 894 1013 1014
f 895 1014 1133 1009
f 896 1010 1134 1015
f 897 896 1015 1016
f 1016 1017 1011 897
f 1018 912 898 1019
f 1020 1019 898 899
f 1021 1020 899 900
f 1022 1021 900 901
f 1023 1022 901 902
f 1024 1023 902 903
f 903 913 1025 1024
f 1026 914 904 1027
f 1028 1027 904 905
f 1029 1028 905 906
f 1030 1029 906 907
f 1031 1030 907 908
f 1032 1031 908 909
f 909 915 1033 1032
f 1035 1034 910 911
f 1035 911 912 1018
f 913 914 1026 1025
f 915 916 1036 1033
f 1037 1036 916 917
f 1039 1038 918 919
f 1039 919 910 1034
f 920 1040 1037 917
f 1041 1040 920 921
f 1042 925 922 1043
f 1043 922 918 1038
f 923 1044 1041 921
f 923 926 1045 1044
f 1046 924 925 1042
f 926 927 1047 1045
f 1048 928 924 1046
f 929 1049 1047 927
f 930 928 1048 1050
f 931 1051 1049 929
f 932 930 1050 1052
f 933 1053 1051 931
f 934 932 1052 1054
f 1053 933 935 1055
f 936 934 1054 1056
f 935 937 1057 1055
f 938 936 1056 1058
f 939 1059 1057 937
f 940 938 1058 1060
f 1059 939 941 1061
f 942 940 1060 1062
f 1061 941 943 1063
f 944 942 1062 1064
f 943 945 1065 1063
f 944 1064 1066 946
f 1065 945 947 1067
f 948 946 1066 1068
f 947 967 1069 1067
f 968 948 1068 1070
f 949 971 1073 1074
f 950 949 1074 1075
f 951 950 1075 1076
f 952 951 1076 1077
f 953 952 1077 1078
f 954 953 1078 1079
f 955 954 1079 1080
f 956 955 1080 1081
f 957 956 1081 1082
f 958 957 1082 1083
f 959 958 1083 1084
f 960 959 1084 1085
f 961 960 1085 1086
f 962 961 1086 1087
f 963 962 1087 1088
f 964 963 1088 1089
f 965 964 1089 1090
f 966 965 1090 1091
f 972 966 1091 1092
f 967 975 1095 1069
f 976 968 1070 1096
f 977 1097 1071 969
f 1071 1072 970 969
f 1072 1073 971 970
f 1092 1093 973 972
f 1093 1094 974 973
f 974 1094 1098 978
f 975 979 1099 1095
f 976 1096 1100 980
f 981 1101 1097 977
f 978 1098 1102 982
f 1099 979 983 1103
f 980 1100 1104 984
f 985 1105 1101 981
f 982 1102 1106 986
f 1103 983 987 1107
f 984 1104 1108 988
f 1105 985 989 1109
f 1110 990 986 1106
f 1107 987 991 1111
f 988 1108 1112 992
f 993 1113 1109 989
f 1114 994 990 1110
f 991 995 1115 1111
f 996 992 1112 1116
f 993 997 1117 1113
f 1118 998 994 1114
f 995 999 1119 1115
f 1000 996 1116 1120
f 997 1001 1121 1117
f 1122 1002 998 1118
f 999 1003 1123 1119
f 1004 1000 1120 1124
f 1005 1125 1121 1001
f 1126 1002 1122
f 1003 1007 1127 1123
f 1008 1004 1124 1128
f 1005 1129 1125
f 1006 1126 1130
f 1007 1011 1131 1127
f 1012 1008 1128 1132
f 1009 1133 1129
f 1010 1130 1134
f 1011 1017 1135 1131
f 1132 1136 1137 1012
f 1013 1012 1137 1138
f 1014 1013 1138 1139
f 1014 1139 1133
f 1015 1134 1140
f 1016 1015 1140 1141
f 1017 1016 1141 1142
f 1142 1143 1135 1017
f 1145 1144 1018 1019
f 1146 1145 1019 1020
f 1147 1146 1020 1021
f 1148 1147 1021 1022
f 1149 1148 1022 1023
f 1150 1149 1023 1024
f 1151 1150 1024 1025
f 1152 1151 1025 1026
f 1153 1152 1026 1027
f 1154 1153 1027 1028
f 1155 1154 1028 1029
f 1156 1155 1029 1030
f 1157 1156 1030 1031
f 1158 1157 1031 1032
f 1159 1158 1032 1033
f 1033 1036 1160 1159
f 1161 1039 1034 1162
f 1163 1162 1034 1035
f 1163 1035 1018 1144
f 1036 1037 1164 1160
f 1037 1040 1165 1164
f 1166 1043 1038 1167
f 1167 1038 1039 1161
f 1040 1041 1168 1165
f 1041 1044 1169 1168
f 1170 1042 1043 1166
f 1044 1045 1171 1169
f 1172 1046 1042 1170
f 1047 1173 1171 1045
f 1174 1048 1046 1172
f 1049 1175 1173 1047
f 1176 1050 1048 1174
f 1051 1177 1175 1049
f 1178 1052 1050 1176
f 1053 1179 1177 1051
f 1180 1054 1052 1178
f 1055 1181 1179 1053
f 1056 1054 1180 1182
f 1181 1055 1057 1183
f 1058 1056 1182 1184
f 1057 1059 1185 1183
f 1060 1058 1184 1186
f 1185 1059 1061 1187
f 1062 1060 1186 1188
f 1061 1063 1189 1187
f 1062 1188 1190 1064
f 1189 1063 1065 1191
f 1066 1064 1190 1192
f 1067 1193 1191 1065
f 1068 1066 1192 1194
f 1193 1067 1069 1195
f 1068 1194 1196 1070
f 1195 1069 1095 1219
f 1070 1196 1220 1096
f 1071 1097 1221 1222
f 1197 1072 1071 1222
f 1197 1198 1073 1072
f 1198 1199 1074 1073
f 1199 1200 1075 1074
f 1200 1201 1076 1075
f 1201 1202 1077 1076
f 1202 1203 1078 1077
f 1203 1204 1079 1078
f 1204 1205 1080 1079
f 1205 1206 1081 1080
f 1206 1207 1082 1081
f 1207 1208 1083 1082
f 1208 1209 1084 1083
f 1209 1210 1085 1084
f 1210 1211 1086 1085
f 1211 1212 1087 1086
f 1212 1213 1088 1087
f 1213 1214 1089 1088
f 1214 1215 1090 1089
f 1215 1216 1091 1090
f 1216 1217 1092 1091
f 1217 1218 1093 1092
f 1094 1093 1218 1223
f 1098 1094 1223 1224
f 1219 1095 1099 1225
f 1096 1220 1226 1100
f 1101 1227 1221 1097
f 1098 1224 1228 1102
f 1225 1099 1103 1229
f 1100 1226 1230 1104
f 1105 1231 1227 1101
f 1102 1228 1232 1106
f 1103 1107 1233 1229
f 1108 1104 1230 1234
f 1231 1105 1109 1235
f 1106 1232 1236 1110
f 1107 1111 1237 1233
f 1112 1108 1234 1238
f 1113 1239 1235 1109
f 1110 1236 1240 1114
f 1237 1111 1115 1241
f 1116 1112 1238 1242
f 1239 1113 1117 1243
f 1114 1240 1244 1118
f 1241 1115 1119 1245
f 1116 1242 1246 1120
f 1121 1247 1243 1117
f 1118 1244 1248 1122
f 1245 1119 1123 1249
f 1120 1246 1250 1124
f 1121 1125 1251 1247
f 1122 1248 1252 1126
f 1249 1123 1127 1253
f 1124 1250 1254 1128
f 1125 1129 1255 1251
f 1126 1252 1256 1130
f 1253 1127 1131 1257
f 1128 1254 1258 1132
f 1133 1259 1255 1129
f 1130 1256 1260 1134
f 1257 1131 1135 1261
f 1132 1258 1262 1136
f 1139 1263 1259 1133
f 1134 1260 1264 1140
f 1261 1135 1143 1265
f 1266 1136 1262
f 1137 1136 1266 1267
f 1138 1137 1267 1268
f 1139 1138 1268 1269
f 1139 1269 1263
f 1270 1140 1264
f 1141 1140 1270 1271
f 1142 1141 1271 1272
f 1143 1142 1272 1273
f 1143 1273 1265
f 1284 1163 1144 1285
f 1286 1285 1144 1145
f 1286 1145 1146 1274
f 1146 1147 1275 1274
f 1147 1148 1276 1275
f 1148 1149 1277 1276
f 1149 1150 1278 1277
f 1150 1151 1287 1278
f 1288 1287 1151 1152
f 1288 1152 1153 1279
f 1153 1154 1280 1279
f 1154 1155 1281 1280
f 1155 1156 1282 1281
f 1156 1157 1283 1282
f 1157 1158 1289 1283
f 1290 1289 1158 1159
f 1291 1290 1159 1160
f 1293 1292 1161 1162
f 1293 1162 1163 1284
f 1164 1294 1291 1160
f 1295 1294 1164 1165
f 1297 1296 1166 1167
f 1297 1167 1161 1292
f 1168 1298 1295 1165
f 1299 1298 1168 1169
f 1300 1170 1166 1296
f 1171 1301 1299 1169
f 1302 1172 1170 1300
f 1173 1303 1301 1171
f 1173 1175 1304 1303
f 1305 1174 1172 1302
f 1175 1177 1306 1304
f 1307 1176 1174 1305
f 1177 1179 1308 1306
f 1309 1178 1176 1307
f 1308 1179 1310
f 1311 1180 1178 1309
f 1181 1312 1310 1179
f 1180 1311 1313 1182
f 1183 1314 1312 1181
f 1182 1313 1315 1184
f 1314 1183 1185 1316
f 1317 1186 1184 1315
f 1187 1318 1316 1185
f 1186 1317 1319 1188
f 1318 1187 1189 1320
f 1188 1319 1321 1190
f 1320 1189 1191 1322
f 1323 1192 1190 1321
f 1191 1193 1324 1322
f 1192 1323 1325 1194
f 1324 1193 1195 1326
f 1194 1325 1327 1196
f 1326 1195 1219 1351
f 1196 1327 1352 1220
f 1353 1328 1222 1221
f 1328 1329 1197 1222
f 1329 1330 1198 1197
f 1330 1331 1199 1198
f 1331 1332 1200 1199
f 1332 1333 1201 1200
f 1333 1334 1202 1201
f 1334 1335 1203 1202
f 1335 1336 1204 1203
f 1336 1337 1205 1204
f 1337 1338 1206 1205
f 1338 1339 1207 1206
f 1339 1340 1208 1207
f 1340 1341 1209 1208
f 1341 1342 1210 1209
f 1342 1343 1211 1210
f 1343 1344 1212 1211
f 1344 1345 1213 1212
f 1345 1346 1214 1213
f 1346 1347 1215 1214
f 1347 1348 1216 1215
f 1348 1349 1217 1216
f 1349 1350 1218 1217
f 1218 1350 1354 1223
f 1351 1219 1225 1356
f 1226 1220 1352 1357
f 1227 1358 1353 1221
f 1354 1355 1224 1223
f 1224 1355 1359 1228
f 1225 1229 1360 1356
f 1230 1226 1357 1361
f 1231 1362 1358 1227
f 1228 1359 1363 1232
f 1360 1229 1233 1364
f 1234 1230 1361 1365
f 1362 1231 1235 1366
f 1232 1363 1367 1236
f 1364 1233 1237 1368
f 1234 1365 1369 1238
f 1239 1370 1366 1235
f 1236 1367 1371 1240
f 1368 1237 1241 1372
f 1238 1369 1373 1242
f 1370 1239 1243 1374
f 1240 1371 1375 1244
f 1372 1241 1245 1376
f 1242 1373 1377 1246
f 1247 1378 1374 1243
f 1244 1375 1379 1248
f 1376 1245 1249 1380
f 1246 1377 1381 1250
f 1378 1247 1251 1382
f 1248 1379 1383 1252
f 1380 1249 1253 1384
f 1250 1381 1385 1254
f 1255 1386 1382 1251
f 1252 1383 1387 1256
f 1384 1253 1257 1388
f 1254 1385 1389 1258
f 1259 1390 1386 1255
f 1256 1387 1391 1260
f 1388 1257 1261 1392
f 1258 1389 1393 1262
f 1259 1263 1394 1390
f 1395 1264 1260 1391
f 1392 1261 1265 1396
f 1262 1393 1397 1266
f 1263 1269 1398 1394
f 1399 1270 1264 1395
f 1396 1265 1273 1401
f 1267 1266 1397 1402
f 1268 1267 1402 1403
f 1398 1269 1268 1403
f 1399 1400 1271 1270
f 1272 1271 1400 1404
f 1401 1273 1272 1404
f 1406 1405 1274 1275
f 1407 1406 1275 1276
f 1408 1407 1276 1277
f 1409 1408 1277 1278
f 1411 1410 1279 1280
f 1412 1411 1280 1281
f 1413 1412 1281 1282
f 1414 1413 1282 1283
f 1416 1415 1284 1285
f 1417 1416 1285 1286
f 1417 1286 1274 1405
f 1287 1418 1409 1278
f 1419 1418 1287 1288
f 1419 1288 1279 1410
f 1289 1420 1414 1283
f 1421 1420 1289 1290
f 1422 1421 1290 1291
f 1424 1423 1292 1293
f 1424 1293 1284 1415
f 1294 1425 1422 1291
f 1426 1425 1294 1295
f 1428 1427 1296 1297
f 1428 1297 1292 1423
f 1298 1429 1426 1295
f 1430 1429 1298 1299
f 1431 1300 1296 1427
f 1301 1432 1430 1299
f 1301 1303 1433 1432
f 1434 1305 1302 1435
f 1435 1302 1300 1431
f 1303 1304 1436 1433
f 1305 1434 1437 1307
f 1306 1438 1436 1304
f 1307 1437 1439
f 1308 1440 1438 1306
f 1441 1309 1307 1439
f 1440 1308 1310 1442
f 1443 1311 1309 1441
f 1310 1312 1444 1442
f 1313 1311 1443 1445
f 1314 1446 1444 1312
f 1315 1313 1445 1447
f 1446 1314 1316 1448
f 1449 1317 1315 1447
f 1316 1318 1450 1448
f 1317 1449 1451 1319
f 1450 1318 1320 1452
f 1319 1451 1453 1321
f 1322 1454 1452 1320
f 1455 1323 1321 1453
f 1454 1322 1324 1456
f 1323 1455 1457 1325
f 1456 1324 1326 1458
f 1325 1457 1459 1327
f 1458 1326 1351 1482
f 1352 1327 1459 1483
f 1328 1353 1484 1485
f 1460 1329 1328 1485
f 1460 1461 1330 1329
f 1461 1462 1331 1330
f 1462 1463 1332 1331
f 1463 1464 1333 1332
f 1464 1465 1334 1333
f 1465 1466 1335 1334
f 1466 1467 1336 1335
f 1467 1468 1337 1336
f 1468 1469 1338 1337
f 1469 1470 1339 1338
f 1470 1471 1340 1339
f 1471 1472 1341 1340
f 1472 1473 1342 1341
f 1473 1474 1343 1342
f 1474 1475 1344 1343
f 1475 1476 1345 1344
f 1476 1477 1346 1345
f 1477 1478 1347 1346
f 1478 1479 1348 1347
f 1479 1480 1349 1348
f 1480 1481 1350 1349
f 1350 1481 1486 1354
f 1351 1356 1488 1482
f 1357 1352 1483 1489
f 1358 1490 1484 1353
f 1486 1487 1355 1354
f 1355 1487 1491 1359
f 1488 1356 1360 1492
f 1357 1489 1493 1361
f 1362 1494 1490 1358
f 1359 1491 1495 1363
f 1492 1360 1364 1496
f 1361 1493 1497 1365
f 1494 1362 1366 1498
f 1363 1495 1499 1367
f 1496 1364 1368 1500
f 1365 1497 1501 1369
f 1370 1502 1498 1366
f 1367 1499 1503 1371
f 1500 1368 1372 1504
f 1369 1501 1505 1373
f 1502 1370 1374 1506
f 1371 1503 1507 1375
f 1504 1372 1376 1508
f 1373 1505 1509 1377
f 1378 1510 1506 1374
f 1375 1507 1511 1379
f 1508 1376 1380 1512
f 1377 1509 1513 1381
f 1514 1510 1378 1382
f 1379 1511 1515 1383
f 1512 1380 1384 1516
f 1381 1513 1517 1385
f 1386 1518 1514 1382
f 1383 1515 1519 1387
f 1384 1388 1520 1516
f 1385 1517 1521 1389
f 1390 1522 1518 1386
f 1387 1519 1523 1391
f 1388 1392 1524 1520
f 1389 1521 1525 1393
f 1522 1390 1394 1526
f 1391 1523 1527 1395
f 1524 1392 1396 1528
f 1393 1525 1529 1397
f 1398 1532 1526 1394
f 1395 1527 1533 1399
f 1528 1396 1401 1536
f 1397 1529 1530 1402
f 1530 1531 1403 1402
f 1531 1532 1398 1403
f 1533 1534 1400 1399
f 1400 1534 1535 1404
f 1535 1536 1401 1404
f 1537 1417 1405 1538
f 1539 1538 1405 1406
f 1540 1539 1406 1407
f 1541 1540 1407 1408
f 1542 1541 1408 1409
f 1409 1418 1543 1542
f 1544 1419 1410 1545
f 1546 1545 1410 1411
f 1547 1546 1411 1412
f 1548 1547 1412 1413
f 1549 1548 1413 1414
f 1414 1420 1550 1549
f 1551 1424 1415 1552
f 1553 1552 1415 1416
f 1553 1416 1417 1537
f 1418 1419 1544 1543
f 1420 1421 1554 1550
f 1555 1554 1421 1422
f 1422 1425 1556 1555
f 1557 1428 1423 1558
f 1558 1423 1424 1551
f 1425 1426 1559 1556
f 1426 1429 1560 1559
f 1561 1427 1428 1557
f 1429 1430 1562 1560
f 1563 1435 1431 1564
f 1564 1431 1427 1561
f 1432 1565 1562 1430
f 1566 1565 1432 1433
f 1567 1434 1435 1563
f 1436 1568 1566 1433
f 1569 1437 1434 1567
f 1438 1570 1568 1436
f 1439 1437 1569 1571
f 1440 1572 1570 1438
f 1441 1439 1571 1573
f 1442 1574 1572 1440
f 1575 1443 1441 1573
f 1574 1442 1444 1576
f 1577 1445 1443 1575
f 1446 1578 1576 1444
f 1445 1577 1579 1447
f 1580 1578 1446 1448
f 1581 1449 1447 1579
f 1582 1580 1448 1450
f 1449 1581 1583 1451
f 1582 1450 1452 1584
f 1453 1451 1583 1585
f 1454 1586 1584 1452
f 1455 1453 1585 1587
f 1586 1454 1456 1588
f 1455 1587 1589 1457
f 1588 1456 1458 1590
f 1457 1589 1591 1459
f 1482 1614 1590 1458
f 1615 1483 1459 1591
f 1485 1617 1592 1460
f 1592 1593 1461 1460
f 1593 1594 1462 1461
f 1594 1595 1463 1462
f 1595 1596 1464 1463
f 1596 1597 1465 1464
f 1597 1598 1466 1465
f 1598 1599 1467 1466
f 1599 1600 1468 1467
f 1600 1601 1469 1468
f 1601 1602 1470 1469
f 1602 1603 1471 1470
f 1603 1604 1472 1471
f 1604 1605 1473 1472
f 1605 1606 1474 1473
f 1606 1607 1475 1474
f 1607 1608 1476 1475
f 1608 1609 1477 1476
f 1609 1610 1478 1477
f 1610 1611 1479 1478
f 1611 1612 1480 1479
f 1612 1613 1481 1480
f 1481 1613 1618 1486
f 1614 1482 1488 1620
f 1483 1615 1621 1489
f 1490 1622 1616 1484
f 1616 1617 1485 1484
f 1618 1619 1487 1486
f 1487 1619 1623 1491
f 1620 1488 1492 1624
f 1489 1621 1625 1493
f 1494 1626 1622 1490
f 1491 1623 1627 1495
f 1624 1492 1496 1628
f 1493 1625 1629 1497
f 1626 1494 1498 1630
f 1495 1627 1631 1499
f 1628 1496 1500 1632
f 1497 1629 1633 1501
f 1502 1634 1630 1498
f 1499 1631 1635 1503
f 1632 1500 1504 1636
f 1501 1633 1637 1505
f 1638 1634 1502 1506
f 1635 1639 1507 1503
f 1636 1504 1508 1640
f 1505 1637 1641 1509
f 1510 1642 1638 1506
f 1639 1643 1511 1507
f 1640 1508 1512 1644
f 1513 1509 1641 1645
f 1510 1514 1646 1642
f 1643 1647 1515 1511
f 1512 1516 1648 1644
f 1649 1517 1513 1645
f 1514 1518 1650 1646
f 1647 1651 1519 1515
f 1648 1516 1520 1652
f 1517 1649 1653 1521
f 1522 1654 1650 1518
f 1519 1651 1655 1523
f 1524 1656 1652 1520
f 1521 1653 1657 1525
f 1654 1522 1526 1659
f 1655 1660 1527 1523
f 1656 1524 1528 1661
f 1657 1662 1529 1525
f 1663 1658 1532 1531
f 1658 1659 1526 1532
f 1660 1664 1533 1527
f 1665 1661 1528 1536
f 1529 1662 1530
f 1662 1663 1531 1530
f 1533 1664 1534
f 1664 1665 1535 1534
f 1665 1536 1535
f 1667 1666 1537 1538
f 1668 1667 1538 1539
f 1669 1668 1539 1540
f 1670 1669 1540 1541
f 1671 1670 1541 1542
f 1672 1671 1542 1543
f 1673 1672 1543 1544
f 1674 1673 1544 1545
f 1675 1674 1545 1546
f 1676 1675 1546 1547
f 1677 1676 1547 1548
f 1678 1677 1548 1549
f 1679 1678 1549 1550
f 1681 1680 1551 1552
f 1682 1681 1552 1553
f 1682 1553 1537 1666
f 1554 1683 1679 1550
f 1684 1683 1554 1555
f 1685 1684 1555 1556
f 1687 1686 1557 1558
f 1687 1558 1551 1680
f 1559 1688 1685 1556
f 1689 1688 1559 1560
f 1690 1561 1557 1686
f 1562 1691 1689 1560
f 1562 1565 1692 1691
f 1694 1693 1563 1564
f 1694 1564 1561 1690
f 1565 1566 1695 1692
f 1696 1567 1563 1693
f 1568 1697 1695 1566
f 1698 1569 1567 1696
f 1570 1699 1697 1568
f 1700 1571 1569 1698
f 1572 1701 1699 1570
f 1573 1571 1700 1702
f 1574 1703 1701 1572
f 1575 1573 1702 1704
f 1703 1574 1576 1705
f 1706 1577 1575 1704
f 1578 1707 1705 1576
f 1579 1577 1706 1708
f 1707 1578 1580 1709
f 1581 1579 1708 1710
f 1580 1582 1711 1709
f 1581 1710 1712 1583
f 1711 1582 1584 1713
f 1714 1585 1583 1712
f 1586 1715 1713 1584
f 1585 1714 1716 1587
f 1715 1586 1588 1717
f 1587 1716 1718 1589
f 1717 1588 1590 1719
f 1589 1718 1720 1591
f 1614 1741 1719 1590
f 1742 1615 1591 1720
f 1592 1617 1744 1745
f 1721 1593 1592 1745
f 1721 1722 1594 1593
f 1722 1723 1595 1594
f 1723 1724 1596 1595
f 1724 1725 1597 1596
f 1725 1726 1598 1597
f 1726 1727 1599 1598
f 1727 1728 1600 1599
f 1728 1729 1601 1600
f 1729 1730 1602 1601
f 1730 1731 1603 1602
f 1731 1732 1604 1603
f 1732 1733 1605 1604
f 1733 1734 1606 1605
f 1734 1735 1607 1606
f 1735 1736 1608 1607
f 1736 1737 1609 1608
f 1737 1738 1610 1609
f 1738 1739 1611 1610
f 1739 1740 1612 1611
f 1613 1612 1740 1746
f 1618 1613 1746 1747
f 1741 1614 1620 1749
f 1615 1742 1750 1621
f 1622 1751 1743 1616
f 1743 1744 1617 1616
f 1747 1748 1619 1618
f 1619 1748 1752 1623
f 1749 1620 1624 1753
f 1621 1750 1754 1625
f 1626 1755 1751 1622
f 1623 1752 1756 1627
f 1753 1624 1628 1757
f 1625 1754 1758 1629
f 1755 1626 1630 1759
f 1627 1756 1760 1631
f 1757 1628 1632 1761
f 1629 1758 1762 1633
f 1634 1763 1759 1630
f 1631 1760 1764 1635
f 1761 1632 1636 1765
f 1633 1762 1766 1637
f 1638 1767 1763 1634
f 1635 1764 1768 1639
f 1765 1636 1640 1769
f 1637 1766 1770 1641
f 1767 1638 1642 1771
f 1639 1768 1772 1643
f 1640 1644 1773 1769
f 1641 1770 1774 1645
f 1775 1771 1642 1646
f 1643 1772 1776 1647
f 1777 1773 1644 1648
f 1774 1778 1649 1645
f 1650 1779 1775 1646
f 1647 1776 1780 1651
f 1781 1777 1648 1652
f 1649 1778 1782 1653
f 1654 1783 1779 1650
f 1651 1780 1784 1655
f 1656 1785 1781 1652
f 1653 1782 1786 1657
f 1787 1783 1654 1659
f 1655 1784 1788 1660
f 1785 1656 1661 1789
f 1657 1786 1790 1662
f 1663 1791 1787 1658
f 1787 1659 1658
f 1660 1788 1792 1664
f 1665 1793 1789 1661
f 1790 1791 1663 1662
f 1792 1793 1665 1664
f 1795 1794 1666 1667
f 1796 1795 1667 1668
f 1797 1796 1668 1669
f 1798 1797 1669 1670
f 1799 1798 1670 1671
f 1800 1799 1671 1672
f 1801 1800 1672 1673
f 1802 1801 1673 1674
f 1803 1802 1674 1675
f 1804 1803 1675 1676
f 1805 1804 1676 1677
f 1806 1805 1677 1678
f 1807 1806 1678 1679
f 1809 1808 1680 1681
f 1810 1809 1681 1682
f 1810 1682 1666 1794
f 1683 1811 1807 1679
f 1812 1811 1683 1684
f 1813 1812 1684 1685
f 1815 1814 1686 1687
f 1815 1687 1680 1808
f 1688 1816 1813 1685
f 1817 1816 1688 1689
f 1818 1694 1690 1819
f 1819 1690 1686 1814
f 1691 1820 1817 1689
f 1821 1820 1691 1692
f 1822 1693 1694 1818
f 1695 1823 1821 1692
f 1824 1696 1693 1822
f 1697 1825 1823 1695
f 1826 1698 1696 1824
f 1699 1827 1825 1697
f 1828 1700 1698 1826
f 1701 1829 1827 1699
f 1830 1702 1700 1828
f 1703 1831 1829 1701
f 1702 1830 1832 1704
f 1831 1703 1705 1833
f 1834 1706 1704 1832
f 1707 1835 1833 1705
f 1836 1708 1706 1834
f 1709 1837 1835 1707
f 1708 1836 1838 1710
f 1837 1709 1711 1839
f 1710 1838 1840 1712
f 1839 1711 1713 1841
f 1842 1714 1712 1840
f 1715 1843 1841 1713
f 1714 1842 1844 1716
f 1843 1715 1717 1845
f 1716 1844 1846 1718
f 1845 1717 1719 1847
f 1720 1718 1846 1848
f 1741 1869 1847 1719
f 1742 1720 1848 1870
f 1745 1873 1849 1721
f 1849 1850 1722 1721
f 1850 1851 1723 1722
f 1851 1852 1724 1723
f 1852 1853 1725 1724
f 1853 1854 1726 1725
f 1854 1855 1727 1726
f 1855 1856 1728 1727
f 1856 1857 1729 1728
f 1857 1858 1730 1729
f 1858 1859 1731 1730
f 1859 1860 1732 1731
f 1860 1861 1733 1732
f 1861 1862 1734 1733
f 1862 1863 1735 1734
f 1863 1864 1736 1735
f 1864 1865 1737 1736
f 1865 1866 1738 1737
f 1866 1867 1739 1738
f 1867 1868 1740 1739
f 1740 1868 1874 1746
f 1869 1741 1749 1877
f 1742 1870 1878 1750
f 1751 1879 1871 1743
f 1871 1872 1744 1743
f 1872 1873 1745 1744
f 1874 1875 1747 1746
f 1875 1876 1748 1747
f 1748 1876 1880 1752
f 1877 1749 1753 1881
f 1750 1878 1882 1754
f 1755 1883 1879 1751
f 1752 1880 1884 1756
f 1881 1753 1757 1885
f 1754 1882 1886 1758
f 1883 1755 1759 1887
f 1756 1884 1888 1760
f 1885 1757 1761 1889
f 1758 1886 1890 1762
f 1763 1891 1887 1759
f 1760 1888 1892 1764
f 1889 1761 1765 1893
f 1762 1890 1894 1766
f 1767 1895 1891 1763
f 1764 1892 1896 1768
f 1897 1893 1765 1769
f 1766 1894 1898 1770
f 1895 1767 1771 1899
f 1768 1896 1900 1772
f 1901 1897 1769 1773
f 1770 1898 1902 1774
f 1775 1903 1899 1771
f 1772 1900 1904 1776
f 1777 1905 1901 1773
f 1774 1902 1906 1778
f 1907 1903 1775 1779
f 1776 1904 1908 1780
f 1905 1777 1781 1909
f 1778 1906 1910 1782
f 1783 1911 1907 1779
f 1780 1908 1912 1784
f 1909 1781 1785 1913
f 1782 1910 1914 1786
f 1787 1917 1911 1783
f 1784 1912 1918 1788
f 1920 1913 1785 1789
f 1786 1914 1915 1790
f 1915 1916 1791 1790
f 1916 1917 1787 1791
f 1788 1918 1919 1792
f 1919 1920 1793 1792
f 1793 1920 1789
f 1921 1810 1794 1922
f 1923 1922 1794 1795
f 1924 1923 1795 1796
f 1925 1924 1796 1797
f 1926 1925 1797 1798
f 1927 1926 1798 1799
f 1928 1927 1799 1800
f 1929 1928 1800 1801
f 1930 1929 1801 1802
f 1931 1930 1802 1803
f 1932 1931 1803 1804
f 1933 1932 1804 1805
f 1934 1933 1805 1806
f 1935 1934 1806 1807
f 1807 1811 1936 1935
f 1938 1937 1808 1809
f 1938 1809 1810 1921
f 1811 1812 1939 1936
f 1940 1939 1812 1813
f 1942 1941 1814 1815
f 1942 1815 1808 1937
f 1816 1943 1940 1813
f 1944 1943 1816 1817
f 1817 1820 1945 1944
f 1947 1946 1818 1819
f 1947 1819 1814 1941
f 1820 1821 1948 1945
f 1949 1822 1818 1946
f 1823 1950 1948 1821
f 1951 1824 1822 1949
f 1825 1952 1950 1823
f 1953 1826 1824 1951
f 1827 1954 1952 1825
f 1955 1828 1826 1953
f 1829 1956 1954 1827
f 1957 1830 1828 1955
f 1831 1958 1956 1829
f 1830 1957 1959 1832
f 1958 1831 1833 1960
f 1961 1834 1832 1959
f 1835 1962 1960 1833
f 1963 1836 1834 1961
f 1837 1964 1962 1835
f 1836 1963 1965 1838
f 1964 1837 1839 1966
f 1838 1965 1967 1840
f 1966 1839 1841 1968
f 1969 1842 1840 1967
f 1843 1970 1968 1841
f 1842 1969 1971 1844
f 1970 1843 1845 1972
f 1844 1971 1973 1846
f 1972 1845 1847 1974
f 1975 1848 1846 1973
f 1869 1995 1974 1847
f 1848 1975 1996 1870
f 1873 1999 1976 1849
f 1976 1977 1850 1849
f 1977 1978 1851 1850
f 1978 1979 1852 1851
f 1979 1980 1853 1852
f 1980 1981 1854 1853
f 1981 1982 1855 1854
f 1982 1983 1856 1855
f 1983 1984 1857 1856
f 1984 1985 1858 1857
f 1985 1986 1859 1858
f 1986 1987 1860 1859
f 1987 1988 1861 1860
f 1988 1989 1862 1861
f 1989 1990 1863 1862
f 1990 1991 1864 1863
f 1991 1992 1865 1864
f 1992 1993 1866 1865
f 1993 1994 1867 1866
f 1868 1867 1994 2000
f 1874 1868 2000 2001
f 1995 1869 1877 2004
f 1870 1996 2005 1878
f 1879 2006 1997 1871
f 1997 1998 1872 1871
f 1998 1999 1873 1872
f 2001 2002 1875 1874
f 2002 2003 1876 1875
f 1876 2003 2007 1880
f 2004 1877 1881 2008
f 1878 2005 2009 1882
f 1883 2010 2006 1879
f 1880 2007 2011 1884
f 2008 1881 1885 2012
f 1882 2009 2013 1886
f 2010 1883 1887 2014
f 2011 2015 1888 1884
f 2012 1885 1889 2016
f 1886 2013 2017 1890
f 1891 2018 2014 1887
f 2015 2019 1892 1888
f 2016 1889 1893 2020
f 1890 2017 2021 1894
f 1895 2022 2018 1891
f 1892 2019 2023 1896
f 2020 1893 1897 2024
f 1894 2021 2025 1898
f 2026 2022 1895 1899
f 2023 2027 1900 1896
f 2024 1897 1901 2028
f 1898 2025 2029 1902
f 1903 2030 2026 1899
f 2027 2031 1904 1900
f 2028 1901 1905 2032
f 1902 2029 2033 1906
f 1907 2034 2030 1903
f 2031 2035 1908 1904
f 2032 1905 1909 2036
f 1906 2033 2037 1910
f 2034 1907 1911 2038
f 2035 2039 1912 1908
f 2036 1909 1913 2040
f 2037 2041 1914 1910
f 1917 2043 2038 1911
f 1912 2039 2044 1918
f 1920 2046 2040 1913
f 1914 2041 1915
f 2041 2042 1916 1915
f 2042 2043 1917 1916
f 2044 2045 1919 1918
f 2045 2046 1920 1919
f 2048 2047 1921 1922
f 2049 2048 1922 1923
f 2050 2049 1923 1924
f 2051 2050 1924 1925
f 2052 2051 1925 1926
f 2053 2052 1926 1927
f 2054 2053 1927 1928
f 2055 2054 1928 1929
f 2056 2055 1929 1930
f 2057 2056 1930 1931
f 2058 2057 1931 1932
f 2059 2058 1932 1933
f 2060 2059 1933 1934
f 2061 2060 1934 1935
f 2062 2061 1935 1936
f 2064 2063 1937 1938
f 2064 1938 1921 2047
f 1939 2065 2062 1936
f 2066 2065 1939 1940
f 2068 2067 1941 1942
f 2068 1942 1937 2063
f 1943 2069 2066 1940
f 2070 2069 1943 1944
f 2071 2070 1944 1945
f 2073 2072 1946 1947
f 2073 1947 1941 2067
f 1948 2074 2071 1945
f 2075 1949 1946 2072
f 1950 2076 2074 1948
f 2077 1951 1949 2075
f 1952 2078 2076 1950
f 2079 1953 1951 2077
f 1954 2080 2078 1952
f 2081 1955 1953 2079
f 1956 2082 2080 1954
f 2083 1957 1955 2081
f 1958 2084 2082 1956
f 1957 2083 2085 1959
f 2084 1958 1960 2086
f 2087 1961 1959 2085
f 1962 2088 2086 1960
f 1961 2087 2089 1963
f 1964 2090 2088 1962
f 1963 2089 2091 1965
f 2090 1964 1966 2092
f 1965 2091 2093 1967
f 2092 1966 1968 2094
f 2095 1969 1967 2093
f 1970 2096 2094 1968
f 1969 2095 2097 1971
f 2096 1970 1972 2098
f 1971 2097 2099 1973
f 2098 1972 1974 2100
f 1973 2099 2101 1975
f 1995 2120 2100 1974
f 1975 2101 2121 1996
f 1976 1999 2123 2124
f 2102 1977 1976 2124
f 2102 2103 1978 1977
f 2103 2104 1979 1978
f 2104 2105 1980 1979
f 2105 2106 1981 1980
f 2106 2107 1982 1981
f 2107 2108 1983 1982
f 2108 2109 1984 1983
f 2109 2110 1985 1984
f 2110 2111 1986 1985
f 2111 2112 1987 1986
f 2112 2113 1988 1987
f 2113 2114 1989 1988
f 2114 2115 1990 1989
f 2115 2116 1991 1990
f 2116 2117 1992 1991
f 2117 2118 1993 1992
f 2118 2119 1994 1993
f 1994 2119 2125 2000
f 2120 1995 2004 2128
f 1996 2121 2129 2005
f 1997 2006 2130 2131
f 2122 1998 1997 2131
f 2122 2123 1999 1998
f 2125 2126 2001 2000
f 2126 2127 2002 2001
f 2003 2002 2127 2132
f 2007 2003 2132 2133
f 2128 2004 2008 2134
f 2005 2129 2135 2009
f 2010 2136 2130 2006
f 2007 2133 2137 2011
f 2134 2008 2012 2138
f 2009 2135 2139 2013
f 2136 2010 2014 2140
f 2011 2137 2141 2015
f 2138 2012 2016 2142
f 2013 2139 2143 2017
f 2018 2144 2140 2014
f 2015 2141 2145 2019
f 2142 2016 2020 2146
f 2017 2143 2147 2021
f 2022 2148 2144 2018
f 2019 2145 2149 2023
f 2146 2020 2024 2150
f 2021 2147 2151 2025
f 2026 2152 2148 2022
f 2023 2149 2153 2027
f 2150 2024 2028 2154
f 2025 2151 2155 2029
f 2152 2026 2030 2156
f 2027 2153 2157 2031
f 2154 2028 2032 2158
f 2029 2155 2159 2033
f 2034 2160 2156 2030
f 2031 2157 2161 2035
f 2158 2032 2036 2162
f 2033 2159 2163 2037
f 2160 2034 2038 2166
f 2035 2161 2167 2039
f 2162 2036 2040 2169
f 2037 2163 2164 2041
f 2041 2164 2170 2042
f 2170 2165 2043 2042
f 2165 2166 2038 2043
f 2039 2167 2168 2044
f 2044 2168 2171 2045
f 2046 2172 2169 2040
f 2171 2172 2046 2045
f 2174 2173 2047 2048
f 2175 2174 2048 2049
f 2176 2175 2049 2050
f 2177 2176 2050 2051
f 2178 2177 2051 2052
f 2179 2178 2052 2053
f 2180 2179 2053 2054
f 2181 2180 2054 2055
f 2182 2181 2055 2056
f 2183 2182 2056 2057
f 2184 2183 2057 2058
f 2185 2184 2058 2059
f 2186 2185 2059 2060
f 2187 2186 2060 2061
f 2188 2187 2061 2062
f 2190 2189 2063 2064
f 2190 2064 2047 2173
f 2065 2191 2188 2062
f 2192 2191 2065 2066
f 2194 2193 2067 2068
f 2194 2068 2063 2189
f 2069 2195 2192 2066
f 2196 2195 2069 2070
f 2197 2196 2070 2071
f 2199 2198 2072 2073
f 2199 2073 2067 2193
f 2074 2200 2197 2071
f 2201 2075 2072 2198
f 2076 2202 2200 2074
f 2203 2077 2075 2201
f 2078 2204 2202 2076
f 2205 2079 2077 2203
f 2080 2206 2204 2078
f 2207 2081 2079 2205
f 2082 2208 2206 2080
f 2209 2083 2081 2207
f 2084 2210 2208 2082
f 2083 2209 2211 2085
f 2210 2084 2086 2212
f 2213 2087 2085 2211
f 2088 2214 2212 2086
f 2087 2213 2215 2089
f 2216 2214 2088 2090
f 2217 2091 2089 2215
f 2218 2216 2090 2092
f 2091 2217 2219 2093
f 2218 2092 2094 2220
f 2221 2095 2093 2219
f 2096 2222 2220 2094
f 2095 2221 2223 2097
f 2222 2096 2098 2224
f 2097 2223 2225 2099
f 2224 2098 2100 2226
f 2099 2225 2227 2101
f 2120 2242 2226 2100
f 2243 2121 2101 2227
f 2102 2124 2246 2247
f 2228 2103 2102 2247
f 2228 2229 2104 2103
f 2229 2230 2105 2104
f 2230 2231 2106 2105
f 2231 2232 2107 2106
f 2232 2233 2108 2107
f 2233 2234 2109 2108
f 2234 2235 2110 2109
f 2235 2236 2111 2110
f 2236 2237 2112 2111
f 2237 2238 2113 2112
f 2238 2239 2114 2113
f 2239 2240 2115 2114
f 2240 2241 2116 2115
f 2117 2116 2241 2248
f 2118 2117 2248 2249
f 2119 2118 2249 2250
f 2125 2119 2250 2251
f 2242 2120 2128 2254
f 2121 2243 2255 2129
f 2131 2257 2244 2122
f 2244 2245 2123 2122
f 2245 2246 2124 2123
f 2251 2252 2126 2125
f 2252 2253 2127 2126
f 2127 2253 2258 2132
f 2254 2128 2134 2260
f 2129 2255 2261 2135
f 2136 2262 2256 2130
f 2256 2257 2131 2130
f 2258 2259 2133 2132
f 2133 2259 2263 2137
f 2260 2134 2138 2264
f 2135 2261 2265 2139
f 2262 2136 2140 2266
f 2267 2141 2137 2263
f 2264 2138 2142 2268
f 2139 2265 2269 2143
f 2144 2270 2266 2140
f 2271 2145 2141 2267
f 2268 2142 2146 2272
f 2143 2269 2273 2147
f 2148 2274 2270 2144
f 2145 2271 2275 2149
f 2272 2146 2150 2276
f 2147 2273 2277 2151
f 2148 2152 2278 2274
f 2279 2153 2149 2275
f 2276 2150 2154 2280
f 2151 2277 2281 2155
f 2152 2156 2282 2278
f 2283 2157 2153 2279
f 2280 2154 2158 2284
f 2155 2281 2285 2159
f 2160 2286 2282 2156
f 2287 2161 2157 2283
f 2284 2158 2162 2288
f 2285 2289 2163 2159
f 2286 2160 2166 2291
f 2292 2167 2161 2287
f 2294 2288 2162 2169
f 2163 2289 2164
f 2164 2289 2295 2170
f 2170 2295 2290 2165
f 2290 2291 2166 2165
f 2292 2293 2168 2167
f 2168 2293 2296 2171
f 2296 2294 2169 2172
f 2296 2172 2171
f 2298 2297 2173 2174
f 2299 2298 2174 2175
f 2300 2299 2175 2176
f 2301 2300 2176 2177
f 2302 2301 2177 2178
f 2303 2302 2178 2179
f 2304 2303 2179 2180
f 2305 2304 2180 2181
f 2306 2305 2181 2182
f 2307 2306 2182 2183
f 2308 2307 2183 2184
f 2309 2308 2184 2185
f 2310 2309 2185 2186
f 2311 2310 2186 2187
f 2312 2311 2187 2188
f 2314 2313 2189 2190
f 2314 2190 2173 2297
f 2191 2315 2312 2188
f 2316 2315 2191 2192
f 2318 2317 2193 2194
f 2318 2194 2189 2313
f 2195 2319 2316 2192
f 2320 2319 2195 2196
f 2321 2320 2196 2197
f 2323 2322 2198 2199
f 2323 2199 2193 2317
f 2200 2324 2321 2197
f 2325 2201 2198 2322
f 2202 2326 2324 2200
f 2327 2203 2201 2325
f 2204 2328 2326 2202
f 2329 2205 2203 2327
f 2206 2330 2328 2204
f 2331 2207 2205 2329
f 2208 2332 2330 2206
f 2207 2331 2333 2209
f 2334 2332 2208 2210
f 2209 2333 2335 2211
f 2336 2334 2210 2212
f 2337 2213 2211 2335
f 2214 2338 2336 2212
f 2213 2337 2339 2215
f 2338 2214 2216 2340
f 2341 2217 2215 2339
f 2218 2342 2340 2216
f 2217 2341 2343 2219
f 2342 2218 2220 2344
f 2345 2221 2219 2343
f 2222 2346 2344 2220
f 2221 2345 2347 2223
f 2346 2222 2224 2348
f 2223 2347 2349 2225
f 2348 2224 2226 2350
f 2225 2349 2351 2227
f 2358 2350 2226 2242
f 2359 2243 2227 2351
f 2228 2247 2362 2363
f 2229 2228 2363 2364
f 2230 2229 2364 2365
f 2231 2230 2365 2366
f 2232 2231 2366 2367
f 2352 2233 2232 2367
f 2352 2353 2234 2233
f 2353 2354 2235 2234
f 2354 2355 2236 2235
f 2355 2356 2237 2236
f 2356 2357 2238 2237
f 2239 2238 2357 2368
f 2240 2239 2368 2369
f 2241 2240 2369 2370
f 2248 2241 2370 2371
f 2376 2358 2242 2254
f 2243 2359 2377 2255
f 2244 2257 2378 2379
f 2360 2245 2244 2379
f 2360 2361 2246 2245
f 2361 2362 2247 2246
f 2371 2372 2249 2248
f 2372 2373 2250 2249
f 2373 2374 2251 2250
f 2374 2375 2252 2251
f 2253 2252 2375 2380
f 2258 2253 2380 2381
f 2376 2254 2260 2382
f 2255 2377 2383 2261
f 2256 2262 2384
f 2378 2257 2256 2384
f 2259 2258 2381 2385
f 2263 2259 2385
f 2382 2260 2264 2386
f 2261 2383 2387 2265
f 2262 2266 2388 2384
f 2389 2267 2263 2385
f 2386 2264 2268 2390
f 2265 2387 2391 2269
f 2270 2392 2388 2266
f 2267 2389 2393 2271
f 2390 2268 2272 2394
f 2269 2391 2395 2273
f 2270 2274 2396 2392
f 2397 2275 2271 2393
f 2394 2272 2276 2398
f 2273 2395 2399 2277
f 2274 2278 2400 2396
f 2401 2279 2275 2397
f 2398 2276 2280 2402
f 2277 2399 2403 2281
f 2282 2404 2400 2278
f 2405 2283 2279 2401
f 2402 2280 2284 2406
f 2403 2407 2285 2281
f 2282 2286 2408 2404
f 2409 2287 2283 2405
f 2410 2406 2284 2288
f 2407 2411 2289 2285
f 2286 2291 2412 2408
f 2287 2409 2413 2292
f 2294 2414 2410 2288
f 2289 2411 2415 2295
f 2290 2295 2415 2416
f 2412 2291 2290 2416
f 2293 2292 2413 2417
f 2296 2293 2417 2418
f 2296 2418 2414 2294
f 2419 2436 2297 2298
f 2420 2419 2298 2299
f 2421 2420 2299 2300
f 2422 2421 2300 2301
f 2423 2422 2301 2302
f 2424 2423 2302 2303
f 2425 2424 2303 2304
f 2426 2425 2304 2305
f 2427 2426 2305 2306
f 2428 2427 2306 2307
f 2429 2428 2307 2308
f 2430 2429 2308 2309
f 2431 2430 2309 2310
f 2432 2431 2310 2311
f 2433 2432 2311 2312
f 2435 2434 2313 2314
f 2436 2435 2314 2297
f 2315 2437 2433 2312
f 2438 2437 2315 2316
f 2440 2439 2317 2318
f 2440 2318 2313 2434
f 2319 2441 2438 2316
f 2442 2441 2319 2320
f 2321 2444 2442 2320
f 2443 2447 2322 2323
f 2443 2323 2317 2439
f 2324 2445 2444 2321
f 2447 2446 2325 2322
f 2326 2448 2445 2324
f 2449 2327 2325 2446
f 2328 2450 2448 2326
f 2451 2329 2327 2449
f 2330 2452 2450 2328
f 2453 2331 2329 2451
f 2332 2454 2452 2330
f 2331 2453 2455 2333
f 2454 2332 2334 2456
f 2457 2335 2333 2455
f 2336 2458 2456 2334
f 2459 2337 2335 2457
f 2338 2460 2458 2336
f 2337 2459 2461 2339
f 2460 2338 2340 2462
f 2339 2461 2463 2341
f 2342 2464 2462 2340
f 2341 2463 2465 2343
f 2464 2342 2344 2466
f 2467 2345 2343 2465
f 2346 2468 2466 2344
f 2345 2467 2469 2347
f 2468 2346 2348 2470
f 2347 2469 2471 2349
f 2470 2348 2350 2472
f 2349 2471 2473 2351
f 2472 2350 2358 2478
f 2351 2473 2479 2359
f 2352 2367 2485 2486
f 2474 2353 2352 2486
f 2474 2475 2354 2353
f 2475 2476 2355 2354
f 2476 2477 2356 2355
f 2357 2356 2477 2487
f 2368 2357 2487 2488
f 2494 2478 2358 2376
f 2359 2479 2495 2377
f 2360 2379 2496 2497
f 2361 2360 2497 2498
f 2480 2362 2361 2498
f 2480 2481 2363 2362
f 2481 2482 2364 2363
f 2482 2483 2365 2364
f 2483 2484 2366 2365
f 2484 2485 2367 2366
f 2488 2489 2369 2368
f 2489 2490 2370 2369
f 2490 2491 2371 2370
f 2491 2492 2372 2371
f 2492 2493 2373 2372
f 2374 2373 2493 2499
f 2375 2374 2499 2500
f 2380 2375 2500 2501
f 2502 2494 2376 2382
f 2377 2495 2503 2383
f 2378 2384 2508 2504
f 2496 2379 2378 2504
f 2381 2380 2501 2505
f 2385 2381 2505 2509
f 2502 2382 2386 2506
f 2383 2503 2507 2387
f 2384 2388 2512 2508
f 2389 2385 2509 2513
f 2506 2386 2390 2510
f 2387 2507 2511 2391
f 2388 2392 2512
f 2393 2389 2513
f 2510 2390 2394 2514
f 2391 2511 2515 2395
f 2392 2396 2516 2512
f 2517 2397 2393 2513
f 2514 2394 2398 2518
f 2395 2515 2519 2399
f 2400 2520 2516 2396
f 2521 2401 2397 2517
f 2518 2398 2402 2522
f 2519 2523 2403 2399
f 2400 2404 2524 2520
f 2525 2405 2401 2521
f 2522 2402 2406 2526
f 2523 2527 2407 2403
f 2404 2408 2528 2524
f 2405 2525 2529 2409
f 2410 2530 2526 2406
f 2407 2527 2531 2411
f 2408 2412 2532 2528
f 2533 2413 2409 2529
f 2530 2410 2414 2534
f 2411 2531 2535 2415
f 2412 2416 2537 2532
f 2413 2533 2538 2417
f 2418 2540 2534 2414
f 2535 2536 2416 2415
f 2537 2416 2536
f 2417 2538 2539
f 2539 2540 2418 2417
f 2541 2556 2419 2420
f 2542 2541 2420 2421
f 2543 2542 2421 2422
f 2544 2543 2422 2423
f 2545 2544 2423 2424
f 2546 2545 2424 2425
f 2547 2546 2425 2426
f 2548 2547 2426 2427
f 2549 2548 2427 2428
f 2550 2549 2428 2429
f 2551 2550 2429 2430
f 2552 2551 2430 2431
f 2432 2557 2552 2431
f 2554 2553 2434 2435
f 2555 2554 2435 2436
f 2556 2555 2436 2419
f 2558 2557 2432 2433
f 2437 2559 2558 2433
f 2560 2559 2437 2438
f 2562 2561 2439 2440
f 2562 2440 2434 2553
f 2441 2563 2560 2438
f 2564 2563 2441 2442
f 2565 2443 2439 2561
f 2444 2566 2564 2442
f 2445 2569 2566 2444
f 2568 2567 2446 2447
f 2568 2447 2443 2565
f 2448 2570 2569 2445
f 2571 2449 2446 2567
f 2450 2572 2570 2448
f 2573 2451 2449 2571
f 2452 2574 2572 2450
f 2575 2453 2451 2573
f 2454 2576 2574 2452
f 2453 2575 2577 2455
f 2576 2454 2456 2578
f 2579 2457 2455 2577
f 2458 2580 2578 2456
f 2581 2459 2457 2579
f 2460 2582 2580 2458
f 2459 2581 2583 2461
f 2582 2460 2462 2584
f 2461 2583 2585 2463
f 2586 2584 2462 2464
f 2587 2465 2463 2585
f 2588 2586 2464 2466
f 2465 2587 2589 2467
f 2590 2588 2466 2468
f 2469 2467 2589 2591
f 2592 2590 2468 2470
f 2469 2591 2593 2471
f 2592 2470 2472 2594
f 2471 2593 2595 2473
f 2594 2472 2478 2597
f 2473 2595 2598 2479
f 2474 2486 2603 2604
f 2475 2474 2604 2605
f 2596 2476 2475 2605
f 2477 2476 2596 2606
f 2487 2477 2606 2607
f 2597 2478 2494 2611
f 2479 2598 2612 2495
f 2480 2498 2613 2614
f 2481 2480 2614 2615
f 2599 2482 2481 2615
f 2599 2600 2483 2482
f 2600 2601 2484 2483
f 2601 2602 2485 2484
f 2602 2603 2486 2485
f 2607 2608 2488 2487
f 2608 2609 2489 2488
f 2609 2610 2490 2489
f 2491 2490 2610 2616
f 2492 2491 2616 2617
f 2493 2492 2617 2618
f 2499 2493 2618 2619
f 2620 2611 2494 2502
f 2503 2495 2612 2621
f 2496 2504 2628 2622
f 2497 2496 2622 2623
f 2613 2498 2497 2623
f 2500 2499 2619 2624
f 2501 2500 2624 2625
f 2505 2501 2625 2629
f 2626 2620 2502 2506
f 2507 2503 2621 2627
f 2504 2508 2632 2628
f 2509 2505 2629 2633
f 2630 2626 2506 2510
f 2511 2507 2627 2631
f 2508 2512 2636 2632
f 2513 2509 2633 2637
f 2630 2510 2514 2634
f 2515 2511 2631 2635
f 2512 2516 2640 2636
f 2517 2513 2637
f 2634 2514 2518 2638
f 2519 2515 2635 2639
f 2516 2520 2640
f 2641 2521 2517 2637
f 2638 2518 2522 2642
f 2639 2643 2523 2519
f 2520 2524 2644 2640
f 2521 2641 2645 2525
f 2646 2642 2522 2526
f 2523 2643 2647 2527
f 2524 2528 2648 2644
f 2649 2529 2525 2645
f 2530 2650 2646 2526
f 2527 2647 2651 2531
f 2528 2532 2652 2648
f 2533 2529 2649 2653
f 2650 2530 2534 2654
f 2655 2535 2531 2651
f 2532 2537 2656 2652
f 2533 2653 2657 2538
f 2534 2540 2658 2654
f 2535 2655 2659
f 2536 2535 2659 2660
f 2537 2536 2660 2661
f 2537 2661 2784 2656
f 2538 2657 2785 2662
f 2539 2538 2662 2663
f 2540 2539 2663 2664
f 2540 2664 2658
f 2665 2678 2541 2542
f 2666 2665 2542 2543
f 2667 2666 2543 2544
f 2668 2667 2544 2545
f 2669 2668 2545 2546
f 2670 2669 2546 2547
f 2671 2670 2547 2548
f 2672 2671 2548 2549
f 2673 2672 2549 2550
f 2674 2673 2550 2551
f 2552 2679 2674 2551
f 2675 2685 2553 2554
f 2676 2675 2554 2555
f 2677 2676 2555 2556
f 2678 2677 2556 2541
f 2557 2680 2679 2552
f 2681 2680 2557 2558
f 2682 2681 2558 2559
f 2560 2686 2682 2559
f 2684 2683 2561 2562
f 2685 2684 2562 2553
f 2563 2687 2686 2560
f 2688 2687 2563 2564
f 2689 2565 2561 2683
f 2566 2690 2688 2564
f 2691 2694 2567 2568
f 2691 2568 2565 2689
f 2569 2692 2690 2566
f 2570 2695 2692 2569
f 2694 2693 2571 2567
f 2572 2696 2695 2570
f 2697 2573 2571 2693
f 2698 2696 2572 2574
f 2573 2697 2699 2575
f 2700 2698 2574
f 2576 2701 2700 2574
f 2575 2699 2702 2577
f 2701 2576 2578 2703
f 2704 2579 2577 2702
f 2580 2705 2703 2578
f 2579 2704 2706 2581
f 2707 2705 2580 2582
f 2581 2706 2708 2583
f 2709 2707 2582 2584
f 2583 2708 2710 2585
f 2709 2584 2586 2711
f 2712 2587 2585 2710
f 2588 2713 2711 2586
f 2587 2712 2714 2589
f 2713 2588 2590 2715
f 2589 2714 2716 2591
f 2717 2715 2590 2592
f 2718 2593 2591 2716
f 2719 2717 2592 2594
f 2593 2718 2720 2595
f 2719 2594 2597 2721
f 2595 2720 2722 2598
f 2596 2605 2728 2606
f 2721 2597 2611 2733
f 2598 2722 2734 2612
f 2599 2615 2736 2737
f 2600 2599 2737 2738
f 2723 2601 2600 2738
f 2723 2724 2602 2601
f 2724 2725 2603 2602
f 2725 2726 2604 2603
f 2726 2727 2605 2604
f 2728 2605 2727
f 2606 2728 2729
f 2729 2730 2607 2606
f 2730 2731 2608 2607
f 2731 2732 2609 2608
f 2610 2609 2732 2739
f 2616 2610 2739 2740
f 2733 2611 2620 2741
f 2612 2734 2742 2621
f 2613 2623 2743 2744
f 2735 2614 2613 2744
f 2735 2736 2615 2614
f 2617 2616 2740 2745
f 2618 2617 2745 2746
f 2619 2618 2746 2747
f 2624 2619 2747 2751
f 2741 2620 2626 2748
f 2621 2742 2749 2627
f 2622 2628 2755 2750
f 2743 2623 2622 2750
f 2625 2624 2751 2752
f 2629 2625 2752 2756
f 2753 2748 2626 2630
f 2627 2749 2754 2631
f 2628 2632 2759 2755
f 2633 2629 2756 2760
f 2757 2753 2630 2634
f 2631 2754 2758 2635
f 2632 2636 2763 2759
f 2637 2633 2760 2764
f 2761 2757 2634 2638
f 2635 2758 2762 2639
f 2636 2640 2767 2763
f 2641 2637 2764
f 2765 2761 2638 2642
f 2639 2762 2766 2643
f 2640 2644 2767
f 2764 2768 2769 2641
f 2645 2641 2769
f 2646 2770 2765 2642
f 2643 2766 2771 2647
f 2644 2648 2772 2767
f 2768 2902 2773 2769
f 2649 2645 2769 2773
f 2770 2646 2650 2774
f 2647 2771 2775 2651
f 2648 2652 2776 2772
f 2777 2653 2649 2773
f 2774 2650 2654 2778
f 2651 2775 2779 2655
f 2652 2656 2780 2776
f 2781 2657 2653 2777
f 2778 2654 2658 2782
f 2655 2779 2783 2659
f 2656 2784 2914 2780
f 2657 2781 2917 2785
f 2664 2786 2782 2658
f 2787 2659 2783
f 2660 2659 2787 2788
f 2661 2660 2788 2789
f 2789 2790 2784 2661
f 2785 2791 2792 2662
f 2663 2662 2792 2793
f 2664 2663 2793 2794
f 2664 2794 2786
f 2795 2804 2665 2666
f 2796 2795 2666 2667
f 2797 2796 2667 2668
f 2669 2805 2797 2668
f 2798 2806 2670 2671
f 2799 2798 2671 2672
f 2800 2799 2672 2673
f 2674 2807 2800 2673
f 2801 2814 2675 2676
f 2802 2801 2676 2677
f 2803 2802 2677 2678
f 2804 2803 2678 2665
f 2806 2805 2669 2670
f 2679 2808 2807 2674
f 2809 2808 2679 2680
f 2810 2809 2680 2681
f 2811 2810 2681 2682
f 2812 2818 2683 2684
f 2813 2812 2684 2685
f 2814 2813 2685 2675
f 2686 2815 2811 2682
f 2816 2815 2686 2687
f 2688 2819 2816 2687
f 2818 2817 2689 2683
f 2690 2820 2819 2688
f 2821 2691 2689 2817
f 2692 2822 2820 2690
f 2823 2825 2693 2694
f 2823 2694 2691 2821
f 2695 2824 2822 2692
f 2696 2826 2824 2695
f 2693 2825 2827 2697
f 2826 2696 2698
f 2697 2827 2699
f 2700 2828 2826 2698
f 2701 2830 2828 2700
f 2829 2702 2699 2827
f 2830 2701 2703
f 2702 2829 2831 2704
f 2832 2830 2703 2705
f 2704 2831 2833 2706
f 2834 2832 2705 2707
f 2835 2708 2706 2833
f 2709 2836 2834 2707
f 2708 2835 2837 2710
f 2836 2709 2711 2838
f 2839 2712 2710 2837
f 2713 2840 2838 2711
f 2712 2839 2841 2714
f 2840 2713 2715 2842
f 2714 2841 2843 2716
f 2842 2715 2717 2844
f 2716 2843 2845 2718
f 2719 2846 2844 2717
f 2718 2845 2847 2720
f 2846 2719 2721 2848
f 2720 2847 2849 2722
f 2848 2721 2733 2856
f 2722 2849 2857 2734
f 2723 2738 2858 2859
f 2724 2723 2859 2860
f 2850 2725 2724 2860
f 2850 2851 2726 2725
f 2851 2852 2727 2726
f 2852 2853 2728 2727
f 2853 2854 2729 2728
f 2854 2855 2730 2729
f 2731 2730 2855 2861
f 2732 2731 2861 2862
f 2739 2732 2862 2863
f 2856 2733 2741 2864
f 2734 2857 2865 2742
f 2735 2744 2866
f 2736 2735 2866 2867
f 2737 2736 2867 2868
f 2858 2738 2737 2868
f 2740 2739 2863 2869
f 2745 2740 2869 2870
f 2864 2741 2748 2871
f 2742 2865 2872 2749
f 2743 2750 2873
f 2744 2743 2873 2874
f 2874 2875 2866 2744
f 2875 3045 2867 2866
f 2746 2745 2870 2876
f 2747 2746 2876 2877
f 2751 2747 2877
f 2871 2748 2753 2878
f 2749 2872 2879 2754
f 2750 2755 2880
f 2880 2881 2873 2750
f 2881 3051 2874 2873
f 2876 3054 2882 2877
f 2877 2882 2883 2751
f 2752 2751 2883 2884
f 2756 2752 2884
f 2878 2753 2757 2885
f 2754 2879 2886 2758
f 2755 2759 2893 2887
f 2887 2888 2880 2755
f 2888 3057 2881 2880
f 2883 3060 2889 2884
f 2884 2889 2890 2756
f 2760 2756 2890 2894
f 2885 2757 2761 2891
f 2758 2886 2892 2762
f 2759 2763 2897 2893
f 2764 2760 2894
f 2891 2761 2765 2895
f 2762 2892 2896 2766
f 2763 2767 2897
f 2898 2768 2764 2894
f 2895 2765 2770 2899
f 2766 2896 2900 2771
f 2767 2772 2901 2897
f 2902 2768 2898
f 2899 2770 2774 2903
f 2771 2900 2904 2775
f 2772 2776 2905 2901
f 2902 2906 2907 2773
f 2777 2773 2907
f 2903 2774 2778 2908
f 2775 2904 2909 2779
f 2776 2780 2910 2905
f 2906 3084 2911 2907
f 2781 2777 2907 2911
f 2908 2778 2782 2912
f 2779 2909 2913 2783
f 2914 2915 2910 2780
f 2911 2916 2917 2781
f 2786 2918 2912 2782
f 2783 2913 2919 2787
f 2784 2790 2920 2914
f 2920 3091 2915 2914
f 2916 3094 2921 2917
f 2791 2785 2917 2921
f 2918 2786 2794 2922
f 2788 2787 2919 2923
f 2789 2788 2923 2924
f 2790 2789 2924 2925
f 2925 2926 2920 2790
f 2921 2927 2928 2791
f 2792 2791 2928 2929
f 2793 2792 2929 2930
f 2922 2794 2793 2930
f 2924 2923 2931 2932
f 2925 2924 2932 2933
f 2926 2925 2933 2934
f 2928 2927 2935 2936
f 2929 2928 2936 2937
f 2930 2929 2937 2938
f 2931 3108 2939 2932
f 2933 2932 2939 2940
f 2934 2933 2940 2941
f 2936 2935 2942 2943
f 2937 2936 2943 2944
f 2944 3112 2938 2937
f 2940 2939 2945 2946
f 2946 3114 2941 2940
f 2943 2942 2947 2948
f 2944 2943 2948 2949
f 2946 2945 2950 2951
f 2952 3114 2946 2951
f 2948 2947 2953 2954
f 2949 2948 2954 2955
f 2951 2950 2956 2957
f 2957 3125 2952 2951
f 2954 2953 2958 2959
f 2955 2954 2959 2960
f 2957 2956 2961 2962
f 2959 2958 2963 2964
f 2960 2959 2964 2965
f 2961 3134 2966 2962
f 2964 2963 2967 2968
f 2965 2964 2968 2969
f 2968 2967 2970 2971
f 2971 3145 2969 2968
f 2973 2972 2801 2802
f 2974 2973 2802 2803
f 2975 2974 2803 2804
f 2976 2975 2804 2795
f 2977 2976 2795 2796
f 2978 2977 2796 2797
f 2805 2979 2978 2797
f 2980 2979 2805 2806
f 2981 2980 2806 2798
f 2982 2981 2798 2799
f 2983 2982 2799 2800
f 2807 2984 2983 2800
f 2985 2984 2807 2808
f 2986 2985 2808 2809
f 2987 2986 2809 2810
f 2811 2990 2987 2810
f 2988 2993 2812 2813
f 2989 2988 2813 2814
f 2989 2814 2801 2972
f 2815 2991 2990 2811
f 2816 2994 2991 2815
f 2992 2996 2817 2818
f 2993 2992 2818 2812
f 2819 2995 2994 2816
f 2820 2997 2995 2819
f 2817 2996 3000 2821
f 2822 2998 2997 2820
f 3000 2999 2823 2821
f 2824 3001 2998 2822
f 3002 2825 2823 2999
f 2826 3003 3001 2824
f 3004 2827 2825 3002
f 2828 3005 3003 2826
f 2827 3004 3006 2829
f 2830 3007 3005 2828
f 2829 3006 3008 2831
f 3007 2830 2832 3009
f 3010 2833 2831 3008
f 2834 3011 3009 2832
f 3012 2835 2833 3010
f 2836 3013 3011 2834
f 2835 3012 3014 2837
f 3013 2836 2838 3015
f 2837 3014 3016 2839
f 3017 3015 2838 2840
f 2839 3016 3018 2841
f 3019 3017 2840 2842
f 2841 3018 3020 2843
f 3019 2842 2844 3021
f 2843 3020 3022 2845
f 3023 3021 2844 2846
f 2845 3022 3024 2847
f 3025 3023 2846 2848
f 2847 3024 3026 2849
f 3025 2848 2856 3029
f 2849 3026 3030 2857
f 2850 2860 3031 3032
f 2851 2850 3032 3033
f 3027 2852 2851 3033
f 3027 3028 2853 2852
f 2854 2853 3028 3034
f 2855 2854 3034 3035
f 2861 2855 3035 3040
f 3029 2856 2864 3036
f 2857 3030 3037 2865
f 2858 2868 3046 3038
f 2859 2858 3038 3039
f 3031 2860 2859 3039
f 2862 2861 3040 3041
f 2863 2862 3041 3042
f 2869 2863 3042 3047
f 3036 2864 2871 3043
f 2865 3037 3044 2872
f 2868 2867 3045 3046
f 2870 2869 3047 3048
f 2876 2870 3048
f 3043 2871 2878 3049
f 2872 3044 3050 2879
f 2875 2874 3051 3052
f 2875 3052 3260 3045
f 3047 3262 3053 3048
f 3048 3053 3054 2876
f 3049 2878 2885 3055
f 2879 3050 3056 2886
f 3057 3058 3051 2881
f 3058 3266 3052 3051
f 2882 3054 3267 3059
f 2883 2882 3059 3060
f 3055 2885 2891 3061
f 2886 3056 3062 2892
f 2887 2893 3063
f 2888 2887 3063 3064
f 2888 3064 3270 3057
f 2889 3060 3273 3065
f 2890 2889 3065 3066
f 2894 2890 3066
f 3061 2891 2895 3067
f 2892 3062 3068 2896
f 2893 2897 3069
f 3069 3070 3063 2893
f 3070 3276 3064 3063
f 3065 3279 3071 3066
f 3066 3071 3072 2894
f 2898 2894 3072
f 3067 2895 2899 3073
f 2896 3068 3074 2900
f 2897 2901 3075 3069
f 3075 3282 3070 3069
f 3071 3285 3076 3072
f 2902 2898 3072 3076
f 3073 2899 2903 3077
f 2900 3074 3078 2904
f 2901 2905 3079 3075
f 2906 2902 3076 3080
f 3077 2903 2908 3081
f 3078 3082 2909 2904
f 2905 2910 3083 3079
f 2906 3080 3298 3084
f 3085 3081 2908 2912
f 3082 3086 2913 2909
f 2910 2915 3087 3083
f 2916 2911 3084 3088
f 2918 3089 3085 2912
f 2913 3086 3090 2919
f 3091 3092 3087 2915
f 3088 3093 3094 2916
f 3089 2918 2922 3095
f 3096 2923 2919 3090
f 2920 2926 3097 3091
f 3092 3091 3097 3098
f 3094 3093 3099 3100
f 2927 2921 3094 3100
f 2922 2930 3101 3095
f 3102 2931 2923 3096
f 2926 2934 3103 3097
f 3098 3097 3103 3104
f 3100 3099 3105 3106
f 2935 2927 3100 3106
f 2930 2938 3107 3101
f 3108 2931 3102
f 2934 2941 3109 3103
f 3109 3319 3104 3103
f 3106 3105 3110 3111
f 2942 2935 3106 3111
f 2938 3112 3322 3107
f 2945 2939 3108 3113
f 3114 3115 3109 2941
f 3111 3110 3116 3117
f 2947 2942 3111 3117
f 2944 2949 3118 3112
f 2950 2945 3113 3119
f 3120 3115 3114 2952
f 3117 3116 3121 3122
f 2953 2947 3117 3122
f 2949 2955 3123 3118
f 2956 2950 3119 3124
f 3125 3126 3120 2952
f 3121 3336 3127 3122
f 2958 2953 3122 3127
f 2955 2960 3128 3123
f 2961 2956 3124 3129
f 2957 2962 3130 3125
f 3126 3125 3130 3131
f 2963 2958 3127 3132
f 2960 2965 3133 3128
f 2961 3129 3343 3134
f 2962 2966 3135 3130
f 3131 3130 3135 3136
f 2967 2963 3132 3137
f 2965 2969 3138 3133
f 3134 3139 3140 2966
f 3140 3141 3135 2966
f 3136 3135 3141 3142
f 3137 3347 3143 3144
f 2970 2967 3137 3144
f 2969 3145 3353 3138
f 3140 3139 3146 3147
f 3141 3140 3147 3148
f 3142 3141 3148 3149
f 3144 3143 3150 3151
f 3144 3151 3152 2970
f 2971 2970 3152 3153
f 3153 3154 3145 2971
f 3147 3146 3155 3156
f 3148 3147 3156 3157
f 3149 3148 3157 3158
f 3159 3355 3149 3158
f 3151 3150 3160 3161
f 3152 3151 3161 3162
f 3153 3152 3162 3163
f 3154 3153 3163 3164
f 3156 3155 3165 3166
f 3157 3156 3166 3167
f 3158 3157 3167 3168
f 3159 3158 3168 3169
f 3161 3160 3170 3171
f 3162 3161 3171 3172
f 3163 3162 3172 3173
f 3164 3163 3173 3174
f 3165 3369 3175 3166
f 3167 3166 3175 3176
f 3168 3167 3176 3177
f 3177 3370 3169 3168
f 3171 3170 3178 3179
f 3172 3171 3179 3180
f 3173 3172 3180 3181
f 3181 3374 3174 3173
f 3175 3375 3182 3176
f 3177 3176 3182 3183
f 3178 3380 3184 3179
f 3180 3179 3184 3185
f 3185 3381 3181 3180
f 3186 3201 2972 2973
f 3187 3186 2973 2974
f 3188 3187 2974 2975
f 3189 3188 2975 2976
f 3190 3189 2976 2977
f 3191 3190 2977 2978
f 3192 3191 2978 2979
f 3193 3192 2979 2980
f 3194 3193 2980 2981
f 3195 3194 2981 2982
f 3196 3195 2982 2983
f 3197 3196 2983 2984
f 3198 3197 2984 2985
f 3199 3198 2985 2986
f 2987 3202 3199 2986
f 3200 3206 2988 2989
f 3201 3200 2989 2972
f 2990 3203 3202 2987
f 2991 3207 3203 2990
f 3205 3204 2992 2993
f 3206 3205 2993 2988
f 2994 3208 3207 2991
f 3209 3208 2994 2995
f 3210 2996 2992 3204
f 2997 3211 3209 2995
f 2998 3213 3211 2997
f 3212 3214 2999 3000
f 3212 3000 2996 3210
f 3001 3215 3213 2998
f 2999 3214 3216 3002
f 3003 3217 3215 3001
f 3002 3216 3219 3004
f 3005 3218 3217 3003
f 3004 3219 3006
f 3220 3218 3005 3007
f 3221 3008 3006 3219
f 3222 3220 3007 3009
f 3008 3221 3223 3010
f 3011 3224 3222 3009
f 3010 3223 3225 3012
f 3226 3224 3011 3013
f 3012 3225 3227 3014
f 3228 3226 3013 3015
f 3014 3227 3229 3016
f 3228 3015 3017 3230
f 3016 3229 3231 3018
f 3019 3232 3230 3017
f 3018 3231 3233 3020
f 3232 3019 3021 3234
f 3020 3233 3235 3022
f 3234 3021 3023 3236
f 3022 3235 3237 3024
f 3238 3236 3023 3025
f 3024 3237 3239 3026
f 3240 3238 3025 3029
f 3030 3026 3239 3241
f 3027 3033 3243 3244
f 3028 3027 3244 3245
f 3034 3028 3245 3246
f 3247 3240 3029 3036
f 3030 3241 3248 3037
f 3031 3039 3249 3250
f 3242 3032 3031 3250
f 3242 3243 3033 3032
f 3035 3034 3246 3251
f 3040 3035 3251 3252
f 3247 3036 3043 3253
f 3037 3248 3254 3044
f 3038 3046 3261 3255
f 3249 3039 3038 3255
f 3041 3040 3252 3256
f 3042 3041 3256 3257
f 3047 3042 3257 3262
f 3253 3043 3049 3258
f 3044 3254 3259 3050
f 3046 3045 3260 3261
f 3258 3049 3055 3264
f 3050 3259 3265 3056
f 3052 3266 3472 3260
f 3053 3262 3263
f 3054 3053 3263 3267
f 3264 3055 3061 3268
f 3056 3265 3269 3062
f 3058 3057 3270 3271
f 3058 3271 3478 3266
f 3059 3267 3481 3272
f 3060 3059 3272 3273
f 3268 3061 3067 3274
f 3062 3269 3275 3068
f 3276 3277 3270 3064
f 3277 3484 3271 3270
f 3272 3487 3278 3273
f 3273 3278 3279 3065
f 3274 3067 3073 3280
f 3068 3275 3281 3074
f 3282 3283 3276 3070
f 3283 3490 3277 3276
f 3278 3493 3284 3279
f 3279 3284 3285 3071
f 3286 3280 3073 3077
f 3281 3287 3078 3074
f 3075 3079 3288
f 3288 3289 3282 3075
f 3283 3282 3289 3290
f 3285 3284 3291 3292
f 3080 3076 3285 3292
f 3293 3286 3077 3081
f 3287 3294 3082 3078
f 3079 3083 3295 3288
f 3289 3288 3295 3296
f 3296 3500 3290 3289
f 3291 3502 3297 3292
f 3292 3297 3298 3080
f 3085 3299 3293 3081
f 3082 3294 3300 3086
f 3083 3087 3301 3295
f 3296 3295 3301 3302
f 3298 3297 3303 3304
f 3088 3084 3298 3304
f 3299 3085 3089 3305
f 3086 3300 3306 3090
f 3087 3092 3307 3301
f 3307 3509 3302 3301
f 3303 3511 3308 3304
f 3093 3088 3304 3308
f 3305 3089 3095 3309
f 3090 3306 3310 3096
f 3092 3098 3311 3307
f 3099 3093 3308 3312
f 3309 3095 3101 3313
f 3314 3102 3096 3310
f 3098 3104 3315 3311
f 3105 3099 3312 3316
f 3313 3101 3107 3317
f 3318 3108 3102 3314
f 3319 3320 3315 3104
f 3110 3105 3316 3321
f 3107 3322 3317
f 3108 3318 3323 3113
f 3109 3115 3324 3319
f 3324 3527 3320 3319
f 3116 3110 3321 3325
f 3112 3118 3326 3322
f 3113 3323 3327 3119
f 3115 3120 3328 3324
f 3329 3527 3324 3328
f 3121 3116 3325 3330
f 3326 3118 3123 3331
f 3119 3327 3332 3124
f 3120 3126 3333 3328
f 3329 3328 3333 3334
f 3330 3335 3336 3121
f 3331 3123 3128 3337
f 3124 3332 3338 3129
f 3126 3131 3339 3333
f 3339 3540 3334 3333
f 3336 3335 3340 3341
f 3132 3127 3336 3341
f 3337 3128 3133 3342
f 3343 3129 3338
f 3131 3136 3344 3339
f 3345 3540 3339 3344
f 3341 3340 3346 3347
f 3137 3132 3341 3347
f 3342 3133 3138 3348
f 3139 3134 3343 3349
f 3136 3142 3350 3344
f 3345 3344 3350 3351
f 3347 3346 3352 3143
f 3138 3353 3348
f 3354 3146 3139 3349
f 3142 3149 3355 3350
f 3351 3350 3355 3356
f 3150 3143 3352 3357
f 3145 3154 3358 3353
f 3146 3354 3359 3155
f 3360 3356 3355 3159
f 3160 3150 3357 3361
f 3358 3154 3164 3362
f 3155 3359 3363 3165
f 3159 3169 3364 3360
f 3365 3559 3360 3364
f 3361 3562 3366 3367
f 3170 3160 3361 3367
f 3362 3164 3174 3368
f 3369 3165 3363 3564
f 3370 3371 3364 3169
f 3371 3570 3365 3364
f 3367 3366 3372 3373
f 3178 3170 3367 3373
f 3174 3374 3568 3368
f 3175 3369 3375
f 3177 3183 3376 3370
f 3371 3370 3376 3377
f 3378 3570 3371 3377
f 3372 3582 3379 3373
f 3373 3379 3380 3178
f 3181 3381 3374
f 3182 3375 3382
f 3183 3182 3382 3383
f 3383 3384 3376 3183
f 3377 3376 3384 3385
f 3385 3585 3378 3377
f 3380 3379 3386 3387
f 3380 3387 3388 3184
f 3185 3184 3388 3389
f 3185 3389 3381
f 3382 3390 3383
f 3384 3383 3390 3391
f 3385 3384 3391 3392
f 3386 3606 3393 3387
f 3393 3608 3388 3387
f 3394 3408 3187 3188
f 3395 3394 3188 3189
f 3396 3395 3189 3190
f 3397 3396 3190 3191
f 3398 3397 3191 3192
f 3399 3398 3192 3193
f 3400 3399 3193 3194
f 3401 3400 3194 3195
f 3402 3401 3195 3196
f 3403 3402 3196 3197
f 3404 3403 3197 3198
f 3199 3409 3404 3198
f 3406 3405 3200 3201
f 3407 3406 3201 3186
f 3408 3407 3186 3187
f 3202 3410 3409 3199
f 3411 3410 3202 3203
f 3412 3416 3204 3205
f 3413 3412 3205 3206
f 3413 3206 3200 3405
f 3207 3414 3411 3203
f 3415 3414 3207 3208
f 3209 3417 3415 3208
f 3204 3416 3419 3210
f 3211 3420 3417 3209
f 3419 3418 3212 3210
f 3213 3422 3420 3211
f 3212 3418 3421 3214
f 3215 3423 3422 3213
f 3425 3424 3216 3214
f 3425 3214 3421
f 3217 3426 3423 3215
f 3218 3428 3426 3217
f 3427 3219 3216 3424
f 3428 3218 3220
f 3219 3427 3429 3221
f 3430 3428 3220 3222
f 3221 3429 3431 3223
f 3432 3430 3222 3224
f 3433 3225 3223 3431
f 3434 3432 3224 3226
f 3225 3433 3435 3227
f 3436 3434 3226 3228
f 3229 3227 3435 3437
f 3438 3436 3228 3230
f 3229 3437 3439 3231
f 3440 3438 3230 3232
f 3231 3439 3441 3233
f 3442 3440 3232 3234
f 3233 3441 3443 3235
f 3444 3442 3234 3236
f 3235 3443 3445 3237
f 3444 3236 3238 3446
f 3237 3445 3447 3239
f 3446 3238 3240 3448
f 3239 3447 3449 3241
f 3450 3448 3240 3247
f 3241 3449 3451 3248
f 3242 3250 3452
f 3243 3242 3452 3453
f 3244 3243 3453 3454
f 3245 3244 3454 3455
f 3246 3245 3455 3456
f 3251 3246 3456 3457
f 3458 3450 3247 3253
f 3254 3248 3451 3459
f 3249 3255 3460
f 3250 3249 3460 3461
f 3461 3462 3452 3250
f 3462 3737 3453 3452
f 3252 3251 3457 3463
f 3256 3252 3463 3468
f 3464 3458 3253 3258
f 3259 3254 3459 3465
f 3255 3261 3473 3466
f 3466 3467 3460 3255
f 3467 3744 3461 3460
f 3257 3256 3468 3469
f 3262 3257 3469 3474
f 3470 3464 3258 3264
f 3265 3259 3465 3471
f 3261 3260 3472 3473
f 3263 3262 3474 3475
f 3267 3263 3475
f 3476 3470 3264 3268
f 3269 3265 3471 3477
f 3478 3479 3472 3266
f 3479 3758 3473 3472
f 3474 3760 3480 3475
f 3475 3480 3481 3267
f 3476 3268 3274 3482
f 3275 3269 3477 3483
f 3484 3485 3478 3271
f 3485 3763 3479 3478
f 3480 3765 3486 3481
f 3481 3486 3487 3272
f 3488 3482 3274 3280
f 3281 3275 3483 3489
f 3490 3491 3484 3277
f 3491 3768 3485 3484
f 3486 3771 3492 3487
f 3487 3492 3493 3278
f 3286 3494 3488 3280
f 3489 3495 3287 3281
f 3283 3290 3496 3490
f 3496 3774 3491 3490
f 3492 3776 3497 3493
f 3291 3284 3493 3497
f 3498 3494 3286 3293
f 3287 3495 3499 3294
f 3500 3501 3496 3290
f 3291 3497 3781 3502
f 3299 3503 3498 3293
f 3294 3499 3504 3300
f 3296 3302 3505 3500
f 3505 3784 3501 3500
f 3303 3297 3502 3506
f 3503 3299 3305 3507
f 3300 3504 3508 3306
f 3302 3509 3789 3505
f 3506 3510 3511 3303
f 3507 3305 3309 3512
f 3306 3508 3513 3310
f 3307 3311 3514 3509
f 3515 3789 3509 3514
f 3510 3796 3516 3511
f 3312 3308 3511 3516
f 3512 3309 3313 3517
f 3310 3513 3518 3314
f 3311 3315 3519 3514
f 3519 3799 3515 3514
f 3316 3312 3516 3520
f 3517 3313 3317 3521
f 3522 3318 3314 3518
f 3315 3320 3523 3519
f 3321 3316 3520 3524
f 3521 3317 3322 3525
f 3526 3323 3318 3522
f 3527 3528 3523 3320
f 3325 3321 3524 3529
f 3326 3530 3525 3322
f 3323 3526 3531 3327
f 3532 3528 3527 3329
f 3330 3325 3529 3533
f 3530 3326 3331 3534
f 3327 3531 3535 3332
f 3329 3334 3536 3532
f 3335 3330 3533 3537
f 3534 3331 3337 3538
f 3332 3535 3539 3338
f 3540 3541 3536 3334
f 3340 3335 3537 3542
f 3538 3337 3342 3543
f 3338 3539 3544 3343
f 3545 3541 3540 3345
f 3346 3340 3542 3546
f 3543 3342 3348 3547
f 3544 3548 3349 3343
f 3345 3351 3549 3545
f 3550 3827 3545 3549
f 3352 3346 3546 3551
f 3547 3348 3353 3552
f 3548 3553 3354 3349
f 3351 3356 3554 3549
f 3554 3838 3550 3549
f 3551 3835 3555 3556
f 3357 3352 3551 3556
f 3358 3557 3552 3353
f 3354 3553 3558 3359
f 3356 3360 3559 3554
f 3560 3838 3554 3559
f 3556 3555 3561 3562
f 3361 3357 3556 3562
f 3557 3358 3362 3563
f 3359 3558 3564 3363
f 3565 3560 3559 3365
f 3566 3844 3560 3565
f 3562 3561 3567 3366
f 3563 3362 3368 3568
f 3369 3564 3569
f 3570 3571 3565 3365
f 3566 3565 3571 3572
f 3567 3853 3573 3574
f 3372 3366 3567 3574
f 3575 3568 3374
f 3569 3576 3375 3369
f 3577 3571 3570 3378
f 3572 3571 3577 3578
f 3579 3857 3572 3578
f 3574 3573 3580 3581
f 3574 3581 3582 3372
f 3381 3583 3575 3374
f 3375 3576 3584 3382
f 3585 3586 3577 3378
f 3578 3577 3586 3587
f 3579 3578 3587 3588
f 3580 3872 3589 3590
f 3581 3580 3590 3591
f 3582 3581 3591 3592
f 3386 3379 3582 3592
f 3389 3593 3583 3381
f 3382 3584 3594 3390
f 3385 3392 3596 3585
f 3586 3585 3596 3597
f 3587 3586 3597 3598
f 3588 3587 3598 3599
f 3600 3875 3588 3599
f 3589 3892 3601 3602
f 3590 3589 3602 3603
f 3591 3590 3603 3604
f 3592 3591 3604 3605
f 3592 3605 3606 3386
f 3593 3389 3388 3608
f 3594 3595 3391 3390
f 3392 3391 3595 3609
f 3609 3610 3596 3392
f 3597 3596 3610 3611
f 3598 3597 3611 3612
f 3599 3598 3612 3613
f 3600 3599 3613 3614
f 3615 3897 3600 3614
f 3602 3601 3616 3617
f 3603 3602 3617 3618
f 3604 3603 3618 3619
f 3605 3604 3619 3620
f 3606 3605 3620 3621
f 3393 3606 3621 3607
f 3608 3393 3607 3914
f 3609 3622 3610
f 3611 3610 3622 3623
f 3612 3611 3623 3624
f 3613 3612 3624 3625
f 3614 3613 3625 3626
f 3615 3614 3626 3627
f 3628 3918 3615 3627
f 3616 3932 3642 3643
f 3617 3616 3643 3644
f 3618 3617 3644 3645
f 3619 3618 3645 3646
f 3646 3620 3619
f 3624 3939 3647 3625
f 3626 3625 3647 3648
f 3627 3626 3648 3649
f 3628 3627 3649 3650
f 3629 3628 3650 3651
f 3630 3629 3651 3652
f 3631 3630 3652 3653
f 3632 3631 3653 3654
f 3633 3632 3654 3655
f 3634 3633 3655 3656
f 3635 3634 3656 3657
f 3636 3635 3657 3658
f 3637 3636 3658 3659
f 3638 3637 3659 3660
f 3639 3638 3660 3661
f 3640 3639 3661 3662
f 3641 3640 3662 3663
f 3642 3641 3663 3664
f 3643 3642 3664 3665
f 3644 3643 3665 3666
f 3645 3644 3666 3667
f 3667 3646 3645
f 3653 3954 3668 3654
f 3655 3654 3668 3669
f 3656 3655 3669 3670
f 3657 3656 3670 3671
f 3658 3657 3671 3672
f 3659 3658 3672 3673
f 3660 3659 3673 3674
f 3674 3962 3661 3660
f 3669 3966 3675 3670
f 3671 3670 3675 3676
f 3676 3969 3672 3671
f 3677 3689 3394 3395
f 3678 3677 3395 3396
f 3679 3678 3396 3397
f 3680 3679 3397 3398
f 3681 3680 3398 3399
f 3682 3681 3399 3400
f 3683 3682 3400 3401
f 3684 3683 3401 3402
f 3685 3684 3402 3403
f 3404 3690 3685 3403
f 3686 3694 3405 3406
f 3687 3686 3406 3407
f 3688 3687 3407 3408
f 3689 3688 3408 3394
f 3409 3691 3690 3404
f 3692 3691 3409 3410
f 3411 3695 3692 3410
f 3693 3697 3412 3413
f 3694 3693 3413 3405
f 3414 3698 3695 3411
f 3697 3696 3416 3412
f 3699 3698 3414 3415
f 3417 3700 3699 3415
f 3416 3696 3701 3419
f 3702 3700 3417 3420
f 3418 3703 3421
f 3704 3703 3418 3419
f 3704 3419 3701
f 3705 3702 3420
f 3422 3706 3705 3420
f 3423 3708 3706 3422
f 3707 3709 3424 3425
f 3707 3425 3421 3703
f 3426 3710 3708 3423
f 3424 3709 3711 3427
f 3428 3712 3710 3426
f 3427 3711 3429
f 3712 3428 3430
f 3713 3431 3429 3711
f 3714 3712 3430 3432
f 3431 3713 3715 3433
f 3716 3714 3432
f 3434 3717 3716 3432
f 3433 3715 3718 3435
f 3717 3434 3436 3719
f 3435 3718 3720 3437
f 3721 3719 3436 3438
f 3722 3439 3437 3720
f 3723 3721 3438 3440
f 3439 3722 3724 3441
f 3723 3440 3442 3725
f 3441 3724 3726 3443
f 3727 3725 3442 3444
f 3445 3443 3726 3728
f 3729 3727 3444 3446
f 3445 3728 3730 3447
f 3729 3446 3448 3731
f 3447 3730 3732 3449
f 3731 3448 3450 3733
f 3449 3732 3734 3451
f 3733 3450 3458 3735
f 3451 3734 3736 3459
f 3454 3453 3737 3738
f 3455 3454 3738 3739
f 3456 3455 3739 3740
f 3457 3456 3740 3741
f 3463 3457 3741
f 3735 3458 3464 3742
f 3459 3736 3743 3465
f 3462 3461 3744 3745
f 3745 3746 3737 3462
f 3746 4035 3738 3737
f 3739 4036 3747 3740
f 3741 3740 3747 3748
f 3741 3748 3749 3463
f 3468 3463 3749 3754
f 3742 3464 3470 3750
f 3465 3743 3751 3471
f 3466 3473 3752
f 3467 3466 3752 3753
f 3467 3753 4039 3744
f 3469 3468 3754 3755
f 3474 3469 3755 3760
f 3756 3750 3470 3476
f 3471 3751 3757 3477
f 3758 3759 3752 3473
f 3759 4049 3753 3752
f 3761 3756 3476 3482
f 3477 3757 3762 3483
f 3479 3763 4056 3758
f 3760 3764 3765 3480
f 3488 3766 3761 3482
f 3483 3762 3767 3489
f 3768 3769 3763 3485
f 3764 4065 3770 3765
f 3765 3770 3771 3486
f 3766 3488 3494 3772
f 3489 3767 3773 3495
f 3774 3775 3768 3491
f 3775 4068 3769 3768
f 3492 3771 4071 3776
f 3772 3494 3498 3777
f 3495 3773 3778 3499
f 3496 3501 3779 3774
f 3779 4074 3775 3774
f 3776 3780 3781 3497
f 3777 3498 3503 3782
f 3499 3778 3783 3504
f 3501 3784 4080 3779
f 3781 3780 3785 3786
f 3506 3502 3781 3786
f 3782 3503 3507 3787
f 3504 3783 3788 3508
f 3789 3790 3784 3505
f 3785 4087 3791 3786
f 3510 3506 3786 3791
f 3787 3507 3512 3792
f 3508 3788 3793 3513
f 3515 3794 3790 3789
f 3791 3795 3796 3510
f 3792 3512 3517 3797
f 3793 3798 3518 3513
f 3515 3799 3794
f 3796 3795 3800 3801
f 3520 3516 3796 3801
f 3802 3797 3517 3521
f 3522 3518 3798 3803
f 3519 3523 3804 3799
f 3800 4103 3805 3801
f 3524 3520 3801 3805
f 3806 3802 3521 3525
f 3803 3807 3526 3522
f 3523 3528 3808 3804
f 3529 3524 3805 3809
f 3530 3810 3806 3525
f 3526 3807 3811 3531
f 3528 3532 3812 3808
f 3809 4109 3813 3814
f 3533 3529 3809 3814
f 3810 3530 3534 3815
f 3531 3811 3816 3535
f 3532 3536 3817 3812
f 3813 4120 3818 3814
f 3537 3533 3814 3818
f 3815 3534 3538 3819
f 3816 3820 3539 3535
f 3536 3541 3821 3817
f 3822 4117 3817 3821
f 3818 4120 3823 3824
f 3542 3537 3818 3824
f 3819 3538 3543 3825
f 3544 3539 3820 3826
f 3541 3545 3827 3821
f 3822 3821 3827 3828
f 3824 3823 3829 3830
f 3546 3542 3824 3830
f 3831 3825 3543 3547
f 3826 3832 3548 3544
f 3833 3828 3827 3550
f 3830 3829 3834 3835
f 3551 3546 3830 3835
f 3836 3831 3547 3552
f 3548 3832 3837 3553
f 3838 3839 3833 3550
f 3834 4135 3840 3841
f 3835 3834 3841 3555
f 3557 3842 3836 3552
f 3837 3843 3558 3553
f 3844 3839 3838 3560
f 3845 4138 3839 3844
f 3841 3840 3846 3847
f 3561 3555 3841 3847
f 3848 3842 3557 3563
f 3564 3558 3843 3849
f 3850 3845 3844 3566
f 3851 4145 3845 3850
f 3847 3846 3852 3853
f 3567 3561 3847 3853
f 3854 3848 3563 3568
f 3849 3855 3569 3564
f 3566 3572 3857 3850
f 3851 3850 3857 3858
f 3852 4162 3860 3861
f 3853 3852 3861 3573
f 3575 3863 3854 3568
f 3855 3864 3576 3569
f 3866 3858 3857 3579
f 3867 4166 3858 3866
f 3860 3859 3870 3871
f 3861 3860 3871 3872
f 3580 3573 3861 3872
f 3873 3863 3575 3583
f 3864 3874 3584 3576
f 3579 3588 3875 3866
f 3867 3866 3875 3876
f 3868 3867 3876 3877
f 3869 3868 3877 3878
f 3879 4184 3869 3878
f 3870 4195 3890 3891
f 3871 3870 3891 3892
f 3872 3871 3892 3589
f 3894 3873 3583 3593
f 3874 3895 3594 3584
f 3897 3876 3875 3600
f 3877 3876 3897 3898
f 3878 3877 3898 3899
f 3879 3878 3899 3900
f 3880 3879 3900 3901
f 3881 3880 3901 3902
f 3882 3881 3902 3903
f 3883 3882 3903 3904
f 3884 3883 3904 3905
f 3885 3884 3905 3906
f 3886 3885 3906 3907
f 3887 3886 3907 3908
f 3888 3887 3908 3909
f 3889 3888 3909 3910
f 3890 3889 3910 3911
f 3891 3890 3911 3912
f 3892 3891 3912 3601
f 3914 3894 3593 3608
f 3594 3895 3595
f 3595 3895 3915 3609
f 3918 3898 3897 3615
f 3899 3898 3918 3919
f 3900 3899 3919 3920
f 3901 3900 3920 3921
f 3902 3901 3921 3922
f 3903 3902 3922 3923
f 3904 3903 3923 3924
f 3905 3904 3924 3925
f 3906 3905 3925 3926
f 3907 3906 3926 3927
f 3908 3907 3927 3928
f 3909 3908 3928 3929
f 3910 3909 3929 3930
f 3911 3910 3930 3931
f 3912 3911 3931 3932
f 3616 3601 3912 3932
f 3621 3934 3914 3607
f 3609 3915 3916 3622
f 3622 3916 3935 3623
f 3628 3629 3919 3918
f 3629 3630 3920 3919
f 3630 3631 3921 3920
f 3631 3632 3922 3921
f 3632 3633 3923 3922
f 3633 3634 3924 3923
f 3634 3635 3925 3924
f 3635 3636 3926 3925
f 3636 3637 3927 3926
f 3637 3638 3928 3927
f 3638 3639 3929 3928
f 3639 3640 3930 3929
f 3640 3641 3931 3930
f 3641 3642 3932 3931
f 3646 3938 3933 3620
f 3933 3934 3621 3620
f 3624 3623 3935 3939
f 3667 3949 3938 3646
f 3647 3939 3940
f 3940 3941 3648 3647
f 3649 3648 3941 3950
f 3650 3649 3950 3951
f 3651 3650 3951 3952
f 3652 3651 3952 3953
f 3653 3652 3953 3954
f 3662 3661 3962 3963
f 3663 3662 3963 3964
f 3664 3663 3964 3965
f 3947 3665 3664 3965
f 3947 3948 3666 3665
f 3948 3949 3667 3666
f 3668 3954 3955
f 3669 3668 3955 3966
f 3673 3672 3969 3970
f 3961 3674 3673 3970
f 3962 3674 3961
f 3675 3966 3967
f 3967 3968 3676 3675
f 3969 3676 3968
f 3971 4256 3977 3978
f 3972 3971 3978 3979
f 3973 3972 3979 3980
f 3974 3973 3980 3981
f 3982 4257 3974 3981
f 3975 4262 3985 3986
f 3976 3975 3986 3677
f 3677 3678 3977 3976
f 3678 3679 3978 3977
f 3679 3680 3979 3978
f 3680 3681 3980 3979
f 3681 3682 3981 3980
f 3682 3683 3982 3981
f 3683 3684 3983 3982
f 3684 3685 3984 3983
f 3685 3690 3987 3984
f 3988 3990 3686 3687
f 3988 3687 3688 3985
f 3688 3689 3986 3985
f 3689 3677 3986
f 3690 3691 3989 3987
f 3692 3991 3989 3691
f 3686 3990 3995 3694
f 3695 3992 3991 3692
f 3993 3696 3697
f 3994 3993 3697 3693
f 3995 3994 3693 3694
f 3698 3996 3992 3695
f 3997 3996 3698 3699
f 3700 3999 3997 3699
f 3701 3696 3993 3998
f 3999 3700 3702
f 4000 4003 3703 3704
f 4001 4000 3704 3701
f 4001 3701 3998
f 3705 4002 3999 3702
f 3706 4004 4002 3705
f 3703 4003 4006 3707
f 3708 4005 4004 3706
f 3707 4006 4008 3709
f 3710 4007 4005 3708
f 3709 4008 4010 3711
f 4009 4007 3710 3712
f 3711 4010 4012 3713
f 4011 4009 3712 3714
f 3713 4012 3715
f 4013 4011 3714 3716
f 3715 4012 4014 3718
f 4015 4013 3716
f 3716 3717 3719 4015
f 3718 4014 4016 3720
f 4017 4015 3719 3721
f 3720 4016 4018 3722
f 4019 4017 3721 3723
f 3722 4018 4020 3724
f 4021 4019 3723 3725
f 3724 4020 4022 3726
f 4021 3725 3727 4023
f 3726 4022 4024 3728
f 4025 4023 3727 3729
f 3728 4024 4026 3730
f 4027 4025 3729 3731
f 3732 3730 4026 4028
f 4029 4027 3731 3733
f 3732 4028 4030 3734
f 4029 3733 3735 4031
f 3734 4030 4032 3736
f 4031 3735 3742 4033
f 3736 4032 4034 3743
f 3739 3738 4035 4036
f 4033 3742 3750 4037
f 3743 4034 4038 3751
f 3745 3744 4039 4040
f 3746 3745 4040 4041
f 4041 4042 4035 3746
f 4036 4035 4042 4043
f 4036 4043 4044 3747
f 3748 3747 4044 4045
f 3749 3748 4045 4046
f 3754 3749 4046
f 4037 3750 3756 4047
f 3751 4038 4048 3757
f 4049 4050 4039 3753
f 4050 4322 4040 4039
f 4045 4327 4051 4046
f 4046 4051 4052 3754
f 3755 3754 4052 4053
f 3760 3755 4053
f 4047 3756 3761 4054
f 3757 4048 4055 3762
f 3759 3758 4056 4057
f 4057 4058 4049 3759
f 4058 4330 4050 4049
f 4051 4337 4059 4052
f 4053 4052 4059 4060
f 3764 3760 4053 4060
f 4054 3761 3766 4061
f 3762 4055 4062 3767
f 3763 3769 4063 4056
f 4057 4056 4063 4064
f 4064 4340 4058 4057
f 3764 4060 4344 4065
f 4061 3766 3772 4066
f 3767 4062 4067 3773
f 3769 4068 4347 4063
f 4065 4069 4070 3770
f 3771 3770 4070 4071
f 4066 3772 3777 4072
f 3773 4067 4073 3778
f 4074 4075 4068 3775
f 4069 4357 4076 4070
f 4071 4070 4076 4077
f 3780 3776 4071 4077
f 4072 3777 3782 4078
f 3778 4073 4079 3783
f 4080 4081 4074 3779
f 4081 4360 4075 4074
f 4076 4362 4082 4077
f 3785 3780 4077 4082
f 4078 3782 3787 4083
f 4079 4084 3788 3783
f 3784 3790 4085 4080
f 4085 4365 4081 4080
f 4082 4086 4087 3785
f 4083 3787 3792 4088
f 3793 3788 4084 4089
f 3790 3794 4090
f 4090 4091 4085 3790
f 4086 4373 4092 4087
f 3795 3791 4087 4092
f 4093 4088 3792 3797
f 4089 4094 3798 3793
f 3794 3799 4095 4090
f 4091 4090 4095 4096
f 3800 3795 4092 4097
f 3802 4098 4093 3797
f 3798 4094 4099 3803
f 3799 3804 4100 4095
f 4096 4095 4100 4101
f 4097 4102 4103 3800
f 4098 3802 3806 4104
f 3803 4099 4105 3807
f 3804 3808 4106 4100
f 4101 4100 4106 4107
f 4103 4102 4108 4109
f 3809 3805 4103 4109
f 4104 3806 3810 4110
f 4105 4111 3811 3807
f 3808 3812 4112 4106
f 4107 4106 4112 4113
f 4109 4108 4114 3813
f 4110 3810 3815 4115
f 3816 3811 4111 4116
f 3812 3817 4117 4112
f 4113 4112 4117 4118
f 4114 4119 4120 3813
f 4121 4115 3815 3819
f 4116 4122 3820 3816
f 4123 4118 4117 3822
f 4120 4119 4124 3823
f 4125 4121 3819 3825
f 4122 4126 3826 3820
f 3822 3828 4127 4123
f 4128 4401 4123 4127
f 3829 3823 4124 4129
f 3831 4130 4125 3825
f 3832 3826 4126 4131
f 3828 3833 4132 4127
f 4128 4127 4132 4133
f 4129 4411 4134 4135
f 3834 3829 4129 4135
f 4136 4130 3831 3836
f 3837 3832 4131 4137
f 3833 3839 4138 4132
f 4133 4132 4138 4139
f 4140 4414 4133 4139
f 4134 4421 4141 4142
f 4135 4134 4142 3840
f 4143 4136 3836 3842
f 4137 4144 3843 3837
f 4145 4139 4138 3845
f 4140 4139 4145 4146
f 4147 4426 4140 4146
f 4142 4141 4148 4149
f 3846 3840 4142 4149
f 3848 4150 4143 3842
f 3849 3843 4144 4151
f 4152 4146 4145 3851
f 4147 4146 4152 4153
f 4154 4442 4147 4153
f 4148 4454 4160 4161
f 4149 4148 4161 4162
f 3852 3846 4149 4162
f 4163 4150 3848 3854
f 3856 3855 3849 4151
f 3856 4151 4458 4164
f 3851 3858 4166 4152
f 4153 4152 4166 4167
f 4154 4153 4167 4168
f 4155 4154 4168 4169
f 4156 4155 4169 4170
f 4157 4156 4170 4171
f 4172 4460 4157 4171
f 4158 4464 4176 4177
f 4178 4465 4158 4177
f 4159 4465 4178 4179
f 4160 4159 4179 4180
f 4161 4160 4180 3859
f 3859 3860 4162 4161
f 4181 4467 4163 3862
f 3854 3863 3862 4163
f 3864 3855 3856
f 3865 3864 3856 4164
f 3865 4164 4165 4182
f 3867 3868 4167 4166
f 3868 3869 4168 4167
f 4184 4169 4168 3869
f 4170 4169 4184 4185
f 4171 4170 4185 4186
f 4172 4171 4186 4187
f 4173 4172 4187 4188
f 4174 4173 4188 4189
f 4175 4174 4189 4190
f 4176 4175 4190 4191
f 4177 4176 4191 4192
f 4178 4177 4192 4193
f 4179 4178 4193 4194
f 4180 4179 4194 4195
f 3870 3859 4180 4195
f 4197 4181 3862 3873
f 3863 3873 3862
f 3874 3864 3865
f 3874 3865 4182 4198
f 3879 3880 4185 4184
f 3880 3881 4186 4185
f 3881 3882 4187 4186
f 3882 3883 4188 4187
f 3883 3884 4189 4188
f 3884 3885 4190 4189
f 3885 3886 4191 4190
f 3886 3887 4192 4191
f 3887 3888 4193 4192
f 3888 3889 4194 4193
f 3889 3890 4195 4194
f 4201 4474 4196 3893
f 4196 4197 3894 3893
f 3894 4197 3873
f 4198 3895 3874
f 4198 4199 3896 3895
f 3896 4199 4200 4202
f 4206 4481 4201 3913
f 3893 3914 3913 4201
f 3894 3914 3893
f 3915 3895 3896
f 3916 3915 3896 4202
f 4202 4203 3917 3916
f 3917 4203 4204 4207
f 4213 4206 3913 3934
f 3914 3934 3913
f 3935 3916 3917
f 3936 3935 3917 4207
f 3936 4207 4208 4214
f 4233 4210 4211 3937
f 4211 4212 3938 3937
f 4212 4213 3933 3938
f 4213 3934 3933
f 3939 3935 3936
f 3940 3939 3936 4214
f 4214 4215 3941 3940
f 4215 4216 3942 3941
f 4216 4217 3943 3942
f 3943 4217 4218 4234
f 4244 4228 4229 3944
f 4229 4230 3945 3944
f 4230 4231 3946 3945
f 4231 4232 3947 3946
f 4232 4233 3948 3947
f 3937 3949 3948 4233
f 3938 3949 3937
f 3950 3941 3942
f 3942 3943 3951 3950
f 3952 3951 3943 4234
f 4234 4235 3953 3952
f 4235 4236 3954 3953
f 4236 4237 3955 3954
f 4237 4238 3956 3955
f 4238 4239 3957 3956
f 4239 4240 3958 3957
f 4240 4241 3959 3958
f 4241 4242 3960 3959
f 4242 4243 3961 3960
f 4243 4244 3962 3961
f 3944 3963 3962 4244
f 3944 3945 3964 3963
f 3945 3946 3965 3964
f 3947 3965 3946
f 3966 3955 3956
f 3956 3957 3967 3966
f 3957 3958 3968 3967
f 3958 3959 3969 3968
f 3959 3960 3970 3969
f 3961 3970 3960
f 4245 4525 4254 4255
f 4246 4245 4255 4256
f 4247 4246 4256 3971
f 3971 3972 4248 4247
f 3972 3973 4249 4248
f 3973 3974 4250 4249
f 4257 4251 4250 3974
f 4252 4251 4257 4258
f 4259 4526 4252 4258
f 4253 4529 4261 4262
f 4254 4253 4262 3975
f 3975 3976 4255 4254
f 3976 3977 4256 4255
f 3982 3983 4258 4257
f 3983 3984 4259 4258
f 4263 4260 4259 3984
f 4264 4530 4260 4263
f 4261 4533 4266 4267
f 4262 4261 4267 3985
f 3984 3987 4263
f 4268 4264 4263 3987
f 4269 4534 4264 4268
f 4266 4265 4271 4272
f 4267 4266 4272 3988
f 3988 3985 4267
f 3987 3989 4268
f 4273 4269 4268 3989
f 4270 4269 4273 4274
f 4271 4539 4275 4276
f 4272 4271 4276 3990
f 3990 3988 4272
f 3989 3991 4273
f 3991 3992 4274 4273
f 3992 3996 4277 4274
f 4275 4278 3993 3994
f 3994 3995 4276 4275
f 3995 3990 4276
f 4277 3996 3997 4279
f 3993 4278 4280 3998
f 4281 4279 3997 3999
f 4282 4284 4000 4001
f 4282 4001 3998 4280
f 4283 4281 3999 4002
f 4000 4284 4286 4003
f 4285 4283 4002 4004
f 4003 4286 4289 4006
f 4287 4285 4004
f 4288 4287 4004 4005
f 4007 4291 4288 4005
f 4006 4289 4293 4008
f 4291 4007 4009
f 4293 4292 4010 4008
f 4294 4291 4009 4011
f 4010 4292 4295 4012
f 4296 4294 4011 4013
f 4012 4295 4297 4014
f 4015 4298 4296 4013
f 4014 4297 4299 4016
f 4300 4298 4015 4017
f 4016 4299 4301 4018
f 4302 4300 4017 4019
f 4018 4301 4303 4020
f 4304 4302 4019 4021
f 4022 4020 4303 4305
f 4306 4304 4021 4023
f 4022 4305 4307 4024
f 4306 4023 4025 4308
f 4024 4307 4309 4026
f 4308 4025 4027 4310
f 4026 4309 4311 4028
f 4312 4310 4027 4029
f 4028 4311 4313 4030
f 4314 4312 4029 4031
f 4032 4030 4313 4315
f 4316 4314 4031 4033
f 4034 4032 4315 4317
f 4318 4316 4033 4037
f 4038 4034 4317 4319
f 4318 4037 4047 4320
f 4038 4319 4321 4048
f 4041 4040 4322 4323
f 4042 4041 4323 4324
f 4043 4042 4324 4325
f 4044 4043 4325 4326
f 4045 4044 4326 4327
f 4320 4047 4054 4328
f 4321 4329 4055 4048
f 4330 4331 4322 4050
f 4323 4322 4331 4332
f 4324 4323 4332 4333
f 4325 4324 4333 4334
f 4326 4325 4334 4335
f 4327 4326 4335 4336
f 4327 4336 4337 4051
f 4338 4328 4054 4061
f 4062 4055 4329 4339
f 4340 4341 4330 4058
f 4341 4594 4331 4330
f 4336 4599 4342 4337
f 4337 4342 4343 4059
f 4060 4059 4343 4344
f 4345 4338 4061 4066
f 4067 4062 4339 4346
f 4064 4063 4347 4348
f 4348 4349 4340 4064
f 4349 4602 4341 4340
f 4342 4609 4350 4343
f 4344 4343 4350 4351
f 4069 4065 4344 4351
f 4352 4345 4066 4072
f 4073 4067 4346 4353
f 4068 4075 4354 4347
f 4348 4347 4354 4355
f 4355 4612 4349 4348
f 4350 4621 4356 4351
f 4351 4356 4357 4069
f 4358 4352 4072 4078
f 4079 4073 4353 4359
f 4075 4360 4624 4354
f 4356 4632 4361 4357
f 4357 4361 4362 4076
f 4363 4358 4078 4083
f 4359 4364 4084 4079
f 4365 4366 4360 4081
f 4361 4642 4367 4362
f 4086 4082 4362 4367
f 4368 4363 4083 4088
f 4084 4364 4369 4089
f 4085 4091 4370 4365
f 4366 4365 4370 4371
f 4367 4372 4373 4086
f 4093 4374 4368 4088
f 4369 4375 4094 4089
f 4091 4096 4376 4370
f 4376 4651 4371 4370
f 4373 4372 4377 4378
f 4097 4092 4373 4378
f 4374 4093 4098 4379
f 4099 4094 4375 4380
f 4096 4101 4381 4376
f 4377 4663 4382 4378
f 4102 4097 4378 4382
f 4383 4379 4098 4104
f 4105 4099 4380 4384
f 4101 4107 4385 4381
f 4386 4658 4381 4385
f 4382 4663 4387 4388
f 4108 4102 4382 4388
f 4389 4383 4104 4110
f 4384 4390 4111 4105
f 4107 4113 4391 4385
f 4391 4672 4386 4385
f 4387 4681 4392 4388
f 4114 4108 4388 4392
f 4393 4389 4110 4115
f 4111 4390 4394 4116
f 4113 4118 4395 4391
f 4396 4672 4391 4395
f 4392 4681 4397 4398
f 4119 4114 4392 4398
f 4399 4393 4115 4121
f 4394 4400 4122 4116
f 4118 4123 4401 4395
f 4396 4395 4401 4402
f 4398 4397 4403 4404
f 4124 4119 4398 4404
f 4405 4399 4121 4125
f 4400 4406 4126 4122
f 4407 4402 4401 4128
f 4408 4700 4402 4407
f 4403 4713 4409 4410
f 4404 4403 4410 4411
f 4129 4124 4404 4411
f 4412 4405 4125 4130
f 4406 4413 4131 4126
f 4128 4133 4414 4407
f 4408 4407 4414 4415
f 4416 4717 4408 4415
f 4409 4728 4419 4420
f 4410 4409 4420 4421
f 4411 4410 4421 4134
f 4136 4423 4412 4130
f 4137 4131 4413 4424
f 4426 4415 4414 4140
f 4416 4415 4426 4427
f 4428 4731 4416 4427
f 4417 4738 4435 4436
f 4418 4417 4436 4437
f 4419 4418 4437 4438
f 4420 4419 4438 4439
f 4421 4420 4439 4141
f 4440 4423 4136 4143
f 4424 4441 4144 4137
f 4442 4427 4426 4147
f 4428 4427 4442 4443
f 4429 4428 4443 4444
f 4430 4429 4444 4445
f 4431 4430 4445 4446
f 4432 4431 4446 4447
f 4433 4432 4447 4448
f 4434 4433 4448 4449
f 4435 4434 4449 4450
f 4436 4435 4450 4451
f 4437 4436 4451 4452
f 4438 4437 4452 4453
f 4439 4438 4453 4454
f 4148 4141 4439 4454
f 4457 4440 4143 4150
f 4151 4144 4441 4458
f 4154 4155 4443 4442
f 4155 4156 4444 4443
f 4156 4157 4445 4444
f 4460 4446 4445 4157
f 4447 4446 4460 4461
f 4448 4447 4461 4462
f 4449 4448 4462 4463
f 4450 4449 4463 4464
f 4451 4450 4464 4158
f 4465 4452 4451 4158
f 4453 4452 4465 4159
f 4159 4160 4454 4453
f 4467 4457 4150 4163
f 4458 4459 4165 4164
f 4165 4459 4746 4468
f 4172 4173 4461 4460
f 4173 4174 4462 4461
f 4174 4175 4463 4462
f 4175 4176 4464 4463
f 4470 4466 4467 4181
f 4183 4182 4165 4468
f 4183 4468 4750 4471
f 4474 4469 4470 4196
f 4181 4197 4196 4470
f 4182 4183 4199 4198
f 4200 4199 4183 4471
f 4200 4471 4472 4475
f 4481 4473 4474 4201
f 4203 4202 4200 4475
f 4475 4476 4204 4203
f 4204 4476 4477 4482
f 4498 4479 4480 4205
f 4480 4481 4206 4205
f 4208 4207 4204 4482
f 4208 4482 4483 4499
f 4515 4495 4496 4209
f 4496 4497 4210 4209
f 4497 4498 4211 4210
f 4205 4212 4211 4498
f 4205 4206 4213 4212
f 4215 4214 4208 4499
f 4499 4500 4216 4215
f 4500 4501 4217 4216
f 4501 4502 4218 4217
f 4502 4503 4219 4218
f 4503 4504 4220 4219
f 4504 4505 4221 4220
f 4505 4506 4222 4221
f 4506 4507 4223 4222
f 4507 4508 4224 4223
f 4508 4509 4225 4224
f 4509 4510 4226 4225
f 4510 4511 4227 4226
f 4511 4512 4228 4227
f 4512 4513 4229 4228
f 4513 4514 4230 4229
f 4514 4515 4231 4230
f 4209 4232 4231 4515
f 4209 4210 4233 4232
f 4218 4219 4235 4234
f 4219 4220 4236 4235
f 4220 4221 4237 4236
f 4221 4222 4238 4237
f 4222 4223 4239 4238
f 4223 4224 4240 4239
f 4224 4225 4241 4240
f 4225 4226 4242 4241
f 4226 4227 4243 4242
f 4227 4228 4244 4243
f 4245 4516 4797 4525
f 4245 4246 4517 4516
f 4246 4247 4518 4517
f 4247 4248 4519 4518
f 4248 4249 4520 4519
f 4249 4250 4521 4520
f 4250 4251 4522 4521
f 4251 4252 4523 4522
f 4252 4526 4798 4523
f 4253 4524 4802 4529
f 4253 4254 4525 4524
f 4259 4260 4527 4526
f 4260 4530 4803 4527
f 4528 4806 4532 4533
f 4529 4528 4533 4261
f 4534 4531 4530 4264
f 4535 4807 4531 4534
f 4265 4532 4810 4536
f 4265 4266 4533 4532
f 4269 4270 4535 4534
f 4270 4537 4811 4535
f 4536 4814 4538 4539
f 4271 4265 4536 4539
f 4270 4274 4540 4537
f 4541 4815 4537 4540
f 4539 4538 4542 4275
f 4274 4277 4540
f 4543 4541 4540 4277
f 4542 4819 4544 4545
f 4278 4275 4542 4545
f 4277 4279 4546 4543
f 4547 4820 4543 4546
f 4545 4544 4548 4280
f 4280 4278 4545
f 4279 4281 4546
f 4549 4547 4546 4281
f 4282 4280 4548 4550
f 4281 4283 4551 4549
f 4282 4550 4552 4284
f 4285 4553 4551 4283
f 4555 4554 4286 4284
f 4555 4284 4552 4827
f 4287 4556 4553 4285
f 4288 4556 4287
f 4286 4554 4557 4289
f 4558 4556 4288 4290
f 4288 4291 4290
f 4559 4292 4293
f 4560 4559 4293 4289
f 4560 4289 4557
f 4561 4558 4290
f 4562 4561 4290 4291
f 4562 4291 4294
f 4295 4292 4559 4563
f 4564 4562 4294 4296
f 4295 4563 4565 4297
f 4566 4564 4296 4298
f 4297 4565 4567 4299
f 4568 4566 4298 4300
f 4299 4567 4569 4301
f 4570 4568 4300 4302
f 4301 4569 4571 4303
f 4572 4570 4302 4304
f 4303 4571 4573 4305
f 4574 4572 4304 4306
f 4305 4573 4575 4307
f 4576 4574 4306 4308
f 4309 4307 4575 4577
f 4578 4576 4308 4310
f 4309 4577 4579 4311
f 4578 4310 4312 4580
f 4311 4579 4581 4313
f 4580 4312 4314 4582
f 4313 4581 4583 4315
f 4582 4314 4316 4584
f 4315 4583 4585 4317
f 4586 4584 4316 4318
f 4317 4585 4587 4319
f 4588 4586 4318 4320
f 4319 4587 4589 4321
f 4590 4588 4320 4328
f 4589 4591 4329 4321
f 4338 4592 4590 4328
f 4329 4591 4593 4339
f 4332 4331 4594 4595
f 4333 4332 4595 4596
f 4334 4333 4596 4597
f 4335 4334 4597 4598
f 4336 4335 4598 4599
f 4592 4338 4345 4600
f 4339 4593 4601 4346
f 4602 4603 4594 4341
f 4595 4594 4603 4604
f 4596 4595 4604 4605
f 4597 4596 4605 4606
f 4598 4597 4606 4607
f 4599 4598 4607 4608
f 4599 4608 4609 4342
f 4600 4345 4352 4610
f 4346 4601 4611 4353
f 4612 4613 4602 4349
f 4603 4602 4613 4614
f 4604 4603 4614 4615
f 4605 4604 4615 4616
f 4606 4605 4616 4617
f 4607 4606 4617 4618
f 4608 4607 4618 4619
f 4609 4608 4619 4620
f 4609 4620 4621 4350
f 4610 4352 4358 4622
f 4611 4623 4359 4353
f 4355 4354 4624 4625
f 4625 4626 4612 4355
f 4613 4612 4626 4627
f 4614 4613 4627 4628
f 4628 4876 4615 4614
f 4618 4879 4629 4619
f 4620 4619 4629 4630
f 4621 4620 4630 4631
f 4621 4631 4632 4356
f 4622 4358 4363 4633
f 4364 4359 4623 4634
f 4360 4366 4635 4624
f 4625 4624 4635 4636
f 4626 4625 4636 4637
f 4627 4626 4637 4638
f 4638 4882 4628 4627
f 4629 4887 4639 4630
f 4631 4630 4639 4640
f 4632 4631 4640 4641
f 4632 4641 4642 4361
f 4643 4633 4363 4368
f 4369 4364 4634 4644
f 4366 4371 4645 4635
f 4636 4635 4645 4646
f 4646 4890 4637 4636
f 4640 4899 4647 4641
f 4642 4641 4647 4648
f 4372 4367 4642 4648
f 4649 4643 4368 4374
f 4644 4650 4375 4369
f 4651 4652 4645 4371
f 4646 4645 4652 4653
f 4648 4647 4654 4655
f 4377 4372 4648 4655
f 4656 4649 4374 4379
f 4375 4650 4657 4380
f 4376 4381 4658 4651
f 4652 4651 4658 4659
f 4653 4652 4659 4660
f 4655 4654 4661 4662
f 4655 4662 4663 4377
f 4383 4664 4656 4379
f 4657 4665 4384 4380
f 4666 4659 4658 4386
f 4660 4659 4666 4667
f 4662 4661 4668 4669
f 4663 4662 4669 4387
f 4664 4383 4389 4670
f 4390 4384 4665 4671
f 4672 4673 4666 4386
f 4667 4666 4673 4674
f 4675 4926 4667 4674
f 4668 4935 4678 4679
f 4669 4668 4679 4680
f 4669 4680 4681 4387
f 4682 4670 4389 4393
f 4394 4390 4671 4683
f 4684 4673 4672 4396
f 4674 4673 4684 4685
f 4675 4674 4685 4686
f 4676 4675 4686 4687
f 4688 4938 4676 4687
f 4677 4943 4693 4694
f 4678 4677 4694 4695
f 4679 4678 4695 4696
f 4680 4679 4696 4697
f 4681 4680 4697 4397
f 4399 4698 4682 4393
f 4683 4699 4400 4394
f 4396 4402 4700 4684
f 4685 4684 4700 4701
f 4686 4685 4701 4702
f 4687 4686 4702 4703
f 4688 4687 4703 4704
f 4689 4688 4704 4705
f 4690 4689 4705 4706
f 4691 4690 4706 4707
f 4692 4691 4707 4708
f 4693 4692 4708 4709
f 4694 4693 4709 4710
f 4695 4694 4710 4711
f 4696 4695 4711 4712
f 4697 4696 4712 4713
f 4403 4397 4697 4713
f 4698 4399 4405 4715
f 4406 4400 4699 4716
f 4717 4701 4700 4408
f 4702 4701 4717 4718
f 4703 4702 4718 4719
f 4704 4703 4719 4720
f 4705 4704 4720 4721
f 4706 4705 4721 4722
f 4707 4706 4722 4723
f 4708 4707 4723 4724
f 4709 4708 4724 4725
f 4710 4709 4725 4726
f 4711 4710 4726 4727
f 4712 4711 4727 4728
f 4713 4712 4728 4409
f 4729 4715 4405 4412
f 4716 4730 4413 4406
f 4731 4718 4717 4416
f 4719 4718 4731 4732
f 4720 4719 4732 4733
f 4721 4720 4733 4734
f 4722 4721 4734 4735
f 4723 4722 4735 4736
f 4724 4723 4736 4737
f 4725 4724 4737 4738
f 4726 4725 4738 4417
f 4417 4418 4727 4726
f 4418 4419 4728 4727
f 4739 4954 4729 4422
f 4412 4423 4422 4729
f 4425 4424 4413 4730
f 4425 4730 4955 4740
f 4428 4429 4732 4731
f 4429 4430 4733 4732
f 4430 4431 4734 4733
f 4431 4432 4735 4734
f 4432 4433 4736 4735
f 4433 4434 4737 4736
f 4434 4435 4738 4737
f 4742 4739 4422 4440
f 4423 4440 4422
f 4441 4424 4425
f 4441 4425 4740 4743
f 4745 4741 4455
f 4741 4742 4456 4455
f 4440 4457 4456 4742
f 4459 4458 4441 4743
f 4459 4743 4744 4746
f 4749 4745 4455 4466
f 4455 4456 4467 4466
f 4457 4467 4456
f 4468 4746 4747 4750
f 4754 4748 4749 4469
f 4466 4470 4469 4749
f 4750 4751 4472 4471
f 4472 4751 4752 4755
f 4762 4753 4754 4473
f 4469 4474 4473 4754
f 4476 4475 4472 4755
f 4755 4756 4477 4476
f 4477 4756 4990 4763
f 4780 4759 4760 4478
f 4760 4761 4479 4478
f 4761 4762 4480 4479
f 4473 4481 4480 4762
f 4483 4482 4477 4763
f 4763 4764 4484 4483
f 4764 4765 4485 4484
f 4765 4766 4486 4485
f 4766 4767 4487 4486
f 4487 4767 4768 4781
f 4781 4768 4769 4488
f 4769 4770 4489 4488
f 4770 4771 4490 4489
f 4490 4771 4772 4782
f 4782 4772 4773 4491
f 4773 4774 4492 4491
f 4492 4774 4775 4783
f 4784 4776 4777 4493
f 4777 4778 4494 4493
f 4778 4779 4495 4494
f 4779 4780 4496 4495
f 4478 4497 4496 4780
f 4478 4479 4498 4497
f 4483 4484 4500 4499
f 4484 4485 4501 4500
f 4485 4486 4502 4501
f 4486 4487 4503 4502
f 4504 4503 4487 4781
f 4488 4505 4504 4781
f 4488 4489 4506 4505
f 4489 4490 4507 4506
f 4508 4507 4490 4782
f 4491 4509 4508 4782
f 4491 4492 4510 4509
f 4511 4510 4492 4783
f 4783 4784 4512 4511
f 4493 4513 4512 4784
f 4493 4494 4514 4513
f 4494 4495 4515 4514
f 4785 5012 4796 4797
f 4786 4785 4797 4516
f 4516 4517 4787 4786
f 4517 4518 4788 4787
f 4518 4519 4789 4788
f 4519 4520 4790 4789
f 4520 4521 4791 4790
f 4521 4522 4792 4791
f 4522 4523 4793 4792
f 4798 4794 4793 4523
f 4799 5017 4794 4798
f 4795 5020 4801 4802
f 4796 4795 4802 4524
f 4524 4525 4797 4796
f 4526 4527 4799 4798
f 4803 4800 4799 4527
f 4804 5021 4800 4803
f 4528 4801 5024 4806
f 4528 4529 4802 4801
f 4530 4531 4804 4803
f 4531 4807 5025 4804
f 4805 5027 4809 4810
f 4806 4805 4810 4532
f 4811 4808 4807 4535
f 4812 5028 4808 4811
f 4809 5029 4813 4814
f 4810 4809 4814 4536
f 4815 4812 4811 4537
f 4816 5030 4812 4815
f 4814 4813 4817 4538
f 4818 4816 4815 4541
f 4542 4538 4817 4819
f 4541 4543 4820 4818
f 4544 4819 5035 4821
f 4547 4822 5036 4820
f 4548 4544 4821 4823
f 4547 4549 4824 4822
f 4550 4548 4823 4825
f 4549 4551 4826 4824
f 4552 4550 4825 4827
f 4551 4553 4828 4826
f 4827 4829 4554 4555
f 4830 4828 4553 4556
f 4554 4829 4831 4557
f 4832 4830 4556 4558
f 4833 4559 4560
f 4833 4560 4557 4831
f 4834 4832 4558 4561
f 4563 4559 4833 4835
f 4836 4834 4561
f 4837 4836 4561 4562
f 4837 4562 4564
f 4563 4835 4838 4565
f 4839 4837 4564 4566
f 4565 4838 4840 4567
f 4842 4839 4566 4568
f 4569 4567 4840 4843
f 4845 4842 4568 4570
f 4569 4843 4846 4571
f 4847 4845 4570 4572
f 4573 4571 4846 4848
f 4849 4847 4572 4574
f 4573 4848 4850 4575
f 4851 4849 4574 4576
f 4575 4850 4852 4577
f 4853 4851 4576 4578
f 4577 4852 4854 4579
f 4855 4853 4578 4580
f 4581 4579 4854 4856
f 4857 4855 4580 4582
f 4583 4581 4856 4858
f 4859 4857 4582 4584
f 4585 4583 4858 4860
f 4861 4859 4584 4586
f 4587 4585 4860 4862
f 4861 4586 4588 4863
f 4587 4862 4864 4589
f 4866 4863 4588 4590
f 4864 4867 4591 4589
f 4868 4866 4590 4592
f 4593 4591 4867 4869
f 4870 4868 4592 4600
f 4601 4593 4869 4871
f 4872 4870 4600 4610
f 4611 4601 4871 4873
f 4874 4872 4610 4622
f 4873 4875 4623 4611
f 4616 4615 4876 4877
f 4617 4616 4877 4878
f 4618 4617 4878 4879
f 4880 4874 4622 4633
f 4623 4875 4881 4634
f 4882 4883 4876 4628
f 4877 4876 4883 4884
f 4878 4877 4884 4885
f 4879 4878 4885 4886
f 4879 4886 4887 4629
f 4643 4888 4880 4633
f 4881 4889 4644 4634
f 4638 4637 4890 4891
f 4891 4892 4882 4638
f 4883 4882 4892 4893
f 4884 4883 4893 4894
f 4885 4884 4894 4895
f 4886 4885 4895 4896
f 4887 4886 4896 4897
f 4887 4897 4898 4639
f 4640 4639 4898 4899
f 4900 4888 4643 4649
f 4650 4644 4889 4901
f 4646 4653 4902 4890
f 4891 4890 4902 4903
f 4892 4891 4903 4904
f 4893 4892 4904 4905
f 4894 4893 4905 4906
f 4895 4894 4906 4907
f 4896 4895 4907 4908
f 4897 4896 4908 4909
f 4898 4897 4909 4910
f 4899 4898 4910 4911
f 4654 4647 4899 4911
f 4912 4900 4649 4656
f 4657 4650 4901 4913
f 4653 4660 4914 4902
f 4903 4902 4914 4915
f 4904 4903 4915 4916
f 4905 4904 4916 4917
f 4906 4905 4917 4918
f 4907 4906 4918 4919
f 4908 4907 4919 4920
f 4909 4908 4920 4921
f 4910 4909 4921 4922
f 4911 4910 4922 4923
f 4661 4654 4911 4923
f 4924 4912 4656 4664
f 4913 4925 4665 4657
f 4660 4667 4926 4914
f 4915 4914 4926 4927
f 4916 4915 4927 4928
f 4917 4916 4928 4929
f 4918 4917 4929 4930
f 4919 4918 4930 4931
f 4920 4919 4931 4932
f 4921 4920 4932 4933
f 4922 4921 4933 4934
f 4923 4922 4934 4935
f 4668 4661 4923 4935
f 4936 4924 4664 4670
f 4671 4665 4925 4937
f 4675 4676 4927 4926
f 4938 4928 4927 4676
f 4929 4928 4938 4939
f 4930 4929 4939 4940
f 4931 4930 4940 4941
f 4932 4931 4941 4942
f 4933 4932 4942 4943
f 4934 4933 4943 4677
f 4677 4678 4935 4934
f 4944 4936 4670 4682
f 4683 4671 4937 4945
f 4688 4689 4939 4938
f 4689 4690 4940 4939
f 4690 4691 4941 4940
f 4691 4692 4942 4941
f 4692 4693 4943 4942
f 4947 4944 4682 4698
f 4945 4948 4699 4683
f 4949 5108 4947 4714
f 4698 4715 4714 4947
f 4716 4699 4948 4950
f 4954 4949 4714 4729
f 4715 4729 4714
f 4950 4955 4730 4716
f 4958 4953 4954 4739
f 4740 4955 4956 4959
f 4962 4958 4739 4742
f 4744 4743 4740 4959
f 4744 4959 5117 4963
f 4966 4960 4961 4745
f 4961 4962 4741 4745
f 4962 4742 4741
f 4747 4746 4744 4963
f 4747 4963 4964 4967
f 4971 5133 4966 4748
f 4745 4749 4748 4966
f 4751 4750 4747 4967
f 4967 4968 4752 4751
f 4752 4968 4969 4972
f 4989 4970 4971 4753
f 4748 4754 4753 4971
f 4756 4755 4752 4972
f 4756 4972 4973 4990
f 5004 4984 4985 4757
f 4985 4986 4758 4757
f 4986 4987 4759 4758
f 4987 4988 4760 4759
f 4988 4989 4761 4760
f 4753 4762 4761 4989
f 4990 4991 4764 4763
f 4991 4992 4765 4764
f 4992 4993 4766 4765
f 4993 4994 4767 4766
f 4994 4995 4768 4767
f 4995 4996 4769 4768
f 4996 4997 4770 4769
f 4997 4998 4771 4770
f 4998 4999 4772 4771
f 4999 5000 4773 4772
f 5000 5001 4774 4773
f 5001 5002 4775 4774
f 5002 5003 4776 4775
f 5003 5004 4777 4776
f 4757 4778 4777 5004
f 4757 4758 4779 4778
f 4758 4759 4780 4779
f 4775 4776 4784 4783
f 5012 4785 5013
f 5014 5013 4785 4786
f 5014 4786 4787 5005
f 4787 4788 5006 5005
f 4788 4789 5007 5006
f 4789 4790 5008 5007
f 4790 4791 5009 5008
f 4791 4792 5010 5009
f 4792 4793 5015 5010
f 5016 5015 4793 4794
f 4794 5017 5016
f 4795 5011 5168 5020
f 4795 4796 5012 5011
f 4799 4800 5018 5017
f 4800 5021 5171 5018
f 5019 5172 5023 5024
f 5020 5019 5024 4801
f 5025 5022 5021 4804
f 5026 5175 5022 5025
f 4805 5023 5176 5027
f 4805 4806 5024 5023
f 4807 4808 5026 5025
f 4808 5028 5177 5026
f 4809 5027 5178 5029
f 4812 5030 5179 5028
f 4813 5029 5180 5031
f 4816 5032 5181 5030
f 4817 4813 5031 5033
f 4816 4818 5034 5032
f 4819 4817 5033 5035
f 4818 4820 5036 5034
f 4821 5035 5186 5037
f 4822 5038 5187 5036
f 4823 4821 5037 5039
f 4822 4824 5040 5038
f 4825 4823 5039 5041
f 4824 4826 5042 5040
f 4827 4825 5041 5043
f 4826 4828 5044 5042
f 4829 4827 5043 5045
f 4828 4830 5046 5044
f 4831 4829 5045 5047
f 4830 4832 5048 5046
f 4831 5047 5049 4833
f 5048 4832 4834 5050
f 4833 5049 5051 4835
f 4836 5052 5050 4834
f 4837 5055 5052 4836
f 4835 5051 5053 4838
f 5055 4837 4839
f 4840 4838 4841
f 4841 4838 5053 5056
f 5057 5055 4839 4842
f 4840 5058 4843
f 5059 5058 4840 4841
f 5059 4841 5056
f 5060 5057 4842 4844
f 4842 4845 4844
f 4843 5058 5061 4846
f 5062 5060 4844
f 4844 4845 4847 5062
f 4846 5061 5063 4848
f 5064 5062 4847 4849
f 4848 5063 5065 4850
f 5066 5064 4849 4851
f 4852 4850 5065 5067
f 5068 5066 4851 4853
f 4854 4852 5067 5069
f 5070 5068 4853 4855
f 4856 4854 5069 5071
f 5072 5070 4855 4857
f 4856 5071 5073 4858
f 5072 4857 4859 5074
f 4858 5073 5075 4860
f 5076 5074 4859 4861
f 4860 5075 5077 4862
f 5078 5076 4861 4863
f 5077 4865 4864 4862
f 4865 5077 5079
f 4866 5080 5078 4863
f 4867 4864 4865
f 4867 4865 5079 5081
f 5080 4866 4868 5082
f 4869 4867 5081 5083
f 5082 4868 4870 5084
f 4871 4869 5083 5085
f 5084 4870 4872 5086
f 4873 4871 5085 5087
f 5088 5086 4872 4874
f 4875 4873 5087 5089
f 5090 5088 4874 4880
f 4881 4875 5089 5091
f 5092 5090 4880 4888
f 5091 5093 4889 4881
f 4900 5095 5092 4888
f 5093 5096 4901 4889
f 5097 5095 4900 4912
f 4913 4901 5096 5098
f 5099 5097 4912 4924
f 5098 5100 4925 4913
f 5103 5099 4924 4936
f 5100 5104 4937 4925
f 5105 5103 4936 4944
f 4946 4945 4937 5104
f 4946 5104 5254 5106
f 5108 5105 4944 4947
f 4948 4945 4946
f 4948 4946 5106 5109
f 5111 5107 5108 4949
f 4951 4950 4948 5109
f 5109 5110 4952 4951
f 4952 5110 5112
f 5113 5261 5111 4953
f 4949 4954 4953 5111
f 4955 4950 4951
f 4951 4952 4956 4955
f 4956 4952 5112 5114
f 5116 5266 5113 4957
f 4953 4958 4957 5113
f 4959 4956 5114 5117
f 5121 5115 5116 4960
f 4957 4961 4960 5116
f 4957 4958 4962 4961
f 5117 5118 4964 4963
f 5118 5119 4965 4964
f 4965 5119 5273 5122
f 5133 5121 4960 4966
f 4964 4965 4968 4967
f 4969 4968 4965 5122
f 4969 5122 5123 5134
f 5152 5131 5132 4970
f 5132 5133 4971 4970
f 4973 4972 4969 5134
f 5134 5135 4974 4973
f 5135 5136 4975 4974
f 5136 5137 4976 4975
f 5137 5138 4977 4976
f 5138 5139 4978 4977
f 4978 5139 5140 5153
f 5153 5140 5141 4979
f 5141 5142 4980 4979
f 5142 5143 4981 4980
f 5143 5144 4982 4981
f 4982 5144 5145 5154
f 5155 5146 5147 4983
f 5147 5148 4984 4983
f 5148 5149 4985 4984
f 5149 5150 4986 4985
f 5150 5151 4987 4986
f 5151 5152 4988 4987
f 4970 4989 4988 5152
f 4973 4974 4991 4990
f 4974 4975 4992 4991
f 4975 4976 4993 4992
f 4976 4977 4994 4993
f 4977 4978 4995 4994
f 4996 4995 4978 5153
f 4979 4997 4996 5153
f 4979 4980 4998 4997
f 4980 4981 4999 4998
f 4981 4982 5000 4999
f 5001 5000 4982 5154
f 5154 5155 5002 5001
f 4983 5003 5002 5155
f 4983 4984 5004 5003
f 5158 5014 5005 5159
f 5160 5159 5005 5006
f 5161 5160 5006 5007
f 5162 5161 5007 5008
f 5163 5162 5008 5009
f 5164 5163 5009 5010
f 5010 5015 5165 5164
f 5168 5011 5169
f 5169 5011 5012 5156
f 5012 5013 5157 5156
f 5013 5014 5158 5157
f 5015 5016 5166 5165
f 5016 5017 5167 5166
f 5017 5018 5170 5167
f 5018 5171 5170
f 5172 5019 5173
f 5173 5019 5020 5168
f 5021 5022 5174 5171
f 5022 5175 5174
f 5023 5172 5319 5176
f 5026 5177 5320 5175
f 5027 5176 5321 5178
f 5028 5179 5322 5177
f 5029 5178 5323 5180
f 5030 5181 5324 5179
f 5031 5180 5325 5182
f 5032 5183 5326 5181
f 5033 5031 5182 5184
f 5032 5034 5185 5183
f 5035 5033 5184 5186
f 5034 5036 5187 5185
f 5037 5186 5331 5188
f 5038 5189 5332 5187
f 5039 5037 5188 5190
f 5038 5040 5191 5189
f 5041 5039 5190 5192
f 5040 5042 5193 5191
f 5043 5041 5192 5194
f 5042 5044 5195 5193
f 5045 5043 5194 5196
f 5044 5046 5197 5195
f 5047 5045 5196 5198
f 5046 5048 5199 5197
f 5049 5047 5198 5200
f 5048 5050 5201 5199
f 5202 5051 5049 5200
f 5050 5052 5203 5201
f 5053 5051 5202 5204
f 5205 5203 5052 5054
f 5052 5055 5054
f 5053 5204 5206 5056
f 5207 5350 5205 5054
f 5054 5055 5057 5207
f 5056 5206 5208 5059
f 5209 5207 5057 5060
f 5061 5058 5059 5210
f 5210 5059 5208
f 5062 5212 5209 5060
f 5061 5210 5213 5063
f 5214 5212 5062 5064
f 5065 5063 5213 5215
f 5216 5214 5064 5066
f 5067 5065 5215 5217
f 5218 5216 5066 5068
f 5069 5067 5217 5219
f 5218 5068 5070 5220
f 5069 5219 5221 5071
f 5222 5220 5070 5072
f 5071 5221 5223 5073
f 5224 5222 5072 5074
f 5075 5073 5223 5225
f 5226 5224 5074 5076
f 5077 5075 5225 5227
f 5228 5226 5076 5078
f 5227 5229 5079 5077
f 5230 5228 5078 5080
f 5079 5229 5231 5081
f 5232 5230 5080 5082
f 5081 5231 5233 5083
f 5234 5232 5082 5084
f 5083 5233 5235 5085
f 5236 5234 5084 5086
f 5235 5237 5087 5085
f 5238 5236 5086 5088
f 5089 5087 5237 5239
f 5240 5238 5088 5090
f 5091 5089 5239 5241
f 5242 5240 5090 5092
f 5094 5093 5091 5241
f 5094 5241 5388 5243
f 5245 5242 5092 5095
f 5096 5093 5094
f 5096 5094 5243 5246
f 5247 5245 5095 5097
f 5098 5096 5246 5248
f 5251 5247 5097 5099
f 5101 5100 5098 5248
f 5101 5248 5249 5252
f 5253 5250 5251 5102
f 5099 5103 5102 5251
f 5104 5100 5101
f 5104 5101 5252 5254
f 5256 5253 5102 5105
f 5103 5105 5102
f 5106 5254 5255 5257
f 5258 5403 5256 5107
f 5105 5108 5107 5256
f 5110 5109 5106 5257
f 5110 5257 5404 5259
f 5261 5258 5107 5111
f 5259 5262 5112 5110
f 5266 5260 5261 5113
f 5262 5267 5114 5112
f 5272 5425 5265 5115
f 5265 5266 5116 5115
f 5118 5117 5114 5267
f 5267 5268 5119 5118
f 5119 5268 5269 5273
f 5288 5271 5272 5120
f 5115 5121 5120 5272
f 5273 5274 5123 5122
f 5274 5275 5124 5123
f 5275 5276 5125 5124
f 5276 5277 5126 5125
f 5126 5277 5278 5289
f 5298 5284 5127
f 5284 5285 5128 5127
f 5285 5286 5129 5128
f 5286 5287 5130 5129
f 5287 5288 5131 5130
f 5120 5132 5131 5288
f 5120 5121 5133 5132
f 5123 5124 5135 5134
f 5124 5125 5136 5135
f 5125 5126 5137 5136
f 5138 5137 5126 5289
f 5289 5290 5139 5138
f 5290 5291 5140 5139
f 5291 5292 5141 5140
f 5292 5293 5142 5141
f 5293 5294 5143 5142
f 5294 5295 5144 5143
f 5295 5296 5145 5144
f 5296 5297 5146 5145
f 5297 5298 5147 5146
f 5127 5148 5147 5298
f 5127 5128 5149 5148
f 5128 5129 5150 5149
f 5129 5130 5151 5150
f 5130 5131 5152 5151
f 5145 5146 5155 5154
f 5307 5169 5156 5308
f 5309 5308 5156 5157
f 5309 5157 5158 5299
f 5158 5159 5300 5299
f 5159 5160 5301 5300
f 5160 5161 5302 5301
f 5161 5162 5303 5302
f 5162 5163 5304 5303
f 5163 5164 5305 5304
f 5164 5165 5306 5305
f 5165 5166 5310 5306
f 5311 5310 5166 5167
f 5167 5170 5312 5311
f 5314 5173 5168 5315
f 5315 5168 5169 5307
f 5170 5171 5316 5312
f 5171 5174 5317 5316
f 5172 5313 5319
f 5172 5173 5314 5313
f 5174 5175 5318 5317
f 5175 5320 5318
f 5176 5319 5468 5321
f 5177 5322 5471 5320
f 5178 5321 5472 5323
f 5179 5324 5473 5322
f 5180 5323 5474 5325
f 5181 5326 5475 5324
f 5182 5325 5327
f 5326 5183 5328
f 5184 5182 5327 5329
f 5328 5183 5185 5330
f 5186 5184 5329 5331
f 5185 5187 5332 5330
f 5188 5331 5333
f 5332 5189 5334
f 5188 5333 5335 5190
f 5334 5189 5191 5336
f 5190 5335 5337 5192
f 5336 5191 5193 5338
f 5194 5192 5337 5339
f 5338 5193 5195 5340
f 5196 5194 5339 5341
f 5195 5197 5342 5340
f 5198 5196 5341 5343
f 5197 5199 5344 5342
f 5345 5200 5198 5343
f 5199 5201 5346 5344
f 5347 5202 5200 5345
f 5201 5203 5348 5346
f 5204 5202 5347 5349
f 5203 5205 5350 5348
f 5206 5204 5349 5351
f 5350 5207 5352
f 5206 5351 5353 5208
f 5354 5352 5207 5209
f 5355 5210 5208 5353
f 5357 5354 5209 5211
f 5209 5212 5211
f 5210 5355 5358 5213
f 5359 5509 5357 5211
f 5211 5212 5214 5359
f 5215 5213 5358 5360
f 5361 5359 5214 5216
f 5217 5215 5360 5362
f 5363 5361 5216 5218
f 5217 5362 5364 5219
f 5365 5363 5218 5220
f 5219 5364 5366 5221
f 5367 5365 5220 5222
f 5223 5221 5366 5368
f 5369 5367 5222 5224
f 5225 5223 5368 5370
f 5371 5369 5224 5226
f 5227 5225 5370 5372
f 5373 5371 5226 5228
f 5229 5227 5372 5374
f 5376 5373 5228 5230
f 5231 5229 5374 5377
f 5378 5376 5230 5232
f 5233 5231 5377 5379
f 5380 5378 5232 5234
f 5235 5233 5379 5381
f 5383 5380 5234 5236
f 5381 5384 5237 5235
f 5385 5383 5236 5238
f 5239 5237 5384 5386
f 5387 5385 5238 5240
f 5241 5239 5386 5388
f 5390 5387 5240 5242
f 5243 5388 5389 5391
f 5392 5548 5390 5244
f 5242 5245 5244 5390
f 5246 5243 5391 5393
f 5395 5392 5244 5247
f 5245 5247 5244
f 5249 5248 5246 5393
f 5249 5393 5394 5396
f 5397 5556 5395 5250
f 5247 5251 5250 5395
f 5252 5249 5396 5398
f 5400 5397 5250 5253
f 5255 5254 5252 5398
f 5255 5398 5399 5401
f 5403 5400 5253 5256
f 5257 5255 5401 5404
f 5409 5402 5403 5258
f 5259 5404 5405 5410
f 5414 5408 5409 5260
f 5258 5261 5260 5409
f 5263 5262 5259 5410
f 5410 5411 5264 5263
f 5264 5411 5412 5415
f 5425 5413 5414 5265
f 5260 5266 5265 5414
f 5267 5262 5263
f 5263 5264 5268 5267
f 5269 5268 5264 5415
f 5269 5415 5416 5426
f 5442 5422 5423 5270
f 5423 5424 5271 5270
f 5424 5425 5272 5271
f 5274 5273 5269 5426
f 5426 5427 5275 5274
f 5427 5428 5276 5275
f 5428 5429 5277 5276
f 5429 5430 5278 5277
f 5430 5431 5279 5278
f 5431 5432 5280 5279
f 5280 5432 5433 5443
f 5445 5435 5436 5281
f 5436 5437 5282 5281
f 5437 5438 5283 5282
f 5283 5438 5439 5446
f 5447 5441 5285 5284
f 5441 5442 5286 5285
f 5270 5287 5286 5442
f 5270 5271 5288 5287
f 5278 5279 5290 5289
f 5279 5280 5291 5290
f 5292 5291 5280 5443
f 5443 5444 5293 5292
f 5444 5445 5294 5293
f 5281 5295 5294 5445
f 5281 5282 5296 5295
f 5282 5283 5297 5296
f 5298 5297 5283 5446
f 5446 5447 5284 5298
f 5449 5309 5299 5450
f 5451 5450 5299 5300
f 5452 5451 5300 5301
f 5453 5452 5301 5302
f 5454 5453 5302 5303
f 5455 5454 5303 5304
f 5456 5455 5304 5305
f 5457 5456 5305 5306
f 5306 5310 5458 5457
f 5460 5315 5307 5461
f 5461 5307 5308 5448
f 5308 5309 5449 5448
f 5310 5311 5459 5458
f 5311 5312 5462 5459
f 5312 5316 5463 5462
f 5465 5464 5313 5314
f 5465 5314 5315 5460
f 5316 5317 5466 5463
f 5467 5466 5317 5318
f 5468 5319 5469
f 5469 5319 5313 5464
f 5320 5470 5467 5318
f 5320 5471 5470
f 5321 5468 5472
f 5322 5473 5471
f 5323 5472 5635 5474
f 5324 5475 5638 5473
f 5325 5474 5476
f 5475 5326 5477
f 5327 5325 5476 5478
f 5477 5326 5328 5479
f 5329 5327 5478 5480
f 5328 5330 5481 5479
f 5331 5329 5480 5482
f 5481 5330 5332 5483
f 5333 5331 5482 5484
f 5332 5334 5485 5483
f 5335 5333 5484 5486
f 5334 5336 5487 5485
f 5337 5335 5486 5488
f 5336 5338 5489 5487
f 5339 5337 5488 5490
f 5338 5340 5491 5489
f 5339 5490 5492 5341
f 5491 5340 5342 5493
f 5341 5492 5494 5343
f 5493 5342 5344 5495
f 5496 5345 5343 5494
f 5344 5346 5497 5495
f 5347 5345 5496 5498
f 5346 5348 5499 5497
f 5349 5347 5498 5500
f 5348 5350 5501 5499
f 5502 5351 5349 5500
f 5350 5352 5503 5501
f 5351 5502 5504 5353
f 5503 5352 5354 5505
f 5504 5356 5355 5353
f 5356 5504 5506 5508
f 5507 5505 5354 5357
f 5358 5355 5356 5508
f 5509 5507 5357
f 5360 5358 5508 5510
f 5512 5509 5359 5361
f 5362 5360 5510 5513
f 5514 5512 5361 5363
f 5362 5513 5515 5364
f 5517 5514 5363 5365
f 5366 5364 5515 5518
f 5519 5517 5365 5367
f 5368 5366 5518 5520
f 5521 5519 5367 5369
f 5370 5368 5520 5522
f 5523 5521 5369 5371
f 5372 5370 5522 5524
f 5525 5523 5371 5373
f 5375 5374 5372 5524
f 5375 5524 5526 5528
f 5527 5525 5373 5376
f 5377 5374 5375 5528
f 5531 5527 5376 5378
f 5379 5377 5528 5532
f 5535 5531 5378 5380
f 5382 5381 5379 5532
f 5382 5532 5533 5536
f 5538 5535 5380 5383
f 5384 5381 5382
f 5384 5382 5536 5539
f 5541 5538 5383 5385
f 5386 5384 5539 5542
f 5545 5541 5385 5387
f 5389 5388 5386 5542
f 5389 5542 5543 5546
f 5548 5545 5387 5390
f 5391 5389 5546 5549
f 5552 5547 5548 5392
f 5394 5393 5391 5549
f 5394 5549 5550 5553
f 5556 5552 5392 5395
f 5396 5394 5553 5557
f 5560 5555 5556 5397
f 5399 5398 5396 5557
f 5399 5557 5558 5561
f 5565 5560 5397 5400
f 5401 5399 5561 5566
f 5572 5564 5565 5402
f 5400 5403 5402 5565
f 5405 5404 5401 5566
f 5566 5567 5406 5405
f 5406 5567 5568 5573
f 5581 5570 5571 5407
f 5571 5572 5408 5407
f 5402 5409 5408 5572
f 5405 5406 5411 5410
f 5412 5411 5406 5573
f 5412 5573 5574 5582
f 5600 5581 5407 5413
f 5407 5408 5414 5413
f 5416 5415 5412 5582
f 5582 5583 5417 5416
f 5583 5584 5418 5417
f 5584 5585 5419 5418
f 5585 5586 5420 5419
f 5586 5587 5421 5420
f 5421 5587 5588 5601
f 5610 5597 5598 5422
f 5598 5599 5423 5422
f 5599 5600 5424 5423
f 5413 5425 5424 5600
f 5416 5417 5427 5426
f 5417 5418 5428 5427
f 5418 5419 5429 5428
f 5419 5420 5430 5429
f 5420 5421 5431 5430
f 5432 5431 5421 5601
f 5601 5602 5433 5432
f 5602 5603 5434 5433
f 5603 5604 5435 5434
f 5604 5605 5436 5435
f 5605 5606 5437 5436
f 5606 5607 5438 5437
f 5607 5608 5439 5438
f 5608 5609 5440 5439
f 5609 5610 5441 5440
f 5422 5442 5441 5610
f 5433 5434 5444 5443
f 5434 5435 5445 5444
f 5439 5440 5447 5446
f 5441 5447 5440
f 5615 5461 5448 5616
f 5617 5616 5448 5449
f 5618 5617 5449 5450
f 5619 5618 5450 5451
f 5619 5451 5452 5611
f 5452 5453 5612 5611
f 5453 5454 5613 5612
f 5454 5455 5614 5613
f 5455 5456 5620 5614
f 5621 5620 5456 5457
f 5622 5621 5457 5458
f 5623 5622 5458 5459
f 5459 5462 5624 5623
f 5625 5465 5460 5626
f 5626 5460 5461 5615
f 5462 5463 5627 5624
f 5463 5466 5628 5627
f 5629 5469 5464 5630
f 5630 5464 5465 5625
f 5466 5467 5631 5628
f 5467 5470 5632 5631
f 5633 5468 5469 5629
f 5470 5471 5634 5632
f 5635 5472 5636
f 5636 5472 5468 5633
f 5473 5637 5634 5471
f 5473 5638 5637
f 5474 5635 5639
f 5638 5475 5640
f 5476 5474 5639 5641
f 5640 5475 5477 5642
f 5478 5476 5641 5643
f 5477 5479 5644 5642
f 5480 5478 5643 5645
f 5644 5479 5481 5646
f 5482 5480 5645 5647
f 5481 5483 5648 5646
f 5482 5647 5649 5484
f 5648 5483 5485 5650
f 5484 5649 5651 5486
f 5650 5485 5487 5652
f 5488 5486 5651 5653
f 5652 5487 5489 5654
f 5490 5488 5653 5655
f 5489 5491 5656 5654
f 5492 5490 5655 5657
f 5491 5493 5658 5656
f 5494 5492 5657 5659
f 5493 5495 5660 5658
f 5496 5494 5659 5661
f 5495 5497 5662 5660
f 5663 5498 5496 5661
f 5497 5499 5664 5662
f 5498 5663 5665 5500
f 5664 5499 5501 5666
f 5667 5502 5500 5665
f 5501 5503 5668 5666
f 5669 5504 5502 5667
f 5503 5505 5670 5668
f 5671 5506 5504 5669
f 5505 5507 5672 5670
f 5673 5508 5506 5671
f 5507 5509 5674 5672
f 5511 5510 5508 5673
f 5511 5673 5675 5677
f 5676 5674 5509 5512
f 5513 5510 5511 5677
f 5680 5676 5512 5514
f 5515 5513 5516
f 5516 5513 5677 5681
f 5683 5680 5514 5517
f 5518 5515 5516 5684
f 5684 5516 5681 5685
f 5687 5683 5517 5519
f 5520 5518 5684 5688
f 5690 5687 5519 5521
f 5522 5520 5688 5691
f 5694 5690 5521 5523
f 5524 5522 5691 5695
f 5698 5694 5523 5525
f 5695 5699 5526 5524
f 5702 5698 5525 5527
f 5699 5529 5528 5526
f 5529 5699 5700 5703
f 5704 5702 5530
f 5527 5531 5530 5702
f 5528 5529 5533 5532
f 5533 5529 5703 5705
f 5706 5704 5530 5534
f 5530 5531 5535 5534
f 5536 5533 5705 5707
f 5710 5706 5534 5537
f 5534 5535 5538 5537
f 5540 5539 5536 5707
f 5540 5707 5708 5711
f 5713 5710 5537 5541
f 5538 5541 5537
f 5539 5540 5543 5542
f 5543 5540 5711 5714
f 5716 5712 5713 5544
f 5541 5545 5544 5713
f 5546 5543 5714 5717
f 5721 5716 5544 5547
f 5544 5545 5548 5547
f 5550 5549 5546 5717
f 5550 5717 5718 5722
f 5725 5720 5721 5551
f 5547 5552 5551 5721
f 5554 5553 5550 5722
f 5554 5722 5723 5726
f 5730 5725 5551 5555
f 5551 5552 5556 5555
f 5553 5554 5558 5557
f 5558 5554 5726 5731
f 5736 5729 5730 5559
f 5555 5560 5559 5730
f 5562 5561 5558 5731
f 5562 5731 5732 5737
f 5749 5735 5736 5563
f 5559 5564 5563 5736
f 5559 5560 5565 5564
f 5561 5562 5567 5566
f 5568 5567 5562 5737
f 5737 5738 5569 5568
f 5569 5738 5739 5750
f 5766 5748 5749 5570
f 5563 5571 5570 5749
f 5563 5564 5572 5571
f 5568 5569 5574 5573
f 5575 5574 5569 5750
f 5750 5751 5576 5575
f 5751 5752 5577 5576
f 5752 5753 5578 5577
f 5578 5753 5754 5767
f 5777 5764 5765 5579
f 5765 5766 5580 5579
f 5570 5581 5580 5766
f 5574 5575 5583 5582
f 5575 5576 5584 5583
f 5576 5577 5585 5584
f 5577 5578 5586 5585
f 5587 5586 5578 5767
f 5767 5768 5588 5587
f 5768 5769 5589 5588
f 5769 5770 5590 5589
f 5770 5771 5591 5590
f 5771 5772 5592 5591
f 5772 5773 5593 5592
f 5773 5774 5594 5593
f 5774 5775 5595 5594
f 5775 5776 5596 5595
f 5776 5777 5597 5596
f 5579 5598 5597 5777
f 5579 5580 5599 5598
f 5580 5581 5600 5599
f 5588 5589 5602 5601
f 5589 5590 5603 5602
f 5590 5591 5604 5603
f 5591 5592 5605 5604
f 5592 5593 5606 5605
f 5593 5594 5607 5606
f 5594 5595 5608 5607
f 5595 5596 5609 5608
f 5596 5597 5610 5609
f 5779 5619 5611 5780
f 5781 5780 5611 5612
f 5782 5781 5612 5613
f 5783 5782 5613 5614
f 5614 5620 5784 5783
f 5786 5626 5615 5787
f 5788 5787 5615 5616
f 5789 5788 5616 5617
f 5789 5617 5618 5778
f 5618 5619 5779 5778
f 5620 5621 5785 5784
f 5621 5622 5790 5785
f 5791 5790 5622 5623
f 5792 5791 5623 5624
f 5624 5627 5793 5792
f 5794 5630 5625 5795
f 5795 5625 5626 5786
f 5627 5628 5796 5793
f 5628 5631 5797 5796
f 5798 5629 5630 5794
f 5631 5632 5799 5797
f 5800 5636 5633 5801
f 5801 5633 5629 5798
f 5634 5802 5799 5632
f 5634 5637 5803 5802
f 5804 5635 5636 5800
f 5637 5638 5805 5803
f 5639 5635 5804 5806
f 5805 5638 5640 5807
f 5641 5639 5806 5808
f 5640 5642 5809 5807
f 5643 5641 5808 5810
f 5809 5642 5644 5811
f 5645 5643 5810 5812
f 5644 5646 5813 5811
f 5645 5812 5814 5647
f 5813 5646 5648 5815
f 5649 5647 5814 5816
f 5815 5648 5650 5817
f 5651 5649 5816 5818
f 5650 5652 5819 5817
f 5653 5651 5818 5820
f 5652 5654 5821 5819
f 5653 5820 5822 5655
f 5821 5654 5656 5823
f 5655 5822 5824 5657
f 5823 5656 5658 5825
f 5657 5824 5826 5659
f 5825 5658 5660 5827
f 5659 5826 5828 5661
f 5827 5660 5662 5829
f 5830 5663 5661 5828
f 5662 5664 5831 5829
f 5665 5663 5830 5832
f 5664 5666 5833 5831
f 5834 5667 5665 5832
f 5666 5668 5835 5833
f 5836 5669 5667 5834
f 5668 5670 5837 5835
f 5838 5671 5669 5836
f 5670 5672 5839 5837
f 5671 5838 5840 5673
f 5674 5841 5839 5672
f 5673 5840 5842 5675
f 5843 5841 5674 5676
f 5842 5678 5677 5675
f 5678 5842 5844 5846
f 5845 5843 5676 5679
f 5676 5680 5679
f 5681 5677 5678 5846
f 5849 5845 5679 5682
f 5679 5680 5683 5682
f 5685 5681 5846 5850
f 5852 5849 5682 5686
f 5682 5683 5687 5686
f 5688 5684 5685 5853
f 5853 5685 5850 5854
f 5856 5852 5686 5689
f 5686 5687 5690 5689
f 5692 5691 5688 5853
f 5692 5853 5854 5857
f 5859 5856 5689 5693
f 5689 5690 5694 5693
f 5691 5692 5696 5695
f 5696 5692 5857 5860
f 5862 5859 5693 5697
f 5693 5694 5698 5697
f 5695 5696 5700 5699
f 5700 5696 5860 5863
f 5866 5862 5697 5701
f 5697 5698 5702 5701
f 5703 5700 5863 5867
f 5871 5870 5866 5701
f 5871 5701 5702 5704
f 5705 5703 5867 5872
f 5875 5871 5704 5706
f 5708 5707 5705 5872
f 5708 5872 5873 5876
f 5879 5874 5875 5709
f 5706 5710 5709 5875
f 5711 5708 5876 5880
f 5883 5879 5709 5712
f 5709 5710 5713 5712
f 5715 5714 5711 5880
f 5715 5880 5881 5884
f 5888 5883 5712 5716
f 5714 5715 5718 5717
f 5719 5718 5715 5884
f 5719 5884 5885 5889
f 5893 5887 5888 5720
f 5716 5721 5720 5888
f 5718 5719 5723 5722
f 5723 5719 5889 5894
f 5900 5892 5893 5724
f 5720 5725 5724 5893
f 5727 5726 5723 5894
f 5727 5894 5895 5901
f 5915 5899 5900 5728
f 5724 5729 5728 5900
f 5724 5725 5730 5729
f 5726 5727 5732 5731
f 5733 5732 5727 5901
f 5901 5902 5734 5733
f 5734 5902 5903 5916
f 5931 5915 5728 5735
f 5728 5729 5736 5735
f 5732 5733 5738 5737
f 5733 5734 5739 5738
f 5740 5739 5734 5916
f 5916 5917 5741 5740
f 5917 5918 5742 5741
f 5742 5918 5919 5932
f 5938 5925 5926 5743
f 5926 5927 5744 5743
f 5927 5928 5745 5744
f 5928 5929 5746 5745
f 5929 5930 5747 5746
f 5930 5931 5748 5747
f 5735 5749 5748 5931
f 5739 5740 5751 5750
f 5740 5741 5752 5751
f 5741 5742 5753 5752
f 5754 5753 5742 5932
f 5932 5933 5755 5754
f 5933 5934 5756 5755
f 5934 5935 5757 5756
f 5935 5936 5758 5757
f 5936 5937 5759 5758
f 5937 5938 5760 5759
f 5743 5761 5760 5938
f 5743 5744 5762 5761
f 5744 5745 5763 5762
f 5745 5746 5764 5763
f 5746 5747 5765 5764
f 5747 5748 5766 5765
f 5754 5755 5768 5767
f 5755 5756 5769 5768
f 5756 5757 5770 5769
f 5757 5758 5771 5770
f 5758 5759 5772 5771
f 5759 5760 5773 5772
f 5760 5761 5774 5773
f 5761 5762 5775 5774
f 5762 5763 5776 5775
f 5763 5764 5777 5776
f 5939 5789 5778 5940
f 5941 5940 5778 5779
f 5942 5941 5779 5780
f 5943 5942 5780 5781
f 5944 5943 5781 5782
f 5945 5944 5782 5783
f 5946 5945 5783 5784
f 5947 5946 5784 5785
f 5785 5790 5948 5947
f 5950 5949 5786 5787
f 5951 5950 5787 5788
f 5951 5788 5789 5939
f 5790 5791 5952 5948
f 5953 5952 5791 5792
f 5954 5953 5792 5793
f 5956 5955 5794 5795
f 5956 5795 5786 5949
f 5796 5957 5954 5793
f 5958 5957 5796 5797
f 5959 5801 5798 5960
f 5960 5798 5794 5955
f 5799 5961 5958 5797
f 5799 5802 5962 5961
f 5963 5800 5801 5959
f 5802 5803 5964 5962
f 5965 5804 5800 5963
f 5805 5966 5964 5803
f 5967 5806 5804 5965
f 5807 5968 5966 5805
f 5806 5967 5969 5808
f 5968 5807 5809 5970
f 5971 5810 5808 5969
f 5811 5972 5970 5809
f 5810 5971 5973 5812
f 5972 5811 5813 5974
f 5814 5812 5973 5975
f 5974 5813 5815 5976
f 5816 5814 5975 5977
f 5815 5817 5978 5976
f 5816 5977 5979 5818
f 5978 5817 5819 5980
f 5818 5979 5981 5820
f 5980 5819 5821 5982
f 5820 5981 5983 5822
f 5982 5821 5823 5984
f 5824 5822 5983 5985
f 5984 5823 5825 5986
f 5826 5824 5985 5987
f 5825 5827 5988 5986
f 5989 5828 5826 5987
f 5827 5829 5990 5988
f 5828 5989 5991 5830
f 5990 5829 5831 5992
f 5830 5991 5993 5832
f 5992 5831 5833 5994
f 5995 5834 5832 5993
f 5833 5835 5996 5994
f 5997 5836 5834 5995
f 5835 5837 5998 5996
f 5836 5997 5999 5838
f 5839 6000 5998 5837
f 6001 5840 5838 5999
f 5839 5841 6002 6000
f 5840 6001 6003 5842
f 5841 5843 6004 6002
f 5842 6003 6005 5844
f 5843 5845 6008 6004
f 5847 5846 5844 6006
f 5844 6005 6006
f 5847 6006 6166 6009
f 6010 6007 5848 6013
f 6007 6008 5849 5848
f 5849 6008 5845
f 5846 5847 5851 5850
f 5851 5847 6009 6011
f 5848 5849 5852 6013
f 5850 5851 5855 5854
f 5855 5851 6011 6014
f 6017 6013 5852 5856
f 5854 5855 5858 5857
f 5858 5855 6014 6018
f 6021 6017 5856 5859
f 5860 5857 5858 6022
f 6022 5858 6018 6023
f 6026 6020 6021 5861
f 5859 5862 5861 6021
f 5864 5863 5860 6022
f 5864 6022 6023 6027
f 6030 6026 5861 5865
f 5861 5862 5866 5865
f 5863 5864 5868 5867
f 5868 5864 6027 6031
f 6034 6030 5865 5869
f 5865 5866 5870 5869
f 5867 5868 5873 5872
f 5873 5868 6031 6035
f 6040 6034 5869 5874
f 5869 5870 5875 5874
f 5871 5875 5870
f 5877 5876 5873 6035
f 5877 6035 6036 6041
f 6046 6039 6040 5878
f 5874 5879 5878 6040
f 5876 5877 5881 5880
f 5881 5877 6041 6047
f 6053 6046 5878 5882
f 5878 5879 5883 5882
f 5885 5884 5881 6047
f 5885 6047 6048 6054
f 6065 6052 6053 5886
f 5882 5887 5886 6053
f 5882 5883 5888 5887
f 5890 5889 5885 6054
f 5890 6054 6055 6066
f 6081 6064 6065 5891
f 5886 5892 5891 6065
f 5886 5887 5893 5892
f 5889 5890 5895 5894
f 5896 5895 5890 6066
f 6066 6067 5897 5896
f 5897 6067 6068 6082
f 6094 6080 6081 5898
f 5891 5899 5898 6081
f 5891 5892 5900 5899
f 5895 5896 5902 5901
f 5896 5897 5903 5902
f 5904 5903 5897 6082
f 6082 6083 5905 5904
f 6083 6084 5906 5905
f 6084 6085 5907 5906
f 5907 6085 6086 6095
f 6097 6088 6089 5908
f 6089 6090 5909 5908
f 6090 6091 5910 5909
f 6091 6092 5911 5910
f 6092 6093 5912 5911
f 6093 6094 5913 5912
f 5898 5914 5913 6094
f 5898 5899 5915 5914
f 5903 5904 5917 5916
f 5904 5905 5918 5917
f 5905 5906 5919 5918
f 5906 5907 5920 5919
f 5921 5920 5907 6095
f 6095 6096 5922 5921
f 6096 6097 5923 5922
f 5908 5924 5923 6097
f 5908 5909 5925 5924
f 5909 5910 5926 5925
f 5910 5911 5927 5926
f 5911 5912 5928 5927
f 5912 5913 5929 5928
f 5913 5914 5930 5929
f 5914 5915 5931 5930
f 5919 5920 5933 5932
f 5920 5921 5934 5933
f 5921 5922 5935 5934
f 5922 5923 5936 5935
f 5923 5924 5937 5936
f 5924 5925 5938 5937
f 6099 6098 5939 5940
f 6100 6099 5940 5941
f 6101 6100 5941 5942
f 6102 6101 5942 5943
f 6103 6102 5943 5944
f 6104 6103 5944 5945
f 6105 6104 5945 5946
f 6106 6105 5946 5947
f 6107 6106 5947 5948
f 6109 6108 5949 5950
f 6110 6109 5950 5951
f 6110 5951 5939 6098
f 5952 6111 6107 5948
f 6112 6111 5952 5953
f 6113 6112 5953 5954
f 6115 6114 5955 5956
f 6115 5956 5949 6108
f 5957 6116 6113 5954
f 6117 6116 5957 5958
f 6119 6118 5959 5960
f 6119 5960 5955 6114
f 5961 6120 6117 5958
f 6121 6120 5961 5962
f 6122 5963 5959 6118
f 5964 6123 6121 5962
f 6124 5965 5963 6122
f 5966 6125 6123 5964
f 6126 5967 5965 6124
f 5968 6127 6125 5966
f 5967 6126 6128 5969
f 6127 5968 5970 6129
f 6130 5971 5969 6128
f 5972 6131 6129 5970
f 5971 6130 6132 5973
f 6131 5972 5974 6133
f 6134 5975 5973 6132
f 5976 6135 6133 5974
f 5975 6134 6136 5977
f 6135 5976 5978 6137
f 5977 6136 6138 5979
f 6137 5978 5980 6139
f 5981 5979 6138 6140
f 6139 5980 5982 6141
f 5983 5981 6140 6142
f 5982 5984 6143 6141
f 5985 5983 6142 6144
f 5984 5986 6145 6143
f 5985 6144 6146 5987
f 6145 5986 5988 6147
f 6148 5989 5987 6146
f 5988 5990 6149 6147
f 6150 5991 5989 6148
f 5990 5992 6151 6149
f 5991 6150 6152 5993
f 6151 5992 5994 6153
f 5993 6152 6154 5995
f 6153 5994 5996 6155
f 5995 6154 6156 5997
f 5998 6157 6155 5996
f 6158 5999 5997 6156
f 5998 6000 6159 6157
f 6160 6001 5999 6158
f 6000 6002 6161 6159
f 6001 6160 6162 6003
f 6004 6163 6161 6002
f 6003 6162 6164 6005
f 6008 6165 6163 6004
f 6006 6005 6164 6166
f 6007 6010 6168 6169
f 6165 6008 6007 6169
f 6011 6009 6166 6167
f 6011 6167 6328 6170
f 6171 6331 6168 6012
f 6168 6010 6013 6012
f 6015 6014 6011 6170
f 6015 6170 6172
f 6173 6171 6012 6016
f 6012 6013 6017 6016
f 6014 6015 6019 6018
f 6019 6015 6172 6174
f 6180 6173 6016 6020
f 6016 6017 6021 6020
f 6018 6019 6024 6023
f 6024 6019 6174 6181
f 6187 6179 6180 6025
f 6020 6026 6025 6180
f 6023 6024 6028 6027
f 6028 6024 6181 6188
f 6195 6187 6025 6029
f 6025 6026 6030 6029
f 6027 6028 6032 6031
f 6032 6028 6188 6196
f 6206 6195 6029 6033
f 6029 6030 6034 6033
f 6031 6032 6036 6035
f 6037 6036 6032 6196
f 6037 6196 6197 6207
f 6222 6205 6206 6038
f 6033 6039 6038 6206
f 6033 6034 6040 6039
f 6036 6037 6042 6041
f 6043 6042 6037 6207
f 6043 6207 6208 6223
f 6236 6221 6222 6044
f 6038 6045 6044 6222
f 6038 6039 6046 6045
f 6041 6042 6048 6047
f 6042 6043 6049 6048
f 6050 6049 6043 6223
f 6050 6223 6224 6237
f 6249 6236 6044 6051
f 6044 6045 6052 6051
f 6045 6046 6053 6052
f 6048 6049 6055 6054
f 6049 6050 6056 6055
f 6057 6056 6050 6237
f 6237 6238 6058 6057
f 6238 6239 6059 6058
f 6239 6240 6060 6059
f 6060 6240 6241 6250
f 6255 6246 6247 6061
f 6247 6248 6062 6061
f 6248 6249 6063 6062
f 6051 6064 6063 6249
f 6051 6052 6065 6064
f 6055 6056 6067 6066
f 6056 6057 6068 6067
f 6057 6058 6069 6068
f 6058 6059 6070 6069
f 6059 6060 6071 6070
f 6072 6071 6060 6250
f 6250 6251 6073 6072
f 6251 6252 6074 6073
f 6252 6253 6075 6074
f 6253 6254 6076 6075
f 6254 6255 6077 6076
f 6061 6078 6077 6255
f 6061 6062 6079 6078
f 6062 6063 6080 6079
f 6063 6064 6081 6080
f 6068 6069 6083 6082
f 6069 6070 6084 6083
f 6070 6071 6085 6084
f 6071 6072 6086 6085
f 6072 6073 6087 6086
f 6073 6074 6088 6087
f 6074 6075 6089 6088
f 6075 6076 6090 6089
f 6076 6077 6091 6090
f 6077 6078 6092 6091
f 6078 6079 6093 6092
f 6079 6080 6094 6093
f 6086 6087 6096 6095
f 6087 6088 6097 6096
f 6256 6267 6098 6099
f 6257 6256 6099 6100
f 6258 6257 6100 6101
f 6259 6258 6101 6102
f 6260 6259 6102 6103
f 6261 6260 6103 6104
f 6262 6261 6104 6105
f 6263 6262 6105 6106
f 6107 6268 6263 6106
f 6265 6264 6108 6109
f 6266 6265 6109 6110
f 6267 6266 6110 6098
f 6111 6269 6268 6107
f 6270 6269 6111 6112
f 6271 6270 6112 6113
f 6273 6272 6114 6115
f 6273 6115 6108 6264
f 6116 6274 6271 6113
f 6275 6274 6116 6117
f 6277 6276 6118 6119
f 6277 6119 6114 6272
f 6120 6278 6275 6117
f 6279 6278 6120 6121
f 6280 6122 6118 6276
f 6123 6281 6279 6121
f 6282 6124 6122 6280
f 6125 6283 6281 6123
f 6284 6126 6124 6282
f 6127 6285 6283 6125
f 6126 6284 6286 6128
f 6285 6127 6129 6287
f 6288 6130 6128 6286
f 6131 6289 6287 6129
f 6130 6288 6290 6132
f 6289 6131 6133 6291
f 6292 6134 6132 6290
f 6135 6293 6291 6133
f 6134 6292 6294 6136
f 6293 6135 6137 6295
f 6136 6294 6296 6138
f 6295 6137 6139 6297
f 6298 6140 6138 6296
f 6141 6299 6297 6139
f 6140 6298 6300 6142
f 6299 6141 6143 6301
f 6142 6300 6302 6144
f 6301 6143 6145 6303
f 6144 6302 6304 6146
f 6303 6145 6147 6305
f 6146 6304 6306 6148
f 6305 6147 6149 6307
f 6308 6150 6148 6306
f 6149 6151 6309 6307
f 6310 6152 6150 6308
f 6151 6153 6311 6309
f 6152 6310 6312 6154
f 6311 6153 6155 6313
f 6314 6156 6154 6312
f 6155 6157 6315 6313
f 6316 6158 6156 6314
f 6157 6159 6317 6315
f 6158 6316 6318 6160
f 6161 6319 6317 6159
f 6160 6318 6320 6162
f 6163 6321 6319 6161
f 6322 6164 6162 6320
f 6163 6165 6325 6321
f 6164 6322 6323
f 6164 6323 6326 6166
f 6169 6327 6324 6165
f 6325 6165 6324
f 6167 6166 6326 6328
f 6327 6169 6168 6331
f 6170 6328 6329
f 6170 6329 6332 6172
f 6337 6330 6173
f 6331 6171 6173 6330
f 6332 6174 6172
f 6332 6333 6175 6174
f 6333 6334 6176 6175
f 6176 6334 6338
f 6339 6335 6177
f 6335 6336 6178 6177
f 6336 6337 6179 6178
f 6173 6180 6179 6337
f 6174 6175 6182 6181
f 6175 6176 6183 6182
f 6184 6183 6176 6338
f 6184 6338 6340
f 6346 6339 6177 6185
f 6177 6178 6186 6185
f 6178 6179 6187 6186
f 6181 6182 6189 6188
f 6182 6183 6190 6189
f 6183 6184 6191 6190
f 6191 6184 6340 6347
f 6356 6345 6346 6192
f 6185 6193 6192 6346
f 6185 6186 6194 6193
f 6186 6187 6195 6194
f 6188 6189 6197 6196
f 6189 6190 6198 6197
f 6190 6191 6199 6198
f 6200 6199 6191 6347
f 6347 6348 6201 6200
f 6201 6348 6349 6357
f 6363 6355 6356 6202
f 6192 6203 6202 6356
f 6192 6193 6204 6203
f 6193 6194 6205 6204
f 6194 6195 6206 6205
f 6197 6198 6208 6207
f 6198 6199 6209 6208
f 6199 6200 6210 6209
f 6200 6201 6211 6210
f 6212 6211 6201 6357
f 6357 6358 6213 6212
f 6358 6359 6214 6213
f 6359 6360 6215 6214
f 6360 6361 6216 6215
f 6361 6362 6217 6216
f 6362 6363 6218 6217
f 6202 6219 6218 6363
f 6202 6203 6220 6219
f 6203 6204 6221 6220
f 6204 6205 6222 6221
f 6208 6209 6224 6223
f 6209 6210 6225 6224
f 6210 6211 6226 6225
f 6211 6212 6227 6226
f 6212 6213 6228 6227
f 6213 6214 6229 6228
f 6214 6215 6230 6229
f 6215 6216 6231 6230
f 6216 6217 6232 6231
f 6217 6218 6233 6232
f 6218 6219 6234 6233
f 6219 6220 6235 6234
f 6220 6221 6236 6235
f 6224 6225 6238 6237
f 6225 6226 6239 6238
f 6226 6227 6240 6239
f 6227 6228 6241 6240
f 6228 6229 6242 6241
f 6229 6230 6243 6242
f 6230 6231 6244 6243
f 6231 6232 6245 6244
f 6232 6233 6246 6245
f 6233 6234 6247 6246
f 6234 6235 6248 6247
f 6235 6236 6249 6248
f 6241 6242 6251 6250
f 6242 6243 6252 6251
f 6243 6244 6253 6252
f 6244 6245 6254 6253
f 6245 6246 6255 6254
f 6365 6364 6256 6257
f 6366 6365 6257 6258
f 6367 6366 6258 6259
f 6368 6367 6259 6260
f 6369 6368 6260 6261
f 6370 6369 6261 6262
f 6371 6370 6262 6263
f 6373 6372 6264 6265
f 6374 6373 6265 6266
f 6375 6374 6266 6267
f 6375 6267 6256 6364
f 6268 6376 6371 6263
f 6377 6376 6268 6269
f 6378 6377 6269 6270
f 6379 6378 6270 6271
f 6381 6380 6272 6273
f 6381 6273 6264 6372
f 6274 6382 6379 6271
f 6383 6382 6274 6275
f 6384 6387 6276 6277
f 6384 6277 6272 6380
f 6278 6385 6383 6275
f 6279 6388 6385 6278
f 6387 6386 6280 6276
f 6281 6389 6388 6279
f 6390 6282 6280 6386
f 6283 6391 6389 6281
f 6392 6284 6282 6390
f 6285 6393 6391 6283
f 6284 6392 6394 6286
f 6393 6285 6287 6395
f 6396 6288 6286 6394
f 6289 6397 6395 6287
f 6288 6396 6398 6290
f 6397 6289 6291 6399
f 6400 6292 6290 6398
f 6293 6401 6399 6291
f 6292 6400 6402 6294
f 6401 6293 6295 6403
f 6294 6402 6404 6296
f 6403 6295 6297 6405
f 6406 6298 6296 6404
f 6299 6407 6405 6297
f 6298 6406 6408 6300
f 6407 6299 6301 6409
f 6300 6408 6410 6302
f 6409 6301 6303 6411
f 6302 6410 6412 6304
f 6411 6303 6305 6413
f 6304 6412 6414 6306
f 6413 6305 6307 6415
f 6414 6416 6308 6306
f 6417 6415 6307 6309
f 6416 6418 6310 6308
f 6311 6419 6417 6309
f 6310 6418 6420 6312
f 6419 6311 6313 6421
f 6312 6420 6422 6314
f 6421 6313 6315 6423
f 6314 6422 6424 6316
f 6317 6425 6423 6315
f 6316 6424 6426 6318
f 6319 6427 6425 6317
f 6428 6320 6318 6426
f 6319 6321 6429 6427
f 6430 6322 6320 6428
f 6321 6325 6433 6429
f 6430 6431 6323 6322
f 6323 6431 6434 6326
f 6327 6435 6432 6324
f 6432 6433 6325 6324
f 6326 6434 6436 6328
f 6331 6439 6435 6327
f 6436 6437 6329 6328
f 6329 6437 6440 6332
f 6337 6445 6438 6330
f 6438 6439 6331 6330
f 6440 6441 6333 6332
f 6441 6442 6334 6333
f 6334 6442 6446 6338
f 6339 6453 6443 6335
f 6443 6444 6336 6335
f 6444 6445 6337 6336
f 6338 6446 6447 6340
f 6447 6448 6341 6340
f 6448 6449 6342 6341
f 6342 6449 6544 6454
f 6457 6549 6450 6343
f 6450 6451 6344 6343
f 6451 6452 6345 6344
f 6452 6453 6346 6345
f 6346 6453 6339
f 6340 6341 6348 6347
f 6341 6342 6349 6348
f 6350 6349 6342 6454
f 6454 6455 6351 6350
f 6455 6456 6352 6351
f 6456 6457 6353 6352
f 6343 6354 6353 6457
f 6343 6344 6355 6354
f 6344 6345 6356 6355
f 6349 6350 6358 6357
f 6350 6351 6359 6358
f 6351 6352 6360 6359
f 6352 6353 6361 6360
f 6353 6354 6362 6361
f 6354 6355 6363 6362
f 6458 6466 6365 6366
f 6459 6458 6366 6367
f 6460 6459 6367 6368
f 6461 6460 6368 6369
f 6370 6467 6461 6369
f 6462 6473 6372 6373
f 6463 6462 6373 6374
f 6464 6463 6374 6375
f 6465 6464 6375 6364
f 6466 6465 6364 6365
f 6468 6467 6370 6371
f 6376 6469 6468 6371
f 6470 6469 6376 6377
f 6471 6470 6377 6378
f 6379 6474 6471 6378
f 6472 6477 6380 6381
f 6473 6472 6381 6372
f 6382 6475 6474 6379
f 6383 6478 6475 6382
f 6477 6476 6384 6380
f 6385 6479 6478 6383
f 6480 6482 6386 6387
f 6480 6387 6384 6476
f 6388 6481 6479 6385
f 6389 6483 6481 6388
f 6386 6482 6484 6390
f 6391 6485 6483 6389
f 6390 6484 6486 6392
f 6393 6487 6485 6391
f 6392 6486 6394
f 6487 6393 6395
f 6488 6396 6394 6486
f 6397 6489 6487 6395
f 6396 6488 6490 6398
f 6489 6397 6399 6491
f 6398 6490 6492 6400
f 6493 6491 6399 6401
f 6400 6492 6494 6402
f 6495 6493 6401 6403
f 6402 6494 6496 6404
f 6495 6403 6405 6497
f 6404 6496 6498 6406
f 6499 6497 6405 6407
f 6408 6406 6498 6500
f 6501 6499 6407 6409
f 6408 6500 6502 6410
f 6503 6501 6409 6411
f 6410 6502 6504 6412
f 6503 6411 6413 6505
f 6504 6506 6414 6412
f 6507 6505 6413 6415
f 6506 6508 6416 6414
f 6417 6509 6507 6415
f 6416 6508 6510 6418
f 6509 6417 6419 6511
f 6418 6510 6512 6420
f 6511 6419 6421 6513
f 6420 6512 6514 6422
f 6513 6421 6423 6515
f 6422 6514 6516 6424
f 6425 6517 6515 6423
f 6424 6516 6518 6426
f 6427 6519 6517 6425
f 6426 6518 6520 6428
f 6519 6427 6429 6521
f 6428 6520 6522 6430
f 6433 6525 6521 6429
f 6522 6523 6431 6430
f 6431 6523 6526 6434
f 6435 6527 6524 6432
f 6524 6525 6433 6432
f 6434 6526 6528 6436
f 6439 6531 6527 6435
f 6528 6529 6437 6436
f 6437 6529 6532 6440
f 6445 6535 6530 6438
f 6530 6531 6439 6438
f 6532 6533 6441 6440
f 6442 6441 6533 6536
f 6446 6442 6536 6537
f 6443 6453 6542 6543
f 6534 6444 6443 6543
f 6534 6535 6445 6444
f 6537 6538 6447 6446
f 6538 6539 6448 6447
f 6449 6448 6539 6544
f 6540 6451 6450 6549
f 6540 6541 6452 6451
f 6541 6542 6453 6452
f 6454 6544 6545
f 6545 6546 6455 6454
f 6546 6547 6456 6455
f 6547 6548 6457 6456
f 6549 6457 6548
f 6550 6563 6462 6463
f 6551 6550 6463 6464
f 6552 6551 6464 6465
f 6553 6552 6465 6466
f 6554 6553 6466 6458
f 6555 6554 6458 6459
f 6556 6555 6459 6460
f 6557 6556 6460 6461
f 6467 6558 6557 6461
f 6559 6558 6467 6468
f 6560 6559 6468 6469
f 6561 6560 6469 6470
f 6471 6564 6561 6470
f 6562 6568 6472 6473
f 6563 6562 6473 6462
f 6474 6565 6564 6471
f 6475 6569 6565 6474
f 6567 6566 6476 6477
f 6568 6567 6477 6472
f 6478 6570 6569 6475
f 6571 6570 6478 6479
f 6572 6480 6476 6566
f 6481 6573 6571 6479
f 6574 6482 6480 6572
f 6483 6575 6573 6481
f 6576 6484 6482 6574
f 6485 6577 6575 6483
f 6578 6486 6484 6576
f 6487 6579 6577 6485
f 6486 6578 6580 6488
f 6581 6579 6487 6489
f 6488 6580 6582 6490
f 6583 6581 6489 6491
f 6490 6582 6584 6492
f 6583 6491 6493 6585
f 6492 6584 6586 6494
f 6587 6585 6493 6495
f 6494 6586 6588 6496
f 6589 6587 6495 6497
f 6496 6588 6590 6498
f 6589 6497 6499 6591
f 6498 6590 6592 6500
f 6591 6499 6501 6593
f 6500 6592 6594 6502
f 6595 6593 6501 6503
f 6504 6502 6594 6596
f 6597 6595 6503 6505
f 6596 6598 6506 6504
f 6507 6599 6597 6505
f 6506 6598 6600 6508
f 6599 6507 6509 6601
f 6508 6600 6602 6510
f 6601 6509 6511 6603
f 6510 6602 6604 6512
f 6603 6511 6513 6605
f 6604 6606 6514 6512
f 6607 6605 6513 6515
f 6606 6608 6516 6514
f 6517 6609 6607 6515
f 6516 6608 6610 6518
f 6519 6611 6609 6517
f 6610 6612 6520 6518
f 6613 6611 6519 6521
f 6612 6614 6522 6520
f 6615 6613 6521 6525
f 6522 6614 6523
f 6523 6614 6616 6526
f 6527 6617 6615 6524
f 6615 6525 6524
f 6526 6616 6618 6528
f 6531 6621 6617 6527
f 6618 6619 6529 6528
f 6529 6619 6622 6532
f 6535 6625 6620 6530
f 6620 6621 6531 6530
f 6622 6623 6533 6532
f 6533 6623 6626 6536
f 6543 6633 6624 6534
f 6624 6625 6535 6534
f 6626 6627 6537 6536
f 6627 6628 6538 6537
f 6628 6629 6539 6538
f 6539 6629 6634 6544
f 6549 6639 6630 6540
f 6630 6631 6541 6540
f 6631 6632 6542 6541
f 6632 6633 6543 6542
f 6634 6635 6545 6544
f 6635 6636 6546 6545
f 6636 6637 6547 6546
f 6637 6638 6548 6547
f 6638 6639 6549 6548
f 6640 6651 6551 6552
f 6641 6640 6552 6553
f 6642 6641 6553 6554
f 6643 6642 6554 6555
f 6644 6643 6555 6556
f 6645 6644 6556 6557
f 6646 6645 6557 6558
f 6647 6646 6558 6559
f 6560 6652 6647 6559
f 6649 6648 6562 6563
f 6650 6649 6563 6550
f 6651 6650 6550 6551
f 6653 6652 6560 6561
f 6564 6654 6653 6561
f 6655 6654 6564 6565
f 6656 6659 6567 6568
f 6656 6568 6562 6648
f 6569 6657 6655 6565
f 6570 6660 6657 6569
f 6566 6658 6662 6572
f 6659 6658 6566 6567
f 6661 6660 6570 6571
f 6573 6663 6661 6571
f 6572 6662 6665 6574
f 6575 6666 6663 6573
f 6665 6664 6576 6574
f 6577 6667 6666 6575
f 6576 6664 6668 6578
f 6669 6667 6577 6579
f 6578 6668 6670 6580
f 6671 6669 6579 6581
f 6580 6670 6672 6582
f 6673 6671 6581 6583
f 6584 6582 6672 6674
f 6675 6673 6583 6585
f 6584 6674 6676 6586
f 6677 6675 6585 6587
f 6586 6676 6678 6588
f 6679 6677 6587 6589
f 6590 6588 6678 6680
f 6681 6679 6589 6591
f 6590 6680 6682 6592
f 6683 6681 6591 6593
f 6592 6682 6684 6594
f 6683 6593 6595 6685
f 6594 6684 6686 6596
f 6685 6595 6597 6687
f 6596 6686 6688 6598
f 6687 6597 6599 6689
f 6598 6688 6690 6600
f 6689 6599 6601 6691
f 6600 6690 6692 6602
f 6691 6601 6603 6693
f 6692 6694 6604 6602
f 6695 6693 6603 6605
f 6694 6696 6606 6604
f 6607 6697 6695 6605
f 6696 6698 6608 6606
f 6699 6697 6607 6609
f 6698 6700 6610 6608
f 6611 6701 6699 6609
f 6610 6700 6702 6612
f 6613 6703 6701 6611
f 6612 6702 6704 6614
f 6615 6705 6703 6613
f 6614 6704 6706 6616
f 6617 6709 6705 6615
f 6616 6706 6707 6618
f 6618 6707 6710 6619
f 6711 6708 6621 6620
f 6708 6709 6617 6621
f 6619 6710 6712 6622
f 6625 6715 6711 6620
f 6712 6713 6623 6622
f 6623 6713 6716 6626
f 6633 6723 6714 6624
f 6714 6715 6625 6624
f 6716 6717 6627 6626
f 6717 6718 6628 6627
f 6718 6719 6629 6628
f 6629 6719 6724 6634
f 6639 6729 6720 6630
f 6720 6721 6631 6630
f 6721 6722 6632 6631
f 6722 6723 6633 6632
f 6724 6725 6635 6634
f 6725 6726 6636 6635
f 6726 6727 6637 6636
f 6727 6728 6638 6637
f 6728 6729 6639 6638
f 6730 6736 6642 6643
f 6731 6730 6643 6644
f 6645 6737 6731 6644
f 6732 6744 6649 6650
f 6733 6732 6650 6651
f 6734 6733 6651 6640
f 6735 6734 6640 6641
f 6736 6735 6641 6642
f 6738 6737 6645 6646
f 6739 6738 6646 6647
f 6652 6740 6739 6647
f 6741 6740 6652 6653
f 6654 6745 6741 6653
f 6743 6742 6656 6648
f 6744 6743 6648 6649
f 6746 6745 6654 6655
f 6657 6747 6746 6655
f 6748 6751 6658 6659
f 6748 6659 6656 6742
f 6660 6749 6747 6657
f 6661 6752 6749 6660
f 6751 6750 6662 6658
f 6663 6753 6752 6661
f 6754 6664 6665
f 6754 6665 6662 6750
f 6666 6757 6753 6663
f 6667 6757 6666
f 6668 6664 6754 6758
f 6759 6757 6667 6669
f 6668 6758 6760 6670
f 6761 6759 6669 6671
f 6670 6760 6762 6672
f 6763 6761 6671 6673
f 6672 6762 6764 6674
f 6763 6673 6675 6765
f 6674 6764 6766 6676
f 6767 6765 6675 6677
f 6676 6766 6768 6678
f 6769 6767 6677 6679
f 6678 6768 6770 6680
f 6769 6679 6681 6771
f 6680 6770 6772 6682
f 6773 6771 6681 6683
f 6684 6682 6772 6774
f 6775 6773 6683 6685
f 6686 6684 6774 6776
f 6777 6775 6685 6687
f 6688 6686 6776 6778
f 6779 6777 6687 6689
f 6690 6688 6778 6780
f 6781 6779 6689 6691
f 6692 6690 6780 6782
f 6783 6781 6691 6693
f 6782 6784 6694 6692
f 6695 6785 6783 6693
f 6784 6786 6696 6694
f 6787 6785 6695 6697
f 6786 6788 6698 6696
f 6699 6789 6787 6697
f 6788 6790 6700 6698
f 6791 6789 6699 6701
f 6790 6792 6702 6700
f 6793 6791 6701 6703
f 6792 6794 6704 6702
f 6795 6793 6703 6705
f 6794 6796 6706 6704
f 6797 6795 6705 6709
f 6706 6796 6707
f 6707 6796 6798 6710
f 6711 6801 6797 6708
f 6797 6709 6708
f 6710 6798 6799 6712
f 6712 6799 6802 6713
f 6805 6800 6715 6714
f 6800 6801 6711 6715
f 6713 6802 6803 6716
f 6716 6803 6806 6717
f 6811 6804 6723 6722
f 6804 6805 6714 6723
f 6806 6807 6718 6717
f 6807 6808 6719 6718
f 6719 6808 6812 6724
f 6729 6817 6809 6720
f 6809 6810 6721 6720
f 6810 6811 6722 6721
f 6812 6813 6725 6724
f 6813 6814 6726 6725
f 6814 6815 6727 6726
f 6815 6816 6728 6727
f 6816 6817 6729 6728
f 6818 6828 6733 6734
f 6819 6818 6734 6735
f 6820 6819 6735 6736
f 6821 6820 6736 6730
f 6822 6821 6730 6731
f 6737 6823 6822 6731
f 6824 6823 6737 6738
f 6825 6824 6738 6739
f 6740 6829 6825 6739
f 6826 6833 6743 6744
f 6827 6826 6744 6732
f 6828 6827 6732 6733
f 6830 6829 6740 6741
f 6745 6831 6830 6741
f 6746 6834 6831 6745
f 6742 6832 6836 6748
f 6833 6832 6742 6743
f 6835 6834 6746 6747
f 6749 6837 6835 6747
f 6748 6836 6838 6751
f 6752 6839 6837 6749
f 6754 6750 6755
f 6755 6750 6751 6838
f 6752 6753 6756 6839
f 6753 6757 6756
f 6754 6840 6758
f 6841 6840 6754 6755
f 6841 6755 6838
f 6842 6839 6756
f 6843 6842 6756 6757
f 6843 6757 6759
f 6758 6840 6844 6760
f 6845 6843 6759 6761
f 6760 6844 6846 6762
f 6847 6845 6761 6763
f 6764 6762 6846 6848
f 6849 6847 6763 6765
f 6764 6848 6850 6766
f 6851 6849 6765 6767
f 6766 6850 6852 6768
f 6853 6851 6767 6769
f 6770 6768 6852 6854
f 6855 6853 6769 6771
f 6772 6770 6854 6856
f 6857 6855 6771 6773
f 6772 6856 6858 6774
f 6859 6857 6773 6775
f 6774 6858 6860 6776
f 6859 6775 6777 6861
f 6776 6860 6862 6778
f 6861 6777 6779 6863
f 6778 6862 6864 6780
f 6863 6779 6781 6865
f 6864 6866 6782 6780
f 6867 6865 6781 6783
f 6784 6782 6866 6868
f 6869 6867 6783 6785
f 6868 6870 6786 6784
f 6787 6871 6869 6785
f 6870 6872 6788 6786
f 6873 6871 6787 6789
f 6872 6874 6790 6788
f 6791 6875 6873 6789
f 6790 6874 6876 6792
f 6793 6877 6875 6791
f 6792 6876 6878 6794
f 6795 6879 6877 6793
f 6794 6878 6880 6796
f 6797 6883 6879 6795
f 6796 6880 6881 6798
f 6798 6881 6884 6799
f 6885 6882 6801 6800
f 6882 6883 6797 6801
f 6799 6884 6886 6802
f 6805 6891 6885 6800
f 6886 6887 6803 6802
f 6803 6887 6888 6806
f 6806 6888 6892 6807
f 6901 6889 6811 6810
f 6889 6890 6804 6811
f 6890 6891 6805 6804
f 6892 6893 6808 6807
f 6808 6893 6894 6812
f 6894 6895 6813 6812
f 6895 6896 6814 6813
f 6896 6897 6815 6814
f 6897 6898 6816 6815
f 6898 6899 6817 6816
f 6899 6900 6809 6817
f 6900 6901 6810 6809
f 6902 6913 6827 6828
f 6903 6902 6828 6818
f 6904 6903 6818 6819
f 6905 6904 6819 6820
f 6906 6905 6820 6821
f 6907 6906 6821 6822
f 6908 6907 6822 6823
f 6909 6908 6823 6824
f 6910 6909 6824 6825
f 6829 6911 6910 6825
f 6830 6914 6911 6829
f 6826 6912 6917 6833
f 6913 6912 6826 6827
f 6915 6914 6830 6831
f 6834 6918 6915 6831
f 6832 6916 6921 6836
f 6917 6916 6832 6833
f 6919 6918 6834 6835
f 6837 6922 6919 6835
f 6921 6920 6838 6836
f 6839 6923 6922 6837
f 6924 6840 6841
f 6924 6841 6838 6920
f 6842 6927 6923 6839
f 6843 6927 6842
f 6844 6840 6924 6928
f 6929 6927 6843 6845
f 6844 6928 6930 6846
f 6933 6929 6845 6847
f 6848 6846 6930 6934
f 6935 6933 6847 6849
f 6848 6934 6936 6850
f 6937 6935 6849 6851
f 6852 6850 6936 6938
f 6939 6937 6851 6853
f 6854 6852 6938 6940
f 6941 6939 6853 6855
f 6854 6940 6942 6856
f 6943 6941 6855 6857
f 6856 6942 6944 6858
f 6945 6943 6857 6859
f 6860 6858 6944 6946
f 6947 6945 6859 6861
f 6862 6860 6946 6948
f 6949 6947 6861 6863
f 6864 6862 6948 6950
f 6951 6949 6863 6865
f 6950 6952 6866 6864
f 6867 6953 6951 6865
f 6952 6954 6868 6866
f 6955 6953 6867 6869
f 6870 6868 6954 6956
f 6957 6955 6869 6871
f 6956 6958 6872 6870
f 6959 6957 6871 6873
f 6874 6872 6958 6960
f 6961 6959 6873 6875
f 6960 6962 6876 6874
f 6963 6961 6875 6877
f 6962 6964 6878 6876
f 6965 6963 6877 6879
f 6964 6966 6880 6878
f 6967 6965 6879 6883
f 6880 6966 6881
f 6881 6966 6968 6884
f 6885 6971 6967 6882
f 6967 6883 6882
f 6884 6968 6969 6886
f 6886 6969 6972 6887
f 6977 6970 6891 6890
f 6970 6971 6885 6891
f 6972 6973 6888 6887
f 6888 6973 6974 6892
f 6892 6974 6978 6893
f 6985 6975 6901 6900
f 6975 6976 6889 6901
f 6976 6977 6890 6889
f 6978 6979 6894 6893
f 6979 6980 6895 6894
f 6980 6981 6896 6895
f 6981 6982 6897 6896
f 6982 6983 6898 6897
f 6983 6984 6899 6898
f 6984 6985 6900 6899
f 6902 6986 6998 6913
f 6987 6986 6902 6903
f 6988 6987 6903 6904
f 6989 6988 6904 6905
f 6990 6989 6905 6906
f 6991 6990 6906 6907
f 6992 6991 6907 6908
f 6993 6992 6908 6909
f 6994 6993 6909 6910
f 6995 6994 6910 6911
f 6914 6999 6995 6911
f 6996 7002 6916 6917
f 6997 6996 6917 6912
f 6998 6997 6912 6913
f 7000 6999 6914 6915
f 6918 7001 7000 6915
f 6919 7005 7001 6918
f 6916 7002 7006 6921
f 6922 7009 7005 6919
f 6924 6920 6925
f 6925 6920 6921 7006
f 6922 6923 6926 7009
f 6923 6927 6926
f 6928 6924 6925 7010
f 7010 6925 7006 7011
f 7013 7012 7009 6926
f 6926 6927 6929 7013
f 6930 6928 6931
f 6931 6928 7010 7014
f 7015 7013 6929 6932
f 6929 6933 6932
f 6934 6930 6931 7016
f 7016 6931 7014 7100
f 7017 7103 7015 6932
f 6932 6933 6935 7017
f 6934 7016 7018 6936
f 7021 7017 6935 6937
f 6938 6936 7018 7022
f 7023 7021 6937 6939
f 6938 7022 7024 6940
f 7027 7023 6939 6941
f 6940 7024 7028 6942
f 7029 7027 6941 6943
f 6944 6942 7028 7030
f 7031 7029 6943 6945
f 6946 6944 7030 7032
f 7033 7031 6945 6947
f 6948 6946 7032 7034
f 7035 7033 6947 6949
f 6950 6948 7034 7036
f 7037 7035 6949 6951
f 6952 6950 7036 7038
f 7039 7037 6951 6953
f 7038 7040 6954 6952
f 6955 7043 7039 6953
f 7040 7044 6956 6954
f 7045 7043 6955 6957
f 7044 7046 6958 6956
f 6959 7047 7045 6957
f 7046 7048 6960 6958
f 7049 7047 6959 6961
f 7048 7050 6962 6960
f 7051 7049 6961 6963
f 7050 7052 6964 6962
f 6965 7055 7051 6963
f 6964 7052 7053 6966
f 6966 7053 7056 6968
f 7057 7054 6967 6971
f 7054 7055 6965 6967
f 6968 7056 7058 6969
f 7061 7057 6971 6970
f 6969 7058 7059 6972
f 6972 7059 7062 6973
f 7067 7060 6977 6976
f 7060 7061 6970 6977
f 7062 7063 6974 6973
f 6974 7063 7064 6978
f 6978 7064 7068 6979
f 7073 7065 6985 6984
f 7065 7066 6975 6985
f 7066 7067 6976 6975
f 7068 7069 6980 6979
f 7069 7070 6981 6980
f 7070 7071 6982 6981
f 7071 7072 6983 6982
f 7072 7073 6984 6983
f 7074 7077 6987 6988
f 6989 7079 7074 6988
f 7075 7082 6992 6993
f 6994 7084 7075 6993
f 6986 7076 7087 6998
f 7077 7076 6986 6987
f 7080 7079 6989 6990
f 7081 7080 6990 6991
f 7082 7081 6991 6992
f 7085 7084 6994 6995
f 6999 7090 7085 6995
f 7002 6996 7003
f 7003 6996 6997 7086
f 7087 7086 6997 6998
f 7091 7090 6999 7000
f 7000 7001 7004 7091
f 7001 7005 7004
f 7006 7002 7007
f 7007 7002 7003 7092
f 7092 7003 7086 7176
f 7093 7183 7091 7004
f 7004 7005 7008 7093
f 7005 7009 7008
f 7011 7006 7007 7094
f 7094 7007 7092 7184
f 7095 7189 7093 7008
f 7008 7009 7012 7095
f 7014 7010 7011 7096
f 7096 7011 7094 7097
f 7099 7098 7095 7012
f 7012 7013 7015 7099
f 7100 7014 7096 7101
f 7103 7102 7099 7015
f 7018 7016 7019
f 7019 7016 7100 7104
f 7105 7103 7017 7020
f 7017 7021 7020
f 7022 7018 7019 7106
f 7106 7019 7104 7107
f 7109 7108 7105 7020
f 7020 7021 7023 7109
f 7024 7022 7025
f 7025 7022 7106 7110
f 7111 7109 7023 7026
f 7023 7027 7026
f 7028 7024 7025 7112
f 7112 7025 7110 7113
f 7115 7114 7111 7026
f 7026 7027 7029 7115
f 7030 7028 7112 7116
f 7119 7115 7029 7031
f 7032 7030 7116 7120
f 7123 7119 7031 7033
f 7034 7032 7120 7124
f 7127 7123 7033 7035
f 7036 7034 7124 7128
f 7131 7127 7035 7037
f 7038 7036 7128 7132
f 7135 7131 7037 7039
f 7041 7040 7038 7132
f 7041 7132 7133 7136
f 7137 7134 7135 7042
f 7039 7043 7042 7135
f 7044 7040 7041
f 7044 7041 7136 7138
f 7139 7137 7042 7045
f 7043 7045 7042
f 7046 7044 7138 7140
f 7141 7139 7045 7047
f 7140 7142 7048 7046
f 7143 7141 7047 7049
f 7142 7144 7050 7048
f 7051 7147 7143 7049
f 7144 7148 7052 7050
f 7151 7147 7051 7055
f 7052 7148 7053
f 7053 7148 7149 7056
f 7056 7149 7152 7058
f 7153 7150 7057 7061
f 7150 7151 7054 7057
f 7151 7055 7054
f 7058 7152 7154 7059
f 7159 7153 7061 7060
f 7059 7154 7155 7062
f 7155 7156 7063 7062
f 7063 7156 7160 7064
f 7167 7157 7066 7065
f 7157 7158 7067 7066
f 7158 7159 7060 7067
f 7064 7160 7161 7068
f 7161 7162 7069 7068
f 7162 7163 7070 7069
f 7163 7164 7071 7070
f 7164 7165 7072 7071
f 7165 7166 7073 7072
f 7166 7167 7065 7073
f 7077 7074 7079 7078
f 7082 7075 7084 7083
f 7087 7076 7088
f 7088 7076 7077 7168
f 7169 7168 7077 7078
f 7170 7169 7078 7079
f 7171 7170 7079 7080
f 7172 7171 7080 7081
f 7173 7172 7081 7082
f 7174 7173 7082 7083
f 7175 7174 7083 7084
f 7084 7085 7089 7175
f 7085 7090 7089
f 7177 7176 7086 7087
f 7178 7177 7087 7088
f 7178 7088 7168 7179
f 7181 7180 7175 7089
f 7182 7181 7089 7090
f 7183 7182 7090 7091
f 7184 7092 7176 7185
f 7189 7188 7183 7093
f 7097 7094 7184 7190
f 7193 7189 7095 7098
f 7101 7096 7097 7194
f 7194 7097 7190 7195
f 7197 7196 7193 7098
f 7098 7099 7102 7197
f 7104 7100 7101 7198
f 7198 7101 7194 7199
f 7201 7200 7197 7102
f 7102 7103 7105 7201
f 7107 7104 7198 7202
f 7203 7201 7105 7108
f 7110 7106 7107 7204
f 7204 7107 7202 7205
f 7207 7206 7203 7108
f 7108 7109 7111 7207
f 7113 7110 7204 7208
f 7211 7207 7111 7114
f 7112 7113 7117 7116
f 7117 7113 7208 7212
f 7213 7211 7114 7118
f 7114 7115 7119 7118
f 7116 7117 7121 7120
f 7121 7117 7212 7214
f 7215 7213 7118 7122
f 7118 7119 7123 7122
f 7120 7121 7125 7124
f 7125 7121 7214 7216
f 7217 7215 7122 7126
f 7122 7123 7127 7126
f 7124 7125 7129 7128
f 7129 7125 7216 7218
f 7219 7217 7126 7130
f 7126 7127 7131 7130
f 7128 7129 7133 7132
f 7133 7129 7218 7220
f 7221 7219 7130 7134
f 7130 7131 7135 7134
f 7136 7133 7220 7222
f 7223 7221 7134 7137
f 7138 7136 7222 7224
f 7227 7223 7137 7139
f 7140 7138 7224 7228
f 7231 7227 7139 7141
f 7228 7232 7142 7140
f 7235 7231 7141 7143
f 7145 7144 7142 7232
f 7145 7232 7233 7236
f 7237 7234 7235 7146
f 7143 7147 7146 7235
f 7148 7144 7145
f 7149 7148 7145 7236
f 7149 7236 7238 7152
f 7239 7237 7150 7153
f 7146 7151 7150 7237
f 7147 7151 7146
f 7152 7238 7240 7154
f 7243 7239 7153 7159
f 7240 7241 7155 7154
f 7155 7241 7244 7156
f 7253 7242 7158 7157
f 7242 7243 7159 7158
f 7156 7244 7245 7160
f 7245 7246 7161 7160
f 7246 7247 7162 7161
f 7247 7248 7163 7162
f 7248 7249 7164 7163
f 7249 7250 7165 7164
f 7250 7251 7166 7165
f 7251 7252 7167 7166
f 7252 7253 7157 7167
f 7179 7168 7169 7254
f 7255 7254 7169 7170
f 7256 7255 7170 7171
f 7257 7256 7171 7172
f 7258 7257 7172 7173
f 7259 7258 7173 7174
f 7174 7175 7180 7259
f 7176 7177 7186 7185
f 7186 7177 7178 7260
f 7261 7260 7178 7179
f 7261 7179 7254 7262
f 7268 7267 7259 7180
f 7269 7268 7180 7181
f 7181 7182 7187 7269
f 7182 7183 7188 7187
f 7184 7185 7191 7190
f 7191 7185 7186 7270
f 7270 7186 7260 7271
f 7275 7274 7269 7187
f 7187 7188 7192 7275
f 7188 7189 7193 7192
f 7195 7190 7191 7276
f 7276 7191 7270 7277
f 7281 7280 7275 7192
f 7192 7193 7196 7281
f 7199 7194 7195 7282
f 7282 7195 7276 7283
f 7287 7286 7281 7196
f 7196 7197 7200 7287
f 7202 7198 7199 7288
f 7288 7199 7282 7289
f 7291 7290 7287 7200
f 7200 7201 7203 7291
f 7205 7202 7288 7292
f 7295 7291 7203 7206
f 7204 7205 7209 7208
f 7209 7205 7292 7296
f 7297 7295 7206 7210
f 7206 7207 7211 7210
f 7212 7208 7209 7298
f 7298 7209 7296 7299
f 7301 7300 7297 7210
f 7210 7211 7213 7301
f 7214 7212 7298 7302
f 7305 7301 7213 7215
f 7216 7214 7302 7306
f 7307 7305 7215 7217
f 7218 7216 7306 7308
f 7309 7307 7217 7219
f 7220 7218 7308 7310
f 7313 7309 7219 7221
f 7222 7220 7310 7314
f 7317 7313 7221 7223
f 7225 7224 7222 7314
f 7225 7314 7315 7318
f 7319 7316 7317 7226
f 7223 7227 7226 7317
f 7224 7225 7229 7228
f 7229 7225 7318 7320
f 7323 7319 7226 7230
f 7226 7227 7231 7230
f 7232 7228 7229
f 7233 7232 7229 7320
f 7233 7320 7321 7324
f 7327 7322 7323 7234
f 7230 7235 7234 7323
f 7231 7235 7230
f 7236 7233 7324 7328
f 7333 7327 7234 7237
f 7328 7334 7238 7236
f 7341 7333 7237 7239
f 7334 7240 7238
f 7334 7335 7241 7240
f 7241 7335 7342 7244
f 7351 7340 7242 7253
f 7340 7341 7243 7242
f 7243 7341 7239
f 7342 7343 7245 7244
f 7343 7344 7246 7245
f 7246 7344 7352 7247
f 7352 7346 7248 7247
f 7346 7347 7249 7248
f 7249 7347 7353 7250
f 7353 7349 7251 7250
f 7349 7350 7252 7251
f 7350 7351 7253 7252
f 7254 7255 7263 7262
f 7255 7256 7264 7263
f 7256 7257 7265 7264
f 7257 7258 7266 7265
f 7258 7259 7267 7266
f 7260 7261 7272 7271
f 7272 7261 7262 7354
f 7355 7354 7262 7263
f 7356 7355 7263 7264
f 7357 7356 7264 7265
f 7358 7357 7265 7266
f 7359 7358 7266 7267
f 7267 7268 7273 7359
f 7268 7269 7274 7273
f 7270 7271 7278 7277
f 7278 7271 7272 7360
f 7360 7272 7354 7361
f 7367 7366 7359 7273
f 7273 7274 7279 7367
f 7274 7275 7280 7279
f 7276 7277 7284 7283
f 7284 7277 7278 7368
f 7368 7278 7360 7369
f 7377 7376 7367 7279
f 7279 7280 7285 7377
f 7280 7281 7286 7285
f 7289 7282 7283 7378
f 7379 7378 7283 7284
f 7379 7284 7368 7380
f 7384 7383 7377 7285
f 7385 7384 7285 7286
f 7286 7287 7290 7385
f 7288 7289 7293 7292
f 7293 7289 7378 7386
f 7391 7385 7290 7294
f 7290 7291 7295 7294
f 7296 7292 7293 7392
f 7392 7293 7386 7393
f 7397 7396 7391 7294
f 7294 7295 7297 7397
f 7299 7296 7392 7398
f 7401 7397 7297 7300
f 7298 7299 7303 7302
f 7303 7299 7398 7402
f 7405 7401 7300 7304
f 7300 7301 7305 7304
f 7306 7302 7303 7406
f 7406 7303 7402 7407
f 7411 7410 7405 7304
f 7304 7305 7307 7411
f 7308 7306 7406 7412
f 7417 7411 7307 7309
f 7311 7310 7308 7412
f 7311 7412 7413 7418
f 7421 7416 7417 7312
f 7309 7313 7312 7417
f 7310 7311 7315 7314
f 7315 7311 7418 7422
f 7427 7421 7312 7316
f 7312 7313 7317 7316
f 7318 7315 7422 7428
f 7433 7427 7316 7319
f 7321 7320 7318 7428
f 7321 7428 7429 7434
f 7439 7432 7433 7322
f 7319 7323 7322 7433
f 7325 7324 7321 7434
f 7325 7434 7435 7440
f 7445 7438 7439 7326
f 7322 7327 7326 7439
f 7324 7325 7329 7328
f 7330 7329 7325 7440
f 7330 7440 7441 7446
f 7455 7444 7445 7331
f 7326 7332 7331 7445
f 7326 7327 7333 7332
f 7334 7328 7329
f 7329 7330 7335 7334
f 7336 7335 7330 7446
f 7446 7447 7337 7336
f 7337 7447 7448 7456
f 7461 7453 7454 7338
f 7454 7455 7339 7338
f 7331 7340 7339 7455
f 7331 7332 7341 7340
f 7333 7341 7332
f 7342 7335 7336
f 7336 7337 7343 7342
f 7344 7343 7337 7456
f 7456 7457 7345 7344
f 7457 7458 7346 7345
f 7458 7459 7347 7346
f 7459 7460 7348 7347
f 7460 7461 7349 7348
f 7338 7350 7349 7461
f 7338 7339 7351 7350
f 7340 7351 7339
f 7352 7344 7345 7346
f 7353 7347 7348 7349
f 7354 7355 7362 7361
f 7355 7356 7363 7362
f 7356 7357 7364 7363
f 7357 7358 7365 7364
f 7358 7359 7366 7365
f 7360 7361 7370 7369
f 7361 7362 7371 7370
f 7362 7363 7372 7371
f 7363 7364 7373 7372
f 7364 7365 7374 7373
f 7365 7366 7375 7374
f 7366 7367 7376 7375
f 7368 7369 7381 7380
f 7381 7369 7370 7462
f 7463 7462 7370 7371
f 7464 7463 7371 7372
f 7465 7464 7372 7373
f 7466 7465 7373 7374
f 7467 7466 7374 7375
f 7375 7376 7382 7467
f 7376 7377 7383 7382
f 7378 7379 7387 7386
f 7379 7380 7388 7387
f 7388 7380 7381 7468
f 7468 7381 7462 7469
f 7475 7474 7467 7382
f 7382 7383 7389 7475
f 7383 7384 7390 7389
f 7384 7385 7391 7390
f 7386 7387 7394 7393
f 7394 7387 7388 7476
f 7476 7388 7468 7477
f 7485 7484 7475 7389
f 7389 7390 7395 7485
f 7390 7391 7396 7395
f 7392 7393 7399 7398
f 7399 7393 7394 7486
f 7486 7394 7476 7487
f 7497 7496 7485 7395
f 7395 7396 7400 7497
f 7396 7397 7401 7400
f 7398 7399 7403 7402
f 7403 7399 7486 7498
f 7509 7497 7400 7404
f 7400 7401 7405 7404
f 7402 7403 7408 7407
f 7408 7403 7498 7510
f 7521 7509 7404 7409
f 7404 7405 7410 7409
f 7406 7407 7413 7412
f 7407 7408 7414 7413
f 7414 7408 7510 7522
f 7533 7521 7409 7415
f 7409 7410 7416 7415
f 7410 7411 7417 7416
f 7413 7414 7419 7418
f 7419 7414 7522 7534
f 7545 7533 7415 7420
f 7415 7416 7421 7420
f 7418 7419 7423 7422
f 7424 7423 7419 7534
f 7424 7534 7535 7546
f 7555 7544 7545 7425
f 7420 7426 7425 7545
f 7420 7421 7427 7426
f 7422 7423 7429 7428
f 7423 7424 7430 7429
f 7430 7424 7546 7556
f 7565 7555 7425 7431
f 7425 7426 7432 7431
f 7426 7427 7433 7432
f 7429 7430 7435 7434
f 7436 7435 7430 7556
f 7436 7556 7557 7566
f 7573 7564 7565 7437
f 7431 7438 7437 7565
f 7431 7432 7439 7438
f 7435 7436 7441 7440
f 7442 7441 7436 7566
f 7442 7566 7567 7574
f 7579 7572 7573 7443
f 7437 7444 7443 7573
f 7437 7438 7445 7444
f 7441 7442 7447 7446
f 7448 7447 7442 7574
f 7574 7575 7449 7448
f 7575 7576 7450 7449
f 7576 7577 7451 7450
f 7577 7578 7452 7451
f 7578 7579 7453 7452
f 7443 7454 7453 7579
f 7443 7444 7455 7454
f 7448 7449 7457 7456
f 7449 7450 7458 7457
f 7450 7451 7459 7458
f 7451 7452 7460 7459
f 7452 7453 7461 7460
f 7462 7463 7470 7469
f 7463 7464 7471 7470
f 7464 7465 7472 7471
f 7465 7466 7473 7472
f 7466 7467 7474 7473
f 7468 7469 7478 7477
f 7469 7470 7479 7478
f 7470 7471 7480 7479
f 7471 7472 7481 7480
f 7472 7473 7482 7481
f 7473 7474 7483 7482
f 7474 7475 7484 7483
f 7476 7477 7488 7487
f 7477 7478 7489 7488
f 7478 7479 7490 7489
f 7479 7480 7491 7490
f 7480 7481 7492 7491
f 7481 7482 7493 7492
f 7482 7483 7494 7493
f 7483 7484 7495 7494
f 7484 7485 7496 7495
f 7486 7487 7499 7498
f 7487 7488 7500 7499
f 7488 7489 7501 7500
f 7489 7490 7502 7501
f 7490 7491 7503 7502
f 7491 7492 7504 7503
f 7492 7493 7505 7504
f 7493 7494 7506 7505
f 7494 7495 7507 7506
f 7495 7496 7508 7507
f 7496 7497 7509 7508
f 7498 7499 7511 7510
f 7499 7500 7512 7511
f 7500 7501 7513 7512
f 7501 7502 7514 7513
f 7502 7503 7515 7514
f 7503 7504 7516 7515
f 7504 7505 7517 7516
f 7505 7506 7518 7517
f 7506 7507 7519 7518
f 7507 7508 7520 7519
f 7508 7509 7521 7520
f 7510 7511 7523 7522
f 7511 7512 7524 7523
f 7512 7513 7525 7524
f 7513 7514 7526 7525
f 7514 7515 7527 7526
f 7515 7516 7528 7527
f 7516 7517 7529 7528
f 7517 7518 7530 7529
f 7518 7519 7531 7530
f 7519 7520 7532 7531
f 7520 7521 7533 7532
f 7522 7523 7535 7534
f 7523 7524 7536 7535
f 7524 7525 7537 7536
f 7525 7526 7538 7537
f 7526 7527 7539 7538
f 7527 7528 7540 7539
f 7528 7529 7541 7540
f 7529 7530 7542 7541
f 7530 7531 7543 7542
f 7531 7532 7544 7543
f 7532 7533 7545 7544
f 7535 7536 7547 7546
f 7536 7537 7548 7547
f 7537 7538 7549 7548
f 7538 7539 7550 7549
f 7539 7540 7551 7550
f 7540 7541 7552 7551
f 7541 7542 7553 7552
f 7542 7543 7554 7553
f 7543 7544 7555 7554
f 7546 7547 7557 7556
f 7547 7548 7558 7557
f 7548 7549 7559 7558
f 7549 7550 7560 7559
f 7550 7551 7561 7560
f 7551 7552 7562 7561
f 7552 7553 7563 7562
f 7553 7554 7564 7563
f 7554 7555 7565 7564
f 7557 7558 7567 7566
f 7558 7559 7568 7567
f 7559 7560 7569 7568
f 7560 7561 7570 7569
f 7561 7562 7571 7570
f 7562 7563 7572 7571
f 7563 7564 7573 7572
f 7567 7568 7575 7574
f 7568 7569 7576 7575
f 7569 7570 7577 7576
f 7570 7571 7578 7577
f 7571 7572 7579 7578

 